"Combination","Character","SuggestedWords","DictionaryWordCount","ReviewStatus","SourceUrl"
"˙ㄅㄚ","吧","","1","待補充","https://dict.concised.moe.edu.tw/searchP.jsp?SN=%E3%84%85&SN2=%CB%99%E3%84%85%E3%84%9A&word=%E5%90%A7"
"˙ㄅㄚ","罷","","1","待補充","https://dict.concised.moe.edu.tw/searchP.jsp?SN=%E3%84%85&SN2=%CB%99%E3%84%85%E3%84%9A&word=%E7%BD%B7"
"˙ㄇㄚ","嗎","","1","待補充","https://dict.concised.moe.edu.tw/searchP.jsp?SN=%E3%84%87&SN2=%CB%99%E3%84%87%E3%84%9A&word=%E5%97%8E"
"˙ㄇㄚ","嘛","","1","待補充","https://dict.concised.moe.edu.tw/searchP.jsp?SN=%E3%84%87&SN2=%CB%99%E3%84%87%E3%84%9A&word=%E5%98%9B"
"˙ㄇㄜ","麼","","1","待補充","https://dict.concised.moe.edu.tw/searchP.jsp?SN=%E3%84%87&SN2=%CB%99%E3%84%87%E3%84%9C&word=%E9%BA%BC"
"˙ㄇㄣ","們","","1","待補充","https://dict.concised.moe.edu.tw/searchP.jsp?SN=%E3%84%87&SN2=%CB%99%E3%84%87%E3%84%A3&word=%E5%80%91"
"˙ㄉㄜ","地","","1","待補充","https://dict.concised.moe.edu.tw/searchP.jsp?SN=%E3%84%89&SN2=%CB%99%E3%84%89%E3%84%9C&word=%E5%9C%B0"
"˙ㄉㄜ","底","","1","待補充","https://dict.concised.moe.edu.tw/searchP.jsp?SN=%E3%84%89&SN2=%CB%99%E3%84%89%E3%84%9C&word=%E5%BA%95"
"˙ㄉㄜ","的","","1","待補充","https://dict.concised.moe.edu.tw/searchP.jsp?SN=%E3%84%89&SN2=%CB%99%E3%84%89%E3%84%9C&word=%E7%9A%84"
"˙ㄉㄜ","得","","1","待補充","https://dict.concised.moe.edu.tw/searchP.jsp?SN=%E3%84%89&SN2=%CB%99%E3%84%89%E3%84%9C&word=%E5%BE%97"
"˙ㄊㄡ","頭","","1","待補充","https://dict.concised.moe.edu.tw/searchP.jsp?SN=%E3%84%8A&SN2=%CB%99%E3%84%8A%E3%84%A1&word=%E9%A0%AD"
"˙ㄋㄚ","哪","","1","待補充","https://dict.concised.moe.edu.tw/searchP.jsp?SN=%E3%84%8B&SN2=%CB%99%E3%84%8B%E3%84%9A&word=%E5%93%AA"
"˙ㄋㄜ","呢","","1","待補充","https://dict.concised.moe.edu.tw/searchP.jsp?SN=%E3%84%8B&SN2=%CB%99%E3%84%8B%E3%84%9C&word=%E5%91%A2"
"˙ㄌㄚ","啦","","1","待補充","https://dict.concised.moe.edu.tw/searchP.jsp?SN=%E3%84%8C&SN2=%CB%99%E3%84%8C%E3%84%9A&word=%E5%95%A6"
"˙ㄌㄛ","咯","","1","待補充","https://dict.concised.moe.edu.tw/searchP.jsp?SN=%E3%84%8C&SN2=%CB%99%E3%84%8C%E3%84%9B&word=%E5%92%AF"
"˙ㄌㄜ","了","","1","待補充","https://dict.concised.moe.edu.tw/searchP.jsp?SN=%E3%84%8C&SN2=%CB%99%E3%84%8C%E3%84%9C&word=%E4%BA%86"
"˙ㄌㄧ","哩","","1","待補充","https://dict.concised.moe.edu.tw/searchP.jsp?SN=%E3%84%8C&SN2=%CB%99%E3%84%8C%E3%84%A7&word=%E5%93%A9"
"˙ㄏㄨㄛ","午","","1","待補充","https://dict.concised.moe.edu.tw/searchP.jsp?SN=%E3%84%8F&SN2=%CB%99%E3%84%8F%E3%84%A8%E3%84%9B&word=%E5%8D%88"
"˙ㄏㄨㄛ","和","","1","待補充","https://dict.concised.moe.edu.tw/searchP.jsp?SN=%E3%84%8F&SN2=%CB%99%E3%84%8F%E3%84%A8%E3%84%9B&word=%E5%92%8C"
"˙ㄓㄜ","著","","1","待補充","https://dict.concised.moe.edu.tw/searchP.jsp?SN=%E3%84%93&SN2=%CB%99%E3%84%93%E3%84%9C&word=%E8%91%97"
"˙ㄕ","匙","","1","待補充","https://dict.concised.moe.edu.tw/searchP.jsp?SN=%E3%84%95&SN2=%CB%99%E3%84%95&word=%E5%8C%99"
"˙ㄕㄤ","裳","","1","待補充","https://dict.concised.moe.edu.tw/searchP.jsp?SN=%E3%84%95&SN2=%CB%99%E3%84%95%E3%84%A4&word=%E8%A3%B3"
"˙ㄗ","子","","1","待補充","https://dict.concised.moe.edu.tw/searchP.jsp?SN=%E3%84%97&SN2=%CB%99%E3%84%97&word=%E5%AD%90"
"˙ㄚ","啊","","1","待補充","https://dict.concised.moe.edu.tw/searchP.jsp?SN=%E3%84%9A&SN2=%CB%99%E3%84%9A&word=%E5%95%8A"
"˙ㄣ","嗯","","1","待補充","https://dict.concised.moe.edu.tw/searchP.jsp?SN=%E3%84%A3&SN2=%CB%99%E3%84%A3&word=%E5%97%AF"
"˙ㄧㄚ","呀","","1","待補充","https://dict.concised.moe.edu.tw/searchP.jsp?SN=%E3%84%A7&SN2=%CB%99%E3%84%A7%E3%84%9A&word=%E5%91%80"
"˙ㄧㄝ","吔","","1","待補充","https://dict.concised.moe.edu.tw/searchP.jsp?SN=%E3%84%A7&SN2=%CB%99%E3%84%A7%E3%84%9D&word=%E5%90%94"
"˙ㄨㄚ","哇","","1","待補充","https://dict.concised.moe.edu.tw/searchP.jsp?SN=%E3%84%A8&SN2=%CB%99%E3%84%A8%E3%84%9A&word=%E5%93%87"
"ㄅㄚ","八","","20","待補充","https://dict.concised.moe.edu.tw/searchP.jsp?SN=%E3%84%85&SN2=%E3%84%85%E3%84%9A&word=%E5%85%AB"
"ㄅㄚ","巴","","7","待補充","https://dict.concised.moe.edu.tw/searchP.jsp?SN=%E3%84%85&SN2=%E3%84%85%E3%84%9A&word=%E5%B7%B4"
"ㄅㄚ","叭","","1","待補充","https://dict.concised.moe.edu.tw/searchP.jsp?SN=%E3%84%85&SN2=%E3%84%85%E3%84%9A&word=%E5%8F%AD"
"ㄅㄚ","扒","","1","待補充","https://dict.concised.moe.edu.tw/searchP.jsp?SN=%E3%84%85&SN2=%E3%84%85%E3%84%9A&word=%E6%89%92"
"ㄅㄚ","吧","","2","待補充","https://dict.concised.moe.edu.tw/searchP.jsp?SN=%E3%84%85&SN2=%E3%84%85%E3%84%9A&word=%E5%90%A7"
"ㄅㄚ","芭","","5","待補充","https://dict.concised.moe.edu.tw/searchP.jsp?SN=%E3%84%85&SN2=%E3%84%85%E3%84%9A&word=%E8%8A%AD"
"ㄅㄚ","峇","","1","待補充","https://dict.concised.moe.edu.tw/searchP.jsp?SN=%E3%84%85&SN2=%E3%84%85%E3%84%9A&word=%E5%B3%87"
"ㄅㄚ","疤","","2","待補充","https://dict.concised.moe.edu.tw/searchP.jsp?SN=%E3%84%85&SN2=%E3%84%85%E3%84%9A&word=%E7%96%A4"
"ㄅㄚ","捌","","1","待補充","https://dict.concised.moe.edu.tw/searchP.jsp?SN=%E3%84%85&SN2=%E3%84%85%E3%84%9A&word=%E6%8D%8C"
"ㄅㄚ","笆","","1","待補充","https://dict.concised.moe.edu.tw/searchP.jsp?SN=%E3%84%85&SN2=%E3%84%85%E3%84%9A&word=%E7%AC%86"
"ㄅㄚ","粑","","1","待補充","https://dict.concised.moe.edu.tw/searchP.jsp?SN=%E3%84%85&SN2=%E3%84%85%E3%84%9A&word=%E7%B2%91"
"ㄅㄚˇ","把","","14","待補充","https://dict.concised.moe.edu.tw/searchP.jsp?SN=%E3%84%85&SN2=%E3%84%85%E3%84%9A%CB%87&word=%E6%8A%8A"
"ㄅㄚˇ","靶","","4","待補充","https://dict.concised.moe.edu.tw/searchP.jsp?SN=%E3%84%85&SN2=%E3%84%85%E3%84%9A%CB%87&word=%E9%9D%B6"
"ㄅㄚˊ","拔","","13","待補充","https://dict.concised.moe.edu.tw/searchP.jsp?SN=%E3%84%85&SN2=%E3%84%85%E3%84%9A%CB%8A&word=%E6%8B%94"
"ㄅㄚˊ","跋","","4","待補充","https://dict.concised.moe.edu.tw/searchP.jsp?SN=%E3%84%85&SN2=%E3%84%85%E3%84%9A%CB%8A&word=%E8%B7%8B"
"ㄅㄚˊ","鈸","","1","待補充","https://dict.concised.moe.edu.tw/searchP.jsp?SN=%E3%84%85&SN2=%E3%84%85%E3%84%9A%CB%8A&word=%E9%88%B8"
"ㄅㄚˋ","伯","","1","待補充","https://dict.concised.moe.edu.tw/searchP.jsp?SN=%E3%84%85&SN2=%E3%84%85%E3%84%9A%CB%8B&word=%E4%BC%AF"
"ㄅㄚˋ","把","","1","待補充","https://dict.concised.moe.edu.tw/searchP.jsp?SN=%E3%84%85&SN2=%E3%84%85%E3%84%9A%CB%8B&word=%E6%8A%8A"
"ㄅㄚˋ","爸","","2","待補充","https://dict.concised.moe.edu.tw/searchP.jsp?SN=%E3%84%85&SN2=%E3%84%85%E3%84%9A%CB%8B&word=%E7%88%B8"
"ㄅㄚˋ","罷","","11","待補充","https://dict.concised.moe.edu.tw/searchP.jsp?SN=%E3%84%85&SN2=%E3%84%85%E3%84%9A%CB%8B&word=%E7%BD%B7"
"ㄅㄚˋ","霸","","7","待補充","https://dict.concised.moe.edu.tw/searchP.jsp?SN=%E3%84%85&SN2=%E3%84%85%E3%84%9A%CB%8B&word=%E9%9C%B8"
"ㄅㄚˋ","壩","","1","待補充","https://dict.concised.moe.edu.tw/searchP.jsp?SN=%E3%84%85&SN2=%E3%84%85%E3%84%9A%CB%8B&word=%E5%A3%A9"
"ㄅㄛ","波","","17","待補充","https://dict.concised.moe.edu.tw/searchP.jsp?SN=%E3%84%85&SN2=%E3%84%85%E3%84%9B&word=%E6%B3%A2"
"ㄅㄛ","玻","","6","待補充","https://dict.concised.moe.edu.tw/searchP.jsp?SN=%E3%84%85&SN2=%E3%84%85%E3%84%9B&word=%E7%8E%BB"
"ㄅㄛ","剝","","6","待補充","https://dict.concised.moe.edu.tw/searchP.jsp?SN=%E3%84%85&SN2=%E3%84%85%E3%84%9B&word=%E5%89%9D"
"ㄅㄛ","砵","","2","待補充","https://dict.concised.moe.edu.tw/searchP.jsp?SN=%E3%84%85&SN2=%E3%84%85%E3%84%9B&word=%E7%A0%B5"
"ㄅㄛ","般","","2","待補充","https://dict.concised.moe.edu.tw/searchP.jsp?SN=%E3%84%85&SN2=%E3%84%85%E3%84%9B&word=%E8%88%AC"
"ㄅㄛ","缽","","1","待補充","https://dict.concised.moe.edu.tw/searchP.jsp?SN=%E3%84%85&SN2=%E3%84%85%E3%84%9B&word=%E7%BC%BD"
"ㄅㄛ","菠","","2","待補充","https://dict.concised.moe.edu.tw/searchP.jsp?SN=%E3%84%85&SN2=%E3%84%85%E3%84%9B&word=%E8%8F%A0"
"ㄅㄛ","撥","","14","待補充","https://dict.concised.moe.edu.tw/searchP.jsp?SN=%E3%84%85&SN2=%E3%84%85%E3%84%9B&word=%E6%92%A5"
"ㄅㄛ","餑","","2","待補充","https://dict.concised.moe.edu.tw/searchP.jsp?SN=%E3%84%85&SN2=%E3%84%85%E3%84%9B&word=%E9%A4%91"
"ㄅㄛˇ","跛","","2","待補充","https://dict.concised.moe.edu.tw/searchP.jsp?SN=%E3%84%85&SN2=%E3%84%85%E3%84%9B%CB%87&word=%E8%B7%9B"
"ㄅㄛˇ","簸","","1","待補充","https://dict.concised.moe.edu.tw/searchP.jsp?SN=%E3%84%85&SN2=%E3%84%85%E3%84%9B%CB%87&word=%E7%B0%B8"
"ㄅㄛˊ","百","","1","待補充","https://dict.concised.moe.edu.tw/searchP.jsp?SN=%E3%84%85&SN2=%E3%84%85%E3%84%9B%CB%8A&word=%E7%99%BE"
"ㄅㄛˊ","伯","","8","待補充","https://dict.concised.moe.edu.tw/searchP.jsp?SN=%E3%84%85&SN2=%E3%84%85%E3%84%9B%CB%8A&word=%E4%BC%AF"
"ㄅㄛˊ","帛","","2","待補充","https://dict.concised.moe.edu.tw/searchP.jsp?SN=%E3%84%85&SN2=%E3%84%85%E3%84%9B%CB%8A&word=%E5%B8%9B"
"ㄅㄛˊ","泊","","3","待補充","https://dict.concised.moe.edu.tw/searchP.jsp?SN=%E3%84%85&SN2=%E3%84%85%E3%84%9B%CB%8A&word=%E6%B3%8A"
"ㄅㄛˊ","勃","","8","待補充","https://dict.concised.moe.edu.tw/searchP.jsp?SN=%E3%84%85&SN2=%E3%84%85%E3%84%9B%CB%8A&word=%E5%8B%83"
"ㄅㄛˊ","柏","","4","待補充","https://dict.concised.moe.edu.tw/searchP.jsp?SN=%E3%84%85&SN2=%E3%84%85%E3%84%9B%CB%8A&word=%E6%9F%8F"
"ㄅㄛˊ","悖","","1","待補充","https://dict.concised.moe.edu.tw/searchP.jsp?SN=%E3%84%85&SN2=%E3%84%85%E3%84%9B%CB%8A&word=%E6%82%96"
"ㄅㄛˊ","脖","","2","待補充","https://dict.concised.moe.edu.tw/searchP.jsp?SN=%E3%84%85&SN2=%E3%84%85%E3%84%9B%CB%8A&word=%E8%84%96"
"ㄅㄛˊ","舶","","2","待補充","https://dict.concised.moe.edu.tw/searchP.jsp?SN=%E3%84%85&SN2=%E3%84%85%E3%84%9B%CB%8A&word=%E8%88%B6"
"ㄅㄛˊ","博","","17","待補充","https://dict.concised.moe.edu.tw/searchP.jsp?SN=%E3%84%85&SN2=%E3%84%85%E3%84%9B%CB%8A&word=%E5%8D%9A"
"ㄅㄛˊ","渤","","1","待補充","https://dict.concised.moe.edu.tw/searchP.jsp?SN=%E3%84%85&SN2=%E3%84%85%E3%84%9B%CB%8A&word=%E6%B8%A4"
"ㄅㄛˊ","搏","","4","待補充","https://dict.concised.moe.edu.tw/searchP.jsp?SN=%E3%84%85&SN2=%E3%84%85%E3%84%9B%CB%8A&word=%E6%90%8F"
"ㄅㄛˊ","鉑","","1","待補充","https://dict.concised.moe.edu.tw/searchP.jsp?SN=%E3%84%85&SN2=%E3%84%85%E3%84%9B%CB%8A&word=%E9%89%91"
"ㄅㄛˊ","箔","","1","待補充","https://dict.concised.moe.edu.tw/searchP.jsp?SN=%E3%84%85&SN2=%E3%84%85%E3%84%9B%CB%8A&word=%E7%AE%94"
"ㄅㄛˊ","膊","","1","待補充","https://dict.concised.moe.edu.tw/searchP.jsp?SN=%E3%84%85&SN2=%E3%84%85%E3%84%9B%CB%8A&word=%E8%86%8A"
"ㄅㄛˊ","駁","","6","待補充","https://dict.concised.moe.edu.tw/searchP.jsp?SN=%E3%84%85&SN2=%E3%84%85%E3%84%9B%CB%8A&word=%E9%A7%81"
"ㄅㄛˊ","蔔","","1","待補充","https://dict.concised.moe.edu.tw/searchP.jsp?SN=%E3%84%85&SN2=%E3%84%85%E3%84%9B%CB%8A&word=%E8%94%94"
"ㄅㄛˊ","薄","","10","待補充","https://dict.concised.moe.edu.tw/searchP.jsp?SN=%E3%84%85&SN2=%E3%84%85%E3%84%9B%CB%8A&word=%E8%96%84"
"ㄅㄛˊ","礴","","1","待補充","https://dict.concised.moe.edu.tw/searchP.jsp?SN=%E3%84%85&SN2=%E3%84%85%E3%84%9B%CB%8A&word=%E7%A4%B4"
"ㄅㄛˋ","播","","12","待補充","https://dict.concised.moe.edu.tw/searchP.jsp?SN=%E3%84%85&SN2=%E3%84%85%E3%84%9B%CB%8B&word=%E6%92%AD"
"ㄅㄛˋ","擘","","2","待補充","https://dict.concised.moe.edu.tw/searchP.jsp?SN=%E3%84%85&SN2=%E3%84%85%E3%84%9B%CB%8B&word=%E6%93%98"
"ㄅㄛˋ","薄","","4","待補充","https://dict.concised.moe.edu.tw/searchP.jsp?SN=%E3%84%85&SN2=%E3%84%85%E3%84%9B%CB%8B&word=%E8%96%84"
"ㄅㄛˋ","簸","","2","待補充","https://dict.concised.moe.edu.tw/searchP.jsp?SN=%E3%84%85&SN2=%E3%84%85%E3%84%9B%CB%8B&word=%E7%B0%B8"
"ㄅㄞ","掰","","1","待補充","https://dict.concised.moe.edu.tw/searchP.jsp?SN=%E3%84%85&SN2=%E3%84%85%E3%84%9E&word=%E6%8E%B0"
"ㄅㄞˇ","百","","20","待補充","https://dict.concised.moe.edu.tw/searchP.jsp?SN=%E3%84%85&SN2=%E3%84%85%E3%84%9E%CB%87&word=%E7%99%BE"
"ㄅㄞˇ","佰","","1","待補充","https://dict.concised.moe.edu.tw/searchP.jsp?SN=%E3%84%85&SN2=%E3%84%85%E3%84%9E%CB%87&word=%E4%BD%B0"
"ㄅㄞˇ","擺","","20","待補充","https://dict.concised.moe.edu.tw/searchP.jsp?SN=%E3%84%85&SN2=%E3%84%85%E3%84%9E%CB%87&word=%E6%93%BA"
"ㄅㄞˇ","襬","","1","待補充","https://dict.concised.moe.edu.tw/searchP.jsp?SN=%E3%84%85&SN2=%E3%84%85%E3%84%9E%CB%87&word=%E8%A5%AC"
"ㄅㄞˊ","白","","20","待補充","https://dict.concised.moe.edu.tw/searchP.jsp?SN=%E3%84%85&SN2=%E3%84%85%E3%84%9E%CB%8A&word=%E7%99%BD"
"ㄅㄞˋ","拜","","20","待補充","https://dict.concised.moe.edu.tw/searchP.jsp?SN=%E3%84%85&SN2=%E3%84%85%E3%84%9E%CB%8B&word=%E6%8B%9C"
"ㄅㄞˋ","唄","","1","待補充","https://dict.concised.moe.edu.tw/searchP.jsp?SN=%E3%84%85&SN2=%E3%84%85%E3%84%9E%CB%8B&word=%E5%94%84"
"ㄅㄞˋ","敗","","18","待補充","https://dict.concised.moe.edu.tw/searchP.jsp?SN=%E3%84%85&SN2=%E3%84%85%E3%84%9E%CB%8B&word=%E6%95%97"
"ㄅㄞˋ","稗","","2","待補充","https://dict.concised.moe.edu.tw/searchP.jsp?SN=%E3%84%85&SN2=%E3%84%85%E3%84%9E%CB%8B&word=%E7%A8%97"
"ㄅㄟ","卑","","10","待補充","https://dict.concised.moe.edu.tw/searchP.jsp?SN=%E3%84%85&SN2=%E3%84%85%E3%84%9F&word=%E5%8D%91"
"ㄅㄟ","杯","杯子","10","已有可用詞","https://dict.concised.moe.edu.tw/searchP.jsp?SN=%E3%84%85&SN2=%E3%84%85%E3%84%9F&word=%E6%9D%AF"
"ㄅㄟ","盃","","1","待補充","https://dict.concised.moe.edu.tw/searchP.jsp?SN=%E3%84%85&SN2=%E3%84%85%E3%84%9F&word=%E7%9B%83"
"ㄅㄟ","背","","19","待補充","https://dict.concised.moe.edu.tw/searchP.jsp?SN=%E3%84%85&SN2=%E3%84%85%E3%84%9F&word=%E8%83%8C"
"ㄅㄟ","埤","","1","待補充","https://dict.concised.moe.edu.tw/searchP.jsp?SN=%E3%84%85&SN2=%E3%84%85%E3%84%9F&word=%E5%9F%A4"
"ㄅㄟ","悲","","20","待補充","https://dict.concised.moe.edu.tw/searchP.jsp?SN=%E3%84%85&SN2=%E3%84%85%E3%84%9F&word=%E6%82%B2"
"ㄅㄟ","揹","","2","待補充","https://dict.concised.moe.edu.tw/searchP.jsp?SN=%E3%84%85&SN2=%E3%84%85%E3%84%9F&word=%E6%8F%B9"
"ㄅㄟ","碑","","6","待補充","https://dict.concised.moe.edu.tw/searchP.jsp?SN=%E3%84%85&SN2=%E3%84%85%E3%84%9F&word=%E7%A2%91"
"ㄅㄟˇ","北","","18","待補充","https://dict.concised.moe.edu.tw/searchP.jsp?SN=%E3%84%85&SN2=%E3%84%85%E3%84%9F%CB%87&word=%E5%8C%97"
"ㄅㄟˋ","貝","","2","待補充","https://dict.concised.moe.edu.tw/searchP.jsp?SN=%E3%84%85&SN2=%E3%84%85%E3%84%9F%CB%8B&word=%E8%B2%9D"
"ㄅㄟˋ","背","","18","待補充","https://dict.concised.moe.edu.tw/searchP.jsp?SN=%E3%84%85&SN2=%E3%84%85%E3%84%9F%CB%8B&word=%E8%83%8C"
"ㄅㄟˋ","倍","","6","待補充","https://dict.concised.moe.edu.tw/searchP.jsp?SN=%E3%84%85&SN2=%E3%84%85%E3%84%9F%CB%8B&word=%E5%80%8D"
"ㄅㄟˋ","悖","","2","待補充","https://dict.concised.moe.edu.tw/searchP.jsp?SN=%E3%84%85&SN2=%E3%84%85%E3%84%9F%CB%8B&word=%E6%82%96"
"ㄅㄟˋ","狽","","1","待補充","https://dict.concised.moe.edu.tw/searchP.jsp?SN=%E3%84%85&SN2=%E3%84%85%E3%84%9F%CB%8B&word=%E7%8B%BD"
"ㄅㄟˋ","被","","15","待補充","https://dict.concised.moe.edu.tw/searchP.jsp?SN=%E3%84%85&SN2=%E3%84%85%E3%84%9F%CB%8B&word=%E8%A2%AB"
"ㄅㄟˋ","備","","16","待補充","https://dict.concised.moe.edu.tw/searchP.jsp?SN=%E3%84%85&SN2=%E3%84%85%E3%84%9F%CB%8B&word=%E5%82%99"
"ㄅㄟˋ","焙","","1","待補充","https://dict.concised.moe.edu.tw/searchP.jsp?SN=%E3%84%85&SN2=%E3%84%85%E3%84%9F%CB%8B&word=%E7%84%99"
"ㄅㄟˋ","蓓","","2","待補充","https://dict.concised.moe.edu.tw/searchP.jsp?SN=%E3%84%85&SN2=%E3%84%85%E3%84%9F%CB%8B&word=%E8%93%93"
"ㄅㄟˋ","輩","","3","待補充","https://dict.concised.moe.edu.tw/searchP.jsp?SN=%E3%84%85&SN2=%E3%84%85%E3%84%9F%CB%8B&word=%E8%BC%A9"
"ㄅㄟˋ","憊","","1","待補充","https://dict.concised.moe.edu.tw/searchP.jsp?SN=%E3%84%85&SN2=%E3%84%85%E3%84%9F%CB%8B&word=%E6%86%8A"
"ㄅㄠ","包","","20","待補充","https://dict.concised.moe.edu.tw/searchP.jsp?SN=%E3%84%85&SN2=%E3%84%85%E3%84%A0&word=%E5%8C%85"
"ㄅㄠ","孢","","1","待補充","https://dict.concised.moe.edu.tw/searchP.jsp?SN=%E3%84%85&SN2=%E3%84%85%E3%84%A0&word=%E5%AD%A2"
"ㄅㄠ","炮","","1","待補充","https://dict.concised.moe.edu.tw/searchP.jsp?SN=%E3%84%85&SN2=%E3%84%85%E3%84%A0&word=%E7%82%AE"
"ㄅㄠ","胞","","5","待補充","https://dict.concised.moe.edu.tw/searchP.jsp?SN=%E3%84%85&SN2=%E3%84%85%E3%84%A0&word=%E8%83%9E"
"ㄅㄠ","苞","","1","待補充","https://dict.concised.moe.edu.tw/searchP.jsp?SN=%E3%84%85&SN2=%E3%84%85%E3%84%A0&word=%E8%8B%9E"
"ㄅㄠ","煲","","1","待補充","https://dict.concised.moe.edu.tw/searchP.jsp?SN=%E3%84%85&SN2=%E3%84%85%E3%84%A0&word=%E7%85%B2"
"ㄅㄠ","褒","","4","待補充","https://dict.concised.moe.edu.tw/searchP.jsp?SN=%E3%84%85&SN2=%E3%84%85%E3%84%A0&word=%E8%A4%92"
"ㄅㄠˇ","保","","20","待補充","https://dict.concised.moe.edu.tw/searchP.jsp?SN=%E3%84%85&SN2=%E3%84%85%E3%84%A0%CB%87&word=%E4%BF%9D"
"ㄅㄠˇ","堡","","2","待補充","https://dict.concised.moe.edu.tw/searchP.jsp?SN=%E3%84%85&SN2=%E3%84%85%E3%84%A0%CB%87&word=%E5%A0%A1"
"ㄅㄠˇ","葆","","1","待補充","https://dict.concised.moe.edu.tw/searchP.jsp?SN=%E3%84%85&SN2=%E3%84%85%E3%84%A0%CB%87&word=%E8%91%86"
"ㄅㄠˇ","飽","","18","待補充","https://dict.concised.moe.edu.tw/searchP.jsp?SN=%E3%84%85&SN2=%E3%84%85%E3%84%A0%CB%87&word=%E9%A3%BD"
"ㄅㄠˇ","褓","","1","待補充","https://dict.concised.moe.edu.tw/searchP.jsp?SN=%E3%84%85&SN2=%E3%84%85%E3%84%A0%CB%87&word=%E8%A4%93"
"ㄅㄠˇ","鴇","","1","待補充","https://dict.concised.moe.edu.tw/searchP.jsp?SN=%E3%84%85&SN2=%E3%84%85%E3%84%A0%CB%87&word=%E9%B4%87"
"ㄅㄠˇ","寶","","20","待補充","https://dict.concised.moe.edu.tw/searchP.jsp?SN=%E3%84%85&SN2=%E3%84%85%E3%84%A0%CB%87&word=%E5%AF%B6"
"ㄅㄠˊ","雹","","1","待補充","https://dict.concised.moe.edu.tw/searchP.jsp?SN=%E3%84%85&SN2=%E3%84%85%E3%84%A0%CB%8A&word=%E9%9B%B9"
"ㄅㄠˋ","刨","","2","待補充","https://dict.concised.moe.edu.tw/searchP.jsp?SN=%E3%84%85&SN2=%E3%84%85%E3%84%A0%CB%8B&word=%E5%88%A8"
"ㄅㄠˋ","抱","","13","待補充","https://dict.concised.moe.edu.tw/searchP.jsp?SN=%E3%84%85&SN2=%E3%84%85%E3%84%A0%CB%8B&word=%E6%8A%B1"
"ㄅㄠˋ","豹","","2","待補充","https://dict.concised.moe.edu.tw/searchP.jsp?SN=%E3%84%85&SN2=%E3%84%85%E3%84%A0%CB%8B&word=%E8%B1%B9"
"ㄅㄠˋ","趵","","1","待補充","https://dict.concised.moe.edu.tw/searchP.jsp?SN=%E3%84%85&SN2=%E3%84%85%E3%84%A0%CB%8B&word=%E8%B6%B5"
"ㄅㄠˋ","報","","20","待補充","https://dict.concised.moe.edu.tw/searchP.jsp?SN=%E3%84%85&SN2=%E3%84%85%E3%84%A0%CB%8B&word=%E5%A0%B1"
"ㄅㄠˋ","鉋","","1","待補充","https://dict.concised.moe.edu.tw/searchP.jsp?SN=%E3%84%85&SN2=%E3%84%85%E3%84%A0%CB%8B&word=%E9%89%8B"
"ㄅㄠˋ","暴","","20","待補充","https://dict.concised.moe.edu.tw/searchP.jsp?SN=%E3%84%85&SN2=%E3%84%85%E3%84%A0%CB%8B&word=%E6%9A%B4"
"ㄅㄠˋ","鮑","","3","待補充","https://dict.concised.moe.edu.tw/searchP.jsp?SN=%E3%84%85&SN2=%E3%84%85%E3%84%A0%CB%8B&word=%E9%AE%91"
"ㄅㄠˋ","爆","","14","待補充","https://dict.concised.moe.edu.tw/searchP.jsp?SN=%E3%84%85&SN2=%E3%84%85%E3%84%A0%CB%8B&word=%E7%88%86"
"ㄅㄢ","扳","","6","待補充","https://dict.concised.moe.edu.tw/searchP.jsp?SN=%E3%84%85&SN2=%E3%84%85%E3%84%A2&word=%E6%89%B3"
"ㄅㄢ","班","","15","待補充","https://dict.concised.moe.edu.tw/searchP.jsp?SN=%E3%84%85&SN2=%E3%84%85%E3%84%A2&word=%E7%8F%AD"
"ㄅㄢ","般","","1","待補充","https://dict.concised.moe.edu.tw/searchP.jsp?SN=%E3%84%85&SN2=%E3%84%85%E3%84%A2&word=%E8%88%AC"
"ㄅㄢ","斑","","11","待補充","https://dict.concised.moe.edu.tw/searchP.jsp?SN=%E3%84%85&SN2=%E3%84%85%E3%84%A2&word=%E6%96%91"
"ㄅㄢ","搬","","12","待補充","https://dict.concised.moe.edu.tw/searchP.jsp?SN=%E3%84%85&SN2=%E3%84%85%E3%84%A2&word=%E6%90%AC"
"ㄅㄢ","頒","","6","待補充","https://dict.concised.moe.edu.tw/searchP.jsp?SN=%E3%84%85&SN2=%E3%84%85%E3%84%A2&word=%E9%A0%92"
"ㄅㄢˇ","阪","","1","待補充","https://dict.concised.moe.edu.tw/searchP.jsp?SN=%E3%84%85&SN2=%E3%84%85%E3%84%A2%CB%87&word=%E9%98%AA"
"ㄅㄢˇ","板","","8","待補充","https://dict.concised.moe.edu.tw/searchP.jsp?SN=%E3%84%85&SN2=%E3%84%85%E3%84%A2%CB%87&word=%E6%9D%BF"
"ㄅㄢˇ","版","","8","待補充","https://dict.concised.moe.edu.tw/searchP.jsp?SN=%E3%84%85&SN2=%E3%84%85%E3%84%A2%CB%87&word=%E7%89%88"
"ㄅㄢˇ","舨","","1","待補充","https://dict.concised.moe.edu.tw/searchP.jsp?SN=%E3%84%85&SN2=%E3%84%85%E3%84%A2%CB%87&word=%E8%88%A8"
"ㄅㄢˇ","鈑","","1","待補充","https://dict.concised.moe.edu.tw/searchP.jsp?SN=%E3%84%85&SN2=%E3%84%85%E3%84%A2%CB%87&word=%E9%88%91"
"ㄅㄢˇ","闆","","1","待補充","https://dict.concised.moe.edu.tw/searchP.jsp?SN=%E3%84%85&SN2=%E3%84%85%E3%84%A2%CB%87&word=%E9%97%86"
"ㄅㄢˋ","半","","20","待補充","https://dict.concised.moe.edu.tw/searchP.jsp?SN=%E3%84%85&SN2=%E3%84%85%E3%84%A2%CB%8B&word=%E5%8D%8A"
"ㄅㄢˋ","伴","","10","待補充","https://dict.concised.moe.edu.tw/searchP.jsp?SN=%E3%84%85&SN2=%E3%84%85%E3%84%A2%CB%8B&word=%E4%BC%B4"
"ㄅㄢˋ","扮","","7","待補充","https://dict.concised.moe.edu.tw/searchP.jsp?SN=%E3%84%85&SN2=%E3%84%85%E3%84%A2%CB%8B&word=%E6%89%AE"
"ㄅㄢˋ","拌","","4","待補充","https://dict.concised.moe.edu.tw/searchP.jsp?SN=%E3%84%85&SN2=%E3%84%85%E3%84%A2%CB%8B&word=%E6%8B%8C"
"ㄅㄢˋ","絆","","3","待補充","https://dict.concised.moe.edu.tw/searchP.jsp?SN=%E3%84%85&SN2=%E3%84%85%E3%84%A2%CB%8B&word=%E7%B5%86"
"ㄅㄢˋ","辦","","19","待補充","https://dict.concised.moe.edu.tw/searchP.jsp?SN=%E3%84%85&SN2=%E3%84%85%E3%84%A2%CB%8B&word=%E8%BE%A6"
"ㄅㄢˋ","瓣","","2","待補充","https://dict.concised.moe.edu.tw/searchP.jsp?SN=%E3%84%85&SN2=%E3%84%85%E3%84%A2%CB%8B&word=%E7%93%A3"
"ㄅㄣ","奔","","14","待補充","https://dict.concised.moe.edu.tw/searchP.jsp?SN=%E3%84%85&SN2=%E3%84%85%E3%84%A3&word=%E5%A5%94"
"ㄅㄣ","賁","","3","待補充","https://dict.concised.moe.edu.tw/searchP.jsp?SN=%E3%84%85&SN2=%E3%84%85%E3%84%A3&word=%E8%B3%81"
"ㄅㄣˇ","本","","20","待補充","https://dict.concised.moe.edu.tw/searchP.jsp?SN=%E3%84%85&SN2=%E3%84%85%E3%84%A3%CB%87&word=%E6%9C%AC"
"ㄅㄣˇ","苯","","2","待補充","https://dict.concised.moe.edu.tw/searchP.jsp?SN=%E3%84%85&SN2=%E3%84%85%E3%84%A3%CB%87&word=%E8%8B%AF"
"ㄅㄣˇ","畚","","2","待補充","https://dict.concised.moe.edu.tw/searchP.jsp?SN=%E3%84%85&SN2=%E3%84%85%E3%84%A3%CB%87&word=%E7%95%9A"
"ㄅㄣˋ","笨","","6","待補充","https://dict.concised.moe.edu.tw/searchP.jsp?SN=%E3%84%85&SN2=%E3%84%85%E3%84%A3%CB%8B&word=%E7%AC%A8"
"ㄅㄤ","邦","","4","待補充","https://dict.concised.moe.edu.tw/searchP.jsp?SN=%E3%84%85&SN2=%E3%84%85%E3%84%A4&word=%E9%82%A6"
"ㄅㄤ","梆","","2","待補充","https://dict.concised.moe.edu.tw/searchP.jsp?SN=%E3%84%85&SN2=%E3%84%85%E3%84%A4&word=%E6%A2%86"
"ㄅㄤ","傍","","2","待補充","https://dict.concised.moe.edu.tw/searchP.jsp?SN=%E3%84%85&SN2=%E3%84%85%E3%84%A4&word=%E5%82%8D"
"ㄅㄤ","幫","","13","待補充","https://dict.concised.moe.edu.tw/searchP.jsp?SN=%E3%84%85&SN2=%E3%84%85%E3%84%A4&word=%E5%B9%AB"
"ㄅㄤˇ","綁","","5","待補充","https://dict.concised.moe.edu.tw/searchP.jsp?SN=%E3%84%85&SN2=%E3%84%85%E3%84%A4%CB%87&word=%E7%B6%81"
"ㄅㄤˇ","榜","","6","待補充","https://dict.concised.moe.edu.tw/searchP.jsp?SN=%E3%84%85&SN2=%E3%84%85%E3%84%A4%CB%87&word=%E6%A6%9C"
"ㄅㄤˇ","膀","","1","待補充","https://dict.concised.moe.edu.tw/searchP.jsp?SN=%E3%84%85&SN2=%E3%84%85%E3%84%A4%CB%87&word=%E8%86%80"
"ㄅㄤˋ","旁","","1","待補充","https://dict.concised.moe.edu.tw/searchP.jsp?SN=%E3%84%85&SN2=%E3%84%85%E3%84%A4%CB%8B&word=%E6%97%81"
"ㄅㄤˋ","蚌","","2","待補充","https://dict.concised.moe.edu.tw/searchP.jsp?SN=%E3%84%85&SN2=%E3%84%85%E3%84%A4%CB%8B&word=%E8%9A%8C"
"ㄅㄤˋ","傍","","1","待補充","https://dict.concised.moe.edu.tw/searchP.jsp?SN=%E3%84%85&SN2=%E3%84%85%E3%84%A4%CB%8B&word=%E5%82%8D"
"ㄅㄤˋ","棒","","10","待補充","https://dict.concised.moe.edu.tw/searchP.jsp?SN=%E3%84%85&SN2=%E3%84%85%E3%84%A4%CB%8B&word=%E6%A3%92"
"ㄅㄤˋ","膀","","1","待補充","https://dict.concised.moe.edu.tw/searchP.jsp?SN=%E3%84%85&SN2=%E3%84%85%E3%84%A4%CB%8B&word=%E8%86%80"
"ㄅㄤˋ","蒡","","1","待補充","https://dict.concised.moe.edu.tw/searchP.jsp?SN=%E3%84%85&SN2=%E3%84%85%E3%84%A4%CB%8B&word=%E8%92%A1"
"ㄅㄤˋ","磅","","2","待補充","https://dict.concised.moe.edu.tw/searchP.jsp?SN=%E3%84%85&SN2=%E3%84%85%E3%84%A4%CB%8B&word=%E7%A3%85"
"ㄅㄤˋ","謗","","1","待補充","https://dict.concised.moe.edu.tw/searchP.jsp?SN=%E3%84%85&SN2=%E3%84%85%E3%84%A4%CB%8B&word=%E8%AC%97"
"ㄅㄤˋ","鎊","","1","待補充","https://dict.concised.moe.edu.tw/searchP.jsp?SN=%E3%84%85&SN2=%E3%84%85%E3%84%A4%CB%8B&word=%E9%8E%8A"
"ㄅㄥ","崩","","8","待補充","https://dict.concised.moe.edu.tw/searchP.jsp?SN=%E3%84%85&SN2=%E3%84%85%E3%84%A5&word=%E5%B4%A9"
"ㄅㄥ","繃","","4","待補充","https://dict.concised.moe.edu.tw/searchP.jsp?SN=%E3%84%85&SN2=%E3%84%85%E3%84%A5&word=%E7%B9%83"
"ㄅㄥˇ","繃","","1","待補充","https://dict.concised.moe.edu.tw/searchP.jsp?SN=%E3%84%85&SN2=%E3%84%85%E3%84%A5%CB%87&word=%E7%B9%83"
"ㄅㄥˊ","甭","","1","待補充","https://dict.concised.moe.edu.tw/searchP.jsp?SN=%E3%84%85&SN2=%E3%84%85%E3%84%A5%CB%8A&word=%E7%94%AD"
"ㄅㄥˋ","泵","","2","待補充","https://dict.concised.moe.edu.tw/searchP.jsp?SN=%E3%84%85&SN2=%E3%84%85%E3%84%A5%CB%8B&word=%E6%B3%B5"
"ㄅㄥˋ","迸","","4","待補充","https://dict.concised.moe.edu.tw/searchP.jsp?SN=%E3%84%85&SN2=%E3%84%85%E3%84%A5%CB%8B&word=%E8%BF%B8"
"ㄅㄥˋ","榜","","1","待補充","https://dict.concised.moe.edu.tw/searchP.jsp?SN=%E3%84%85&SN2=%E3%84%85%E3%84%A5%CB%8B&word=%E6%A6%9C"
"ㄅㄥˋ","繃","","1","待補充","https://dict.concised.moe.edu.tw/searchP.jsp?SN=%E3%84%85&SN2=%E3%84%85%E3%84%A5%CB%8B&word=%E7%B9%83"
"ㄅㄥˋ","蹦","","3","待補充","https://dict.concised.moe.edu.tw/searchP.jsp?SN=%E3%84%85&SN2=%E3%84%85%E3%84%A5%CB%8B&word=%E8%B9%A6"
"ㄅㄧ","逼","","12","待補充","https://dict.concised.moe.edu.tw/searchP.jsp?SN=%E3%84%85&SN2=%E3%84%85%E3%84%A7&word=%E9%80%BC"
"ㄅㄧˇ","匕","","2","待補充","https://dict.concised.moe.edu.tw/searchP.jsp?SN=%E3%84%85&SN2=%E3%84%85%E3%84%A7%CB%87&word=%E5%8C%95"
"ㄅㄧˇ","比","","20","待補充","https://dict.concised.moe.edu.tw/searchP.jsp?SN=%E3%84%85&SN2=%E3%84%85%E3%84%A7%CB%87&word=%E6%AF%94"
"ㄅㄧˇ","妣","","1","待補充","https://dict.concised.moe.edu.tw/searchP.jsp?SN=%E3%84%85&SN2=%E3%84%85%E3%84%A7%CB%87&word=%E5%A6%A3"
"ㄅㄧˇ","彼","","5","待補充","https://dict.concised.moe.edu.tw/searchP.jsp?SN=%E3%84%85&SN2=%E3%84%85%E3%84%A7%CB%87&word=%E5%BD%BC"
"ㄅㄧˇ","筆","","20","待補充","https://dict.concised.moe.edu.tw/searchP.jsp?SN=%E3%84%85&SN2=%E3%84%85%E3%84%A7%CB%87&word=%E7%AD%86"
"ㄅㄧˇ","鄙","","8","待補充","https://dict.concised.moe.edu.tw/searchP.jsp?SN=%E3%84%85&SN2=%E3%84%85%E3%84%A7%CB%87&word=%E9%84%99"
"ㄅㄧˊ","荸","","2","待補充","https://dict.concised.moe.edu.tw/searchP.jsp?SN=%E3%84%85&SN2=%E3%84%85%E3%84%A7%CB%8A&word=%E8%8D%B8"
"ㄅㄧˊ","鼻","鼻子","15","已有可用詞","https://dict.concised.moe.edu.tw/searchP.jsp?SN=%E3%84%85&SN2=%E3%84%85%E3%84%A7%CB%8A&word=%E9%BC%BB"
"ㄅㄧˋ","比","","5","待補充","https://dict.concised.moe.edu.tw/searchP.jsp?SN=%E3%84%85&SN2=%E3%84%85%E3%84%A7%CB%8B&word=%E6%AF%94"
"ㄅㄧˋ","必","","10","待補充","https://dict.concised.moe.edu.tw/searchP.jsp?SN=%E3%84%85&SN2=%E3%84%85%E3%84%A7%CB%8B&word=%E5%BF%85"
"ㄅㄧˋ","庇","","4","待補充","https://dict.concised.moe.edu.tw/searchP.jsp?SN=%E3%84%85&SN2=%E3%84%85%E3%84%A7%CB%8B&word=%E5%BA%87"
"ㄅㄧˋ","拂","","1","待補充","https://dict.concised.moe.edu.tw/searchP.jsp?SN=%E3%84%85&SN2=%E3%84%85%E3%84%A7%CB%8B&word=%E6%8B%82"
"ㄅㄧˋ","泌","","1","待補充","https://dict.concised.moe.edu.tw/searchP.jsp?SN=%E3%84%85&SN2=%E3%84%85%E3%84%A7%CB%8B&word=%E6%B3%8C"
"ㄅㄧˋ","畀","","1","待補充","https://dict.concised.moe.edu.tw/searchP.jsp?SN=%E3%84%85&SN2=%E3%84%85%E3%84%A7%CB%8B&word=%E7%95%80"
"ㄅㄧˋ","毖","","1","待補充","https://dict.concised.moe.edu.tw/searchP.jsp?SN=%E3%84%85&SN2=%E3%84%85%E3%84%A7%CB%8B&word=%E6%AF%96"
"ㄅㄧˋ","俾","","1","待補充","https://dict.concised.moe.edu.tw/searchP.jsp?SN=%E3%84%85&SN2=%E3%84%85%E3%84%A7%CB%8B&word=%E4%BF%BE"
"ㄅㄧˋ","祕","","1","待補充","https://dict.concised.moe.edu.tw/searchP.jsp?SN=%E3%84%85&SN2=%E3%84%85%E3%84%A7%CB%8B&word=%E7%A5%95"
"ㄅㄧˋ","秘","","1","待補充","https://dict.concised.moe.edu.tw/searchP.jsp?SN=%E3%84%85&SN2=%E3%84%85%E3%84%A7%CB%8B&word=%E7%A7%98"
"ㄅㄧˋ","陛","","2","待補充","https://dict.concised.moe.edu.tw/searchP.jsp?SN=%E3%84%85&SN2=%E3%84%85%E3%84%A7%CB%8B&word=%E9%99%9B"
"ㄅㄧˋ","埤","","1","待補充","https://dict.concised.moe.edu.tw/searchP.jsp?SN=%E3%84%85&SN2=%E3%84%85%E3%84%A7%CB%8B&word=%E5%9F%A4"
"ㄅㄧˋ","婢","","2","待補充","https://dict.concised.moe.edu.tw/searchP.jsp?SN=%E3%84%85&SN2=%E3%84%85%E3%84%A7%CB%8B&word=%E5%A9%A2"
"ㄅㄧˋ","敝","","4","待補充","https://dict.concised.moe.edu.tw/searchP.jsp?SN=%E3%84%85&SN2=%E3%84%85%E3%84%A7%CB%8B&word=%E6%95%9D"
"ㄅㄧˋ","畢","","8","待補充","https://dict.concised.moe.edu.tw/searchP.jsp?SN=%E3%84%85&SN2=%E3%84%85%E3%84%A7%CB%8B&word=%E7%95%A2"
"ㄅㄧˋ","閉","","17","待補充","https://dict.concised.moe.edu.tw/searchP.jsp?SN=%E3%84%85&SN2=%E3%84%85%E3%84%A7%CB%8B&word=%E9%96%89"
"ㄅㄧˋ","弼","","1","待補充","https://dict.concised.moe.edu.tw/searchP.jsp?SN=%E3%84%85&SN2=%E3%84%85%E3%84%A7%CB%8B&word=%E5%BC%BC"
"ㄅㄧˋ","愎","","1","待補充","https://dict.concised.moe.edu.tw/searchP.jsp?SN=%E3%84%85&SN2=%E3%84%85%E3%84%A7%CB%8B&word=%E6%84%8E"
"ㄅㄧˋ","賁","","1","待補充","https://dict.concised.moe.edu.tw/searchP.jsp?SN=%E3%84%85&SN2=%E3%84%85%E3%84%A7%CB%8B&word=%E8%B3%81"
"ㄅㄧˋ","痺","","1","待補充","https://dict.concised.moe.edu.tw/searchP.jsp?SN=%E3%84%85&SN2=%E3%84%85%E3%84%A7%CB%8B&word=%E7%97%BA"
"ㄅㄧˋ","睥","","2","待補充","https://dict.concised.moe.edu.tw/searchP.jsp?SN=%E3%84%85&SN2=%E3%84%85%E3%84%A7%CB%8B&word=%E7%9D%A5"
"ㄅㄧˋ","辟","","2","待補充","https://dict.concised.moe.edu.tw/searchP.jsp?SN=%E3%84%85&SN2=%E3%84%85%E3%84%A7%CB%8B&word=%E8%BE%9F"
"ㄅㄧˋ","嗶","","2","待補充","https://dict.concised.moe.edu.tw/searchP.jsp?SN=%E3%84%85&SN2=%E3%84%85%E3%84%A7%CB%8B&word=%E5%97%B6"
"ㄅㄧˋ","幣","","3","待補充","https://dict.concised.moe.edu.tw/searchP.jsp?SN=%E3%84%85&SN2=%E3%84%85%E3%84%A7%CB%8B&word=%E5%B9%A3"
"ㄅㄧˋ","弊","","5","待補充","https://dict.concised.moe.edu.tw/searchP.jsp?SN=%E3%84%85&SN2=%E3%84%85%E3%84%A7%CB%8B&word=%E5%BC%8A"
"ㄅㄧˋ","碧","","11","待補充","https://dict.concised.moe.edu.tw/searchP.jsp?SN=%E3%84%85&SN2=%E3%84%85%E3%84%A7%CB%8B&word=%E7%A2%A7"
"ㄅㄧˋ","蓖","","2","待補充","https://dict.concised.moe.edu.tw/searchP.jsp?SN=%E3%84%85&SN2=%E3%84%85%E3%84%A7%CB%8B&word=%E8%93%96"
"ㄅㄧˋ","裨","","2","待補充","https://dict.concised.moe.edu.tw/searchP.jsp?SN=%E3%84%85&SN2=%E3%84%85%E3%84%A7%CB%8B&word=%E8%A3%A8"
"ㄅㄧˋ","蓽","","1","待補充","https://dict.concised.moe.edu.tw/searchP.jsp?SN=%E3%84%85&SN2=%E3%84%85%E3%84%A7%CB%8B&word=%E8%93%BD"
"ㄅㄧˋ","蔽","","4","待補充","https://dict.concised.moe.edu.tw/searchP.jsp?SN=%E3%84%85&SN2=%E3%84%85%E3%84%A7%CB%8B&word=%E8%94%BD"
"ㄅㄧˋ","壁","","12","待補充","https://dict.concised.moe.edu.tw/searchP.jsp?SN=%E3%84%85&SN2=%E3%84%85%E3%84%A7%CB%8B&word=%E5%A3%81"
"ㄅㄧˋ","嬖","","1","待補充","https://dict.concised.moe.edu.tw/searchP.jsp?SN=%E3%84%85&SN2=%E3%84%85%E3%84%A7%CB%8B&word=%E5%AC%96"
"ㄅㄧˋ","篦","","1","待補充","https://dict.concised.moe.edu.tw/searchP.jsp?SN=%E3%84%85&SN2=%E3%84%85%E3%84%A7%CB%8B&word=%E7%AF%A6"
"ㄅㄧˋ","斃","","2","待補充","https://dict.concised.moe.edu.tw/searchP.jsp?SN=%E3%84%85&SN2=%E3%84%85%E3%84%A7%CB%8B&word=%E6%96%83"
"ㄅㄧˋ","篳","","3","待補充","https://dict.concised.moe.edu.tw/searchP.jsp?SN=%E3%84%85&SN2=%E3%84%85%E3%84%A7%CB%8B&word=%E7%AF%B3"
"ㄅㄧˋ","臂","","4","待補充","https://dict.concised.moe.edu.tw/searchP.jsp?SN=%E3%84%85&SN2=%E3%84%85%E3%84%A7%CB%8B&word=%E8%87%82"
"ㄅㄧˋ","薜","","2","待補充","https://dict.concised.moe.edu.tw/searchP.jsp?SN=%E3%84%85&SN2=%E3%84%85%E3%84%A7%CB%8B&word=%E8%96%9C"
"ㄅㄧˋ","避","","18","待補充","https://dict.concised.moe.edu.tw/searchP.jsp?SN=%E3%84%85&SN2=%E3%84%85%E3%84%A7%CB%8B&word=%E9%81%BF"
"ㄅㄧˋ","璧","","4","待補充","https://dict.concised.moe.edu.tw/searchP.jsp?SN=%E3%84%85&SN2=%E3%84%85%E3%84%A7%CB%8B&word=%E7%92%A7"
"ㄅㄧˋ","蹕","","1","待補充","https://dict.concised.moe.edu.tw/searchP.jsp?SN=%E3%84%85&SN2=%E3%84%85%E3%84%A7%CB%8B&word=%E8%B9%95"
"ㄅㄧˋ","髀","","1","待補充","https://dict.concised.moe.edu.tw/searchP.jsp?SN=%E3%84%85&SN2=%E3%84%85%E3%84%A7%CB%8B&word=%E9%AB%80"
"ㄅㄧˋ","襞","","1","待補充","https://dict.concised.moe.edu.tw/searchP.jsp?SN=%E3%84%85&SN2=%E3%84%85%E3%84%A7%CB%8B&word=%E8%A5%9E"
"ㄅㄧㄝ","憋","","2","待補充","https://dict.concised.moe.edu.tw/searchP.jsp?SN=%E3%84%85&SN2=%E3%84%85%E3%84%A7%E3%84%9D&word=%E6%86%8B"
"ㄅㄧㄝ","鱉","","1","待補充","https://dict.concised.moe.edu.tw/searchP.jsp?SN=%E3%84%85&SN2=%E3%84%85%E3%84%A7%E3%84%9D&word=%E9%B1%89"
"ㄅㄧㄝˇ","癟","","2","待補充","https://dict.concised.moe.edu.tw/searchP.jsp?SN=%E3%84%85&SN2=%E3%84%85%E3%84%A7%E3%84%9D%CB%87&word=%E7%99%9F"
"ㄅㄧㄝˊ","別","","20","待補充","https://dict.concised.moe.edu.tw/searchP.jsp?SN=%E3%84%85&SN2=%E3%84%85%E3%84%A7%E3%84%9D%CB%8A&word=%E5%88%A5"
"ㄅㄧㄝˊ","蹩","","1","待補充","https://dict.concised.moe.edu.tw/searchP.jsp?SN=%E3%84%85&SN2=%E3%84%85%E3%84%A7%E3%84%9D%CB%8A&word=%E8%B9%A9"
"ㄅㄧㄝˋ","彆","","2","待補充","https://dict.concised.moe.edu.tw/searchP.jsp?SN=%E3%84%85&SN2=%E3%84%85%E3%84%A7%E3%84%9D%CB%8B&word=%E5%BD%86"
"ㄅㄧㄠ","杓","","1","待補充","https://dict.concised.moe.edu.tw/searchP.jsp?SN=%E3%84%85&SN2=%E3%84%85%E3%84%A7%E3%84%A0&word=%E6%9D%93"
"ㄅㄧㄠ","髟","","1","待補充","https://dict.concised.moe.edu.tw/searchP.jsp?SN=%E3%84%85&SN2=%E3%84%85%E3%84%A7%E3%84%A0&word=%E9%AB%9F"
"ㄅㄧㄠ","彪","","3","待補充","https://dict.concised.moe.edu.tw/searchP.jsp?SN=%E3%84%85&SN2=%E3%84%85%E3%84%A7%E3%84%A0&word=%E5%BD%AA"
"ㄅㄧㄠ","標","","20","待補充","https://dict.concised.moe.edu.tw/searchP.jsp?SN=%E3%84%85&SN2=%E3%84%85%E3%84%A7%E3%84%A0&word=%E6%A8%99"
"ㄅㄧㄠ","鏢","","2","待補充","https://dict.concised.moe.edu.tw/searchP.jsp?SN=%E3%84%85&SN2=%E3%84%85%E3%84%A7%E3%84%A0&word=%E9%8F%A2"
"ㄅㄧㄠ","飆","","3","待補充","https://dict.concised.moe.edu.tw/searchP.jsp?SN=%E3%84%85&SN2=%E3%84%85%E3%84%A7%E3%84%A0&word=%E9%A3%86"
"ㄅㄧㄠ","鑣","","1","待補充","https://dict.concised.moe.edu.tw/searchP.jsp?SN=%E3%84%85&SN2=%E3%84%85%E3%84%A7%E3%84%A0&word=%E9%91%A3"
"ㄅㄧㄠˇ","表","","20","待補充","https://dict.concised.moe.edu.tw/searchP.jsp?SN=%E3%84%85&SN2=%E3%84%85%E3%84%A7%E3%84%A0%CB%87&word=%E8%A1%A8"
"ㄅㄧㄠˇ","婊","","1","待補充","https://dict.concised.moe.edu.tw/searchP.jsp?SN=%E3%84%85&SN2=%E3%84%85%E3%84%A7%E3%84%A0%CB%87&word=%E5%A9%8A"
"ㄅㄧㄠˇ","裱","","2","待補充","https://dict.concised.moe.edu.tw/searchP.jsp?SN=%E3%84%85&SN2=%E3%84%85%E3%84%A7%E3%84%A0%CB%87&word=%E8%A3%B1"
"ㄅㄧㄠˇ","錶","","2","待補充","https://dict.concised.moe.edu.tw/searchP.jsp?SN=%E3%84%85&SN2=%E3%84%85%E3%84%A7%E3%84%A0%CB%87&word=%E9%8C%B6"
"ㄅㄧㄠˋ","摽","","1","待補充","https://dict.concised.moe.edu.tw/searchP.jsp?SN=%E3%84%85&SN2=%E3%84%85%E3%84%A7%E3%84%A0%CB%8B&word=%E6%91%BD"
"ㄅㄧㄠˋ","鰾","","1","待補充","https://dict.concised.moe.edu.tw/searchP.jsp?SN=%E3%84%85&SN2=%E3%84%85%E3%84%A7%E3%84%A0%CB%8B&word=%E9%B0%BE"
"ㄅㄧㄢ","砭","","1","待補充","https://dict.concised.moe.edu.tw/searchP.jsp?SN=%E3%84%85&SN2=%E3%84%85%E3%84%A7%E3%84%A2&word=%E7%A0%AD"
"ㄅㄧㄢ","編","","20","待補充","https://dict.concised.moe.edu.tw/searchP.jsp?SN=%E3%84%85&SN2=%E3%84%85%E3%84%A7%E3%84%A2&word=%E7%B7%A8"
"ㄅㄧㄢ","蝙","","2","待補充","https://dict.concised.moe.edu.tw/searchP.jsp?SN=%E3%84%85&SN2=%E3%84%85%E3%84%A7%E3%84%A2&word=%E8%9D%99"
"ㄅㄧㄢ","鞭","","7","待補充","https://dict.concised.moe.edu.tw/searchP.jsp?SN=%E3%84%85&SN2=%E3%84%85%E3%84%A7%E3%84%A2&word=%E9%9E%AD"
"ㄅㄧㄢ","邊","","11","待補充","https://dict.concised.moe.edu.tw/searchP.jsp?SN=%E3%84%85&SN2=%E3%84%85%E3%84%A7%E3%84%A2&word=%E9%82%8A"
"ㄅㄧㄢ","籩","","1","待補充","https://dict.concised.moe.edu.tw/searchP.jsp?SN=%E3%84%85&SN2=%E3%84%85%E3%84%A7%E3%84%A2&word=%E7%B1%A9"
"ㄅㄧㄢˇ","扁","","8","待補充","https://dict.concised.moe.edu.tw/searchP.jsp?SN=%E3%84%85&SN2=%E3%84%85%E3%84%A7%E3%84%A2%CB%87&word=%E6%89%81"
"ㄅㄧㄢˇ","窆","","1","待補充","https://dict.concised.moe.edu.tw/searchP.jsp?SN=%E3%84%85&SN2=%E3%84%85%E3%84%A7%E3%84%A2%CB%87&word=%E7%AA%86"
"ㄅㄧㄢˇ","匾","","2","待補充","https://dict.concised.moe.edu.tw/searchP.jsp?SN=%E3%84%85&SN2=%E3%84%85%E3%84%A7%E3%84%A2%CB%87&word=%E5%8C%BE"
"ㄅㄧㄢˇ","貶","","5","待補充","https://dict.concised.moe.edu.tw/searchP.jsp?SN=%E3%84%85&SN2=%E3%84%85%E3%84%A7%E3%84%A2%CB%87&word=%E8%B2%B6"
"ㄅㄧㄢˇ","褊","","2","待補充","https://dict.concised.moe.edu.tw/searchP.jsp?SN=%E3%84%85&SN2=%E3%84%85%E3%84%A7%E3%84%A2%CB%87&word=%E8%A4%8A"
"ㄅㄧㄢˋ","卞","","1","待補充","https://dict.concised.moe.edu.tw/searchP.jsp?SN=%E3%84%85&SN2=%E3%84%85%E3%84%A7%E3%84%A2%CB%8B&word=%E5%8D%9E"
"ㄅㄧㄢˋ","弁","","1","待補充","https://dict.concised.moe.edu.tw/searchP.jsp?SN=%E3%84%85&SN2=%E3%84%85%E3%84%A7%E3%84%A2%CB%8B&word=%E5%BC%81"
"ㄅㄧㄢˋ","汴","","1","待補充","https://dict.concised.moe.edu.tw/searchP.jsp?SN=%E3%84%85&SN2=%E3%84%85%E3%84%A7%E3%84%A2%CB%8B&word=%E6%B1%B4"
"ㄅㄧㄢˋ","便","","19","待補充","https://dict.concised.moe.edu.tw/searchP.jsp?SN=%E3%84%85&SN2=%E3%84%85%E3%84%A7%E3%84%A2%CB%8B&word=%E4%BE%BF"
"ㄅㄧㄢˋ","遍","","5","待補充","https://dict.concised.moe.edu.tw/searchP.jsp?SN=%E3%84%85&SN2=%E3%84%85%E3%84%A7%E3%84%A2%CB%8B&word=%E9%81%8D"
"ㄅㄧㄢˋ","辨","","6","待補充","https://dict.concised.moe.edu.tw/searchP.jsp?SN=%E3%84%85&SN2=%E3%84%85%E3%84%A7%E3%84%A2%CB%8B&word=%E8%BE%A8"
"ㄅㄧㄢˋ","辮","","2","待補充","https://dict.concised.moe.edu.tw/searchP.jsp?SN=%E3%84%85&SN2=%E3%84%85%E3%84%A7%E3%84%A2%CB%8B&word=%E8%BE%AE"
"ㄅㄧㄢˋ","辯","","11","待補充","https://dict.concised.moe.edu.tw/searchP.jsp?SN=%E3%84%85&SN2=%E3%84%85%E3%84%A7%E3%84%A2%CB%8B&word=%E8%BE%AF"
"ㄅㄧㄢˋ","變","","20","待補充","https://dict.concised.moe.edu.tw/searchP.jsp?SN=%E3%84%85&SN2=%E3%84%85%E3%84%A7%E3%84%A2%CB%8B&word=%E8%AE%8A"
"ㄅㄧㄣ","彬","","3","待補充","https://dict.concised.moe.edu.tw/searchP.jsp?SN=%E3%84%85&SN2=%E3%84%85%E3%84%A7%E3%84%A3&word=%E5%BD%AC"
"ㄅㄧㄣ","斌","","1","待補充","https://dict.concised.moe.edu.tw/searchP.jsp?SN=%E3%84%85&SN2=%E3%84%85%E3%84%A7%E3%84%A3&word=%E6%96%8C"
"ㄅㄧㄣ","賓","","9","待補充","https://dict.concised.moe.edu.tw/searchP.jsp?SN=%E3%84%85&SN2=%E3%84%85%E3%84%A7%E3%84%A3&word=%E8%B3%93"
"ㄅㄧㄣ","儐","","2","待補充","https://dict.concised.moe.edu.tw/searchP.jsp?SN=%E3%84%85&SN2=%E3%84%85%E3%84%A7%E3%84%A3&word=%E5%84%90"
"ㄅㄧㄣ","濱","","4","待補充","https://dict.concised.moe.edu.tw/searchP.jsp?SN=%E3%84%85&SN2=%E3%84%85%E3%84%A7%E3%84%A3&word=%E6%BF%B1"
"ㄅㄧㄣ","檳","","2","待補充","https://dict.concised.moe.edu.tw/searchP.jsp?SN=%E3%84%85&SN2=%E3%84%85%E3%84%A7%E3%84%A3&word=%E6%AA%B3"
"ㄅㄧㄣ","瀕","","3","待補充","https://dict.concised.moe.edu.tw/searchP.jsp?SN=%E3%84%85&SN2=%E3%84%85%E3%84%A7%E3%84%A3&word=%E7%80%95"
"ㄅㄧㄣ","繽","","2","待補充","https://dict.concised.moe.edu.tw/searchP.jsp?SN=%E3%84%85&SN2=%E3%84%85%E3%84%A7%E3%84%A3&word=%E7%B9%BD"
"ㄅㄧㄣˋ","擯","","2","待補充","https://dict.concised.moe.edu.tw/searchP.jsp?SN=%E3%84%85&SN2=%E3%84%85%E3%84%A7%E3%84%A3%CB%8B&word=%E6%93%AF"
"ㄅㄧㄣˋ","殯","","3","待補充","https://dict.concised.moe.edu.tw/searchP.jsp?SN=%E3%84%85&SN2=%E3%84%85%E3%84%A7%E3%84%A3%CB%8B&word=%E6%AE%AF"
"ㄅㄧㄣˋ","臏","","1","待補充","https://dict.concised.moe.edu.tw/searchP.jsp?SN=%E3%84%85&SN2=%E3%84%85%E3%84%A7%E3%84%A3%CB%8B&word=%E8%87%8F"
"ㄅㄧㄣˋ","鬢","","2","待補充","https://dict.concised.moe.edu.tw/searchP.jsp?SN=%E3%84%85&SN2=%E3%84%85%E3%84%A7%E3%84%A3%CB%8B&word=%E9%AC%A2"
"ㄅㄧㄥ","冰","冰棒","20","已有可用詞","https://dict.concised.moe.edu.tw/searchP.jsp?SN=%E3%84%85&SN2=%E3%84%85%E3%84%A7%E3%84%A5&word=%E5%86%B0"
"ㄅㄧㄥ","并","","2","待補充","https://dict.concised.moe.edu.tw/searchP.jsp?SN=%E3%84%85&SN2=%E3%84%85%E3%84%A7%E3%84%A5&word=%E5%B9%B6"
"ㄅㄧㄥ","兵","","16","待補充","https://dict.concised.moe.edu.tw/searchP.jsp?SN=%E3%84%85&SN2=%E3%84%85%E3%84%A7%E3%84%A5&word=%E5%85%B5"
"ㄅㄧㄥ","屏","","4","待補充","https://dict.concised.moe.edu.tw/searchP.jsp?SN=%E3%84%85&SN2=%E3%84%85%E3%84%A7%E3%84%A5&word=%E5%B1%8F"
"ㄅㄧㄥˇ","丙","","2","待補充","https://dict.concised.moe.edu.tw/searchP.jsp?SN=%E3%84%85&SN2=%E3%84%85%E3%84%A7%E3%84%A5%CB%87&word=%E4%B8%99"
"ㄅㄧㄥˇ","秉","","6","待補充","https://dict.concised.moe.edu.tw/searchP.jsp?SN=%E3%84%85&SN2=%E3%84%85%E3%84%A7%E3%84%A5%CB%87&word=%E7%A7%89"
"ㄅㄧㄥˇ","屏","","3","待補充","https://dict.concised.moe.edu.tw/searchP.jsp?SN=%E3%84%85&SN2=%E3%84%85%E3%84%A7%E3%84%A5%CB%87&word=%E5%B1%8F"
"ㄅㄧㄥˇ","柄","","1","待補充","https://dict.concised.moe.edu.tw/searchP.jsp?SN=%E3%84%85&SN2=%E3%84%85%E3%84%A7%E3%84%A5%CB%87&word=%E6%9F%84"
"ㄅㄧㄥˇ","炳","","2","待補充","https://dict.concised.moe.edu.tw/searchP.jsp?SN=%E3%84%85&SN2=%E3%84%85%E3%84%A7%E3%84%A5%CB%87&word=%E7%82%B3"
"ㄅㄧㄥˇ","稟","","3","待補充","https://dict.concised.moe.edu.tw/searchP.jsp?SN=%E3%84%85&SN2=%E3%84%85%E3%84%A7%E3%84%A5%CB%87&word=%E7%A8%9F"
"ㄅㄧㄥˇ","餅","餅乾","2","已有可用詞","https://dict.concised.moe.edu.tw/searchP.jsp?SN=%E3%84%85&SN2=%E3%84%85%E3%84%A7%E3%84%A5%CB%87&word=%E9%A4%85"
"ㄅㄧㄥˋ","并","","1","待補充","https://dict.concised.moe.edu.tw/searchP.jsp?SN=%E3%84%85&SN2=%E3%84%85%E3%84%A7%E3%84%A5%CB%8B&word=%E5%B9%B6"
"ㄅㄧㄥˋ","並","","16","待補充","https://dict.concised.moe.edu.tw/searchP.jsp?SN=%E3%84%85&SN2=%E3%84%85%E3%84%A7%E3%84%A5%CB%8B&word=%E4%B8%A6"
"ㄅㄧㄥˋ","併","","9","待補充","https://dict.concised.moe.edu.tw/searchP.jsp?SN=%E3%84%85&SN2=%E3%84%85%E3%84%A7%E3%84%A5%CB%8B&word=%E4%BD%B5"
"ㄅㄧㄥˋ","病","","20","待補充","https://dict.concised.moe.edu.tw/searchP.jsp?SN=%E3%84%85&SN2=%E3%84%85%E3%84%A7%E3%84%A5%CB%8B&word=%E7%97%85"
"ㄅㄧㄥˋ","摒","","3","待補充","https://dict.concised.moe.edu.tw/searchP.jsp?SN=%E3%84%85&SN2=%E3%84%85%E3%84%A7%E3%84%A5%CB%8B&word=%E6%91%92"
"ㄅㄨ","逋","","1","待補充","https://dict.concised.moe.edu.tw/searchP.jsp?SN=%E3%84%85&SN2=%E3%84%85%E3%84%A8&word=%E9%80%8B"
"ㄅㄨ","餔","","1","待補充","https://dict.concised.moe.edu.tw/searchP.jsp?SN=%E3%84%85&SN2=%E3%84%85%E3%84%A8&word=%E9%A4%94"
"ㄅㄨˇ","卜","","4","待補充","https://dict.concised.moe.edu.tw/searchP.jsp?SN=%E3%84%85&SN2=%E3%84%85%E3%84%A8%CB%87&word=%E5%8D%9C"
"ㄅㄨˇ","哺","","4","待補充","https://dict.concised.moe.edu.tw/searchP.jsp?SN=%E3%84%85&SN2=%E3%84%85%E3%84%A8%CB%87&word=%E5%93%BA"
"ㄅㄨˇ","捕","","8","待補充","https://dict.concised.moe.edu.tw/searchP.jsp?SN=%E3%84%85&SN2=%E3%84%85%E3%84%A8%CB%87&word=%E6%8D%95"
"ㄅㄨˇ","補","","20","待補充","https://dict.concised.moe.edu.tw/searchP.jsp?SN=%E3%84%85&SN2=%E3%84%85%E3%84%A8%CB%87&word=%E8%A3%9C"
"ㄅㄨˋ","不","","19","待補充","https://dict.concised.moe.edu.tw/searchP.jsp?SN=%E3%84%85&SN2=%E3%84%85%E3%84%A8%CB%8B&word=%E4%B8%8D"
"ㄅㄨˋ","布","","20","待補充","https://dict.concised.moe.edu.tw/searchP.jsp?SN=%E3%84%85&SN2=%E3%84%85%E3%84%A8%CB%8B&word=%E5%B8%83"
"ㄅㄨˋ","佈","","1","待補充","https://dict.concised.moe.edu.tw/searchP.jsp?SN=%E3%84%85&SN2=%E3%84%85%E3%84%A8%CB%8B&word=%E4%BD%88"
"ㄅㄨˋ","步","","11","待補充","https://dict.concised.moe.edu.tw/searchP.jsp?SN=%E3%84%85&SN2=%E3%84%85%E3%84%A8%CB%8B&word=%E6%AD%A5"
"ㄅㄨˋ","怖","","1","待補充","https://dict.concised.moe.edu.tw/searchP.jsp?SN=%E3%84%85&SN2=%E3%84%85%E3%84%A8%CB%8B&word=%E6%80%96"
"ㄅㄨˋ","埠","","1","待補充","https://dict.concised.moe.edu.tw/searchP.jsp?SN=%E3%84%85&SN2=%E3%84%85%E3%84%A8%CB%8B&word=%E5%9F%A0"
"ㄅㄨˋ","部","","14","待補充","https://dict.concised.moe.edu.tw/searchP.jsp?SN=%E3%84%85&SN2=%E3%84%85%E3%84%A8%CB%8B&word=%E9%83%A8"
"ㄅㄨˋ","鈽","","1","待補充","https://dict.concised.moe.edu.tw/searchP.jsp?SN=%E3%84%85&SN2=%E3%84%85%E3%84%A8%CB%8B&word=%E9%88%BD"
"ㄅㄨˋ","簿","","4","待補充","https://dict.concised.moe.edu.tw/searchP.jsp?SN=%E3%84%85&SN2=%E3%84%85%E3%84%A8%CB%8B&word=%E7%B0%BF"
"ㄆㄚ","趴","","2","待補充","https://dict.concised.moe.edu.tw/searchP.jsp?SN=%E3%84%86&SN2=%E3%84%86%E3%84%9A&word=%E8%B6%B4"
"ㄆㄚ","啪","","2","待補充","https://dict.concised.moe.edu.tw/searchP.jsp?SN=%E3%84%86&SN2=%E3%84%86%E3%84%9A&word=%E5%95%AA"
"ㄆㄚ","葩","","1","待補充","https://dict.concised.moe.edu.tw/searchP.jsp?SN=%E3%84%86&SN2=%E3%84%86%E3%84%9A&word=%E8%91%A9"
"ㄆㄚˊ","扒","","4","待補充","https://dict.concised.moe.edu.tw/searchP.jsp?SN=%E3%84%86&SN2=%E3%84%86%E3%84%9A%CB%8A&word=%E6%89%92"
"ㄆㄚˊ","杷","","1","待補充","https://dict.concised.moe.edu.tw/searchP.jsp?SN=%E3%84%86&SN2=%E3%84%86%E3%84%9A%CB%8A&word=%E6%9D%B7"
"ㄆㄚˊ","爬","","8","待補充","https://dict.concised.moe.edu.tw/searchP.jsp?SN=%E3%84%86&SN2=%E3%84%86%E3%84%9A%CB%8A&word=%E7%88%AC"
"ㄆㄚˊ","耙","","1","待補充","https://dict.concised.moe.edu.tw/searchP.jsp?SN=%E3%84%86&SN2=%E3%84%86%E3%84%9A%CB%8A&word=%E8%80%99"
"ㄆㄚˊ","琶","","1","待補充","https://dict.concised.moe.edu.tw/searchP.jsp?SN=%E3%84%86&SN2=%E3%84%86%E3%84%9A%CB%8A&word=%E7%90%B6"
"ㄆㄚˋ","帕","","1","待補充","https://dict.concised.moe.edu.tw/searchP.jsp?SN=%E3%84%86&SN2=%E3%84%86%E3%84%9A%CB%8B&word=%E5%B8%95"
"ㄆㄚˋ","怕","","4","待補充","https://dict.concised.moe.edu.tw/searchP.jsp?SN=%E3%84%86&SN2=%E3%84%86%E3%84%9A%CB%8B&word=%E6%80%95"
"ㄆㄛ","坡","","4","待補充","https://dict.concised.moe.edu.tw/searchP.jsp?SN=%E3%84%86&SN2=%E3%84%86%E3%84%9B&word=%E5%9D%A1"
"ㄆㄛ","潑","","9","待補充","https://dict.concised.moe.edu.tw/searchP.jsp?SN=%E3%84%86&SN2=%E3%84%86%E3%84%9B&word=%E6%BD%91"
"ㄆㄛˇ","叵","","1","待補充","https://dict.concised.moe.edu.tw/searchP.jsp?SN=%E3%84%86&SN2=%E3%84%86%E3%84%9B%CB%87&word=%E5%8F%B5"
"ㄆㄛˇ","頗","","4","待補充","https://dict.concised.moe.edu.tw/searchP.jsp?SN=%E3%84%86&SN2=%E3%84%86%E3%84%9B%CB%87&word=%E9%A0%97"
"ㄆㄛˊ","婆","","6","待補充","https://dict.concised.moe.edu.tw/searchP.jsp?SN=%E3%84%86&SN2=%E3%84%86%E3%84%9B%CB%8A&word=%E5%A9%86"
"ㄆㄛˊ","鄱","","2","待補充","https://dict.concised.moe.edu.tw/searchP.jsp?SN=%E3%84%86&SN2=%E3%84%86%E3%84%9B%CB%8A&word=%E9%84%B1"
"ㄆㄛˊ","皤","","1","待補充","https://dict.concised.moe.edu.tw/searchP.jsp?SN=%E3%84%86&SN2=%E3%84%86%E3%84%9B%CB%8A&word=%E7%9A%A4"
"ㄆㄛˊ","繁","","1","待補充","https://dict.concised.moe.edu.tw/searchP.jsp?SN=%E3%84%86&SN2=%E3%84%86%E3%84%9B%CB%8A&word=%E7%B9%81"
"ㄆㄛˋ","朴","","1","待補充","https://dict.concised.moe.edu.tw/searchP.jsp?SN=%E3%84%86&SN2=%E3%84%86%E3%84%9B%CB%8B&word=%E6%9C%B4"
"ㄆㄛˋ","珀","","1","待補充","https://dict.concised.moe.edu.tw/searchP.jsp?SN=%E3%84%86&SN2=%E3%84%86%E3%84%9B%CB%8B&word=%E7%8F%80"
"ㄆㄛˋ","迫","","10","待補充","https://dict.concised.moe.edu.tw/searchP.jsp?SN=%E3%84%86&SN2=%E3%84%86%E3%84%9B%CB%8B&word=%E8%BF%AB"
"ㄆㄛˋ","破","","20","待補充","https://dict.concised.moe.edu.tw/searchP.jsp?SN=%E3%84%86&SN2=%E3%84%86%E3%84%9B%CB%8B&word=%E7%A0%B4"
"ㄆㄛˋ","粕","","1","待補充","https://dict.concised.moe.edu.tw/searchP.jsp?SN=%E3%84%86&SN2=%E3%84%86%E3%84%9B%CB%8B&word=%E7%B2%95"
"ㄆㄛˋ","魄","","2","待補充","https://dict.concised.moe.edu.tw/searchP.jsp?SN=%E3%84%86&SN2=%E3%84%86%E3%84%9B%CB%8B&word=%E9%AD%84"
"ㄆㄛˋ","醱","","3","待補充","https://dict.concised.moe.edu.tw/searchP.jsp?SN=%E3%84%86&SN2=%E3%84%86%E3%84%9B%CB%8B&word=%E9%86%B1"
"ㄆㄞ","拍","","18","待補充","https://dict.concised.moe.edu.tw/searchP.jsp?SN=%E3%84%86&SN2=%E3%84%86%E3%84%9E&word=%E6%8B%8D"
"ㄆㄞˇ","排","","2","待補充","https://dict.concised.moe.edu.tw/searchP.jsp?SN=%E3%84%86&SN2=%E3%84%86%E3%84%9E%CB%87&word=%E6%8E%92"
"ㄆㄞˊ","俳","","4","待補充","https://dict.concised.moe.edu.tw/searchP.jsp?SN=%E3%84%86&SN2=%E3%84%86%E3%84%9E%CB%8A&word=%E4%BF%B3"
"ㄆㄞˊ","徘","","2","待補充","https://dict.concised.moe.edu.tw/searchP.jsp?SN=%E3%84%86&SN2=%E3%84%86%E3%84%9E%CB%8A&word=%E5%BE%98"
"ㄆㄞˊ","排","","19","待補充","https://dict.concised.moe.edu.tw/searchP.jsp?SN=%E3%84%86&SN2=%E3%84%86%E3%84%9E%CB%8A&word=%E6%8E%92"
"ㄆㄞˊ","牌","","10","待補充","https://dict.concised.moe.edu.tw/searchP.jsp?SN=%E3%84%86&SN2=%E3%84%86%E3%84%9E%CB%8A&word=%E7%89%8C"
"ㄆㄞˋ","派","","12","待補充","https://dict.concised.moe.edu.tw/searchP.jsp?SN=%E3%84%86&SN2=%E3%84%86%E3%84%9E%CB%8B&word=%E6%B4%BE"
"ㄆㄞˋ","湃","","1","待補充","https://dict.concised.moe.edu.tw/searchP.jsp?SN=%E3%84%86&SN2=%E3%84%86%E3%84%9E%CB%8B&word=%E6%B9%83"
"ㄆㄟ","坏","","1","待補充","https://dict.concised.moe.edu.tw/searchP.jsp?SN=%E3%84%86&SN2=%E3%84%86%E3%84%9F&word=%E5%9D%8F"
"ㄆㄟ","呸","","1","待補充","https://dict.concised.moe.edu.tw/searchP.jsp?SN=%E3%84%86&SN2=%E3%84%86%E3%84%9F&word=%E5%91%B8"
"ㄆㄟ","坯","","1","待補充","https://dict.concised.moe.edu.tw/searchP.jsp?SN=%E3%84%86&SN2=%E3%84%86%E3%84%9F&word=%E5%9D%AF"
"ㄆㄟ","胚","","5","待補充","https://dict.concised.moe.edu.tw/searchP.jsp?SN=%E3%84%86&SN2=%E3%84%86%E3%84%9F&word=%E8%83%9A"
"ㄆㄟ","醅","","1","待補充","https://dict.concised.moe.edu.tw/searchP.jsp?SN=%E3%84%86&SN2=%E3%84%86%E3%84%9F&word=%E9%86%85"
"ㄆㄟˊ","培","","7","待補充","https://dict.concised.moe.edu.tw/searchP.jsp?SN=%E3%84%86&SN2=%E3%84%86%E3%84%9F%CB%8A&word=%E5%9F%B9"
"ㄆㄟˊ","陪","","19","待補充","https://dict.concised.moe.edu.tw/searchP.jsp?SN=%E3%84%86&SN2=%E3%84%86%E3%84%9F%CB%8A&word=%E9%99%AA"
"ㄆㄟˊ","裴","","1","待補充","https://dict.concised.moe.edu.tw/searchP.jsp?SN=%E3%84%86&SN2=%E3%84%86%E3%84%9F%CB%8A&word=%E8%A3%B4"
"ㄆㄟˊ","賠","","7","待補充","https://dict.concised.moe.edu.tw/searchP.jsp?SN=%E3%84%86&SN2=%E3%84%86%E3%84%9F%CB%8A&word=%E8%B3%A0"
"ㄆㄟˋ","沛","","2","待補充","https://dict.concised.moe.edu.tw/searchP.jsp?SN=%E3%84%86&SN2=%E3%84%86%E3%84%9F%CB%8B&word=%E6%B2%9B"
"ㄆㄟˋ","佩","","3","待補充","https://dict.concised.moe.edu.tw/searchP.jsp?SN=%E3%84%86&SN2=%E3%84%86%E3%84%9F%CB%8B&word=%E4%BD%A9"
"ㄆㄟˋ","帔","","1","待補充","https://dict.concised.moe.edu.tw/searchP.jsp?SN=%E3%84%86&SN2=%E3%84%86%E3%84%9F%CB%8B&word=%E5%B8%94"
"ㄆㄟˋ","旆","","1","待補充","https://dict.concised.moe.edu.tw/searchP.jsp?SN=%E3%84%86&SN2=%E3%84%86%E3%84%9F%CB%8B&word=%E6%97%86"
"ㄆㄟˋ","珮","","1","待補充","https://dict.concised.moe.edu.tw/searchP.jsp?SN=%E3%84%86&SN2=%E3%84%86%E3%84%9F%CB%8B&word=%E7%8F%AE"
"ㄆㄟˋ","配","","20","待補充","https://dict.concised.moe.edu.tw/searchP.jsp?SN=%E3%84%86&SN2=%E3%84%86%E3%84%9F%CB%8B&word=%E9%85%8D"
"ㄆㄟˋ","霈","","1","待補充","https://dict.concised.moe.edu.tw/searchP.jsp?SN=%E3%84%86&SN2=%E3%84%86%E3%84%9F%CB%8B&word=%E9%9C%88"
"ㄆㄟˋ","轡","","1","待補充","https://dict.concised.moe.edu.tw/searchP.jsp?SN=%E3%84%86&SN2=%E3%84%86%E3%84%9F%CB%8B&word=%E8%BD%A1"
"ㄆㄠ","拋","","12","待補充","https://dict.concised.moe.edu.tw/searchP.jsp?SN=%E3%84%86&SN2=%E3%84%86%E3%84%A0&word=%E6%8B%8B"
"ㄆㄠ","泡","","12","待補充","https://dict.concised.moe.edu.tw/searchP.jsp?SN=%E3%84%86&SN2=%E3%84%86%E3%84%A0&word=%E6%B3%A1"
"ㄆㄠˇ","跑","跑步","14","已有可用詞","https://dict.concised.moe.edu.tw/searchP.jsp?SN=%E3%84%86&SN2=%E3%84%86%E3%84%A0%CB%87&word=%E8%B7%91"
"ㄆㄠˊ","刨","","1","待補充","https://dict.concised.moe.edu.tw/searchP.jsp?SN=%E3%84%86&SN2=%E3%84%86%E3%84%A0%CB%8A&word=%E5%88%A8"
"ㄆㄠˊ","咆","","2","待補充","https://dict.concised.moe.edu.tw/searchP.jsp?SN=%E3%84%86&SN2=%E3%84%86%E3%84%A0%CB%8A&word=%E5%92%86"
"ㄆㄠˊ","庖","","1","待補充","https://dict.concised.moe.edu.tw/searchP.jsp?SN=%E3%84%86&SN2=%E3%84%86%E3%84%A0%CB%8A&word=%E5%BA%96"
"ㄆㄠˊ","炮","","2","待補充","https://dict.concised.moe.edu.tw/searchP.jsp?SN=%E3%84%86&SN2=%E3%84%86%E3%84%A0%CB%8A&word=%E7%82%AE"
"ㄆㄠˊ","匏","","1","待補充","https://dict.concised.moe.edu.tw/searchP.jsp?SN=%E3%84%86&SN2=%E3%84%86%E3%84%A0%CB%8A&word=%E5%8C%8F"
"ㄆㄠˊ","袍","","3","待補充","https://dict.concised.moe.edu.tw/searchP.jsp?SN=%E3%84%86&SN2=%E3%84%86%E3%84%A0%CB%8A&word=%E8%A2%8D"
"ㄆㄠˊ","跑","","1","待補充","https://dict.concised.moe.edu.tw/searchP.jsp?SN=%E3%84%86&SN2=%E3%84%86%E3%84%A0%CB%8A&word=%E8%B7%91"
"ㄆㄠˋ","泡","","12","待補充","https://dict.concised.moe.edu.tw/searchP.jsp?SN=%E3%84%86&SN2=%E3%84%86%E3%84%A0%CB%8B&word=%E6%B3%A1"
"ㄆㄠˋ","炮","","9","待補充","https://dict.concised.moe.edu.tw/searchP.jsp?SN=%E3%84%86&SN2=%E3%84%86%E3%84%A0%CB%8B&word=%E7%82%AE"
"ㄆㄠˋ","疱","","2","待補充","https://dict.concised.moe.edu.tw/searchP.jsp?SN=%E3%84%86&SN2=%E3%84%86%E3%84%A0%CB%8B&word=%E7%96%B1"
"ㄆㄠˋ","皰","","1","待補充","https://dict.concised.moe.edu.tw/searchP.jsp?SN=%E3%84%86&SN2=%E3%84%86%E3%84%A0%CB%8B&word=%E7%9A%B0"
"ㄆㄠˋ","砲","","1","待補充","https://dict.concised.moe.edu.tw/searchP.jsp?SN=%E3%84%86&SN2=%E3%84%86%E3%84%A0%CB%8B&word=%E7%A0%B2"
"ㄆㄡˇ","剖","","6","待補充","https://dict.concised.moe.edu.tw/searchP.jsp?SN=%E3%84%86&SN2=%E3%84%86%E3%84%A1%CB%87&word=%E5%89%96"
"ㄆㄡˇ","培","","1","待補充","https://dict.concised.moe.edu.tw/searchP.jsp?SN=%E3%84%86&SN2=%E3%84%86%E3%84%A1%CB%87&word=%E5%9F%B9"
"ㄆㄢ","番","","2","待補充","https://dict.concised.moe.edu.tw/searchP.jsp?SN=%E3%84%86&SN2=%E3%84%86%E3%84%A2&word=%E7%95%AA"
"ㄆㄢ","潘","","3","待補充","https://dict.concised.moe.edu.tw/searchP.jsp?SN=%E3%84%86&SN2=%E3%84%86%E3%84%A2&word=%E6%BD%98"
"ㄆㄢ","攀","","13","待補充","https://dict.concised.moe.edu.tw/searchP.jsp?SN=%E3%84%86&SN2=%E3%84%86%E3%84%A2&word=%E6%94%80"
"ㄆㄢˊ","胖","","1","待補充","https://dict.concised.moe.edu.tw/searchP.jsp?SN=%E3%84%86&SN2=%E3%84%86%E3%84%A2%CB%8A&word=%E8%83%96"
"ㄆㄢˊ","般","","2","待補充","https://dict.concised.moe.edu.tw/searchP.jsp?SN=%E3%84%86&SN2=%E3%84%86%E3%84%A2%CB%8A&word=%E8%88%AC"
"ㄆㄢˊ","槃","","1","待補充","https://dict.concised.moe.edu.tw/searchP.jsp?SN=%E3%84%86&SN2=%E3%84%86%E3%84%A2%CB%8A&word=%E6%A7%83"
"ㄆㄢˊ","盤","","20","待補充","https://dict.concised.moe.edu.tw/searchP.jsp?SN=%E3%84%86&SN2=%E3%84%86%E3%84%A2%CB%8A&word=%E7%9B%A4"
"ㄆㄢˊ","磐","","2","待補充","https://dict.concised.moe.edu.tw/searchP.jsp?SN=%E3%84%86&SN2=%E3%84%86%E3%84%A2%CB%8A&word=%E7%A3%90"
"ㄆㄢˊ","蟠","","3","待補充","https://dict.concised.moe.edu.tw/searchP.jsp?SN=%E3%84%86&SN2=%E3%84%86%E3%84%A2%CB%8A&word=%E8%9F%A0"
"ㄆㄢˋ","判","","12","待補充","https://dict.concised.moe.edu.tw/searchP.jsp?SN=%E3%84%86&SN2=%E3%84%86%E3%84%A2%CB%8B&word=%E5%88%A4"
"ㄆㄢˋ","拚","","4","待補充","https://dict.concised.moe.edu.tw/searchP.jsp?SN=%E3%84%86&SN2=%E3%84%86%E3%84%A2%CB%8B&word=%E6%8B%9A"
"ㄆㄢˋ","泮","","1","待補充","https://dict.concised.moe.edu.tw/searchP.jsp?SN=%E3%84%86&SN2=%E3%84%86%E3%84%A2%CB%8B&word=%E6%B3%AE"
"ㄆㄢˋ","叛","","7","待補充","https://dict.concised.moe.edu.tw/searchP.jsp?SN=%E3%84%86&SN2=%E3%84%86%E3%84%A2%CB%8B&word=%E5%8F%9B"
"ㄆㄢˋ","盼","","2","待補充","https://dict.concised.moe.edu.tw/searchP.jsp?SN=%E3%84%86&SN2=%E3%84%86%E3%84%A2%CB%8B&word=%E7%9B%BC"
"ㄆㄢˋ","畔","","1","待補充","https://dict.concised.moe.edu.tw/searchP.jsp?SN=%E3%84%86&SN2=%E3%84%86%E3%84%A2%CB%8B&word=%E7%95%94"
"ㄆㄣ","噴","","14","待補充","https://dict.concised.moe.edu.tw/searchP.jsp?SN=%E3%84%86&SN2=%E3%84%86%E3%84%A3&word=%E5%99%B4"
"ㄆㄣˊ","盆","","5","待補充","https://dict.concised.moe.edu.tw/searchP.jsp?SN=%E3%84%86&SN2=%E3%84%86%E3%84%A3%CB%8A&word=%E7%9B%86"
"ㄆㄣˋ","噴","","1","待補充","https://dict.concised.moe.edu.tw/searchP.jsp?SN=%E3%84%86&SN2=%E3%84%86%E3%84%A3%CB%8B&word=%E5%99%B4"
"ㄆㄤ","乓","","1","待補充","https://dict.concised.moe.edu.tw/searchP.jsp?SN=%E3%84%86&SN2=%E3%84%86%E3%84%A4&word=%E4%B9%93"
"ㄆㄤ","滂","","2","待補充","https://dict.concised.moe.edu.tw/searchP.jsp?SN=%E3%84%86&SN2=%E3%84%86%E3%84%A4&word=%E6%BB%82"
"ㄆㄤ","膀","","2","待補充","https://dict.concised.moe.edu.tw/searchP.jsp?SN=%E3%84%86&SN2=%E3%84%86%E3%84%A4&word=%E8%86%80"
"ㄆㄤ","磅","","2","待補充","https://dict.concised.moe.edu.tw/searchP.jsp?SN=%E3%84%86&SN2=%E3%84%86%E3%84%A4&word=%E7%A3%85"
"ㄆㄤˊ","彷","","3","待補充","https://dict.concised.moe.edu.tw/searchP.jsp?SN=%E3%84%86&SN2=%E3%84%86%E3%84%A4%CB%8A&word=%E5%BD%B7"
"ㄆㄤˊ","旁","","13","待補充","https://dict.concised.moe.edu.tw/searchP.jsp?SN=%E3%84%86&SN2=%E3%84%86%E3%84%A4%CB%8A&word=%E6%97%81"
"ㄆㄤˊ","逄","","1","待補充","https://dict.concised.moe.edu.tw/searchP.jsp?SN=%E3%84%86&SN2=%E3%84%86%E3%84%A4%CB%8A&word=%E9%80%84"
"ㄆㄤˊ","傍","","1","待補充","https://dict.concised.moe.edu.tw/searchP.jsp?SN=%E3%84%86&SN2=%E3%84%86%E3%84%A4%CB%8A&word=%E5%82%8D"
"ㄆㄤˊ","雱","","1","待補充","https://dict.concised.moe.edu.tw/searchP.jsp?SN=%E3%84%86&SN2=%E3%84%86%E3%84%A4%CB%8A&word=%E9%9B%B1"
"ㄆㄤˊ","徬","","2","待補充","https://dict.concised.moe.edu.tw/searchP.jsp?SN=%E3%84%86&SN2=%E3%84%86%E3%84%A4%CB%8A&word=%E5%BE%AC"
"ㄆㄤˊ","膀","","2","待補充","https://dict.concised.moe.edu.tw/searchP.jsp?SN=%E3%84%86&SN2=%E3%84%86%E3%84%A4%CB%8A&word=%E8%86%80"
"ㄆㄤˊ","篣","","3","待補充","https://dict.concised.moe.edu.tw/searchP.jsp?SN=%E3%84%86&SN2=%E3%84%86%E3%84%A4%CB%8A&word=%E7%AF%A3"
"ㄆㄤˊ","螃","","2","待補充","https://dict.concised.moe.edu.tw/searchP.jsp?SN=%E3%84%86&SN2=%E3%84%86%E3%84%A4%CB%8A&word=%E8%9E%83"
"ㄆㄤˊ","龐","","6","待補充","https://dict.concised.moe.edu.tw/searchP.jsp?SN=%E3%84%86&SN2=%E3%84%86%E3%84%A4%CB%8A&word=%E9%BE%90"
"ㄆㄤˋ","胖","","3","待補充","https://dict.concised.moe.edu.tw/searchP.jsp?SN=%E3%84%86&SN2=%E3%84%86%E3%84%A4%CB%8B&word=%E8%83%96"
"ㄆㄥ","亨","","1","待補充","https://dict.concised.moe.edu.tw/searchP.jsp?SN=%E3%84%86&SN2=%E3%84%86%E3%84%A5&word=%E4%BA%A8"
"ㄆㄥ","怦","","3","待補充","https://dict.concised.moe.edu.tw/searchP.jsp?SN=%E3%84%86&SN2=%E3%84%86%E3%84%A5&word=%E6%80%A6"
"ㄆㄥ","抨","","2","待補充","https://dict.concised.moe.edu.tw/searchP.jsp?SN=%E3%84%86&SN2=%E3%84%86%E3%84%A5&word=%E6%8A%A8"
"ㄆㄥ","砰","","1","待補充","https://dict.concised.moe.edu.tw/searchP.jsp?SN=%E3%84%86&SN2=%E3%84%86%E3%84%A5&word=%E7%A0%B0"
"ㄆㄥ","烹","","4","待補充","https://dict.concised.moe.edu.tw/searchP.jsp?SN=%E3%84%86&SN2=%E3%84%86%E3%84%A5&word=%E7%83%B9"
"ㄆㄥ","澎","","3","待補充","https://dict.concised.moe.edu.tw/searchP.jsp?SN=%E3%84%86&SN2=%E3%84%86%E3%84%A5&word=%E6%BE%8E"
"ㄆㄥˇ","捧","","5","待補充","https://dict.concised.moe.edu.tw/searchP.jsp?SN=%E3%84%86&SN2=%E3%84%86%E3%84%A5%CB%87&word=%E6%8D%A7"
"ㄆㄥˊ","芃","","1","待補充","https://dict.concised.moe.edu.tw/searchP.jsp?SN=%E3%84%86&SN2=%E3%84%86%E3%84%A5%CB%8A&word=%E8%8A%83"
"ㄆㄥˊ","朋","","4","待補充","https://dict.concised.moe.edu.tw/searchP.jsp?SN=%E3%84%86&SN2=%E3%84%86%E3%84%A5%CB%8A&word=%E6%9C%8B"
"ㄆㄥˊ","逢","","1","待補充","https://dict.concised.moe.edu.tw/searchP.jsp?SN=%E3%84%86&SN2=%E3%84%86%E3%84%A5%CB%8A&word=%E9%80%A2"
"ㄆㄥˊ","彭","","1","待補充","https://dict.concised.moe.edu.tw/searchP.jsp?SN=%E3%84%86&SN2=%E3%84%86%E3%84%A5%CB%8A&word=%E5%BD%AD"
"ㄆㄥˊ","棚","","2","待補充","https://dict.concised.moe.edu.tw/searchP.jsp?SN=%E3%84%86&SN2=%E3%84%86%E3%84%A5%CB%8A&word=%E6%A3%9A"
"ㄆㄥˊ","硼","","3","待補充","https://dict.concised.moe.edu.tw/searchP.jsp?SN=%E3%84%86&SN2=%E3%84%86%E3%84%A5%CB%8A&word=%E7%A1%BC"
"ㄆㄥˊ","澎","","2","待補充","https://dict.concised.moe.edu.tw/searchP.jsp?SN=%E3%84%86&SN2=%E3%84%86%E3%84%A5%CB%8A&word=%E6%BE%8E"
"ㄆㄥˊ","蓬","","9","待補充","https://dict.concised.moe.edu.tw/searchP.jsp?SN=%E3%84%86&SN2=%E3%84%86%E3%84%A5%CB%8A&word=%E8%93%AC"
"ㄆㄥˊ","膨","","2","待補充","https://dict.concised.moe.edu.tw/searchP.jsp?SN=%E3%84%86&SN2=%E3%84%86%E3%84%A5%CB%8A&word=%E8%86%A8"
"ㄆㄥˊ","篷","","2","待補充","https://dict.concised.moe.edu.tw/searchP.jsp?SN=%E3%84%86&SN2=%E3%84%86%E3%84%A5%CB%8A&word=%E7%AF%B7"
"ㄆㄥˊ","鵬","","2","待補充","https://dict.concised.moe.edu.tw/searchP.jsp?SN=%E3%84%86&SN2=%E3%84%86%E3%84%A5%CB%8A&word=%E9%B5%AC"
"ㄆㄥˋ","椪","","2","待補充","https://dict.concised.moe.edu.tw/searchP.jsp?SN=%E3%84%86&SN2=%E3%84%86%E3%84%A5%CB%8B&word=%E6%A4%AA"
"ㄆㄥˋ","碰","","9","待補充","https://dict.concised.moe.edu.tw/searchP.jsp?SN=%E3%84%86&SN2=%E3%84%86%E3%84%A5%CB%8B&word=%E7%A2%B0"
"ㄆㄧ","匹","","6","待補充","https://dict.concised.moe.edu.tw/searchP.jsp?SN=%E3%84%86&SN2=%E3%84%86%E3%84%A7&word=%E5%8C%B9"
"ㄆㄧ","丕","","2","待補充","https://dict.concised.moe.edu.tw/searchP.jsp?SN=%E3%84%86&SN2=%E3%84%86%E3%84%A7&word=%E4%B8%95"
"ㄆㄧ","批","","15","待補充","https://dict.concised.moe.edu.tw/searchP.jsp?SN=%E3%84%86&SN2=%E3%84%86%E3%84%A7&word=%E6%89%B9"
"ㄆㄧ","披","","13","待補充","https://dict.concised.moe.edu.tw/searchP.jsp?SN=%E3%84%86&SN2=%E3%84%86%E3%84%A7&word=%E6%8A%AB"
"ㄆㄧ","砒","","2","待補充","https://dict.concised.moe.edu.tw/searchP.jsp?SN=%E3%84%86&SN2=%E3%84%86%E3%84%A7&word=%E7%A0%92"
"ㄆㄧ","紕","","2","待補充","https://dict.concised.moe.edu.tw/searchP.jsp?SN=%E3%84%86&SN2=%E3%84%86%E3%84%A7&word=%E7%B4%95"
"ㄆㄧ","被","","2","待補充","https://dict.concised.moe.edu.tw/searchP.jsp?SN=%E3%84%86&SN2=%E3%84%86%E3%84%A7&word=%E8%A2%AB"
"ㄆㄧ","劈","","5","待補充","https://dict.concised.moe.edu.tw/searchP.jsp?SN=%E3%84%86&SN2=%E3%84%86%E3%84%A7&word=%E5%8A%88"
"ㄆㄧ","霹","","2","待補充","https://dict.concised.moe.edu.tw/searchP.jsp?SN=%E3%84%86&SN2=%E3%84%86%E3%84%A7&word=%E9%9C%B9"
"ㄆㄧˇ","匹","","6","待補充","https://dict.concised.moe.edu.tw/searchP.jsp?SN=%E3%84%86&SN2=%E3%84%86%E3%84%A7%CB%87&word=%E5%8C%B9"
"ㄆㄧˇ","疋","","1","待補充","https://dict.concised.moe.edu.tw/searchP.jsp?SN=%E3%84%86&SN2=%E3%84%86%E3%84%A7%CB%87&word=%E7%96%8B"
"ㄆㄧˇ","仳","","1","待補充","https://dict.concised.moe.edu.tw/searchP.jsp?SN=%E3%84%86&SN2=%E3%84%86%E3%84%A7%CB%87&word=%E4%BB%B3"
"ㄆㄧˇ","圮","","1","待補充","https://dict.concised.moe.edu.tw/searchP.jsp?SN=%E3%84%86&SN2=%E3%84%86%E3%84%A7%CB%87&word=%E5%9C%AE"
"ㄆㄧˇ","否","","2","待補充","https://dict.concised.moe.edu.tw/searchP.jsp?SN=%E3%84%86&SN2=%E3%84%86%E3%84%A7%CB%87&word=%E5%90%A6"
"ㄆㄧˇ","痞","","2","待補充","https://dict.concised.moe.edu.tw/searchP.jsp?SN=%E3%84%86&SN2=%E3%84%86%E3%84%A7%CB%87&word=%E7%97%9E"
"ㄆㄧˇ","癖","","2","待補充","https://dict.concised.moe.edu.tw/searchP.jsp?SN=%E3%84%86&SN2=%E3%84%86%E3%84%A7%CB%87&word=%E7%99%96"
"ㄆㄧˇ","嚭","","1","待補充","https://dict.concised.moe.edu.tw/searchP.jsp?SN=%E3%84%86&SN2=%E3%84%86%E3%84%A7%CB%87&word=%E5%9A%AD"
"ㄆㄧˊ","比","","1","待補充","https://dict.concised.moe.edu.tw/searchP.jsp?SN=%E3%84%86&SN2=%E3%84%86%E3%84%A7%CB%8A&word=%E6%AF%94"
"ㄆㄧˊ","皮","皮球","20","已有可用詞","https://dict.concised.moe.edu.tw/searchP.jsp?SN=%E3%84%86&SN2=%E3%84%86%E3%84%A7%CB%8A&word=%E7%9A%AE"
"ㄆㄧˊ","枇","","2","待補充","https://dict.concised.moe.edu.tw/searchP.jsp?SN=%E3%84%86&SN2=%E3%84%86%E3%84%A7%CB%8A&word=%E6%9E%87"
"ㄆㄧˊ","毗","","2","待補充","https://dict.concised.moe.edu.tw/searchP.jsp?SN=%E3%84%86&SN2=%E3%84%86%E3%84%A7%CB%8A&word=%E6%AF%97"
"ㄆㄧˊ","疲","","10","待補充","https://dict.concised.moe.edu.tw/searchP.jsp?SN=%E3%84%86&SN2=%E3%84%86%E3%84%A7%CB%8A&word=%E7%96%B2"
"ㄆㄧˊ","蚍","","3","待補充","https://dict.concised.moe.edu.tw/searchP.jsp?SN=%E3%84%86&SN2=%E3%84%86%E3%84%A7%CB%8A&word=%E8%9A%8D"
"ㄆㄧˊ","啤","","2","待補充","https://dict.concised.moe.edu.tw/searchP.jsp?SN=%E3%84%86&SN2=%E3%84%86%E3%84%A7%CB%8A&word=%E5%95%A4"
"ㄆㄧˊ","埤","","1","待補充","https://dict.concised.moe.edu.tw/searchP.jsp?SN=%E3%84%86&SN2=%E3%84%86%E3%84%A7%CB%8A&word=%E5%9F%A4"
"ㄆㄧˊ","琵","","3","待補充","https://dict.concised.moe.edu.tw/searchP.jsp?SN=%E3%84%86&SN2=%E3%84%86%E3%84%A7%CB%8A&word=%E7%90%B5"
"ㄆㄧˊ","脾","","4","待補充","https://dict.concised.moe.edu.tw/searchP.jsp?SN=%E3%84%86&SN2=%E3%84%86%E3%84%A7%CB%8A&word=%E8%84%BE"
"ㄆㄧˊ","裨","","1","待補充","https://dict.concised.moe.edu.tw/searchP.jsp?SN=%E3%84%86&SN2=%E3%84%86%E3%84%A7%CB%8A&word=%E8%A3%A8"
"ㄆㄧˊ","罷","","1","待補充","https://dict.concised.moe.edu.tw/searchP.jsp?SN=%E3%84%86&SN2=%E3%84%86%E3%84%A7%CB%8A&word=%E7%BD%B7"
"ㄆㄧˊ","羆","","1","待補充","https://dict.concised.moe.edu.tw/searchP.jsp?SN=%E3%84%86&SN2=%E3%84%86%E3%84%A7%CB%8A&word=%E7%BE%86"
"ㄆㄧˊ","鼙","","1","待補充","https://dict.concised.moe.edu.tw/searchP.jsp?SN=%E3%84%86&SN2=%E3%84%86%E3%84%A7%CB%8A&word=%E9%BC%99"
"ㄆㄧˋ","屁","","2","待補充","https://dict.concised.moe.edu.tw/searchP.jsp?SN=%E3%84%86&SN2=%E3%84%86%E3%84%A7%CB%8B&word=%E5%B1%81"
"ㄆㄧˋ","副","","1","待補充","https://dict.concised.moe.edu.tw/searchP.jsp?SN=%E3%84%86&SN2=%E3%84%86%E3%84%A7%CB%8B&word=%E5%89%AF"
"ㄆㄧˋ","媲","","2","待補充","https://dict.concised.moe.edu.tw/searchP.jsp?SN=%E3%84%86&SN2=%E3%84%86%E3%84%A7%CB%8B&word=%E5%AA%B2"
"ㄆㄧˋ","辟","","2","待補充","https://dict.concised.moe.edu.tw/searchP.jsp?SN=%E3%84%86&SN2=%E3%84%86%E3%84%A7%CB%8B&word=%E8%BE%9F"
"ㄆㄧˋ","僻","","3","待補充","https://dict.concised.moe.edu.tw/searchP.jsp?SN=%E3%84%86&SN2=%E3%84%86%E3%84%A7%CB%8B&word=%E5%83%BB"
"ㄆㄧˋ","譬","","3","待補充","https://dict.concised.moe.edu.tw/searchP.jsp?SN=%E3%84%86&SN2=%E3%84%86%E3%84%A7%CB%8B&word=%E8%AD%AC"
"ㄆㄧˋ","闢","","4","待補充","https://dict.concised.moe.edu.tw/searchP.jsp?SN=%E3%84%86&SN2=%E3%84%86%E3%84%A7%CB%8B&word=%E9%97%A2"
"ㄆㄧㄝ","撇","","4","待補充","https://dict.concised.moe.edu.tw/searchP.jsp?SN=%E3%84%86&SN2=%E3%84%86%E3%84%A7%E3%84%9D&word=%E6%92%87"
"ㄆㄧㄝ","瞥","","2","待補充","https://dict.concised.moe.edu.tw/searchP.jsp?SN=%E3%84%86&SN2=%E3%84%86%E3%84%A7%E3%84%9D&word=%E7%9E%A5"
"ㄆㄧㄝˇ","撇","","1","待補充","https://dict.concised.moe.edu.tw/searchP.jsp?SN=%E3%84%86&SN2=%E3%84%86%E3%84%A7%E3%84%9D%CB%87&word=%E6%92%87"
"ㄆㄧㄠ","嫖","","3","待補充","https://dict.concised.moe.edu.tw/searchP.jsp?SN=%E3%84%86&SN2=%E3%84%86%E3%84%A7%E3%84%A0&word=%E5%AB%96"
"ㄆㄧㄠ","漂","","9","待補充","https://dict.concised.moe.edu.tw/searchP.jsp?SN=%E3%84%86&SN2=%E3%84%86%E3%84%A7%E3%84%A0&word=%E6%BC%82"
"ㄆㄧㄠ","飄","","18","待補充","https://dict.concised.moe.edu.tw/searchP.jsp?SN=%E3%84%86&SN2=%E3%84%86%E3%84%A7%E3%84%A0&word=%E9%A3%84"
"ㄆㄧㄠˇ","摽","","1","待補充","https://dict.concised.moe.edu.tw/searchP.jsp?SN=%E3%84%86&SN2=%E3%84%86%E3%84%A7%E3%84%A0%CB%87&word=%E6%91%BD"
"ㄆㄧㄠˇ","漂","","3","待補充","https://dict.concised.moe.edu.tw/searchP.jsp?SN=%E3%84%86&SN2=%E3%84%86%E3%84%A7%E3%84%A0%CB%87&word=%E6%BC%82"
"ㄆㄧㄠˇ","瞟","","1","待補充","https://dict.concised.moe.edu.tw/searchP.jsp?SN=%E3%84%86&SN2=%E3%84%86%E3%84%A7%E3%84%A0%CB%87&word=%E7%9E%9F"
"ㄆㄧㄠˇ","縹","","2","待補充","https://dict.concised.moe.edu.tw/searchP.jsp?SN=%E3%84%86&SN2=%E3%84%86%E3%84%A7%E3%84%A0%CB%87&word=%E7%B8%B9"
"ㄆㄧㄠˊ","朴","","1","待補充","https://dict.concised.moe.edu.tw/searchP.jsp?SN=%E3%84%86&SN2=%E3%84%86%E3%84%A7%E3%84%A0%CB%8A&word=%E6%9C%B4"
"ㄆㄧㄠˊ","嫖","","3","待補充","https://dict.concised.moe.edu.tw/searchP.jsp?SN=%E3%84%86&SN2=%E3%84%86%E3%84%A7%E3%84%A0%CB%8A&word=%E5%AB%96"
"ㄆㄧㄠˊ","瓢","","2","待補充","https://dict.concised.moe.edu.tw/searchP.jsp?SN=%E3%84%86&SN2=%E3%84%86%E3%84%A7%E3%84%A0%CB%8A&word=%E7%93%A2"
"ㄆㄧㄠˋ","票","","13","待補充","https://dict.concised.moe.edu.tw/searchP.jsp?SN=%E3%84%86&SN2=%E3%84%86%E3%84%A7%E3%84%A0%CB%8B&word=%E7%A5%A8"
"ㄆㄧㄠˋ","剽","","3","待補充","https://dict.concised.moe.edu.tw/searchP.jsp?SN=%E3%84%86&SN2=%E3%84%86%E3%84%A7%E3%84%A0%CB%8B&word=%E5%89%BD"
"ㄆㄧㄠˋ","慓","","2","待補充","https://dict.concised.moe.edu.tw/searchP.jsp?SN=%E3%84%86&SN2=%E3%84%86%E3%84%A7%E3%84%A0%CB%8B&word=%E6%85%93"
"ㄆㄧㄠˋ","漂","","2","待補充","https://dict.concised.moe.edu.tw/searchP.jsp?SN=%E3%84%86&SN2=%E3%84%86%E3%84%A7%E3%84%A0%CB%8B&word=%E6%BC%82"
"ㄆㄧㄠˋ","驃","","2","待補充","https://dict.concised.moe.edu.tw/searchP.jsp?SN=%E3%84%86&SN2=%E3%84%86%E3%84%A7%E3%84%A0%CB%8B&word=%E9%A9%83"
"ㄆㄧㄢ","扁","","2","待補充","https://dict.concised.moe.edu.tw/searchP.jsp?SN=%E3%84%86&SN2=%E3%84%86%E3%84%A7%E3%84%A2&word=%E6%89%81"
"ㄆㄧㄢ","偏","","20","待補充","https://dict.concised.moe.edu.tw/searchP.jsp?SN=%E3%84%86&SN2=%E3%84%86%E3%84%A7%E3%84%A2&word=%E5%81%8F"
"ㄆㄧㄢ","篇","","5","待補充","https://dict.concised.moe.edu.tw/searchP.jsp?SN=%E3%84%86&SN2=%E3%84%86%E3%84%A7%E3%84%A2&word=%E7%AF%87"
"ㄆㄧㄢ","翩","","4","待補充","https://dict.concised.moe.edu.tw/searchP.jsp?SN=%E3%84%86&SN2=%E3%84%86%E3%84%A7%E3%84%A2&word=%E7%BF%A9"
"ㄆㄧㄢˊ","便","","4","待補充","https://dict.concised.moe.edu.tw/searchP.jsp?SN=%E3%84%86&SN2=%E3%84%86%E3%84%A7%E3%84%A2%CB%8A&word=%E4%BE%BF"
"ㄆㄧㄢˊ","胼","","2","待補充","https://dict.concised.moe.edu.tw/searchP.jsp?SN=%E3%84%86&SN2=%E3%84%86%E3%84%A7%E3%84%A2%CB%8A&word=%E8%83%BC"
"ㄆㄧㄢˊ","駢","","3","待補充","https://dict.concised.moe.edu.tw/searchP.jsp?SN=%E3%84%86&SN2=%E3%84%86%E3%84%A7%E3%84%A2%CB%8A&word=%E9%A7%A2"
"ㄆㄧㄢˋ","片","","15","待補充","https://dict.concised.moe.edu.tw/searchP.jsp?SN=%E3%84%86&SN2=%E3%84%86%E3%84%A7%E3%84%A2%CB%8B&word=%E7%89%87"
"ㄆㄧㄢˋ","騙","","8","待補充","https://dict.concised.moe.edu.tw/searchP.jsp?SN=%E3%84%86&SN2=%E3%84%86%E3%84%A7%E3%84%A2%CB%8B&word=%E9%A8%99"
"ㄆㄧㄣ","姘","","2","待補充","https://dict.concised.moe.edu.tw/searchP.jsp?SN=%E3%84%86&SN2=%E3%84%86%E3%84%A7%E3%84%A3&word=%E5%A7%98"
"ㄆㄧㄣ","拼","","9","待補充","https://dict.concised.moe.edu.tw/searchP.jsp?SN=%E3%84%86&SN2=%E3%84%86%E3%84%A7%E3%84%A3&word=%E6%8B%BC"
"ㄆㄧㄣˇ","品","","20","待補充","https://dict.concised.moe.edu.tw/searchP.jsp?SN=%E3%84%86&SN2=%E3%84%86%E3%84%A7%E3%84%A3%CB%87&word=%E5%93%81"
"ㄆㄧㄣˊ","貧","","16","待補充","https://dict.concised.moe.edu.tw/searchP.jsp?SN=%E3%84%86&SN2=%E3%84%86%E3%84%A7%E3%84%A3%CB%8A&word=%E8%B2%A7"
"ㄆㄧㄣˊ","頻","","9","待補充","https://dict.concised.moe.edu.tw/searchP.jsp?SN=%E3%84%86&SN2=%E3%84%86%E3%84%A7%E3%84%A3%CB%8A&word=%E9%A0%BB"
"ㄆㄧㄣˊ","嬪","","2","待補充","https://dict.concised.moe.edu.tw/searchP.jsp?SN=%E3%84%86&SN2=%E3%84%86%E3%84%A7%E3%84%A3%CB%8A&word=%E5%AC%AA"
"ㄆㄧㄣˊ","蘋","","1","待補充","https://dict.concised.moe.edu.tw/searchP.jsp?SN=%E3%84%86&SN2=%E3%84%86%E3%84%A7%E3%84%A3%CB%8A&word=%E8%98%8B"
"ㄆㄧㄣˊ","顰","","2","待補充","https://dict.concised.moe.edu.tw/searchP.jsp?SN=%E3%84%86&SN2=%E3%84%86%E3%84%A7%E3%84%A3%CB%8A&word=%E9%A1%B0"
"ㄆㄧㄣˋ","牝","","2","待補充","https://dict.concised.moe.edu.tw/searchP.jsp?SN=%E3%84%86&SN2=%E3%84%86%E3%84%A7%E3%84%A3%CB%8B&word=%E7%89%9D"
"ㄆㄧㄥ","乒","","3","待補充","https://dict.concised.moe.edu.tw/searchP.jsp?SN=%E3%84%86&SN2=%E3%84%86%E3%84%A7%E3%84%A5&word=%E4%B9%92"
"ㄆㄧㄥ","娉","","2","待補充","https://dict.concised.moe.edu.tw/searchP.jsp?SN=%E3%84%86&SN2=%E3%84%86%E3%84%A7%E3%84%A5&word=%E5%A8%89"
"ㄆㄧㄥˊ","平","","20","待補充","https://dict.concised.moe.edu.tw/searchP.jsp?SN=%E3%84%86&SN2=%E3%84%86%E3%84%A7%E3%84%A5%CB%8A&word=%E5%B9%B3"
"ㄆㄧㄥˊ","坪","","1","待補充","https://dict.concised.moe.edu.tw/searchP.jsp?SN=%E3%84%86&SN2=%E3%84%86%E3%84%A7%E3%84%A5%CB%8A&word=%E5%9D%AA"
"ㄆㄧㄥˊ","屏","","5","待補充","https://dict.concised.moe.edu.tw/searchP.jsp?SN=%E3%84%86&SN2=%E3%84%86%E3%84%A7%E3%84%A5%CB%8A&word=%E5%B1%8F"
"ㄆㄧㄥˊ","枰","","1","待補充","https://dict.concised.moe.edu.tw/searchP.jsp?SN=%E3%84%86&SN2=%E3%84%86%E3%84%A7%E3%84%A5%CB%8A&word=%E6%9E%B0"
"ㄆㄧㄥˊ","苹","","1","待補充","https://dict.concised.moe.edu.tw/searchP.jsp?SN=%E3%84%86&SN2=%E3%84%86%E3%84%A7%E3%84%A5%CB%8A&word=%E8%8B%B9"
"ㄆㄧㄥˊ","秤","","1","待補充","https://dict.concised.moe.edu.tw/searchP.jsp?SN=%E3%84%86&SN2=%E3%84%86%E3%84%A7%E3%84%A5%CB%8A&word=%E7%A7%A4"
"ㄆㄧㄥˊ","瓶","","4","待補充","https://dict.concised.moe.edu.tw/searchP.jsp?SN=%E3%84%86&SN2=%E3%84%86%E3%84%A7%E3%84%A5%CB%8A&word=%E7%93%B6"
"ㄆㄧㄥˊ","萍","","3","待補充","https://dict.concised.moe.edu.tw/searchP.jsp?SN=%E3%84%86&SN2=%E3%84%86%E3%84%A7%E3%84%A5%CB%8A&word=%E8%90%8D"
"ㄆㄧㄥˊ","評","","20","待補充","https://dict.concised.moe.edu.tw/searchP.jsp?SN=%E3%84%86&SN2=%E3%84%86%E3%84%A7%E3%84%A5%CB%8A&word=%E8%A9%95"
"ㄆㄧㄥˊ","馮","","1","待補充","https://dict.concised.moe.edu.tw/searchP.jsp?SN=%E3%84%86&SN2=%E3%84%86%E3%84%A7%E3%84%A5%CB%8A&word=%E9%A6%AE"
"ㄆㄧㄥˊ","憑","","11","待補充","https://dict.concised.moe.edu.tw/searchP.jsp?SN=%E3%84%86&SN2=%E3%84%86%E3%84%A7%E3%84%A5%CB%8A&word=%E6%86%91"
"ㄆㄧㄥˊ","蘋","蘋果","3","已有可用詞","https://dict.concised.moe.edu.tw/searchP.jsp?SN=%E3%84%86&SN2=%E3%84%86%E3%84%A7%E3%84%A5%CB%8A&word=%E8%98%8B"
"ㄆㄧㄥˋ","聘","","8","待補充","https://dict.concised.moe.edu.tw/searchP.jsp?SN=%E3%84%86&SN2=%E3%84%86%E3%84%A7%E3%84%A5%CB%8B&word=%E8%81%98"
"ㄆㄨ","仆","","1","待補充","https://dict.concised.moe.edu.tw/searchP.jsp?SN=%E3%84%86&SN2=%E3%84%86%E3%84%A8&word=%E4%BB%86"
"ㄆㄨ","噗","","2","待補充","https://dict.concised.moe.edu.tw/searchP.jsp?SN=%E3%84%86&SN2=%E3%84%86%E3%84%A8&word=%E5%99%97"
"ㄆㄨ","撲","","14","待補充","https://dict.concised.moe.edu.tw/searchP.jsp?SN=%E3%84%86&SN2=%E3%84%86%E3%84%A8&word=%E6%92%B2"
"ㄆㄨ","鋪","","9","待補充","https://dict.concised.moe.edu.tw/searchP.jsp?SN=%E3%84%86&SN2=%E3%84%86%E3%84%A8&word=%E9%8B%AA"
"ㄆㄨˇ","圃","","1","待補充","https://dict.concised.moe.edu.tw/searchP.jsp?SN=%E3%84%86&SN2=%E3%84%86%E3%84%A8%CB%87&word=%E5%9C%83"
"ㄆㄨˇ","埔","","1","待補充","https://dict.concised.moe.edu.tw/searchP.jsp?SN=%E3%84%86&SN2=%E3%84%86%E3%84%A8%CB%87&word=%E5%9F%94"
"ㄆㄨˇ","浦","","1","待補充","https://dict.concised.moe.edu.tw/searchP.jsp?SN=%E3%84%86&SN2=%E3%84%86%E3%84%A8%CB%87&word=%E6%B5%A6"
"ㄆㄨˇ","普","","14","待補充","https://dict.concised.moe.edu.tw/searchP.jsp?SN=%E3%84%86&SN2=%E3%84%86%E3%84%A8%CB%87&word=%E6%99%AE"
"ㄆㄨˇ","溥","","1","待補充","https://dict.concised.moe.edu.tw/searchP.jsp?SN=%E3%84%86&SN2=%E3%84%86%E3%84%A8%CB%87&word=%E6%BA%A5"
"ㄆㄨˇ","氆","","2","待補充","https://dict.concised.moe.edu.tw/searchP.jsp?SN=%E3%84%86&SN2=%E3%84%86%E3%84%A8%CB%87&word=%E6%B0%86"
"ㄆㄨˇ","譜","","4","待補充","https://dict.concised.moe.edu.tw/searchP.jsp?SN=%E3%84%86&SN2=%E3%84%86%E3%84%A8%CB%87&word=%E8%AD%9C"
"ㄆㄨˊ","朴","","1","待補充","https://dict.concised.moe.edu.tw/searchP.jsp?SN=%E3%84%86&SN2=%E3%84%86%E3%84%A8%CB%8A&word=%E6%9C%B4"
"ㄆㄨˊ","匍","","2","待補充","https://dict.concised.moe.edu.tw/searchP.jsp?SN=%E3%84%86&SN2=%E3%84%86%E3%84%A8%CB%8A&word=%E5%8C%8D"
"ㄆㄨˊ","脯","","1","待補充","https://dict.concised.moe.edu.tw/searchP.jsp?SN=%E3%84%86&SN2=%E3%84%86%E3%84%A8%CB%8A&word=%E8%84%AF"
"ㄆㄨˊ","莆","","2","待補充","https://dict.concised.moe.edu.tw/searchP.jsp?SN=%E3%84%86&SN2=%E3%84%86%E3%84%A8%CB%8A&word=%E8%8E%86"
"ㄆㄨˊ","菩","","5","待補充","https://dict.concised.moe.edu.tw/searchP.jsp?SN=%E3%84%86&SN2=%E3%84%86%E3%84%A8%CB%8A&word=%E8%8F%A9"
"ㄆㄨˊ","葡","葡萄","5","已有可用詞","https://dict.concised.moe.edu.tw/searchP.jsp?SN=%E3%84%86&SN2=%E3%84%86%E3%84%A8%CB%8A&word=%E8%91%A1"
"ㄆㄨˊ","僕","","4","待補充","https://dict.concised.moe.edu.tw/searchP.jsp?SN=%E3%84%86&SN2=%E3%84%86%E3%84%A8%CB%8A&word=%E5%83%95"
"ㄆㄨˊ","蒲","","5","待補充","https://dict.concised.moe.edu.tw/searchP.jsp?SN=%E3%84%86&SN2=%E3%84%86%E3%84%A8%CB%8A&word=%E8%92%B2"
"ㄆㄨˊ","樸","","6","待補充","https://dict.concised.moe.edu.tw/searchP.jsp?SN=%E3%84%86&SN2=%E3%84%86%E3%84%A8%CB%8A&word=%E6%A8%B8"
"ㄆㄨˊ","璞","","3","待補充","https://dict.concised.moe.edu.tw/searchP.jsp?SN=%E3%84%86&SN2=%E3%84%86%E3%84%A8%CB%8A&word=%E7%92%9E"
"ㄆㄨˊ","蹼","","1","待補充","https://dict.concised.moe.edu.tw/searchP.jsp?SN=%E3%84%86&SN2=%E3%84%86%E3%84%A8%CB%8A&word=%E8%B9%BC"
"ㄆㄨˋ","暴","","2","待補充","https://dict.concised.moe.edu.tw/searchP.jsp?SN=%E3%84%86&SN2=%E3%84%86%E3%84%A8%CB%8B&word=%E6%9A%B4"
"ㄆㄨˋ","鋪","","3","待補充","https://dict.concised.moe.edu.tw/searchP.jsp?SN=%E3%84%86&SN2=%E3%84%86%E3%84%A8%CB%8B&word=%E9%8B%AA"
"ㄆㄨˋ","瀑","","2","待補充","https://dict.concised.moe.edu.tw/searchP.jsp?SN=%E3%84%86&SN2=%E3%84%86%E3%84%A8%CB%8B&word=%E7%80%91"
"ㄆㄨˋ","曝","","3","待補充","https://dict.concised.moe.edu.tw/searchP.jsp?SN=%E3%84%86&SN2=%E3%84%86%E3%84%A8%CB%8B&word=%E6%9B%9D"
"ㄇㄚ","媽","","3","待補充","https://dict.concised.moe.edu.tw/searchP.jsp?SN=%E3%84%87&SN2=%E3%84%87%E3%84%9A&word=%E5%AA%BD"
"ㄇㄚ","嬤","","2","待補充","https://dict.concised.moe.edu.tw/searchP.jsp?SN=%E3%84%87&SN2=%E3%84%87%E3%84%9A&word=%E5%AC%A4"
"ㄇㄚˇ","馬","","20","待補充","https://dict.concised.moe.edu.tw/searchP.jsp?SN=%E3%84%87&SN2=%E3%84%87%E3%84%9A%CB%87&word=%E9%A6%AC"
"ㄇㄚˇ","嗎","","2","待補充","https://dict.concised.moe.edu.tw/searchP.jsp?SN=%E3%84%87&SN2=%E3%84%87%E3%84%9A%CB%87&word=%E5%97%8E"
"ㄇㄚˇ","瑪","","2","待補充","https://dict.concised.moe.edu.tw/searchP.jsp?SN=%E3%84%87&SN2=%E3%84%87%E3%84%9A%CB%87&word=%E7%91%AA"
"ㄇㄚˇ","碼","","3","待補充","https://dict.concised.moe.edu.tw/searchP.jsp?SN=%E3%84%87&SN2=%E3%84%87%E3%84%9A%CB%87&word=%E7%A2%BC"
"ㄇㄚˇ","螞","","3","待補充","https://dict.concised.moe.edu.tw/searchP.jsp?SN=%E3%84%87&SN2=%E3%84%87%E3%84%9A%CB%87&word=%E8%9E%9E"
"ㄇㄚˊ","麻","","19","待補充","https://dict.concised.moe.edu.tw/searchP.jsp?SN=%E3%84%87&SN2=%E3%84%87%E3%84%9A%CB%8A&word=%E9%BA%BB"
"ㄇㄚˊ","痲","","2","待補充","https://dict.concised.moe.edu.tw/searchP.jsp?SN=%E3%84%87&SN2=%E3%84%87%E3%84%9A%CB%8A&word=%E7%97%B2"
"ㄇㄚˊ","嘛","","1","待補充","https://dict.concised.moe.edu.tw/searchP.jsp?SN=%E3%84%87&SN2=%E3%84%87%E3%84%9A%CB%8A&word=%E5%98%9B"
"ㄇㄚˊ","麼","","1","待補充","https://dict.concised.moe.edu.tw/searchP.jsp?SN=%E3%84%87&SN2=%E3%84%87%E3%84%9A%CB%8A&word=%E9%BA%BC"
"ㄇㄚˊ","蟆","","1","待補充","https://dict.concised.moe.edu.tw/searchP.jsp?SN=%E3%84%87&SN2=%E3%84%87%E3%84%9A%CB%8A&word=%E8%9F%86"
"ㄇㄚˋ","罵","","3","待補充","https://dict.concised.moe.edu.tw/searchP.jsp?SN=%E3%84%87&SN2=%E3%84%87%E3%84%9A%CB%8B&word=%E7%BD%B5"
"ㄇㄚˋ","螞","","2","待補充","https://dict.concised.moe.edu.tw/searchP.jsp?SN=%E3%84%87&SN2=%E3%84%87%E3%84%9A%CB%8B&word=%E8%9E%9E"
"ㄇㄛ","摸","","10","待補充","https://dict.concised.moe.edu.tw/searchP.jsp?SN=%E3%84%87&SN2=%E3%84%87%E3%84%9B&word=%E6%91%B8"
"ㄇㄛˇ","抹","","10","待補充","https://dict.concised.moe.edu.tw/searchP.jsp?SN=%E3%84%87&SN2=%E3%84%87%E3%84%9B%CB%87&word=%E6%8A%B9"
"ㄇㄛˊ","無","","1","待補充","https://dict.concised.moe.edu.tw/searchP.jsp?SN=%E3%84%87&SN2=%E3%84%87%E3%84%9B%CB%8A&word=%E7%84%A1"
"ㄇㄛˊ","麼","","1","待補充","https://dict.concised.moe.edu.tw/searchP.jsp?SN=%E3%84%87&SN2=%E3%84%87%E3%84%9B%CB%8A&word=%E9%BA%BC"
"ㄇㄛˊ","摩","","13","待補充","https://dict.concised.moe.edu.tw/searchP.jsp?SN=%E3%84%87&SN2=%E3%84%87%E3%84%9B%CB%8A&word=%E6%91%A9"
"ㄇㄛˊ","摹","","4","待補充","https://dict.concised.moe.edu.tw/searchP.jsp?SN=%E3%84%87&SN2=%E3%84%87%E3%84%9B%CB%8A&word=%E6%91%B9"
"ㄇㄛˊ","模","","14","待補充","https://dict.concised.moe.edu.tw/searchP.jsp?SN=%E3%84%87&SN2=%E3%84%87%E3%84%9B%CB%8A&word=%E6%A8%A1"
"ㄇㄛˊ","膜","","2","待補充","https://dict.concised.moe.edu.tw/searchP.jsp?SN=%E3%84%87&SN2=%E3%84%87%E3%84%9B%CB%8A&word=%E8%86%9C"
"ㄇㄛˊ","磨","","15","待補充","https://dict.concised.moe.edu.tw/searchP.jsp?SN=%E3%84%87&SN2=%E3%84%87%E3%84%9B%CB%8A&word=%E7%A3%A8"
"ㄇㄛˊ","糢","","1","待補充","https://dict.concised.moe.edu.tw/searchP.jsp?SN=%E3%84%87&SN2=%E3%84%87%E3%84%9B%CB%8A&word=%E7%B3%A2"
"ㄇㄛˊ","謨","","1","待補充","https://dict.concised.moe.edu.tw/searchP.jsp?SN=%E3%84%87&SN2=%E3%84%87%E3%84%9B%CB%8A&word=%E8%AC%A8"
"ㄇㄛˊ","饃","","1","待補充","https://dict.concised.moe.edu.tw/searchP.jsp?SN=%E3%84%87&SN2=%E3%84%87%E3%84%9B%CB%8A&word=%E9%A5%83"
"ㄇㄛˊ","蘑","","1","待補充","https://dict.concised.moe.edu.tw/searchP.jsp?SN=%E3%84%87&SN2=%E3%84%87%E3%84%9B%CB%8A&word=%E8%98%91"
"ㄇㄛˊ","魔","","13","待補充","https://dict.concised.moe.edu.tw/searchP.jsp?SN=%E3%84%87&SN2=%E3%84%87%E3%84%9B%CB%8A&word=%E9%AD%94"
"ㄇㄛˋ","万","","2","待補充","https://dict.concised.moe.edu.tw/searchP.jsp?SN=%E3%84%87&SN2=%E3%84%87%E3%84%9B%CB%8B&word=%E4%B8%87"
"ㄇㄛˋ","末","","13","待補充","https://dict.concised.moe.edu.tw/searchP.jsp?SN=%E3%84%87&SN2=%E3%84%87%E3%84%9B%CB%8B&word=%E6%9C%AB"
"ㄇㄛˋ","沒","","6","待補充","https://dict.concised.moe.edu.tw/searchP.jsp?SN=%E3%84%87&SN2=%E3%84%87%E3%84%9B%CB%8B&word=%E6%B2%92"
"ㄇㄛˋ","妺","","1","待補充","https://dict.concised.moe.edu.tw/searchP.jsp?SN=%E3%84%87&SN2=%E3%84%87%E3%84%9B%CB%8B&word=%E5%A6%BA"
"ㄇㄛˋ","抹","","1","待補充","https://dict.concised.moe.edu.tw/searchP.jsp?SN=%E3%84%87&SN2=%E3%84%87%E3%84%9B%CB%8B&word=%E6%8A%B9"
"ㄇㄛˋ","歿","","1","待補充","https://dict.concised.moe.edu.tw/searchP.jsp?SN=%E3%84%87&SN2=%E3%84%87%E3%84%9B%CB%8B&word=%E6%AD%BF"
"ㄇㄛˋ","沫","","1","待補充","https://dict.concised.moe.edu.tw/searchP.jsp?SN=%E3%84%87&SN2=%E3%84%87%E3%84%9B%CB%8B&word=%E6%B2%AB"
"ㄇㄛˋ","冒","","2","待補充","https://dict.concised.moe.edu.tw/searchP.jsp?SN=%E3%84%87&SN2=%E3%84%87%E3%84%9B%CB%8B&word=%E5%86%92"
"ㄇㄛˋ","茉","","3","待補充","https://dict.concised.moe.edu.tw/searchP.jsp?SN=%E3%84%87&SN2=%E3%84%87%E3%84%9B%CB%8B&word=%E8%8C%89"
"ㄇㄛˋ","陌","","4","待補充","https://dict.concised.moe.edu.tw/searchP.jsp?SN=%E3%84%87&SN2=%E3%84%87%E3%84%9B%CB%8B&word=%E9%99%8C"
"ㄇㄛˋ","秣","","2","待補充","https://dict.concised.moe.edu.tw/searchP.jsp?SN=%E3%84%87&SN2=%E3%84%87%E3%84%9B%CB%8B&word=%E7%A7%A3"
"ㄇㄛˋ","脈","","2","待補充","https://dict.concised.moe.edu.tw/searchP.jsp?SN=%E3%84%87&SN2=%E3%84%87%E3%84%9B%CB%8B&word=%E8%84%88"
"ㄇㄛˋ","莫","","13","待補充","https://dict.concised.moe.edu.tw/searchP.jsp?SN=%E3%84%87&SN2=%E3%84%87%E3%84%9B%CB%8B&word=%E8%8E%AB"
"ㄇㄛˋ","貉","","1","待補充","https://dict.concised.moe.edu.tw/searchP.jsp?SN=%E3%84%87&SN2=%E3%84%87%E3%84%9B%CB%8B&word=%E8%B2%89"
"ㄇㄛˋ","貊","","1","待補充","https://dict.concised.moe.edu.tw/searchP.jsp?SN=%E3%84%87&SN2=%E3%84%87%E3%84%9B%CB%8B&word=%E8%B2%8A"
"ㄇㄛˋ","寞","","1","待補充","https://dict.concised.moe.edu.tw/searchP.jsp?SN=%E3%84%87&SN2=%E3%84%87%E3%84%9B%CB%8B&word=%E5%AF%9E"
"ㄇㄛˋ","漠","","4","待補充","https://dict.concised.moe.edu.tw/searchP.jsp?SN=%E3%84%87&SN2=%E3%84%87%E3%84%9B%CB%8B&word=%E6%BC%A0"
"ㄇㄛˋ","墨","","12","待補充","https://dict.concised.moe.edu.tw/searchP.jsp?SN=%E3%84%87&SN2=%E3%84%87%E3%84%9B%CB%8B&word=%E5%A2%A8"
"ㄇㄛˋ","瘼","","1","待補充","https://dict.concised.moe.edu.tw/searchP.jsp?SN=%E3%84%87&SN2=%E3%84%87%E3%84%9B%CB%8B&word=%E7%98%BC"
"ㄇㄛˋ","磨","","4","待補充","https://dict.concised.moe.edu.tw/searchP.jsp?SN=%E3%84%87&SN2=%E3%84%87%E3%84%9B%CB%8B&word=%E7%A3%A8"
"ㄇㄛˋ","默","","18","待補充","https://dict.concised.moe.edu.tw/searchP.jsp?SN=%E3%84%87&SN2=%E3%84%87%E3%84%9B%CB%8B&word=%E9%BB%98"
"ㄇㄛˋ","驀","","4","待補充","https://dict.concised.moe.edu.tw/searchP.jsp?SN=%E3%84%87&SN2=%E3%84%87%E3%84%9B%CB%8B&word=%E9%A9%80"
"ㄇㄞˇ","買","","13","待補充","https://dict.concised.moe.edu.tw/searchP.jsp?SN=%E3%84%87&SN2=%E3%84%87%E3%84%9E%CB%87&word=%E8%B2%B7"
"ㄇㄞˊ","埋","","10","待補充","https://dict.concised.moe.edu.tw/searchP.jsp?SN=%E3%84%87&SN2=%E3%84%87%E3%84%9E%CB%8A&word=%E5%9F%8B"
"ㄇㄞˊ","霾","","1","待補充","https://dict.concised.moe.edu.tw/searchP.jsp?SN=%E3%84%87&SN2=%E3%84%87%E3%84%9E%CB%8A&word=%E9%9C%BE"
"ㄇㄞˋ","脈","","5","待補充","https://dict.concised.moe.edu.tw/searchP.jsp?SN=%E3%84%87&SN2=%E3%84%87%E3%84%9E%CB%8B&word=%E8%84%88"
"ㄇㄞˋ","麥","","9","待補充","https://dict.concised.moe.edu.tw/searchP.jsp?SN=%E3%84%87&SN2=%E3%84%87%E3%84%9E%CB%8B&word=%E9%BA%A5"
"ㄇㄞˋ","賣","","20","待補充","https://dict.concised.moe.edu.tw/searchP.jsp?SN=%E3%84%87&SN2=%E3%84%87%E3%84%9E%CB%8B&word=%E8%B3%A3"
"ㄇㄞˋ","邁","","4","待補充","https://dict.concised.moe.edu.tw/searchP.jsp?SN=%E3%84%87&SN2=%E3%84%87%E3%84%9E%CB%8B&word=%E9%82%81"
"ㄇㄟˇ","每","","9","待補充","https://dict.concised.moe.edu.tw/searchP.jsp?SN=%E3%84%87&SN2=%E3%84%87%E3%84%9F%CB%87&word=%E6%AF%8F"
"ㄇㄟˇ","美","","20","待補充","https://dict.concised.moe.edu.tw/searchP.jsp?SN=%E3%84%87&SN2=%E3%84%87%E3%84%9F%CB%87&word=%E7%BE%8E"
"ㄇㄟˇ","鎂","","2","待補充","https://dict.concised.moe.edu.tw/searchP.jsp?SN=%E3%84%87&SN2=%E3%84%87%E3%84%9F%CB%87&word=%E9%8E%82"
"ㄇㄟˊ","沒","","20","待補充","https://dict.concised.moe.edu.tw/searchP.jsp?SN=%E3%84%87&SN2=%E3%84%87%E3%84%9F%CB%8A&word=%E6%B2%92"
"ㄇㄟˊ","枚","","2","待補充","https://dict.concised.moe.edu.tw/searchP.jsp?SN=%E3%84%87&SN2=%E3%84%87%E3%84%9F%CB%8A&word=%E6%9E%9A"
"ㄇㄟˊ","玫","","3","待補充","https://dict.concised.moe.edu.tw/searchP.jsp?SN=%E3%84%87&SN2=%E3%84%87%E3%84%9F%CB%8A&word=%E7%8E%AB"
"ㄇㄟˊ","眉","","13","待補充","https://dict.concised.moe.edu.tw/searchP.jsp?SN=%E3%84%87&SN2=%E3%84%87%E3%84%9F%CB%8A&word=%E7%9C%89"
"ㄇㄟˊ","梅","","7","待補充","https://dict.concised.moe.edu.tw/searchP.jsp?SN=%E3%84%87&SN2=%E3%84%87%E3%84%9F%CB%8A&word=%E6%A2%85"
"ㄇㄟˊ","莓","","1","待補充","https://dict.concised.moe.edu.tw/searchP.jsp?SN=%E3%84%87&SN2=%E3%84%87%E3%84%9F%CB%8A&word=%E8%8E%93"
"ㄇㄟˊ","媒","","7","待補充","https://dict.concised.moe.edu.tw/searchP.jsp?SN=%E3%84%87&SN2=%E3%84%87%E3%84%9F%CB%8A&word=%E5%AA%92"
"ㄇㄟˊ","嵋","","1","待補充","https://dict.concised.moe.edu.tw/searchP.jsp?SN=%E3%84%87&SN2=%E3%84%87%E3%84%9F%CB%8A&word=%E5%B5%8B"
"ㄇㄟˊ","湄","","2","待補充","https://dict.concised.moe.edu.tw/searchP.jsp?SN=%E3%84%87&SN2=%E3%84%87%E3%84%9F%CB%8A&word=%E6%B9%84"
"ㄇㄟˊ","楣","","1","待補充","https://dict.concised.moe.edu.tw/searchP.jsp?SN=%E3%84%87&SN2=%E3%84%87%E3%84%9F%CB%8A&word=%E6%A5%A3"
"ㄇㄟˊ","煤","","6","待補充","https://dict.concised.moe.edu.tw/searchP.jsp?SN=%E3%84%87&SN2=%E3%84%87%E3%84%9F%CB%8A&word=%E7%85%A4"
"ㄇㄟˊ","酶","","1","待補充","https://dict.concised.moe.edu.tw/searchP.jsp?SN=%E3%84%87&SN2=%E3%84%87%E3%84%9F%CB%8A&word=%E9%85%B6"
"ㄇㄟˊ","霉","","4","待補充","https://dict.concised.moe.edu.tw/searchP.jsp?SN=%E3%84%87&SN2=%E3%84%87%E3%84%9F%CB%8A&word=%E9%9C%89"
"ㄇㄟˊ","黴","","2","待補充","https://dict.concised.moe.edu.tw/searchP.jsp?SN=%E3%84%87&SN2=%E3%84%87%E3%84%9F%CB%8A&word=%E9%BB%B4"
"ㄇㄟˋ","妹","","4","待補充","https://dict.concised.moe.edu.tw/searchP.jsp?SN=%E3%84%87&SN2=%E3%84%87%E3%84%9F%CB%8B&word=%E5%A6%B9"
"ㄇㄟˋ","昧","","2","待補充","https://dict.concised.moe.edu.tw/searchP.jsp?SN=%E3%84%87&SN2=%E3%84%87%E3%84%9F%CB%8B&word=%E6%98%A7"
"ㄇㄟˋ","袂","","1","待補充","https://dict.concised.moe.edu.tw/searchP.jsp?SN=%E3%84%87&SN2=%E3%84%87%E3%84%9F%CB%8B&word=%E8%A2%82"
"ㄇㄟˋ","媚","","3","待補充","https://dict.concised.moe.edu.tw/searchP.jsp?SN=%E3%84%87&SN2=%E3%84%87%E3%84%9F%CB%8B&word=%E5%AA%9A"
"ㄇㄟˋ","寐","","1","待補充","https://dict.concised.moe.edu.tw/searchP.jsp?SN=%E3%84%87&SN2=%E3%84%87%E3%84%9F%CB%8B&word=%E5%AF%90"
"ㄇㄟˋ","瑁","","1","待補充","https://dict.concised.moe.edu.tw/searchP.jsp?SN=%E3%84%87&SN2=%E3%84%87%E3%84%9F%CB%8B&word=%E7%91%81"
"ㄇㄟˋ","魅","","3","待補充","https://dict.concised.moe.edu.tw/searchP.jsp?SN=%E3%84%87&SN2=%E3%84%87%E3%84%9F%CB%8B&word=%E9%AD%85"
"ㄇㄠ","貓","","2","待補充","https://dict.concised.moe.edu.tw/searchP.jsp?SN=%E3%84%87&SN2=%E3%84%87%E3%84%A0&word=%E8%B2%93"
"ㄇㄠˇ","卯","","3","待補充","https://dict.concised.moe.edu.tw/searchP.jsp?SN=%E3%84%87&SN2=%E3%84%87%E3%84%A0%CB%87&word=%E5%8D%AF"
"ㄇㄠˇ","昴","","1","待補充","https://dict.concised.moe.edu.tw/searchP.jsp?SN=%E3%84%87&SN2=%E3%84%87%E3%84%A0%CB%87&word=%E6%98%B4"
"ㄇㄠˇ","茆","","1","待補充","https://dict.concised.moe.edu.tw/searchP.jsp?SN=%E3%84%87&SN2=%E3%84%87%E3%84%A0%CB%87&word=%E8%8C%86"
"ㄇㄠˇ","鉚","","2","待補充","https://dict.concised.moe.edu.tw/searchP.jsp?SN=%E3%84%87&SN2=%E3%84%87%E3%84%A0%CB%87&word=%E9%89%9A"
"ㄇㄠˊ","毛","","20","待補充","https://dict.concised.moe.edu.tw/searchP.jsp?SN=%E3%84%87&SN2=%E3%84%87%E3%84%A0%CB%8A&word=%E6%AF%9B"
"ㄇㄠˊ","矛","","3","待補充","https://dict.concised.moe.edu.tw/searchP.jsp?SN=%E3%84%87&SN2=%E3%84%87%E3%84%A0%CB%8A&word=%E7%9F%9B"
"ㄇㄠˊ","茅","","9","待補充","https://dict.concised.moe.edu.tw/searchP.jsp?SN=%E3%84%87&SN2=%E3%84%87%E3%84%A0%CB%8A&word=%E8%8C%85"
"ㄇㄠˊ","旄","","1","待補充","https://dict.concised.moe.edu.tw/searchP.jsp?SN=%E3%84%87&SN2=%E3%84%87%E3%84%A0%CB%8A&word=%E6%97%84"
"ㄇㄠˊ","髦","","1","待補充","https://dict.concised.moe.edu.tw/searchP.jsp?SN=%E3%84%87&SN2=%E3%84%87%E3%84%A0%CB%8A&word=%E9%AB%A6"
"ㄇㄠˊ","蟊","","2","待補充","https://dict.concised.moe.edu.tw/searchP.jsp?SN=%E3%84%87&SN2=%E3%84%87%E3%84%A0%CB%8A&word=%E8%9F%8A"
"ㄇㄠˊ","錨","","1","待補充","https://dict.concised.moe.edu.tw/searchP.jsp?SN=%E3%84%87&SN2=%E3%84%87%E3%84%A0%CB%8A&word=%E9%8C%A8"
"ㄇㄠˋ","冒","","20","待補充","https://dict.concised.moe.edu.tw/searchP.jsp?SN=%E3%84%87&SN2=%E3%84%87%E3%84%A0%CB%8B&word=%E5%86%92"
"ㄇㄠˋ","眊","","1","待補充","https://dict.concised.moe.edu.tw/searchP.jsp?SN=%E3%84%87&SN2=%E3%84%87%E3%84%A0%CB%8B&word=%E7%9C%8A"
"ㄇㄠˋ","茂","","4","待補充","https://dict.concised.moe.edu.tw/searchP.jsp?SN=%E3%84%87&SN2=%E3%84%87%E3%84%A0%CB%8B&word=%E8%8C%82"
"ㄇㄠˋ","耄","","1","待補充","https://dict.concised.moe.edu.tw/searchP.jsp?SN=%E3%84%87&SN2=%E3%84%87%E3%84%A0%CB%8B&word=%E8%80%84"
"ㄇㄠˋ","媢","","1","待補充","https://dict.concised.moe.edu.tw/searchP.jsp?SN=%E3%84%87&SN2=%E3%84%87%E3%84%A0%CB%8B&word=%E5%AA%A2"
"ㄇㄠˋ","帽","帽子","2","已有可用詞","https://dict.concised.moe.edu.tw/searchP.jsp?SN=%E3%84%87&SN2=%E3%84%87%E3%84%A0%CB%8B&word=%E5%B8%BD"
"ㄇㄠˋ","貿","","7","待補充","https://dict.concised.moe.edu.tw/searchP.jsp?SN=%E3%84%87&SN2=%E3%84%87%E3%84%A0%CB%8B&word=%E8%B2%BF"
"ㄇㄠˋ","貌","","6","待補充","https://dict.concised.moe.edu.tw/searchP.jsp?SN=%E3%84%87&SN2=%E3%84%87%E3%84%A0%CB%8B&word=%E8%B2%8C"
"ㄇㄠˋ","懋","","1","待補充","https://dict.concised.moe.edu.tw/searchP.jsp?SN=%E3%84%87&SN2=%E3%84%87%E3%84%A0%CB%8B&word=%E6%87%8B"
"ㄇㄡˇ","冇","","1","待補充","https://dict.concised.moe.edu.tw/searchP.jsp?SN=%E3%84%87&SN2=%E3%84%87%E3%84%A1%CB%87&word=%E5%86%87"
"ㄇㄡˇ","某","","5","待補充","https://dict.concised.moe.edu.tw/searchP.jsp?SN=%E3%84%87&SN2=%E3%84%87%E3%84%A1%CB%87&word=%E6%9F%90"
"ㄇㄡˊ","牟","","2","待補充","https://dict.concised.moe.edu.tw/searchP.jsp?SN=%E3%84%87&SN2=%E3%84%87%E3%84%A1%CB%8A&word=%E7%89%9F"
"ㄇㄡˊ","侔","","1","待補充","https://dict.concised.moe.edu.tw/searchP.jsp?SN=%E3%84%87&SN2=%E3%84%87%E3%84%A1%CB%8A&word=%E4%BE%94"
"ㄇㄡˊ","眸","","1","待補充","https://dict.concised.moe.edu.tw/searchP.jsp?SN=%E3%84%87&SN2=%E3%84%87%E3%84%A1%CB%8A&word=%E7%9C%B8"
"ㄇㄡˊ","謀","","13","待補充","https://dict.concised.moe.edu.tw/searchP.jsp?SN=%E3%84%87&SN2=%E3%84%87%E3%84%A1%CB%8A&word=%E8%AC%80"
"ㄇㄡˊ","繆","","1","待補充","https://dict.concised.moe.edu.tw/searchP.jsp?SN=%E3%84%87&SN2=%E3%84%87%E3%84%A1%CB%8A&word=%E7%B9%86"
"ㄇㄡˊ","麰","","1","待補充","https://dict.concised.moe.edu.tw/searchP.jsp?SN=%E3%84%87&SN2=%E3%84%87%E3%84%A1%CB%8A&word=%E9%BA%B0"
"ㄇㄢ","屘","","1","待補充","https://dict.concised.moe.edu.tw/searchP.jsp?SN=%E3%84%87&SN2=%E3%84%87%E3%84%A2&word=%E5%B1%98"
"ㄇㄢˇ","滿","","20","待補充","https://dict.concised.moe.edu.tw/searchP.jsp?SN=%E3%84%87&SN2=%E3%84%87%E3%84%A2%CB%87&word=%E6%BB%BF"
"ㄇㄢˊ","埋","","2","待補充","https://dict.concised.moe.edu.tw/searchP.jsp?SN=%E3%84%87&SN2=%E3%84%87%E3%84%A2%CB%8A&word=%E5%9F%8B"
"ㄇㄢˊ","蔓","","2","待補充","https://dict.concised.moe.edu.tw/searchP.jsp?SN=%E3%84%87&SN2=%E3%84%87%E3%84%A2%CB%8A&word=%E8%94%93"
"ㄇㄢˊ","瞞","","3","待補充","https://dict.concised.moe.edu.tw/searchP.jsp?SN=%E3%84%87&SN2=%E3%84%87%E3%84%A2%CB%8A&word=%E7%9E%9E"
"ㄇㄢˊ","謾","","1","待補充","https://dict.concised.moe.edu.tw/searchP.jsp?SN=%E3%84%87&SN2=%E3%84%87%E3%84%A2%CB%8A&word=%E8%AC%BE"
"ㄇㄢˊ","蹣","","2","待補充","https://dict.concised.moe.edu.tw/searchP.jsp?SN=%E3%84%87&SN2=%E3%84%87%E3%84%A2%CB%8A&word=%E8%B9%A3"
"ㄇㄢˊ","饅","","2","待補充","https://dict.concised.moe.edu.tw/searchP.jsp?SN=%E3%84%87&SN2=%E3%84%87%E3%84%A2%CB%8A&word=%E9%A5%85"
"ㄇㄢˊ","顢","","2","待補充","https://dict.concised.moe.edu.tw/searchP.jsp?SN=%E3%84%87&SN2=%E3%84%87%E3%84%A2%CB%8A&word=%E9%A1%A2"
"ㄇㄢˊ","鰻","","2","待補充","https://dict.concised.moe.edu.tw/searchP.jsp?SN=%E3%84%87&SN2=%E3%84%87%E3%84%A2%CB%8A&word=%E9%B0%BB"
"ㄇㄢˊ","蠻","","5","待補充","https://dict.concised.moe.edu.tw/searchP.jsp?SN=%E3%84%87&SN2=%E3%84%87%E3%84%A2%CB%8A&word=%E8%A0%BB"
"ㄇㄢˋ","曼","","3","待補充","https://dict.concised.moe.edu.tw/searchP.jsp?SN=%E3%84%87&SN2=%E3%84%87%E3%84%A2%CB%8B&word=%E6%9B%BC"
"ㄇㄢˋ","嫚","","1","待補充","https://dict.concised.moe.edu.tw/searchP.jsp?SN=%E3%84%87&SN2=%E3%84%87%E3%84%A2%CB%8B&word=%E5%AB%9A"
"ㄇㄢˋ","幔","","1","待補充","https://dict.concised.moe.edu.tw/searchP.jsp?SN=%E3%84%87&SN2=%E3%84%87%E3%84%A2%CB%8B&word=%E5%B9%94"
"ㄇㄢˋ","慢","","16","待補充","https://dict.concised.moe.edu.tw/searchP.jsp?SN=%E3%84%87&SN2=%E3%84%87%E3%84%A2%CB%8B&word=%E6%85%A2"
"ㄇㄢˋ","漫","","16","待補充","https://dict.concised.moe.edu.tw/searchP.jsp?SN=%E3%84%87&SN2=%E3%84%87%E3%84%A2%CB%8B&word=%E6%BC%AB"
"ㄇㄢˋ","蔓","","4","待補充","https://dict.concised.moe.edu.tw/searchP.jsp?SN=%E3%84%87&SN2=%E3%84%87%E3%84%A2%CB%8B&word=%E8%94%93"
"ㄇㄢˋ","縵","","1","待補充","https://dict.concised.moe.edu.tw/searchP.jsp?SN=%E3%84%87&SN2=%E3%84%87%E3%84%A2%CB%8B&word=%E7%B8%B5"
"ㄇㄢˋ","謾","","2","待補充","https://dict.concised.moe.edu.tw/searchP.jsp?SN=%E3%84%87&SN2=%E3%84%87%E3%84%A2%CB%8B&word=%E8%AC%BE"
"ㄇㄢˋ","鏝","","1","待補充","https://dict.concised.moe.edu.tw/searchP.jsp?SN=%E3%84%87&SN2=%E3%84%87%E3%84%A2%CB%8B&word=%E9%8F%9D"
"ㄇㄣ","悶","","9","待補充","https://dict.concised.moe.edu.tw/searchP.jsp?SN=%E3%84%87&SN2=%E3%84%87%E3%84%A3&word=%E6%82%B6"
"ㄇㄣˊ","門","","20","待補充","https://dict.concised.moe.edu.tw/searchP.jsp?SN=%E3%84%87&SN2=%E3%84%87%E3%84%A3%CB%8A&word=%E9%96%80"
"ㄇㄣˊ","們","","1","待補充","https://dict.concised.moe.edu.tw/searchP.jsp?SN=%E3%84%87&SN2=%E3%84%87%E3%84%A3%CB%8A&word=%E5%80%91"
"ㄇㄣˊ","捫","","2","待補充","https://dict.concised.moe.edu.tw/searchP.jsp?SN=%E3%84%87&SN2=%E3%84%87%E3%84%A3%CB%8A&word=%E6%8D%AB"
"ㄇㄣˋ","悶","","4","待補充","https://dict.concised.moe.edu.tw/searchP.jsp?SN=%E3%84%87&SN2=%E3%84%87%E3%84%A3%CB%8B&word=%E6%82%B6"
"ㄇㄣˋ","燜","","1","待補充","https://dict.concised.moe.edu.tw/searchP.jsp?SN=%E3%84%87&SN2=%E3%84%87%E3%84%A3%CB%8B&word=%E7%87%9C"
"ㄇㄣˋ","懣","","1","待補充","https://dict.concised.moe.edu.tw/searchP.jsp?SN=%E3%84%87&SN2=%E3%84%87%E3%84%A3%CB%8B&word=%E6%87%A3"
"ㄇㄤˇ","莽","","5","待補充","https://dict.concised.moe.edu.tw/searchP.jsp?SN=%E3%84%87&SN2=%E3%84%87%E3%84%A4%CB%87&word=%E8%8E%BD"
"ㄇㄤˇ","蟒","","2","待補充","https://dict.concised.moe.edu.tw/searchP.jsp?SN=%E3%84%87&SN2=%E3%84%87%E3%84%A4%CB%87&word=%E8%9F%92"
"ㄇㄤˊ","忙","","8","待補充","https://dict.concised.moe.edu.tw/searchP.jsp?SN=%E3%84%87&SN2=%E3%84%87%E3%84%A4%CB%8A&word=%E5%BF%99"
"ㄇㄤˊ","芒","","5","待補充","https://dict.concised.moe.edu.tw/searchP.jsp?SN=%E3%84%87&SN2=%E3%84%87%E3%84%A4%CB%8A&word=%E8%8A%92"
"ㄇㄤˊ","氓","","1","待補充","https://dict.concised.moe.edu.tw/searchP.jsp?SN=%E3%84%87&SN2=%E3%84%87%E3%84%A4%CB%8A&word=%E6%B0%93"
"ㄇㄤˊ","盲","","9","待補充","https://dict.concised.moe.edu.tw/searchP.jsp?SN=%E3%84%87&SN2=%E3%84%87%E3%84%A4%CB%8A&word=%E7%9B%B2"
"ㄇㄤˊ","茫","","4","待補充","https://dict.concised.moe.edu.tw/searchP.jsp?SN=%E3%84%87&SN2=%E3%84%87%E3%84%A4%CB%8A&word=%E8%8C%AB"
"ㄇㄥ","矇","","6","待補充","https://dict.concised.moe.edu.tw/searchP.jsp?SN=%E3%84%87&SN2=%E3%84%87%E3%84%A5&word=%E7%9F%87"
"ㄇㄥˇ","猛","","9","待補充","https://dict.concised.moe.edu.tw/searchP.jsp?SN=%E3%84%87&SN2=%E3%84%87%E3%84%A5%CB%87&word=%E7%8C%9B"
"ㄇㄥˇ","艋","","2","待補充","https://dict.concised.moe.edu.tw/searchP.jsp?SN=%E3%84%87&SN2=%E3%84%87%E3%84%A5%CB%87&word=%E8%89%8B"
"ㄇㄥˇ","蜢","","1","待補充","https://dict.concised.moe.edu.tw/searchP.jsp?SN=%E3%84%87&SN2=%E3%84%87%E3%84%A5%CB%87&word=%E8%9C%A2"
"ㄇㄥˇ","錳","","1","待補充","https://dict.concised.moe.edu.tw/searchP.jsp?SN=%E3%84%87&SN2=%E3%84%87%E3%84%A5%CB%87&word=%E9%8C%B3"
"ㄇㄥˊ","氓","","1","待補充","https://dict.concised.moe.edu.tw/searchP.jsp?SN=%E3%84%87&SN2=%E3%84%87%E3%84%A5%CB%8A&word=%E6%B0%93"
"ㄇㄥˊ","虻","","1","待補充","https://dict.concised.moe.edu.tw/searchP.jsp?SN=%E3%84%87&SN2=%E3%84%87%E3%84%A5%CB%8A&word=%E8%99%BB"
"ㄇㄥˊ","萌","","4","待補充","https://dict.concised.moe.edu.tw/searchP.jsp?SN=%E3%84%87&SN2=%E3%84%87%E3%84%A5%CB%8A&word=%E8%90%8C"
"ㄇㄥˊ","盟","","7","待補充","https://dict.concised.moe.edu.tw/searchP.jsp?SN=%E3%84%87&SN2=%E3%84%87%E3%84%A5%CB%8A&word=%E7%9B%9F"
"ㄇㄥˊ","蒙","","17","待補充","https://dict.concised.moe.edu.tw/searchP.jsp?SN=%E3%84%87&SN2=%E3%84%87%E3%84%A5%CB%8A&word=%E8%92%99"
"ㄇㄥˊ","甍","","1","待補充","https://dict.concised.moe.edu.tw/searchP.jsp?SN=%E3%84%87&SN2=%E3%84%87%E3%84%A5%CB%8A&word=%E7%94%8D"
"ㄇㄥˊ","幪","","1","待補充","https://dict.concised.moe.edu.tw/searchP.jsp?SN=%E3%84%87&SN2=%E3%84%87%E3%84%A5%CB%8A&word=%E5%B9%AA"
"ㄇㄥˊ","濛","","2","待補充","https://dict.concised.moe.edu.tw/searchP.jsp?SN=%E3%84%87&SN2=%E3%84%87%E3%84%A5%CB%8A&word=%E6%BF%9B"
"ㄇㄥˊ","朦","","2","待補充","https://dict.concised.moe.edu.tw/searchP.jsp?SN=%E3%84%87&SN2=%E3%84%87%E3%84%A5%CB%8A&word=%E6%9C%A6"
"ㄇㄥˊ","檬","","1","待補充","https://dict.concised.moe.edu.tw/searchP.jsp?SN=%E3%84%87&SN2=%E3%84%87%E3%84%A5%CB%8A&word=%E6%AA%AC"
"ㄇㄥˊ","懵","","3","待補充","https://dict.concised.moe.edu.tw/searchP.jsp?SN=%E3%84%87&SN2=%E3%84%87%E3%84%A5%CB%8A&word=%E6%87%B5"
"ㄇㄥˊ","矇","","3","待補充","https://dict.concised.moe.edu.tw/searchP.jsp?SN=%E3%84%87&SN2=%E3%84%87%E3%84%A5%CB%8A&word=%E7%9F%87"
"ㄇㄥˋ","孟","","6","待補充","https://dict.concised.moe.edu.tw/searchP.jsp?SN=%E3%84%87&SN2=%E3%84%87%E3%84%A5%CB%8B&word=%E5%AD%9F"
"ㄇㄥˋ","夢","","14","待補充","https://dict.concised.moe.edu.tw/searchP.jsp?SN=%E3%84%87&SN2=%E3%84%87%E3%84%A5%CB%8B&word=%E5%A4%A2"
"ㄇㄧ","咪","","2","待補充","https://dict.concised.moe.edu.tw/searchP.jsp?SN=%E3%84%87&SN2=%E3%84%87%E3%84%A7&word=%E5%92%AA"
"ㄇㄧ","瞇","","2","待補充","https://dict.concised.moe.edu.tw/searchP.jsp?SN=%E3%84%87&SN2=%E3%84%87%E3%84%A7&word=%E7%9E%87"
"ㄇㄧˇ","米","米飯","11","已有可用詞","https://dict.concised.moe.edu.tw/searchP.jsp?SN=%E3%84%87&SN2=%E3%84%87%E3%84%A7%CB%87&word=%E7%B1%B3"
"ㄇㄧˇ","弭","","3","待補充","https://dict.concised.moe.edu.tw/searchP.jsp?SN=%E3%84%87&SN2=%E3%84%87%E3%84%A7%CB%87&word=%E5%BC%AD"
"ㄇㄧˇ","敉","","2","待補充","https://dict.concised.moe.edu.tw/searchP.jsp?SN=%E3%84%87&SN2=%E3%84%87%E3%84%A7%CB%87&word=%E6%95%89"
"ㄇㄧˇ","靡","","2","待補充","https://dict.concised.moe.edu.tw/searchP.jsp?SN=%E3%84%87&SN2=%E3%84%87%E3%84%A7%CB%87&word=%E9%9D%A1"
"ㄇㄧˊ","迷","","20","待補充","https://dict.concised.moe.edu.tw/searchP.jsp?SN=%E3%84%87&SN2=%E3%84%87%E3%84%A7%CB%8A&word=%E8%BF%B7"
"ㄇㄧˊ","彌","","10","待補充","https://dict.concised.moe.edu.tw/searchP.jsp?SN=%E3%84%87&SN2=%E3%84%87%E3%84%A7%CB%8A&word=%E5%BD%8C"
"ㄇㄧˊ","糜","","2","待補充","https://dict.concised.moe.edu.tw/searchP.jsp?SN=%E3%84%87&SN2=%E3%84%87%E3%84%A7%CB%8A&word=%E7%B3%9C"
"ㄇㄧˊ","謎","","5","待補充","https://dict.concised.moe.edu.tw/searchP.jsp?SN=%E3%84%87&SN2=%E3%84%87%E3%84%A7%CB%8A&word=%E8%AC%8E"
"ㄇㄧˊ","醚","","1","待補充","https://dict.concised.moe.edu.tw/searchP.jsp?SN=%E3%84%87&SN2=%E3%84%87%E3%84%A7%CB%8A&word=%E9%86%9A"
"ㄇㄧˊ","麋","","2","待補充","https://dict.concised.moe.edu.tw/searchP.jsp?SN=%E3%84%87&SN2=%E3%84%87%E3%84%A7%CB%8A&word=%E9%BA%8B"
"ㄇㄧˊ","靡","","2","待補充","https://dict.concised.moe.edu.tw/searchP.jsp?SN=%E3%84%87&SN2=%E3%84%87%E3%84%A7%CB%8A&word=%E9%9D%A1"
"ㄇㄧˊ","瀰","","2","待補充","https://dict.concised.moe.edu.tw/searchP.jsp?SN=%E3%84%87&SN2=%E3%84%87%E3%84%A7%CB%8A&word=%E7%80%B0"
"ㄇㄧˊ","獼","","2","待補充","https://dict.concised.moe.edu.tw/searchP.jsp?SN=%E3%84%87&SN2=%E3%84%87%E3%84%A7%CB%8A&word=%E7%8D%BC"
"ㄇㄧˋ","糸","","1","待補充","https://dict.concised.moe.edu.tw/searchP.jsp?SN=%E3%84%87&SN2=%E3%84%87%E3%84%A7%CB%8B&word=%E7%B3%B8"
"ㄇㄧˋ","汨","","2","待補充","https://dict.concised.moe.edu.tw/searchP.jsp?SN=%E3%84%87&SN2=%E3%84%87%E3%84%A7%CB%8B&word=%E6%B1%A8"
"ㄇㄧˋ","宓","","1","待補充","https://dict.concised.moe.edu.tw/searchP.jsp?SN=%E3%84%87&SN2=%E3%84%87%E3%84%A7%CB%8B&word=%E5%AE%93"
"ㄇㄧˋ","泌","","3","待補充","https://dict.concised.moe.edu.tw/searchP.jsp?SN=%E3%84%87&SN2=%E3%84%87%E3%84%A7%CB%8B&word=%E6%B3%8C"
"ㄇㄧˋ","祕","","11","待補充","https://dict.concised.moe.edu.tw/searchP.jsp?SN=%E3%84%87&SN2=%E3%84%87%E3%84%A7%CB%8B&word=%E7%A5%95"
"ㄇㄧˋ","秘","","1","待補充","https://dict.concised.moe.edu.tw/searchP.jsp?SN=%E3%84%87&SN2=%E3%84%87%E3%84%A7%CB%8B&word=%E7%A7%98"
"ㄇㄧˋ","密","","20","待補充","https://dict.concised.moe.edu.tw/searchP.jsp?SN=%E3%84%87&SN2=%E3%84%87%E3%84%A7%CB%8B&word=%E5%AF%86"
"ㄇㄧˋ","覓","","2","待補充","https://dict.concised.moe.edu.tw/searchP.jsp?SN=%E3%84%87&SN2=%E3%84%87%E3%84%A7%CB%8B&word=%E8%A6%93"
"ㄇㄧˋ","蜜","蜜蜂","5","已有可用詞","https://dict.concised.moe.edu.tw/searchP.jsp?SN=%E3%84%87&SN2=%E3%84%87%E3%84%A7%CB%8B&word=%E8%9C%9C"
"ㄇㄧˋ","冪","","1","待補充","https://dict.concised.moe.edu.tw/searchP.jsp?SN=%E3%84%87&SN2=%E3%84%87%E3%84%A7%CB%8B&word=%E5%86%AA"
"ㄇㄧˋ","謐","","1","待補充","https://dict.concised.moe.edu.tw/searchP.jsp?SN=%E3%84%87&SN2=%E3%84%87%E3%84%A7%CB%8B&word=%E8%AC%90"
"ㄇㄧㄝ","乜","","1","待補充","https://dict.concised.moe.edu.tw/searchP.jsp?SN=%E3%84%87&SN2=%E3%84%87%E3%84%A7%E3%84%9D&word=%E4%B9%9C"
"ㄇㄧㄝ","咩","","1","待補充","https://dict.concised.moe.edu.tw/searchP.jsp?SN=%E3%84%87&SN2=%E3%84%87%E3%84%A7%E3%84%9D&word=%E5%92%A9"
"ㄇㄧㄝˋ","滅","","9","待補充","https://dict.concised.moe.edu.tw/searchP.jsp?SN=%E3%84%87&SN2=%E3%84%87%E3%84%A7%E3%84%9D%CB%8B&word=%E6%BB%85"
"ㄇㄧㄝˋ","蔑","","2","待補充","https://dict.concised.moe.edu.tw/searchP.jsp?SN=%E3%84%87&SN2=%E3%84%87%E3%84%A7%E3%84%9D%CB%8B&word=%E8%94%91"
"ㄇㄧㄝˋ","篾","","2","待補充","https://dict.concised.moe.edu.tw/searchP.jsp?SN=%E3%84%87&SN2=%E3%84%87%E3%84%A7%E3%84%9D%CB%8B&word=%E7%AF%BE"
"ㄇㄧㄝˋ","衊","","1","待補充","https://dict.concised.moe.edu.tw/searchP.jsp?SN=%E3%84%87&SN2=%E3%84%87%E3%84%A7%E3%84%9D%CB%8B&word=%E8%A1%8A"
"ㄇㄧㄠ","喵","","1","待補充","https://dict.concised.moe.edu.tw/searchP.jsp?SN=%E3%84%87&SN2=%E3%84%87%E3%84%A7%E3%84%A0&word=%E5%96%B5"
"ㄇㄧㄠˇ","杪","","1","待補充","https://dict.concised.moe.edu.tw/searchP.jsp?SN=%E3%84%87&SN2=%E3%84%87%E3%84%A7%E3%84%A0%CB%87&word=%E6%9D%AA"
"ㄇㄧㄠˇ","眇","","2","待補充","https://dict.concised.moe.edu.tw/searchP.jsp?SN=%E3%84%87&SN2=%E3%84%87%E3%84%A7%E3%84%A0%CB%87&word=%E7%9C%87"
"ㄇㄧㄠˇ","秒","","1","待補充","https://dict.concised.moe.edu.tw/searchP.jsp?SN=%E3%84%87&SN2=%E3%84%87%E3%84%A7%E3%84%A0%CB%87&word=%E7%A7%92"
"ㄇㄧㄠˇ","淼","","1","待補充","https://dict.concised.moe.edu.tw/searchP.jsp?SN=%E3%84%87&SN2=%E3%84%87%E3%84%A7%E3%84%A0%CB%87&word=%E6%B7%BC"
"ㄇㄧㄠˇ","渺","","4","待補充","https://dict.concised.moe.edu.tw/searchP.jsp?SN=%E3%84%87&SN2=%E3%84%87%E3%84%A7%E3%84%A0%CB%87&word=%E6%B8%BA"
"ㄇㄧㄠˇ","緲","","1","待補充","https://dict.concised.moe.edu.tw/searchP.jsp?SN=%E3%84%87&SN2=%E3%84%87%E3%84%A7%E3%84%A0%CB%87&word=%E7%B7%B2"
"ㄇㄧㄠˇ","藐","","4","待補充","https://dict.concised.moe.edu.tw/searchP.jsp?SN=%E3%84%87&SN2=%E3%84%87%E3%84%A7%E3%84%A0%CB%87&word=%E8%97%90"
"ㄇㄧㄠˇ","邈","","1","待補充","https://dict.concised.moe.edu.tw/searchP.jsp?SN=%E3%84%87&SN2=%E3%84%87%E3%84%A7%E3%84%A0%CB%87&word=%E9%82%88"
"ㄇㄧㄠˊ","苗","","5","待補充","https://dict.concised.moe.edu.tw/searchP.jsp?SN=%E3%84%87&SN2=%E3%84%87%E3%84%A7%E3%84%A0%CB%8A&word=%E8%8B%97"
"ㄇㄧㄠˊ","描","","6","待補充","https://dict.concised.moe.edu.tw/searchP.jsp?SN=%E3%84%87&SN2=%E3%84%87%E3%84%A7%E3%84%A0%CB%8A&word=%E6%8F%8F"
"ㄇㄧㄠˊ","瞄","","2","待補充","https://dict.concised.moe.edu.tw/searchP.jsp?SN=%E3%84%87&SN2=%E3%84%87%E3%84%A7%E3%84%A0%CB%8A&word=%E7%9E%84"
"ㄇㄧㄠˋ","妙","","19","待補充","https://dict.concised.moe.edu.tw/searchP.jsp?SN=%E3%84%87&SN2=%E3%84%87%E3%84%A7%E3%84%A0%CB%8B&word=%E5%A6%99"
"ㄇㄧㄠˋ","廟","","6","待補充","https://dict.concised.moe.edu.tw/searchP.jsp?SN=%E3%84%87&SN2=%E3%84%87%E3%84%A7%E3%84%A0%CB%8B&word=%E5%BB%9F"
"ㄇㄧㄠˋ","繆","","1","待補充","https://dict.concised.moe.edu.tw/searchP.jsp?SN=%E3%84%87&SN2=%E3%84%87%E3%84%A7%E3%84%A0%CB%8B&word=%E7%B9%86"
"ㄇㄧㄡˋ","繆","","1","待補充","https://dict.concised.moe.edu.tw/searchP.jsp?SN=%E3%84%87&SN2=%E3%84%87%E3%84%A7%E3%84%A1%CB%8B&word=%E7%B9%86"
"ㄇㄧㄡˋ","謬","","3","待補充","https://dict.concised.moe.edu.tw/searchP.jsp?SN=%E3%84%87&SN2=%E3%84%87%E3%84%A7%E3%84%A1%CB%8B&word=%E8%AC%AC"
"ㄇㄧㄢˇ","丏","","1","待補充","https://dict.concised.moe.edu.tw/searchP.jsp?SN=%E3%84%87&SN2=%E3%84%87%E3%84%A7%E3%84%A2%CB%87&word=%E4%B8%8F"
"ㄇㄧㄢˇ","免","","17","待補充","https://dict.concised.moe.edu.tw/searchP.jsp?SN=%E3%84%87&SN2=%E3%84%87%E3%84%A7%E3%84%A2%CB%87&word=%E5%85%8D"
"ㄇㄧㄢˇ","俛","","1","待補充","https://dict.concised.moe.edu.tw/searchP.jsp?SN=%E3%84%87&SN2=%E3%84%87%E3%84%A7%E3%84%A2%CB%87&word=%E4%BF%9B"
"ㄇㄧㄢˇ","勉","","5","待補充","https://dict.concised.moe.edu.tw/searchP.jsp?SN=%E3%84%87&SN2=%E3%84%87%E3%84%A7%E3%84%A2%CB%87&word=%E5%8B%89"
"ㄇㄧㄢˇ","眄","","1","待補充","https://dict.concised.moe.edu.tw/searchP.jsp?SN=%E3%84%87&SN2=%E3%84%87%E3%84%A7%E3%84%A2%CB%87&word=%E7%9C%84"
"ㄇㄧㄢˇ","娩","","1","待補充","https://dict.concised.moe.edu.tw/searchP.jsp?SN=%E3%84%87&SN2=%E3%84%87%E3%84%A7%E3%84%A2%CB%87&word=%E5%A8%A9"
"ㄇㄧㄢˇ","冕","","1","待補充","https://dict.concised.moe.edu.tw/searchP.jsp?SN=%E3%84%87&SN2=%E3%84%87%E3%84%A7%E3%84%A2%CB%87&word=%E5%86%95"
"ㄇㄧㄢˇ","湎","","1","待補充","https://dict.concised.moe.edu.tw/searchP.jsp?SN=%E3%84%87&SN2=%E3%84%87%E3%84%A7%E3%84%A2%CB%87&word=%E6%B9%8E"
"ㄇㄧㄢˇ","緬","","2","待補充","https://dict.concised.moe.edu.tw/searchP.jsp?SN=%E3%84%87&SN2=%E3%84%87%E3%84%A7%E3%84%A2%CB%87&word=%E7%B7%AC"
"ㄇㄧㄢˇ","靦","","2","待補充","https://dict.concised.moe.edu.tw/searchP.jsp?SN=%E3%84%87&SN2=%E3%84%87%E3%84%A7%E3%84%A2%CB%87&word=%E9%9D%A6"
"ㄇㄧㄢˊ","眠","","2","待補充","https://dict.concised.moe.edu.tw/searchP.jsp?SN=%E3%84%87&SN2=%E3%84%87%E3%84%A7%E3%84%A2%CB%8A&word=%E7%9C%A0"
"ㄇㄧㄢˊ","棉","","13","待補充","https://dict.concised.moe.edu.tw/searchP.jsp?SN=%E3%84%87&SN2=%E3%84%87%E3%84%A7%E3%84%A2%CB%8A&word=%E6%A3%89"
"ㄇㄧㄢˊ","綿","","9","待補充","https://dict.concised.moe.edu.tw/searchP.jsp?SN=%E3%84%87&SN2=%E3%84%87%E3%84%A7%E3%84%A2%CB%8A&word=%E7%B6%BF"
"ㄇㄧㄢˋ","面","","20","待補充","https://dict.concised.moe.edu.tw/searchP.jsp?SN=%E3%84%87&SN2=%E3%84%87%E3%84%A7%E3%84%A2%CB%8B&word=%E9%9D%A2"
"ㄇㄧㄢˋ","瞑","","1","待補充","https://dict.concised.moe.edu.tw/searchP.jsp?SN=%E3%84%87&SN2=%E3%84%87%E3%84%A7%E3%84%A2%CB%8B&word=%E7%9E%91"
"ㄇㄧㄢˋ","麵","麵包","12","已有可用詞","https://dict.concised.moe.edu.tw/searchP.jsp?SN=%E3%84%87&SN2=%E3%84%87%E3%84%A7%E3%84%A2%CB%8B&word=%E9%BA%B5"
"ㄇㄧㄣˇ","皿","","1","待補充","https://dict.concised.moe.edu.tw/searchP.jsp?SN=%E3%84%87&SN2=%E3%84%87%E3%84%A7%E3%84%A3%CB%87&word=%E7%9A%BF"
"ㄇㄧㄣˇ","抿","","1","待補充","https://dict.concised.moe.edu.tw/searchP.jsp?SN=%E3%84%87&SN2=%E3%84%87%E3%84%A7%E3%84%A3%CB%87&word=%E6%8A%BF"
"ㄇㄧㄣˇ","泯","","3","待補充","https://dict.concised.moe.edu.tw/searchP.jsp?SN=%E3%84%87&SN2=%E3%84%87%E3%84%A7%E3%84%A3%CB%87&word=%E6%B3%AF"
"ㄇㄧㄣˇ","敏","","4","待補充","https://dict.concised.moe.edu.tw/searchP.jsp?SN=%E3%84%87&SN2=%E3%84%87%E3%84%A7%E3%84%A3%CB%87&word=%E6%95%8F"
"ㄇㄧㄣˇ","閔","","1","待補充","https://dict.concised.moe.edu.tw/searchP.jsp?SN=%E3%84%87&SN2=%E3%84%87%E3%84%A7%E3%84%A3%CB%87&word=%E9%96%94"
"ㄇㄧㄣˇ","愍","","1","待補充","https://dict.concised.moe.edu.tw/searchP.jsp?SN=%E3%84%87&SN2=%E3%84%87%E3%84%A7%E3%84%A3%CB%87&word=%E6%84%8D"
"ㄇㄧㄣˇ","黽","","2","待補充","https://dict.concised.moe.edu.tw/searchP.jsp?SN=%E3%84%87&SN2=%E3%84%87%E3%84%A7%E3%84%A3%CB%87&word=%E9%BB%BD"
"ㄇㄧㄣˇ","閩","","2","待補充","https://dict.concised.moe.edu.tw/searchP.jsp?SN=%E3%84%87&SN2=%E3%84%87%E3%84%A7%E3%84%A3%CB%87&word=%E9%96%A9"
"ㄇㄧㄣˇ","僶","","2","待補充","https://dict.concised.moe.edu.tw/searchP.jsp?SN=%E3%84%87&SN2=%E3%84%87%E3%84%A7%E3%84%A3%CB%87&word=%E5%83%B6"
"ㄇㄧㄣˇ","憫","","1","待補充","https://dict.concised.moe.edu.tw/searchP.jsp?SN=%E3%84%87&SN2=%E3%84%87%E3%84%A7%E3%84%A3%CB%87&word=%E6%86%AB"
"ㄇㄧㄣˇ","澠","","2","待補充","https://dict.concised.moe.edu.tw/searchP.jsp?SN=%E3%84%87&SN2=%E3%84%87%E3%84%A7%E3%84%A3%CB%87&word=%E6%BE%A0"
"ㄇㄧㄣˊ","民","","20","待補充","https://dict.concised.moe.edu.tw/searchP.jsp?SN=%E3%84%87&SN2=%E3%84%87%E3%84%A7%E3%84%A3%CB%8A&word=%E6%B0%91"
"ㄇㄧㄣˊ","岷","","1","待補充","https://dict.concised.moe.edu.tw/searchP.jsp?SN=%E3%84%87&SN2=%E3%84%87%E3%84%A7%E3%84%A3%CB%8A&word=%E5%B2%B7"
"ㄇㄧㄣˊ","旻","","1","待補充","https://dict.concised.moe.edu.tw/searchP.jsp?SN=%E3%84%87&SN2=%E3%84%87%E3%84%A7%E3%84%A3%CB%8A&word=%E6%97%BB"
"ㄇㄧㄣˊ","緡","","1","待補充","https://dict.concised.moe.edu.tw/searchP.jsp?SN=%E3%84%87&SN2=%E3%84%87%E3%84%A7%E3%84%A3%CB%8A&word=%E7%B7%A1"
"ㄇㄧㄥˊ","名","","20","待補充","https://dict.concised.moe.edu.tw/searchP.jsp?SN=%E3%84%87&SN2=%E3%84%87%E3%84%A7%E3%84%A5%CB%8A&word=%E5%90%8D"
"ㄇㄧㄥˊ","明","","20","待補充","https://dict.concised.moe.edu.tw/searchP.jsp?SN=%E3%84%87&SN2=%E3%84%87%E3%84%A7%E3%84%A5%CB%8A&word=%E6%98%8E"
"ㄇㄧㄥˊ","冥","","11","待補充","https://dict.concised.moe.edu.tw/searchP.jsp?SN=%E3%84%87&SN2=%E3%84%87%E3%84%A7%E3%84%A5%CB%8A&word=%E5%86%A5"
"ㄇㄧㄥˊ","茗","","2","待補充","https://dict.concised.moe.edu.tw/searchP.jsp?SN=%E3%84%87&SN2=%E3%84%87%E3%84%A7%E3%84%A5%CB%8A&word=%E8%8C%97"
"ㄇㄧㄥˊ","溟","","1","待補充","https://dict.concised.moe.edu.tw/searchP.jsp?SN=%E3%84%87&SN2=%E3%84%87%E3%84%A7%E3%84%A5%CB%8A&word=%E6%BA%9F"
"ㄇㄧㄥˊ","酩","","2","待補充","https://dict.concised.moe.edu.tw/searchP.jsp?SN=%E3%84%87&SN2=%E3%84%87%E3%84%A7%E3%84%A5%CB%8A&word=%E9%85%A9"
"ㄇㄧㄥˊ","暝","","1","待補充","https://dict.concised.moe.edu.tw/searchP.jsp?SN=%E3%84%87&SN2=%E3%84%87%E3%84%A7%E3%84%A5%CB%8A&word=%E6%9A%9D"
"ㄇㄧㄥˊ","銘","","7","待補充","https://dict.concised.moe.edu.tw/searchP.jsp?SN=%E3%84%87&SN2=%E3%84%87%E3%84%A7%E3%84%A5%CB%8A&word=%E9%8A%98"
"ㄇㄧㄥˊ","鳴","","11","待補充","https://dict.concised.moe.edu.tw/searchP.jsp?SN=%E3%84%87&SN2=%E3%84%87%E3%84%A7%E3%84%A5%CB%8A&word=%E9%B3%B4"
"ㄇㄧㄥˊ","瞑","","2","待補充","https://dict.concised.moe.edu.tw/searchP.jsp?SN=%E3%84%87&SN2=%E3%84%87%E3%84%A7%E3%84%A5%CB%8A&word=%E7%9E%91"
"ㄇㄧㄥˊ","螟","","3","待補充","https://dict.concised.moe.edu.tw/searchP.jsp?SN=%E3%84%87&SN2=%E3%84%87%E3%84%A7%E3%84%A5%CB%8A&word=%E8%9E%9F"
"ㄇㄧㄥˋ","命","","12","待補充","https://dict.concised.moe.edu.tw/searchP.jsp?SN=%E3%84%87&SN2=%E3%84%87%E3%84%A7%E3%84%A5%CB%8B&word=%E5%91%BD"
"ㄇㄨˇ","母","","13","待補充","https://dict.concised.moe.edu.tw/searchP.jsp?SN=%E3%84%87&SN2=%E3%84%87%E3%84%A8%CB%87&word=%E6%AF%8D"
"ㄇㄨˇ","牡","","3","待補充","https://dict.concised.moe.edu.tw/searchP.jsp?SN=%E3%84%87&SN2=%E3%84%87%E3%84%A8%CB%87&word=%E7%89%A1"
"ㄇㄨˇ","坶","","1","待補充","https://dict.concised.moe.edu.tw/searchP.jsp?SN=%E3%84%87&SN2=%E3%84%87%E3%84%A8%CB%87&word=%E5%9D%B6"
"ㄇㄨˇ","姆","","1","待補充","https://dict.concised.moe.edu.tw/searchP.jsp?SN=%E3%84%87&SN2=%E3%84%87%E3%84%A8%CB%87&word=%E5%A7%86"
"ㄇㄨˇ","拇","","2","待補充","https://dict.concised.moe.edu.tw/searchP.jsp?SN=%E3%84%87&SN2=%E3%84%87%E3%84%A8%CB%87&word=%E6%8B%87"
"ㄇㄨˇ","姥","","1","待補充","https://dict.concised.moe.edu.tw/searchP.jsp?SN=%E3%84%87&SN2=%E3%84%87%E3%84%A8%CB%87&word=%E5%A7%A5"
"ㄇㄨˇ","畝","","1","待補充","https://dict.concised.moe.edu.tw/searchP.jsp?SN=%E3%84%87&SN2=%E3%84%87%E3%84%A8%CB%87&word=%E7%95%9D"
"ㄇㄨˇ","鉧","","1","待補充","https://dict.concised.moe.edu.tw/searchP.jsp?SN=%E3%84%87&SN2=%E3%84%87%E3%84%A8%CB%87&word=%E9%89%A7"
"ㄇㄨˋ","木","","20","待補充","https://dict.concised.moe.edu.tw/searchP.jsp?SN=%E3%84%87&SN2=%E3%84%87%E3%84%A8%CB%8B&word=%E6%9C%A8"
"ㄇㄨˋ","目","","20","待補充","https://dict.concised.moe.edu.tw/searchP.jsp?SN=%E3%84%87&SN2=%E3%84%87%E3%84%A8%CB%8B&word=%E7%9B%AE"
"ㄇㄨˋ","沐","","3","待補充","https://dict.concised.moe.edu.tw/searchP.jsp?SN=%E3%84%87&SN2=%E3%84%87%E3%84%A8%CB%8B&word=%E6%B2%90"
"ㄇㄨˋ","牧","","8","待補充","https://dict.concised.moe.edu.tw/searchP.jsp?SN=%E3%84%87&SN2=%E3%84%87%E3%84%A8%CB%8B&word=%E7%89%A7"
"ㄇㄨˋ","苜","","2","待補充","https://dict.concised.moe.edu.tw/searchP.jsp?SN=%E3%84%87&SN2=%E3%84%87%E3%84%A8%CB%8B&word=%E8%8B%9C"
"ㄇㄨˋ","莫","","1","待補充","https://dict.concised.moe.edu.tw/searchP.jsp?SN=%E3%84%87&SN2=%E3%84%87%E3%84%A8%CB%8B&word=%E8%8E%AB"
"ㄇㄨˋ","募","","6","待補充","https://dict.concised.moe.edu.tw/searchP.jsp?SN=%E3%84%87&SN2=%E3%84%87%E3%84%A8%CB%8B&word=%E5%8B%9F"
"ㄇㄨˋ","睦","","2","待補充","https://dict.concised.moe.edu.tw/searchP.jsp?SN=%E3%84%87&SN2=%E3%84%87%E3%84%A8%CB%8B&word=%E7%9D%A6"
"ㄇㄨˋ","墓","","6","待補充","https://dict.concised.moe.edu.tw/searchP.jsp?SN=%E3%84%87&SN2=%E3%84%87%E3%84%A8%CB%8B&word=%E5%A2%93"
"ㄇㄨˋ","幕","","4","待補充","https://dict.concised.moe.edu.tw/searchP.jsp?SN=%E3%84%87&SN2=%E3%84%87%E3%84%A8%CB%8B&word=%E5%B9%95"
"ㄇㄨˋ","慕","","2","待補充","https://dict.concised.moe.edu.tw/searchP.jsp?SN=%E3%84%87&SN2=%E3%84%87%E3%84%A8%CB%8B&word=%E6%85%95"
"ㄇㄨˋ","暮","","7","待補充","https://dict.concised.moe.edu.tw/searchP.jsp?SN=%E3%84%87&SN2=%E3%84%87%E3%84%A8%CB%8B&word=%E6%9A%AE"
"ㄇㄨˋ","穆","","2","待補充","https://dict.concised.moe.edu.tw/searchP.jsp?SN=%E3%84%87&SN2=%E3%84%87%E3%84%A8%CB%8B&word=%E7%A9%86"
"ㄇㄨˋ","繆","","1","待補充","https://dict.concised.moe.edu.tw/searchP.jsp?SN=%E3%84%87&SN2=%E3%84%87%E3%84%A8%CB%8B&word=%E7%B9%86"
"ㄈㄚ","伐","","2","待補充","https://dict.concised.moe.edu.tw/searchP.jsp?SN=%E3%84%88&SN2=%E3%84%88%E3%84%9A&word=%E4%BC%90"
"ㄈㄚ","發","","20","待補充","https://dict.concised.moe.edu.tw/searchP.jsp?SN=%E3%84%88&SN2=%E3%84%88%E3%84%9A&word=%E7%99%BC"
"ㄈㄚˇ","法","","20","待補充","https://dict.concised.moe.edu.tw/searchP.jsp?SN=%E3%84%88&SN2=%E3%84%88%E3%84%9A%CB%87&word=%E6%B3%95"
"ㄈㄚˇ","砝","","2","待補充","https://dict.concised.moe.edu.tw/searchP.jsp?SN=%E3%84%88&SN2=%E3%84%88%E3%84%9A%CB%87&word=%E7%A0%9D"
"ㄈㄚˇ","髮","","12","待補充","https://dict.concised.moe.edu.tw/searchP.jsp?SN=%E3%84%88&SN2=%E3%84%88%E3%84%9A%CB%87&word=%E9%AB%AE"
"ㄈㄚˊ","乏","","4","待補充","https://dict.concised.moe.edu.tw/searchP.jsp?SN=%E3%84%88&SN2=%E3%84%88%E3%84%9A%CB%8A&word=%E4%B9%8F"
"ㄈㄚˊ","法","","2","待補充","https://dict.concised.moe.edu.tw/searchP.jsp?SN=%E3%84%88&SN2=%E3%84%88%E3%84%9A%CB%8A&word=%E6%B3%95"
"ㄈㄚˊ","筏","","1","待補充","https://dict.concised.moe.edu.tw/searchP.jsp?SN=%E3%84%88&SN2=%E3%84%88%E3%84%9A%CB%8A&word=%E7%AD%8F"
"ㄈㄚˊ","罰","","7","待補充","https://dict.concised.moe.edu.tw/searchP.jsp?SN=%E3%84%88&SN2=%E3%84%88%E3%84%9A%CB%8A&word=%E7%BD%B0"
"ㄈㄚˊ","閥","","1","待補充","https://dict.concised.moe.edu.tw/searchP.jsp?SN=%E3%84%88&SN2=%E3%84%88%E3%84%9A%CB%8A&word=%E9%96%A5"
"ㄈㄚˋ","琺","","3","待補充","https://dict.concised.moe.edu.tw/searchP.jsp?SN=%E3%84%88&SN2=%E3%84%88%E3%84%9A%CB%8B&word=%E7%90%BA"
"ㄈㄛˊ","佛","","13","待補充","https://dict.concised.moe.edu.tw/searchP.jsp?SN=%E3%84%88&SN2=%E3%84%88%E3%84%9B%CB%8A&word=%E4%BD%9B"
"ㄈㄟ","妃","","2","待補充","https://dict.concised.moe.edu.tw/searchP.jsp?SN=%E3%84%88&SN2=%E3%84%88%E3%84%9F&word=%E5%A6%83"
"ㄈㄟ","非","","15","待補充","https://dict.concised.moe.edu.tw/searchP.jsp?SN=%E3%84%88&SN2=%E3%84%88%E3%84%9F&word=%E9%9D%9E"
"ㄈㄟ","飛","","20","待補充","https://dict.concised.moe.edu.tw/searchP.jsp?SN=%E3%84%88&SN2=%E3%84%88%E3%84%9F&word=%E9%A3%9B"
"ㄈㄟ","啡","","1","待補充","https://dict.concised.moe.edu.tw/searchP.jsp?SN=%E3%84%88&SN2=%E3%84%88%E3%84%9F&word=%E5%95%A1"
"ㄈㄟ","扉","","2","待補充","https://dict.concised.moe.edu.tw/searchP.jsp?SN=%E3%84%88&SN2=%E3%84%88%E3%84%9F&word=%E6%89%89"
"ㄈㄟ","菲","","2","待補充","https://dict.concised.moe.edu.tw/searchP.jsp?SN=%E3%84%88&SN2=%E3%84%88%E3%84%9F&word=%E8%8F%B2"
"ㄈㄟ","緋","","3","待補充","https://dict.concised.moe.edu.tw/searchP.jsp?SN=%E3%84%88&SN2=%E3%84%88%E3%84%9F&word=%E7%B7%8B"
"ㄈㄟ","蜚","","3","待補充","https://dict.concised.moe.edu.tw/searchP.jsp?SN=%E3%84%88&SN2=%E3%84%88%E3%84%9F&word=%E8%9C%9A"
"ㄈㄟ","霏","","2","待補充","https://dict.concised.moe.edu.tw/searchP.jsp?SN=%E3%84%88&SN2=%E3%84%88%E3%84%9F&word=%E9%9C%8F"
"ㄈㄟˇ","匪","","3","待補充","https://dict.concised.moe.edu.tw/searchP.jsp?SN=%E3%84%88&SN2=%E3%84%88%E3%84%9F%CB%87&word=%E5%8C%AA"
"ㄈㄟˇ","悱","","2","待補充","https://dict.concised.moe.edu.tw/searchP.jsp?SN=%E3%84%88&SN2=%E3%84%88%E3%84%9F%CB%87&word=%E6%82%B1"
"ㄈㄟˇ","斐","","3","待補充","https://dict.concised.moe.edu.tw/searchP.jsp?SN=%E3%84%88&SN2=%E3%84%88%E3%84%9F%CB%87&word=%E6%96%90"
"ㄈㄟˇ","菲","","2","待補充","https://dict.concised.moe.edu.tw/searchP.jsp?SN=%E3%84%88&SN2=%E3%84%88%E3%84%9F%CB%87&word=%E8%8F%B2"
"ㄈㄟˇ","榧","","1","待補充","https://dict.concised.moe.edu.tw/searchP.jsp?SN=%E3%84%88&SN2=%E3%84%88%E3%84%9F%CB%87&word=%E6%A6%A7"
"ㄈㄟˇ","翡","","2","待補充","https://dict.concised.moe.edu.tw/searchP.jsp?SN=%E3%84%88&SN2=%E3%84%88%E3%84%9F%CB%87&word=%E7%BF%A1"
"ㄈㄟˇ","蜚","","1","待補充","https://dict.concised.moe.edu.tw/searchP.jsp?SN=%E3%84%88&SN2=%E3%84%88%E3%84%9F%CB%87&word=%E8%9C%9A"
"ㄈㄟˇ","誹","","2","待補充","https://dict.concised.moe.edu.tw/searchP.jsp?SN=%E3%84%88&SN2=%E3%84%88%E3%84%9F%CB%87&word=%E8%AA%B9"
"ㄈㄟˊ","肥","","15","待補充","https://dict.concised.moe.edu.tw/searchP.jsp?SN=%E3%84%88&SN2=%E3%84%88%E3%84%9F%CB%8A&word=%E8%82%A5"
"ㄈㄟˊ","淝","","2","待補充","https://dict.concised.moe.edu.tw/searchP.jsp?SN=%E3%84%88&SN2=%E3%84%88%E3%84%9F%CB%8A&word=%E6%B7%9D"
"ㄈㄟˊ","腓","","1","待補充","https://dict.concised.moe.edu.tw/searchP.jsp?SN=%E3%84%88&SN2=%E3%84%88%E3%84%9F%CB%8A&word=%E8%85%93"
"ㄈㄟˋ","吠","","1","待補充","https://dict.concised.moe.edu.tw/searchP.jsp?SN=%E3%84%88&SN2=%E3%84%88%E3%84%9F%CB%8B&word=%E5%90%A0"
"ㄈㄟˋ","沸","","3","待補充","https://dict.concised.moe.edu.tw/searchP.jsp?SN=%E3%84%88&SN2=%E3%84%88%E3%84%9F%CB%8B&word=%E6%B2%B8"
"ㄈㄟˋ","狒","","2","待補充","https://dict.concised.moe.edu.tw/searchP.jsp?SN=%E3%84%88&SN2=%E3%84%88%E3%84%9F%CB%8B&word=%E7%8B%92"
"ㄈㄟˋ","肺","","10","待補充","https://dict.concised.moe.edu.tw/searchP.jsp?SN=%E3%84%88&SN2=%E3%84%88%E3%84%9F%CB%8B&word=%E8%82%BA"
"ㄈㄟˋ","芾","","1","待補充","https://dict.concised.moe.edu.tw/searchP.jsp?SN=%E3%84%88&SN2=%E3%84%88%E3%84%9F%CB%8B&word=%E8%8A%BE"
"ㄈㄟˋ","費","","12","待補充","https://dict.concised.moe.edu.tw/searchP.jsp?SN=%E3%84%88&SN2=%E3%84%88%E3%84%9F%CB%8B&word=%E8%B2%BB"
"ㄈㄟˋ","痱","","3","待補充","https://dict.concised.moe.edu.tw/searchP.jsp?SN=%E3%84%88&SN2=%E3%84%88%E3%84%9F%CB%8B&word=%E7%97%B1"
"ㄈㄟˋ","廢","","20","待補充","https://dict.concised.moe.edu.tw/searchP.jsp?SN=%E3%84%88&SN2=%E3%84%88%E3%84%9F%CB%8B&word=%E5%BB%A2"
"ㄈㄡˇ","不","","2","待補充","https://dict.concised.moe.edu.tw/searchP.jsp?SN=%E3%84%88&SN2=%E3%84%88%E3%84%A1%CB%87&word=%E4%B8%8D"
"ㄈㄡˇ","缶","","1","待補充","https://dict.concised.moe.edu.tw/searchP.jsp?SN=%E3%84%88&SN2=%E3%84%88%E3%84%A1%CB%87&word=%E7%BC%B6"
"ㄈㄡˇ","否","","6","待補充","https://dict.concised.moe.edu.tw/searchP.jsp?SN=%E3%84%88&SN2=%E3%84%88%E3%84%A1%CB%87&word=%E5%90%A6"
"ㄈㄢ","番","","6","待補充","https://dict.concised.moe.edu.tw/searchP.jsp?SN=%E3%84%88&SN2=%E3%84%88%E3%84%A2&word=%E7%95%AA"
"ㄈㄢ","幡","","2","待補充","https://dict.concised.moe.edu.tw/searchP.jsp?SN=%E3%84%88&SN2=%E3%84%88%E3%84%A2&word=%E5%B9%A1"
"ㄈㄢ","蕃","","1","待補充","https://dict.concised.moe.edu.tw/searchP.jsp?SN=%E3%84%88&SN2=%E3%84%88%E3%84%A2&word=%E8%95%83"
"ㄈㄢ","旛","","1","待補充","https://dict.concised.moe.edu.tw/searchP.jsp?SN=%E3%84%88&SN2=%E3%84%88%E3%84%A2&word=%E6%97%9B"
"ㄈㄢ","翻","","20","待補充","https://dict.concised.moe.edu.tw/searchP.jsp?SN=%E3%84%88&SN2=%E3%84%88%E3%84%A2&word=%E7%BF%BB"
"ㄈㄢˇ","反","","20","待補充","https://dict.concised.moe.edu.tw/searchP.jsp?SN=%E3%84%88&SN2=%E3%84%88%E3%84%A2%CB%87&word=%E5%8F%8D"
"ㄈㄢˇ","返","","10","待補充","https://dict.concised.moe.edu.tw/searchP.jsp?SN=%E3%84%88&SN2=%E3%84%88%E3%84%A2%CB%87&word=%E8%BF%94"
"ㄈㄢˊ","凡","","8","待補充","https://dict.concised.moe.edu.tw/searchP.jsp?SN=%E3%84%88&SN2=%E3%84%88%E3%84%A2%CB%8A&word=%E5%87%A1"
"ㄈㄢˊ","帆","","4","待補充","https://dict.concised.moe.edu.tw/searchP.jsp?SN=%E3%84%88&SN2=%E3%84%88%E3%84%A2%CB%8A&word=%E5%B8%86"
"ㄈㄢˊ","煩","","12","待補充","https://dict.concised.moe.edu.tw/searchP.jsp?SN=%E3%84%88&SN2=%E3%84%88%E3%84%A2%CB%8A&word=%E7%85%A9"
"ㄈㄢˊ","墦","","1","待補充","https://dict.concised.moe.edu.tw/searchP.jsp?SN=%E3%84%88&SN2=%E3%84%88%E3%84%A2%CB%8A&word=%E5%A2%A6"
"ㄈㄢˊ","樊","","2","待補充","https://dict.concised.moe.edu.tw/searchP.jsp?SN=%E3%84%88&SN2=%E3%84%88%E3%84%A2%CB%8A&word=%E6%A8%8A"
"ㄈㄢˊ","燔","","1","待補充","https://dict.concised.moe.edu.tw/searchP.jsp?SN=%E3%84%88&SN2=%E3%84%88%E3%84%A2%CB%8A&word=%E7%87%94"
"ㄈㄢˊ","蕃","","1","待補充","https://dict.concised.moe.edu.tw/searchP.jsp?SN=%E3%84%88&SN2=%E3%84%88%E3%84%A2%CB%8A&word=%E8%95%83"
"ㄈㄢˊ","繁","","20","待補充","https://dict.concised.moe.edu.tw/searchP.jsp?SN=%E3%84%88&SN2=%E3%84%88%E3%84%A2%CB%8A&word=%E7%B9%81"
"ㄈㄢˊ","藩","","4","待補充","https://dict.concised.moe.edu.tw/searchP.jsp?SN=%E3%84%88&SN2=%E3%84%88%E3%84%A2%CB%8A&word=%E8%97%A9"
"ㄈㄢˊ","礬","","3","待補充","https://dict.concised.moe.edu.tw/searchP.jsp?SN=%E3%84%88&SN2=%E3%84%88%E3%84%A2%CB%8A&word=%E7%A4%AC"
"ㄈㄢˋ","氾","","3","待補充","https://dict.concised.moe.edu.tw/searchP.jsp?SN=%E3%84%88&SN2=%E3%84%88%E3%84%A2%CB%8B&word=%E6%B0%BE"
"ㄈㄢˋ","犯","","12","待補充","https://dict.concised.moe.edu.tw/searchP.jsp?SN=%E3%84%88&SN2=%E3%84%88%E3%84%A2%CB%8B&word=%E7%8A%AF"
"ㄈㄢˋ","汎","","1","待補充","https://dict.concised.moe.edu.tw/searchP.jsp?SN=%E3%84%88&SN2=%E3%84%88%E3%84%A2%CB%8B&word=%E6%B1%8E"
"ㄈㄢˋ","泛","","9","待補充","https://dict.concised.moe.edu.tw/searchP.jsp?SN=%E3%84%88&SN2=%E3%84%88%E3%84%A2%CB%8B&word=%E6%B3%9B"
"ㄈㄢˋ","范","","1","待補充","https://dict.concised.moe.edu.tw/searchP.jsp?SN=%E3%84%88&SN2=%E3%84%88%E3%84%A2%CB%8B&word=%E8%8C%83"
"ㄈㄢˋ","梵","","2","待補充","https://dict.concised.moe.edu.tw/searchP.jsp?SN=%E3%84%88&SN2=%E3%84%88%E3%84%A2%CB%8B&word=%E6%A2%B5"
"ㄈㄢˋ","販","","7","待補充","https://dict.concised.moe.edu.tw/searchP.jsp?SN=%E3%84%88&SN2=%E3%84%88%E3%84%A2%CB%8B&word=%E8%B2%A9"
"ㄈㄢˋ","飯","","13","待補充","https://dict.concised.moe.edu.tw/searchP.jsp?SN=%E3%84%88&SN2=%E3%84%88%E3%84%A2%CB%8B&word=%E9%A3%AF"
"ㄈㄢˋ","範","","6","待補充","https://dict.concised.moe.edu.tw/searchP.jsp?SN=%E3%84%88&SN2=%E3%84%88%E3%84%A2%CB%8B&word=%E7%AF%84"
"ㄈㄣ","分","","19","待補充","https://dict.concised.moe.edu.tw/searchP.jsp?SN=%E3%84%88&SN2=%E3%84%88%E3%84%A3&word=%E5%88%86"
"ㄈㄣ","吩","","2","待補充","https://dict.concised.moe.edu.tw/searchP.jsp?SN=%E3%84%88&SN2=%E3%84%88%E3%84%A3&word=%E5%90%A9"
"ㄈㄣ","氛","","2","待補充","https://dict.concised.moe.edu.tw/searchP.jsp?SN=%E3%84%88&SN2=%E3%84%88%E3%84%A3&word=%E6%B0%9B"
"ㄈㄣ","芬","","3","待補充","https://dict.concised.moe.edu.tw/searchP.jsp?SN=%E3%84%88&SN2=%E3%84%88%E3%84%A3&word=%E8%8A%AC"
"ㄈㄣ","紛","","12","待補充","https://dict.concised.moe.edu.tw/searchP.jsp?SN=%E3%84%88&SN2=%E3%84%88%E3%84%A3&word=%E7%B4%9B"
"ㄈㄣ","酚","","1","待補充","https://dict.concised.moe.edu.tw/searchP.jsp?SN=%E3%84%88&SN2=%E3%84%88%E3%84%A3&word=%E9%85%9A"
"ㄈㄣ","棻","","1","待補充","https://dict.concised.moe.edu.tw/searchP.jsp?SN=%E3%84%88&SN2=%E3%84%88%E3%84%A3&word=%E6%A3%BB"
"ㄈㄣ","雰","","2","待補充","https://dict.concised.moe.edu.tw/searchP.jsp?SN=%E3%84%88&SN2=%E3%84%88%E3%84%A3&word=%E9%9B%B0"
"ㄈㄣˇ","粉","","20","待補充","https://dict.concised.moe.edu.tw/searchP.jsp?SN=%E3%84%88&SN2=%E3%84%88%E3%84%A3%CB%87&word=%E7%B2%89"
"ㄈㄣˊ","汾","","1","待補充","https://dict.concised.moe.edu.tw/searchP.jsp?SN=%E3%84%88&SN2=%E3%84%88%E3%84%A3%CB%8A&word=%E6%B1%BE"
"ㄈㄣˊ","棼","","1","待補充","https://dict.concised.moe.edu.tw/searchP.jsp?SN=%E3%84%88&SN2=%E3%84%88%E3%84%A3%CB%8A&word=%E6%A3%BC"
"ㄈㄣˊ","焚","","9","待補充","https://dict.concised.moe.edu.tw/searchP.jsp?SN=%E3%84%88&SN2=%E3%84%88%E3%84%A3%CB%8A&word=%E7%84%9A"
"ㄈㄣˊ","墳","","3","待補充","https://dict.concised.moe.edu.tw/searchP.jsp?SN=%E3%84%88&SN2=%E3%84%88%E3%84%A3%CB%8A&word=%E5%A2%B3"
"ㄈㄣˋ","分","","6","待補充","https://dict.concised.moe.edu.tw/searchP.jsp?SN=%E3%84%88&SN2=%E3%84%88%E3%84%A3%CB%8B&word=%E5%88%86"
"ㄈㄣˋ","份","","1","待補充","https://dict.concised.moe.edu.tw/searchP.jsp?SN=%E3%84%88&SN2=%E3%84%88%E3%84%A3%CB%8B&word=%E4%BB%BD"
"ㄈㄣˋ","忿","","5","待補充","https://dict.concised.moe.edu.tw/searchP.jsp?SN=%E3%84%88&SN2=%E3%84%88%E3%84%A3%CB%8B&word=%E5%BF%BF"
"ㄈㄣˋ","憤","","9","待補充","https://dict.concised.moe.edu.tw/searchP.jsp?SN=%E3%84%88&SN2=%E3%84%88%E3%84%A3%CB%8B&word=%E6%86%A4"
"ㄈㄣˋ","奮","","11","待補充","https://dict.concised.moe.edu.tw/searchP.jsp?SN=%E3%84%88&SN2=%E3%84%88%E3%84%A3%CB%8B&word=%E5%A5%AE"
"ㄈㄣˋ","糞","","3","待補充","https://dict.concised.moe.edu.tw/searchP.jsp?SN=%E3%84%88&SN2=%E3%84%88%E3%84%A3%CB%8B&word=%E7%B3%9E"
"ㄈㄤ","方","","20","待補充","https://dict.concised.moe.edu.tw/searchP.jsp?SN=%E3%84%88&SN2=%E3%84%88%E3%84%A4&word=%E6%96%B9"
"ㄈㄤ","坊","","2","待補充","https://dict.concised.moe.edu.tw/searchP.jsp?SN=%E3%84%88&SN2=%E3%84%88%E3%84%A4&word=%E5%9D%8A"
"ㄈㄤ","枋","","1","待補充","https://dict.concised.moe.edu.tw/searchP.jsp?SN=%E3%84%88&SN2=%E3%84%88%E3%84%A4&word=%E6%9E%8B"
"ㄈㄤ","芳","","10","待補充","https://dict.concised.moe.edu.tw/searchP.jsp?SN=%E3%84%88&SN2=%E3%84%88%E3%84%A4&word=%E8%8A%B3"
"ㄈㄤˇ","仿","","9","待補充","https://dict.concised.moe.edu.tw/searchP.jsp?SN=%E3%84%88&SN2=%E3%84%88%E3%84%A4%CB%87&word=%E4%BB%BF"
"ㄈㄤˇ","彷","","2","待補充","https://dict.concised.moe.edu.tw/searchP.jsp?SN=%E3%84%88&SN2=%E3%84%88%E3%84%A4%CB%87&word=%E5%BD%B7"
"ㄈㄤˇ","放","","1","待補充","https://dict.concised.moe.edu.tw/searchP.jsp?SN=%E3%84%88&SN2=%E3%84%88%E3%84%A4%CB%87&word=%E6%94%BE"
"ㄈㄤˇ","昉","","1","待補充","https://dict.concised.moe.edu.tw/searchP.jsp?SN=%E3%84%88&SN2=%E3%84%88%E3%84%A4%CB%87&word=%E6%98%89"
"ㄈㄤˇ","倣","","2","待補充","https://dict.concised.moe.edu.tw/searchP.jsp?SN=%E3%84%88&SN2=%E3%84%88%E3%84%A4%CB%87&word=%E5%80%A3"
"ㄈㄤˇ","紡","","8","待補充","https://dict.concised.moe.edu.tw/searchP.jsp?SN=%E3%84%88&SN2=%E3%84%88%E3%84%A4%CB%87&word=%E7%B4%A1"
"ㄈㄤˇ","舫","","1","待補充","https://dict.concised.moe.edu.tw/searchP.jsp?SN=%E3%84%88&SN2=%E3%84%88%E3%84%A4%CB%87&word=%E8%88%AB"
"ㄈㄤˇ","訪","","11","待補充","https://dict.concised.moe.edu.tw/searchP.jsp?SN=%E3%84%88&SN2=%E3%84%88%E3%84%A4%CB%87&word=%E8%A8%AA"
"ㄈㄤˇ","髣","","2","待補充","https://dict.concised.moe.edu.tw/searchP.jsp?SN=%E3%84%88&SN2=%E3%84%88%E3%84%A4%CB%87&word=%E9%AB%A3"
"ㄈㄤˊ","坊","","1","待補充","https://dict.concised.moe.edu.tw/searchP.jsp?SN=%E3%84%88&SN2=%E3%84%88%E3%84%A4%CB%8A&word=%E5%9D%8A"
"ㄈㄤˊ","妨","","3","待補充","https://dict.concised.moe.edu.tw/searchP.jsp?SN=%E3%84%88&SN2=%E3%84%88%E3%84%A4%CB%8A&word=%E5%A6%A8"
"ㄈㄤˊ","防","","20","待補充","https://dict.concised.moe.edu.tw/searchP.jsp?SN=%E3%84%88&SN2=%E3%84%88%E3%84%A4%CB%8A&word=%E9%98%B2"
"ㄈㄤˊ","房","房子","16","已有可用詞","https://dict.concised.moe.edu.tw/searchP.jsp?SN=%E3%84%88&SN2=%E3%84%88%E3%84%A4%CB%8A&word=%E6%88%BF"
"ㄈㄤˊ","肪","","1","待補充","https://dict.concised.moe.edu.tw/searchP.jsp?SN=%E3%84%88&SN2=%E3%84%88%E3%84%A4%CB%8A&word=%E8%82%AA"
"ㄈㄤˋ","放","","20","待補充","https://dict.concised.moe.edu.tw/searchP.jsp?SN=%E3%84%88&SN2=%E3%84%88%E3%84%A4%CB%8B&word=%E6%94%BE"
"ㄈㄥ","丰","","4","待補充","https://dict.concised.moe.edu.tw/searchP.jsp?SN=%E3%84%88&SN2=%E3%84%88%E3%84%A5&word=%E4%B8%B0"
"ㄈㄥ","封","","15","待補充","https://dict.concised.moe.edu.tw/searchP.jsp?SN=%E3%84%88&SN2=%E3%84%88%E3%84%A5&word=%E5%B0%81"
"ㄈㄥ","風","","19","待補充","https://dict.concised.moe.edu.tw/searchP.jsp?SN=%E3%84%88&SN2=%E3%84%88%E3%84%A5&word=%E9%A2%A8"
"ㄈㄥ","峰","","3","待補充","https://dict.concised.moe.edu.tw/searchP.jsp?SN=%E3%84%88&SN2=%E3%84%88%E3%84%A5&word=%E5%B3%B0"
"ㄈㄥ","烽","","2","待補充","https://dict.concised.moe.edu.tw/searchP.jsp?SN=%E3%84%88&SN2=%E3%84%88%E3%84%A5&word=%E7%83%BD"
"ㄈㄥ","楓","","2","待補充","https://dict.concised.moe.edu.tw/searchP.jsp?SN=%E3%84%88&SN2=%E3%84%88%E3%84%A5&word=%E6%A5%93"
"ㄈㄥ","蜂","","11","待補充","https://dict.concised.moe.edu.tw/searchP.jsp?SN=%E3%84%88&SN2=%E3%84%88%E3%84%A5&word=%E8%9C%82"
"ㄈㄥ","瘋","","6","待補充","https://dict.concised.moe.edu.tw/searchP.jsp?SN=%E3%84%88&SN2=%E3%84%88%E3%84%A5&word=%E7%98%8B"
"ㄈㄥ","鋒","","6","待補充","https://dict.concised.moe.edu.tw/searchP.jsp?SN=%E3%84%88&SN2=%E3%84%88%E3%84%A5&word=%E9%8B%92"
"ㄈㄥ","豐","","17","待補充","https://dict.concised.moe.edu.tw/searchP.jsp?SN=%E3%84%88&SN2=%E3%84%88%E3%84%A5&word=%E8%B1%90"
"ㄈㄥ","酆","","1","待補充","https://dict.concised.moe.edu.tw/searchP.jsp?SN=%E3%84%88&SN2=%E3%84%88%E3%84%A5&word=%E9%85%86"
"ㄈㄥˊ","逢","","5","待補充","https://dict.concised.moe.edu.tw/searchP.jsp?SN=%E3%84%88&SN2=%E3%84%88%E3%84%A5%CB%8A&word=%E9%80%A2"
"ㄈㄥˊ","馮","","2","待補充","https://dict.concised.moe.edu.tw/searchP.jsp?SN=%E3%84%88&SN2=%E3%84%88%E3%84%A5%CB%8A&word=%E9%A6%AE"
"ㄈㄥˊ","縫","","5","待補充","https://dict.concised.moe.edu.tw/searchP.jsp?SN=%E3%84%88&SN2=%E3%84%88%E3%84%A5%CB%8A&word=%E7%B8%AB"
"ㄈㄥˋ","奉","","19","待補充","https://dict.concised.moe.edu.tw/searchP.jsp?SN=%E3%84%88&SN2=%E3%84%88%E3%84%A5%CB%8B&word=%E5%A5%89"
"ㄈㄥˋ","風","","1","待補充","https://dict.concised.moe.edu.tw/searchP.jsp?SN=%E3%84%88&SN2=%E3%84%88%E3%84%A5%CB%8B&word=%E9%A2%A8"
"ㄈㄥˋ","俸","","2","待補充","https://dict.concised.moe.edu.tw/searchP.jsp?SN=%E3%84%88&SN2=%E3%84%88%E3%84%A5%CB%8B&word=%E4%BF%B8"
"ㄈㄥˋ","鳳","","12","待補充","https://dict.concised.moe.edu.tw/searchP.jsp?SN=%E3%84%88&SN2=%E3%84%88%E3%84%A5%CB%8B&word=%E9%B3%B3"
"ㄈㄥˋ","諷","","3","待補充","https://dict.concised.moe.edu.tw/searchP.jsp?SN=%E3%84%88&SN2=%E3%84%88%E3%84%A5%CB%8B&word=%E8%AB%B7"
"ㄈㄥˋ","縫","","2","待補充","https://dict.concised.moe.edu.tw/searchP.jsp?SN=%E3%84%88&SN2=%E3%84%88%E3%84%A5%CB%8B&word=%E7%B8%AB"
"ㄈㄨ","夫","","8","待補充","https://dict.concised.moe.edu.tw/searchP.jsp?SN=%E3%84%88&SN2=%E3%84%88%E3%84%A8&word=%E5%A4%AB"
"ㄈㄨ","伕","","1","待補充","https://dict.concised.moe.edu.tw/searchP.jsp?SN=%E3%84%88&SN2=%E3%84%88%E3%84%A8&word=%E4%BC%95"
"ㄈㄨ","趺","","2","待補充","https://dict.concised.moe.edu.tw/searchP.jsp?SN=%E3%84%88&SN2=%E3%84%88%E3%84%A8&word=%E8%B6%BA"
"ㄈㄨ","孵","","3","待補充","https://dict.concised.moe.edu.tw/searchP.jsp?SN=%E3%84%88&SN2=%E3%84%88%E3%84%A8&word=%E5%AD%B5"
"ㄈㄨ","敷","","5","待補充","https://dict.concised.moe.edu.tw/searchP.jsp?SN=%E3%84%88&SN2=%E3%84%88%E3%84%A8&word=%E6%95%B7"
"ㄈㄨ","膚","","3","待補充","https://dict.concised.moe.edu.tw/searchP.jsp?SN=%E3%84%88&SN2=%E3%84%88%E3%84%A8&word=%E8%86%9A"
"ㄈㄨ","麩","","1","待補充","https://dict.concised.moe.edu.tw/searchP.jsp?SN=%E3%84%88&SN2=%E3%84%88%E3%84%A8&word=%E9%BA%A9"
"ㄈㄨˇ","父","","1","待補充","https://dict.concised.moe.edu.tw/searchP.jsp?SN=%E3%84%88&SN2=%E3%84%88%E3%84%A8%CB%87&word=%E7%88%B6"
"ㄈㄨˇ","甫","","1","待補充","https://dict.concised.moe.edu.tw/searchP.jsp?SN=%E3%84%88&SN2=%E3%84%88%E3%84%A8%CB%87&word=%E7%94%AB"
"ㄈㄨˇ","府","","7","待補充","https://dict.concised.moe.edu.tw/searchP.jsp?SN=%E3%84%88&SN2=%E3%84%88%E3%84%A8%CB%87&word=%E5%BA%9C"
"ㄈㄨˇ","拊","","2","待補充","https://dict.concised.moe.edu.tw/searchP.jsp?SN=%E3%84%88&SN2=%E3%84%88%E3%84%A8%CB%87&word=%E6%8B%8A"
"ㄈㄨˇ","斧","","3","待補充","https://dict.concised.moe.edu.tw/searchP.jsp?SN=%E3%84%88&SN2=%E3%84%88%E3%84%A8%CB%87&word=%E6%96%A7"
"ㄈㄨˇ","俛","","1","待補充","https://dict.concised.moe.edu.tw/searchP.jsp?SN=%E3%84%88&SN2=%E3%84%88%E3%84%A8%CB%87&word=%E4%BF%9B"
"ㄈㄨˇ","俯","","13","待補充","https://dict.concised.moe.edu.tw/searchP.jsp?SN=%E3%84%88&SN2=%E3%84%88%E3%84%A8%CB%87&word=%E4%BF%AF"
"ㄈㄨˇ","釜","","2","待補充","https://dict.concised.moe.edu.tw/searchP.jsp?SN=%E3%84%88&SN2=%E3%84%88%E3%84%A8%CB%87&word=%E9%87%9C"
"ㄈㄨˇ","脯","","1","待補充","https://dict.concised.moe.edu.tw/searchP.jsp?SN=%E3%84%88&SN2=%E3%84%88%E3%84%A8%CB%87&word=%E8%84%AF"
"ㄈㄨˇ","腑","","1","待補充","https://dict.concised.moe.edu.tw/searchP.jsp?SN=%E3%84%88&SN2=%E3%84%88%E3%84%A8%CB%87&word=%E8%85%91"
"ㄈㄨˇ","腐","","9","待補充","https://dict.concised.moe.edu.tw/searchP.jsp?SN=%E3%84%88&SN2=%E3%84%88%E3%84%A8%CB%87&word=%E8%85%90"
"ㄈㄨˇ","輔","","8","待補充","https://dict.concised.moe.edu.tw/searchP.jsp?SN=%E3%84%88&SN2=%E3%84%88%E3%84%A8%CB%87&word=%E8%BC%94"
"ㄈㄨˇ","撫","","12","待補充","https://dict.concised.moe.edu.tw/searchP.jsp?SN=%E3%84%88&SN2=%E3%84%88%E3%84%A8%CB%87&word=%E6%92%AB"
"ㄈㄨˇ","頫","","1","待補充","https://dict.concised.moe.edu.tw/searchP.jsp?SN=%E3%84%88&SN2=%E3%84%88%E3%84%A8%CB%87&word=%E9%A0%AB"
"ㄈㄨˇ","黼","","1","待補充","https://dict.concised.moe.edu.tw/searchP.jsp?SN=%E3%84%88&SN2=%E3%84%88%E3%84%A8%CB%87&word=%E9%BB%BC"
"ㄈㄨˊ","夫","","1","待補充","https://dict.concised.moe.edu.tw/searchP.jsp?SN=%E3%84%88&SN2=%E3%84%88%E3%84%A8%CB%8A&word=%E5%A4%AB"
"ㄈㄨˊ","巿","","1","待補充","https://dict.concised.moe.edu.tw/searchP.jsp?SN=%E3%84%88&SN2=%E3%84%88%E3%84%A8%CB%8A&word=%E5%B7%BF"
"ㄈㄨˊ","弗","","1","待補充","https://dict.concised.moe.edu.tw/searchP.jsp?SN=%E3%84%88&SN2=%E3%84%88%E3%84%A8%CB%8A&word=%E5%BC%97"
"ㄈㄨˊ","伏","","14","待補充","https://dict.concised.moe.edu.tw/searchP.jsp?SN=%E3%84%88&SN2=%E3%84%88%E3%84%A8%CB%8A&word=%E4%BC%8F"
"ㄈㄨˊ","佛","","1","待補充","https://dict.concised.moe.edu.tw/searchP.jsp?SN=%E3%84%88&SN2=%E3%84%88%E3%84%A8%CB%8A&word=%E4%BD%9B"
"ㄈㄨˊ","孚","","2","待補充","https://dict.concised.moe.edu.tw/searchP.jsp?SN=%E3%84%88&SN2=%E3%84%88%E3%84%A8%CB%8A&word=%E5%AD%9A"
"ㄈㄨˊ","扶","","13","待補充","https://dict.concised.moe.edu.tw/searchP.jsp?SN=%E3%84%88&SN2=%E3%84%88%E3%84%A8%CB%8A&word=%E6%89%B6"
"ㄈㄨˊ","宓","","1","待補充","https://dict.concised.moe.edu.tw/searchP.jsp?SN=%E3%84%88&SN2=%E3%84%88%E3%84%A8%CB%8A&word=%E5%AE%93"
"ㄈㄨˊ","彿","","1","待補充","https://dict.concised.moe.edu.tw/searchP.jsp?SN=%E3%84%88&SN2=%E3%84%88%E3%84%A8%CB%8A&word=%E5%BD%BF"
"ㄈㄨˊ","拂","","4","待補充","https://dict.concised.moe.edu.tw/searchP.jsp?SN=%E3%84%88&SN2=%E3%84%88%E3%84%A8%CB%8A&word=%E6%8B%82"
"ㄈㄨˊ","服","","20","待補充","https://dict.concised.moe.edu.tw/searchP.jsp?SN=%E3%84%88&SN2=%E3%84%88%E3%84%A8%CB%8A&word=%E6%9C%8D"
"ㄈㄨˊ","芙","","2","待補充","https://dict.concised.moe.edu.tw/searchP.jsp?SN=%E3%84%88&SN2=%E3%84%88%E3%84%A8%CB%8A&word=%E8%8A%99"
"ㄈㄨˊ","芾","","1","待補充","https://dict.concised.moe.edu.tw/searchP.jsp?SN=%E3%84%88&SN2=%E3%84%88%E3%84%A8%CB%8A&word=%E8%8A%BE"
"ㄈㄨˊ","俘","","3","待補充","https://dict.concised.moe.edu.tw/searchP.jsp?SN=%E3%84%88&SN2=%E3%84%88%E3%84%A8%CB%8A&word=%E4%BF%98"
"ㄈㄨˊ","氟","","1","待補充","https://dict.concised.moe.edu.tw/searchP.jsp?SN=%E3%84%88&SN2=%E3%84%88%E3%84%A8%CB%8A&word=%E6%B0%9F"
"ㄈㄨˊ","苻","","1","待補充","https://dict.concised.moe.edu.tw/searchP.jsp?SN=%E3%84%88&SN2=%E3%84%88%E3%84%A8%CB%8A&word=%E8%8B%BB"
"ㄈㄨˊ","浮","","20","待補充","https://dict.concised.moe.edu.tw/searchP.jsp?SN=%E3%84%88&SN2=%E3%84%88%E3%84%A8%CB%8A&word=%E6%B5%AE"
"ㄈㄨˊ","茯","","1","待補充","https://dict.concised.moe.edu.tw/searchP.jsp?SN=%E3%84%88&SN2=%E3%84%88%E3%84%A8%CB%8A&word=%E8%8C%AF"
"ㄈㄨˊ","郛","","1","待補充","https://dict.concised.moe.edu.tw/searchP.jsp?SN=%E3%84%88&SN2=%E3%84%88%E3%84%A8%CB%8A&word=%E9%83%9B"
"ㄈㄨˊ","匐","","1","待補充","https://dict.concised.moe.edu.tw/searchP.jsp?SN=%E3%84%88&SN2=%E3%84%88%E3%84%A8%CB%8A&word=%E5%8C%90"
"ㄈㄨˊ","涪","","1","待補充","https://dict.concised.moe.edu.tw/searchP.jsp?SN=%E3%84%88&SN2=%E3%84%88%E3%84%A8%CB%8A&word=%E6%B6%AA"
"ㄈㄨˊ","符","","4","待補充","https://dict.concised.moe.edu.tw/searchP.jsp?SN=%E3%84%88&SN2=%E3%84%88%E3%84%A8%CB%8A&word=%E7%AC%A6"
"ㄈㄨˊ","幅","","3","待補充","https://dict.concised.moe.edu.tw/searchP.jsp?SN=%E3%84%88&SN2=%E3%84%88%E3%84%A8%CB%8A&word=%E5%B9%85"
"ㄈㄨˊ","袱","","1","待補充","https://dict.concised.moe.edu.tw/searchP.jsp?SN=%E3%84%88&SN2=%E3%84%88%E3%84%A8%CB%8A&word=%E8%A2%B1"
"ㄈㄨˊ","蜉","","2","待補充","https://dict.concised.moe.edu.tw/searchP.jsp?SN=%E3%84%88&SN2=%E3%84%88%E3%84%A8%CB%8A&word=%E8%9C%89"
"ㄈㄨˊ","鳧","","1","待補充","https://dict.concised.moe.edu.tw/searchP.jsp?SN=%E3%84%88&SN2=%E3%84%88%E3%84%A8%CB%8A&word=%E9%B3%A7"
"ㄈㄨˊ","福","","14","待補充","https://dict.concised.moe.edu.tw/searchP.jsp?SN=%E3%84%88&SN2=%E3%84%88%E3%84%A8%CB%8A&word=%E7%A6%8F"
"ㄈㄨˊ","蝠","","1","待補充","https://dict.concised.moe.edu.tw/searchP.jsp?SN=%E3%84%88&SN2=%E3%84%88%E3%84%A8%CB%8A&word=%E8%9D%A0"
"ㄈㄨˊ","髴","","1","待補充","https://dict.concised.moe.edu.tw/searchP.jsp?SN=%E3%84%88&SN2=%E3%84%88%E3%84%A8%CB%8A&word=%E9%AB%B4"
"ㄈㄨˊ","縛","","3","待補充","https://dict.concised.moe.edu.tw/searchP.jsp?SN=%E3%84%88&SN2=%E3%84%88%E3%84%A8%CB%8A&word=%E7%B8%9B"
"ㄈㄨˊ","輻","","4","待補充","https://dict.concised.moe.edu.tw/searchP.jsp?SN=%E3%84%88&SN2=%E3%84%88%E3%84%A8%CB%8A&word=%E8%BC%BB"
"ㄈㄨˊ","黻","","1","待補充","https://dict.concised.moe.edu.tw/searchP.jsp?SN=%E3%84%88&SN2=%E3%84%88%E3%84%A8%CB%8A&word=%E9%BB%BB"
"ㄈㄨˋ","父","","8","待補充","https://dict.concised.moe.edu.tw/searchP.jsp?SN=%E3%84%88&SN2=%E3%84%88%E3%84%A8%CB%8B&word=%E7%88%B6"
"ㄈㄨˋ","付","","17","待補充","https://dict.concised.moe.edu.tw/searchP.jsp?SN=%E3%84%88&SN2=%E3%84%88%E3%84%A8%CB%8B&word=%E4%BB%98"
"ㄈㄨˋ","咐","","1","待補充","https://dict.concised.moe.edu.tw/searchP.jsp?SN=%E3%84%88&SN2=%E3%84%88%E3%84%A8%CB%8B&word=%E5%92%90"
"ㄈㄨˋ","阜","","1","待補充","https://dict.concised.moe.edu.tw/searchP.jsp?SN=%E3%84%88&SN2=%E3%84%88%E3%84%A8%CB%8B&word=%E9%98%9C"
"ㄈㄨˋ","附","","20","待補充","https://dict.concised.moe.edu.tw/searchP.jsp?SN=%E3%84%88&SN2=%E3%84%88%E3%84%A8%CB%8B&word=%E9%99%84"
"ㄈㄨˋ","訃","","3","待補充","https://dict.concised.moe.edu.tw/searchP.jsp?SN=%E3%84%88&SN2=%E3%84%88%E3%84%A8%CB%8B&word=%E8%A8%83"
"ㄈㄨˋ","負","","20","待補充","https://dict.concised.moe.edu.tw/searchP.jsp?SN=%E3%84%88&SN2=%E3%84%88%E3%84%A8%CB%8B&word=%E8%B2%A0"
"ㄈㄨˋ","赴","","7","待補充","https://dict.concised.moe.edu.tw/searchP.jsp?SN=%E3%84%88&SN2=%E3%84%88%E3%84%A8%CB%8B&word=%E8%B5%B4"
"ㄈㄨˋ","副","","14","待補充","https://dict.concised.moe.edu.tw/searchP.jsp?SN=%E3%84%88&SN2=%E3%84%88%E3%84%A8%CB%8B&word=%E5%89%AF"
"ㄈㄨˋ","婦","","11","待補充","https://dict.concised.moe.edu.tw/searchP.jsp?SN=%E3%84%88&SN2=%E3%84%88%E3%84%A8%CB%8B&word=%E5%A9%A6"
"ㄈㄨˋ","傅","","1","待補充","https://dict.concised.moe.edu.tw/searchP.jsp?SN=%E3%84%88&SN2=%E3%84%88%E3%84%A8%CB%8B&word=%E5%82%85"
"ㄈㄨˋ","富","","18","待補充","https://dict.concised.moe.edu.tw/searchP.jsp?SN=%E3%84%88&SN2=%E3%84%88%E3%84%A8%CB%8B&word=%E5%AF%8C"
"ㄈㄨˋ","復","","20","待補充","https://dict.concised.moe.edu.tw/searchP.jsp?SN=%E3%84%88&SN2=%E3%84%88%E3%84%A8%CB%8B&word=%E5%BE%A9"
"ㄈㄨˋ","腹","","9","待補充","https://dict.concised.moe.edu.tw/searchP.jsp?SN=%E3%84%88&SN2=%E3%84%88%E3%84%A8%CB%8B&word=%E8%85%B9"
"ㄈㄨˋ","複","","20","待補充","https://dict.concised.moe.edu.tw/searchP.jsp?SN=%E3%84%88&SN2=%E3%84%88%E3%84%A8%CB%8B&word=%E8%A4%87"
"ㄈㄨˋ","賦","","6","待補充","https://dict.concised.moe.edu.tw/searchP.jsp?SN=%E3%84%88&SN2=%E3%84%88%E3%84%A8%CB%8B&word=%E8%B3%A6"
"ㄈㄨˋ","駙","","2","待補充","https://dict.concised.moe.edu.tw/searchP.jsp?SN=%E3%84%88&SN2=%E3%84%88%E3%84%A8%CB%8B&word=%E9%A7%99"
"ㄈㄨˋ","覆","","12","待補充","https://dict.concised.moe.edu.tw/searchP.jsp?SN=%E3%84%88&SN2=%E3%84%88%E3%84%A8%CB%8B&word=%E8%A6%86"
"ㄈㄨˋ","馥","","2","待補充","https://dict.concised.moe.edu.tw/searchP.jsp?SN=%E3%84%88&SN2=%E3%84%88%E3%84%A8%CB%8B&word=%E9%A6%A5"
"ㄉㄚ","耷","","1","待補充","https://dict.concised.moe.edu.tw/searchP.jsp?SN=%E3%84%89&SN2=%E3%84%89%E3%84%9A&word=%E8%80%B7"
"ㄉㄚ","答","","18","待補充","https://dict.concised.moe.edu.tw/searchP.jsp?SN=%E3%84%89&SN2=%E3%84%89%E3%84%9A&word=%E7%AD%94"
"ㄉㄚ","搭","","14","待補充","https://dict.concised.moe.edu.tw/searchP.jsp?SN=%E3%84%89&SN2=%E3%84%89%E3%84%9A&word=%E6%90%AD"
"ㄉㄚ","褡","","1","待補充","https://dict.concised.moe.edu.tw/searchP.jsp?SN=%E3%84%89&SN2=%E3%84%89%E3%84%9A&word=%E8%A4%A1"
"ㄉㄚ","躂","","1","待補充","https://dict.concised.moe.edu.tw/searchP.jsp?SN=%E3%84%89&SN2=%E3%84%89%E3%84%9A&word=%E8%BA%82"
"ㄉㄚˇ","打","","20","待補充","https://dict.concised.moe.edu.tw/searchP.jsp?SN=%E3%84%89&SN2=%E3%84%89%E3%84%9A%CB%87&word=%E6%89%93"
"ㄉㄚˊ","妲","","2","待補充","https://dict.concised.moe.edu.tw/searchP.jsp?SN=%E3%84%89&SN2=%E3%84%89%E3%84%9A%CB%8A&word=%E5%A6%B2"
"ㄉㄚˊ","答","","14","待補充","https://dict.concised.moe.edu.tw/searchP.jsp?SN=%E3%84%89&SN2=%E3%84%89%E3%84%9A%CB%8A&word=%E7%AD%94"
"ㄉㄚˊ","達","","12","待補充","https://dict.concised.moe.edu.tw/searchP.jsp?SN=%E3%84%89&SN2=%E3%84%89%E3%84%9A%CB%8A&word=%E9%81%94"
"ㄉㄚˊ","靼","","1","待補充","https://dict.concised.moe.edu.tw/searchP.jsp?SN=%E3%84%89&SN2=%E3%84%89%E3%84%9A%CB%8A&word=%E9%9D%BC"
"ㄉㄚˊ","瘩","","1","待補充","https://dict.concised.moe.edu.tw/searchP.jsp?SN=%E3%84%89&SN2=%E3%84%89%E3%84%9A%CB%8A&word=%E7%98%A9"
"ㄉㄚˊ","噠","","1","待補充","https://dict.concised.moe.edu.tw/searchP.jsp?SN=%E3%84%89&SN2=%E3%84%89%E3%84%9A%CB%8A&word=%E5%99%A0"
"ㄉㄚˊ","韃","","3","待補充","https://dict.concised.moe.edu.tw/searchP.jsp?SN=%E3%84%89&SN2=%E3%84%89%E3%84%9A%CB%8A&word=%E9%9F%83"
"ㄉㄚˋ","大","","20","待補充","https://dict.concised.moe.edu.tw/searchP.jsp?SN=%E3%84%89&SN2=%E3%84%89%E3%84%9A%CB%8B&word=%E5%A4%A7"
"ㄉㄜˊ","得","","19","待補充","https://dict.concised.moe.edu.tw/searchP.jsp?SN=%E3%84%89&SN2=%E3%84%89%E3%84%9C%CB%8A&word=%E5%BE%97"
"ㄉㄜˊ","德","","12","待補充","https://dict.concised.moe.edu.tw/searchP.jsp?SN=%E3%84%89&SN2=%E3%84%89%E3%84%9C%CB%8A&word=%E5%BE%B7"
"ㄉㄞ","呆","","10","待補充","https://dict.concised.moe.edu.tw/searchP.jsp?SN=%E3%84%89&SN2=%E3%84%89%E3%84%9E&word=%E5%91%86"
"ㄉㄞ","待","","13","待補充","https://dict.concised.moe.edu.tw/searchP.jsp?SN=%E3%84%89&SN2=%E3%84%89%E3%84%9E&word=%E5%BE%85"
"ㄉㄞ","獃","","2","待補充","https://dict.concised.moe.edu.tw/searchP.jsp?SN=%E3%84%89&SN2=%E3%84%89%E3%84%9E&word=%E7%8D%83"
"ㄉㄞˇ","歹","","8","待補充","https://dict.concised.moe.edu.tw/searchP.jsp?SN=%E3%84%89&SN2=%E3%84%89%E3%84%9E%CB%87&word=%E6%AD%B9"
"ㄉㄞˇ","逮","","2","待補充","https://dict.concised.moe.edu.tw/searchP.jsp?SN=%E3%84%89&SN2=%E3%84%89%E3%84%9E%CB%87&word=%E9%80%AE"
"ㄉㄞˋ","大","","2","待補充","https://dict.concised.moe.edu.tw/searchP.jsp?SN=%E3%84%89&SN2=%E3%84%89%E3%84%9E%CB%8B&word=%E5%A4%A7"
"ㄉㄞˋ","代","","20","待補充","https://dict.concised.moe.edu.tw/searchP.jsp?SN=%E3%84%89&SN2=%E3%84%89%E3%84%9E%CB%8B&word=%E4%BB%A3"
"ㄉㄞˋ","岱","","1","待補充","https://dict.concised.moe.edu.tw/searchP.jsp?SN=%E3%84%89&SN2=%E3%84%89%E3%84%9E%CB%8B&word=%E5%B2%B1"
"ㄉㄞˋ","待","","13","待補充","https://dict.concised.moe.edu.tw/searchP.jsp?SN=%E3%84%89&SN2=%E3%84%89%E3%84%9E%CB%8B&word=%E5%BE%85"
"ㄉㄞˋ","怠","","7","待補充","https://dict.concised.moe.edu.tw/searchP.jsp?SN=%E3%84%89&SN2=%E3%84%89%E3%84%9E%CB%8B&word=%E6%80%A0"
"ㄉㄞˋ","殆","","2","待補充","https://dict.concised.moe.edu.tw/searchP.jsp?SN=%E3%84%89&SN2=%E3%84%89%E3%84%9E%CB%8B&word=%E6%AE%86"
"ㄉㄞˋ","玳","","2","待補充","https://dict.concised.moe.edu.tw/searchP.jsp?SN=%E3%84%89&SN2=%E3%84%89%E3%84%9E%CB%8B&word=%E7%8E%B3"
"ㄉㄞˋ","迨","","1","待補充","https://dict.concised.moe.edu.tw/searchP.jsp?SN=%E3%84%89&SN2=%E3%84%89%E3%84%9E%CB%8B&word=%E8%BF%A8"
"ㄉㄞˋ","帶","","17","待補充","https://dict.concised.moe.edu.tw/searchP.jsp?SN=%E3%84%89&SN2=%E3%84%89%E3%84%9E%CB%8B&word=%E5%B8%B6"
"ㄉㄞˋ","紿","","1","待補充","https://dict.concised.moe.edu.tw/searchP.jsp?SN=%E3%84%89&SN2=%E3%84%89%E3%84%9E%CB%8B&word=%E7%B4%BF"
"ㄉㄞˋ","袋","","3","待補充","https://dict.concised.moe.edu.tw/searchP.jsp?SN=%E3%84%89&SN2=%E3%84%89%E3%84%9E%CB%8B&word=%E8%A2%8B"
"ㄉㄞˋ","貸","","3","待補充","https://dict.concised.moe.edu.tw/searchP.jsp?SN=%E3%84%89&SN2=%E3%84%89%E3%84%9E%CB%8B&word=%E8%B2%B8"
"ㄉㄞˋ","逮","","1","待補充","https://dict.concised.moe.edu.tw/searchP.jsp?SN=%E3%84%89&SN2=%E3%84%89%E3%84%9E%CB%8B&word=%E9%80%AE"
"ㄉㄞˋ","駘","","2","待補充","https://dict.concised.moe.edu.tw/searchP.jsp?SN=%E3%84%89&SN2=%E3%84%89%E3%84%9E%CB%8B&word=%E9%A7%98"
"ㄉㄞˋ","戴","","5","待補充","https://dict.concised.moe.edu.tw/searchP.jsp?SN=%E3%84%89&SN2=%E3%84%89%E3%84%9E%CB%8B&word=%E6%88%B4"
"ㄉㄞˋ","黛","","2","待補充","https://dict.concised.moe.edu.tw/searchP.jsp?SN=%E3%84%89&SN2=%E3%84%89%E3%84%9E%CB%8B&word=%E9%BB%9B"
"ㄉㄟˇ","得","","1","待補充","https://dict.concised.moe.edu.tw/searchP.jsp?SN=%E3%84%89&SN2=%E3%84%89%E3%84%9F%CB%87&word=%E5%BE%97"
"ㄉㄠ","刀","","20","待補充","https://dict.concised.moe.edu.tw/searchP.jsp?SN=%E3%84%89&SN2=%E3%84%89%E3%84%A0&word=%E5%88%80"
"ㄉㄠ","叨","","2","待補充","https://dict.concised.moe.edu.tw/searchP.jsp?SN=%E3%84%89&SN2=%E3%84%89%E3%84%A0&word=%E5%8F%A8"
"ㄉㄠˇ","倒","","19","待補充","https://dict.concised.moe.edu.tw/searchP.jsp?SN=%E3%84%89&SN2=%E3%84%89%E3%84%A0%CB%87&word=%E5%80%92"
"ㄉㄠˇ","島","","4","待補充","https://dict.concised.moe.edu.tw/searchP.jsp?SN=%E3%84%89&SN2=%E3%84%89%E3%84%A0%CB%87&word=%E5%B3%B6"
"ㄉㄠˇ","搗","","7","待補充","https://dict.concised.moe.edu.tw/searchP.jsp?SN=%E3%84%89&SN2=%E3%84%89%E3%84%A0%CB%87&word=%E6%90%97"
"ㄉㄠˇ","導","","20","待補充","https://dict.concised.moe.edu.tw/searchP.jsp?SN=%E3%84%89&SN2=%E3%84%89%E3%84%A0%CB%87&word=%E5%B0%8E"
"ㄉㄠˇ","擣","","1","待補充","https://dict.concised.moe.edu.tw/searchP.jsp?SN=%E3%84%89&SN2=%E3%84%89%E3%84%A0%CB%87&word=%E6%93%A3"
"ㄉㄠˇ","禱","","4","待補充","https://dict.concised.moe.edu.tw/searchP.jsp?SN=%E3%84%89&SN2=%E3%84%89%E3%84%A0%CB%87&word=%E7%A6%B1"
"ㄉㄠˋ","到","","16","待補充","https://dict.concised.moe.edu.tw/searchP.jsp?SN=%E3%84%89&SN2=%E3%84%89%E3%84%A0%CB%8B&word=%E5%88%B0"
"ㄉㄠˋ","倒","","20","待補充","https://dict.concised.moe.edu.tw/searchP.jsp?SN=%E3%84%89&SN2=%E3%84%89%E3%84%A0%CB%8B&word=%E5%80%92"
"ㄉㄠˋ","悼","","4","待補充","https://dict.concised.moe.edu.tw/searchP.jsp?SN=%E3%84%89&SN2=%E3%84%89%E3%84%A0%CB%8B&word=%E6%82%BC"
"ㄉㄠˋ","盜","","17","待補充","https://dict.concised.moe.edu.tw/searchP.jsp?SN=%E3%84%89&SN2=%E3%84%89%E3%84%A0%CB%8B&word=%E7%9B%9C"
"ㄉㄠˋ","道","","20","待補充","https://dict.concised.moe.edu.tw/searchP.jsp?SN=%E3%84%89&SN2=%E3%84%89%E3%84%A0%CB%8B&word=%E9%81%93"
"ㄉㄠˋ","稻","","13","待補充","https://dict.concised.moe.edu.tw/searchP.jsp?SN=%E3%84%89&SN2=%E3%84%89%E3%84%A0%CB%8B&word=%E7%A8%BB"
"ㄉㄠˋ","蹈","","1","待補充","https://dict.concised.moe.edu.tw/searchP.jsp?SN=%E3%84%89&SN2=%E3%84%89%E3%84%A0%CB%8B&word=%E8%B9%88"
"ㄉㄠˋ","纛","","1","待補充","https://dict.concised.moe.edu.tw/searchP.jsp?SN=%E3%84%89&SN2=%E3%84%89%E3%84%A0%CB%8B&word=%E7%BA%9B"
"ㄉㄡ","兜","","5","待補充","https://dict.concised.moe.edu.tw/searchP.jsp?SN=%E3%84%89&SN2=%E3%84%89%E3%84%A1&word=%E5%85%9C"
"ㄉㄡ","都","","1","待補充","https://dict.concised.moe.edu.tw/searchP.jsp?SN=%E3%84%89&SN2=%E3%84%89%E3%84%A1&word=%E9%83%BD"
"ㄉㄡˇ","斗","","7","待補充","https://dict.concised.moe.edu.tw/searchP.jsp?SN=%E3%84%89&SN2=%E3%84%89%E3%84%A1%CB%87&word=%E6%96%97"
"ㄉㄡˇ","抖","","5","待補充","https://dict.concised.moe.edu.tw/searchP.jsp?SN=%E3%84%89&SN2=%E3%84%89%E3%84%A1%CB%87&word=%E6%8A%96"
"ㄉㄡˇ","蚪","","1","待補充","https://dict.concised.moe.edu.tw/searchP.jsp?SN=%E3%84%89&SN2=%E3%84%89%E3%84%A1%CB%87&word=%E8%9A%AA"
"ㄉㄡˇ","陡","","9","待補充","https://dict.concised.moe.edu.tw/searchP.jsp?SN=%E3%84%89&SN2=%E3%84%89%E3%84%A1%CB%87&word=%E9%99%A1"
"ㄉㄡˋ","豆","","15","待補充","https://dict.concised.moe.edu.tw/searchP.jsp?SN=%E3%84%89&SN2=%E3%84%89%E3%84%A1%CB%8B&word=%E8%B1%86"
"ㄉㄡˋ","鬥","","17","待補充","https://dict.concised.moe.edu.tw/searchP.jsp?SN=%E3%84%89&SN2=%E3%84%89%E3%84%A1%CB%8B&word=%E9%AC%A5"
"ㄉㄡˋ","荳","","3","待補充","https://dict.concised.moe.edu.tw/searchP.jsp?SN=%E3%84%89&SN2=%E3%84%89%E3%84%A1%CB%8B&word=%E8%8D%B3"
"ㄉㄡˋ","逗","","6","待補充","https://dict.concised.moe.edu.tw/searchP.jsp?SN=%E3%84%89&SN2=%E3%84%89%E3%84%A1%CB%8B&word=%E9%80%97"
"ㄉㄡˋ","痘","","3","待補充","https://dict.concised.moe.edu.tw/searchP.jsp?SN=%E3%84%89&SN2=%E3%84%89%E3%84%A1%CB%8B&word=%E7%97%98"
"ㄉㄡˋ","竇","","1","待補充","https://dict.concised.moe.edu.tw/searchP.jsp?SN=%E3%84%89&SN2=%E3%84%89%E3%84%A1%CB%8B&word=%E7%AB%87"
"ㄉㄡˋ","讀","","1","待補充","https://dict.concised.moe.edu.tw/searchP.jsp?SN=%E3%84%89&SN2=%E3%84%89%E3%84%A1%CB%8B&word=%E8%AE%80"
"ㄉㄢ","丹","","4","待補充","https://dict.concised.moe.edu.tw/searchP.jsp?SN=%E3%84%89&SN2=%E3%84%89%E3%84%A2&word=%E4%B8%B9"
"ㄉㄢ","眈","","2","待補充","https://dict.concised.moe.edu.tw/searchP.jsp?SN=%E3%84%89&SN2=%E3%84%89%E3%84%A2&word=%E7%9C%88"
"ㄉㄢ","耽","","4","待補充","https://dict.concised.moe.edu.tw/searchP.jsp?SN=%E3%84%89&SN2=%E3%84%89%E3%84%A2&word=%E8%80%BD"
"ㄉㄢ","聃","","1","待補充","https://dict.concised.moe.edu.tw/searchP.jsp?SN=%E3%84%89&SN2=%E3%84%89%E3%84%A2&word=%E8%81%83"
"ㄉㄢ","單","","20","待補充","https://dict.concised.moe.edu.tw/searchP.jsp?SN=%E3%84%89&SN2=%E3%84%89%E3%84%A2&word=%E5%96%AE"
"ㄉㄢ","儋","","2","待補充","https://dict.concised.moe.edu.tw/searchP.jsp?SN=%E3%84%89&SN2=%E3%84%89%E3%84%A2&word=%E5%84%8B"
"ㄉㄢ","鄲","","1","待補充","https://dict.concised.moe.edu.tw/searchP.jsp?SN=%E3%84%89&SN2=%E3%84%89%E3%84%A2&word=%E9%84%B2"
"ㄉㄢ","擔","","14","待補充","https://dict.concised.moe.edu.tw/searchP.jsp?SN=%E3%84%89&SN2=%E3%84%89%E3%84%A2&word=%E6%93%94"
"ㄉㄢ","殫","","1","待補充","https://dict.concised.moe.edu.tw/searchP.jsp?SN=%E3%84%89&SN2=%E3%84%89%E3%84%A2&word=%E6%AE%AB"
"ㄉㄢ","簞","","2","待補充","https://dict.concised.moe.edu.tw/searchP.jsp?SN=%E3%84%89&SN2=%E3%84%89%E3%84%A2&word=%E7%B0%9E"
"ㄉㄢˇ","疸","","1","待補充","https://dict.concised.moe.edu.tw/searchP.jsp?SN=%E3%84%89&SN2=%E3%84%89%E3%84%A2%CB%87&word=%E7%96%B8"
"ㄉㄢˇ","撢","","2","待補充","https://dict.concised.moe.edu.tw/searchP.jsp?SN=%E3%84%89&SN2=%E3%84%89%E3%84%A2%CB%87&word=%E6%92%A2"
"ㄉㄢˇ","撣","","1","待補充","https://dict.concised.moe.edu.tw/searchP.jsp?SN=%E3%84%89&SN2=%E3%84%89%E3%84%A2%CB%87&word=%E6%92%A3"
"ㄉㄢˇ","膽","","15","待補充","https://dict.concised.moe.edu.tw/searchP.jsp?SN=%E3%84%89&SN2=%E3%84%89%E3%84%A2%CB%87&word=%E8%86%BD"
"ㄉㄢˋ","旦","","2","待補充","https://dict.concised.moe.edu.tw/searchP.jsp?SN=%E3%84%89&SN2=%E3%84%89%E3%84%A2%CB%8B&word=%E6%97%A6"
"ㄉㄢˋ","石","","1","待補充","https://dict.concised.moe.edu.tw/searchP.jsp?SN=%E3%84%89&SN2=%E3%84%89%E3%84%A2%CB%8B&word=%E7%9F%B3"
"ㄉㄢˋ","但","","6","待補充","https://dict.concised.moe.edu.tw/searchP.jsp?SN=%E3%84%89&SN2=%E3%84%89%E3%84%A2%CB%8B&word=%E4%BD%86"
"ㄉㄢˋ","啖","","1","待補充","https://dict.concised.moe.edu.tw/searchP.jsp?SN=%E3%84%89&SN2=%E3%84%89%E3%84%A2%CB%8B&word=%E5%95%96"
"ㄉㄢˋ","啗","","1","待補充","https://dict.concised.moe.edu.tw/searchP.jsp?SN=%E3%84%89&SN2=%E3%84%89%E3%84%A2%CB%8B&word=%E5%95%97"
"ㄉㄢˋ","淡","","20","待補充","https://dict.concised.moe.edu.tw/searchP.jsp?SN=%E3%84%89&SN2=%E3%84%89%E3%84%A2%CB%8B&word=%E6%B7%A1"
"ㄉㄢˋ","蛋","蛋黃、蛋糕","7","已有可用詞","https://dict.concised.moe.edu.tw/searchP.jsp?SN=%E3%84%89&SN2=%E3%84%89%E3%84%A2%CB%8B&word=%E8%9B%8B"
"ㄉㄢˋ","氮","","2","待補充","https://dict.concised.moe.edu.tw/searchP.jsp?SN=%E3%84%89&SN2=%E3%84%89%E3%84%A2%CB%8B&word=%E6%B0%AE"
"ㄉㄢˋ","萏","","1","待補充","https://dict.concised.moe.edu.tw/searchP.jsp?SN=%E3%84%89&SN2=%E3%84%89%E3%84%A2%CB%8B&word=%E8%90%8F"
"ㄉㄢˋ","彈","","10","待補充","https://dict.concised.moe.edu.tw/searchP.jsp?SN=%E3%84%89&SN2=%E3%84%89%E3%84%A2%CB%8B&word=%E5%BD%88"
"ㄉㄢˋ","憚","","1","待補充","https://dict.concised.moe.edu.tw/searchP.jsp?SN=%E3%84%89&SN2=%E3%84%89%E3%84%A2%CB%8B&word=%E6%86%9A"
"ㄉㄢˋ","誕","","3","待補充","https://dict.concised.moe.edu.tw/searchP.jsp?SN=%E3%84%89&SN2=%E3%84%89%E3%84%A2%CB%8B&word=%E8%AA%95"
"ㄉㄢˋ","擔","","4","待補充","https://dict.concised.moe.edu.tw/searchP.jsp?SN=%E3%84%89&SN2=%E3%84%89%E3%84%A2%CB%8B&word=%E6%93%94"
"ㄉㄢˋ","澹","","2","待補充","https://dict.concised.moe.edu.tw/searchP.jsp?SN=%E3%84%89&SN2=%E3%84%89%E3%84%A2%CB%8B&word=%E6%BE%B9"
"ㄉㄤ","當","","18","待補充","https://dict.concised.moe.edu.tw/searchP.jsp?SN=%E3%84%89&SN2=%E3%84%89%E3%84%A4&word=%E7%95%B6"
"ㄉㄤ","噹","","2","待補充","https://dict.concised.moe.edu.tw/searchP.jsp?SN=%E3%84%89&SN2=%E3%84%89%E3%84%A4&word=%E5%99%B9"
"ㄉㄤ","璫","","1","待補充","https://dict.concised.moe.edu.tw/searchP.jsp?SN=%E3%84%89&SN2=%E3%84%89%E3%84%A4&word=%E7%92%AB"
"ㄉㄤ","襠","","1","待補充","https://dict.concised.moe.edu.tw/searchP.jsp?SN=%E3%84%89&SN2=%E3%84%89%E3%84%A4&word=%E8%A5%A0"
"ㄉㄤ","鐺","","1","待補充","https://dict.concised.moe.edu.tw/searchP.jsp?SN=%E3%84%89&SN2=%E3%84%89%E3%84%A4&word=%E9%90%BA"
"ㄉㄤˇ","党","","1","待補充","https://dict.concised.moe.edu.tw/searchP.jsp?SN=%E3%84%89&SN2=%E3%84%89%E3%84%A4%CB%87&word=%E5%85%9A"
"ㄉㄤˇ","當","","1","待補充","https://dict.concised.moe.edu.tw/searchP.jsp?SN=%E3%84%89&SN2=%E3%84%89%E3%84%A4%CB%87&word=%E7%95%B6"
"ㄉㄤˇ","擋","","10","待補充","https://dict.concised.moe.edu.tw/searchP.jsp?SN=%E3%84%89&SN2=%E3%84%89%E3%84%A4%CB%87&word=%E6%93%8B"
"ㄉㄤˇ","檔","","9","待補充","https://dict.concised.moe.edu.tw/searchP.jsp?SN=%E3%84%89&SN2=%E3%84%89%E3%84%A4%CB%87&word=%E6%AA%94"
"ㄉㄤˇ","黨","","20","待補充","https://dict.concised.moe.edu.tw/searchP.jsp?SN=%E3%84%89&SN2=%E3%84%89%E3%84%A4%CB%87&word=%E9%BB%A8"
"ㄉㄤˇ","讜","","1","待補充","https://dict.concised.moe.edu.tw/searchP.jsp?SN=%E3%84%89&SN2=%E3%84%89%E3%84%A4%CB%87&word=%E8%AE%9C"
"ㄉㄤˋ","宕","","1","待補充","https://dict.concised.moe.edu.tw/searchP.jsp?SN=%E3%84%89&SN2=%E3%84%89%E3%84%A4%CB%8B&word=%E5%AE%95"
"ㄉㄤˋ","當","","10","待補充","https://dict.concised.moe.edu.tw/searchP.jsp?SN=%E3%84%89&SN2=%E3%84%89%E3%84%A4%CB%8B&word=%E7%95%B6"
"ㄉㄤˋ","蕩","","6","待補充","https://dict.concised.moe.edu.tw/searchP.jsp?SN=%E3%84%89&SN2=%E3%84%89%E3%84%A4%CB%8B&word=%E8%95%A9"
"ㄉㄤˋ","盪","","3","待補充","https://dict.concised.moe.edu.tw/searchP.jsp?SN=%E3%84%89&SN2=%E3%84%89%E3%84%A4%CB%8B&word=%E7%9B%AA"
"ㄉㄥ","登","","20","待補充","https://dict.concised.moe.edu.tw/searchP.jsp?SN=%E3%84%89&SN2=%E3%84%89%E3%84%A5&word=%E7%99%BB"
"ㄉㄥ","燈","","20","待補充","https://dict.concised.moe.edu.tw/searchP.jsp?SN=%E3%84%89&SN2=%E3%84%89%E3%84%A5&word=%E7%87%88"
"ㄉㄥˇ","等","","19","待補充","https://dict.concised.moe.edu.tw/searchP.jsp?SN=%E3%84%89&SN2=%E3%84%89%E3%84%A5%CB%87&word=%E7%AD%89"
"ㄉㄥˇ","戥","","2","待補充","https://dict.concised.moe.edu.tw/searchP.jsp?SN=%E3%84%89&SN2=%E3%84%89%E3%84%A5%CB%87&word=%E6%88%A5"
"ㄉㄥˋ","凳","","2","待補充","https://dict.concised.moe.edu.tw/searchP.jsp?SN=%E3%84%89&SN2=%E3%84%89%E3%84%A5%CB%8B&word=%E5%87%B3"
"ㄉㄥˋ","澄","","2","待補充","https://dict.concised.moe.edu.tw/searchP.jsp?SN=%E3%84%89&SN2=%E3%84%89%E3%84%A5%CB%8B&word=%E6%BE%84"
"ㄉㄥˋ","鄧","","1","待補充","https://dict.concised.moe.edu.tw/searchP.jsp?SN=%E3%84%89&SN2=%E3%84%89%E3%84%A5%CB%8B&word=%E9%84%A7"
"ㄉㄥˋ","瞪","","2","待補充","https://dict.concised.moe.edu.tw/searchP.jsp?SN=%E3%84%89&SN2=%E3%84%89%E3%84%A5%CB%8B&word=%E7%9E%AA"
"ㄉㄥˋ","磴","","1","待補充","https://dict.concised.moe.edu.tw/searchP.jsp?SN=%E3%84%89&SN2=%E3%84%89%E3%84%A5%CB%8B&word=%E7%A3%B4"
"ㄉㄥˋ","蹬","","1","待補充","https://dict.concised.moe.edu.tw/searchP.jsp?SN=%E3%84%89&SN2=%E3%84%89%E3%84%A5%CB%8B&word=%E8%B9%AC"
"ㄉㄥˋ","鐙","","1","待補充","https://dict.concised.moe.edu.tw/searchP.jsp?SN=%E3%84%89&SN2=%E3%84%89%E3%84%A5%CB%8B&word=%E9%90%99"
"ㄉㄧ","氐","","1","待補充","https://dict.concised.moe.edu.tw/searchP.jsp?SN=%E3%84%89&SN2=%E3%84%89%E3%84%A7&word=%E6%B0%90"
"ㄉㄧ","低","","20","待補充","https://dict.concised.moe.edu.tw/searchP.jsp?SN=%E3%84%89&SN2=%E3%84%89%E3%84%A7&word=%E4%BD%8E"
"ㄉㄧ","滴","","14","待補充","https://dict.concised.moe.edu.tw/searchP.jsp?SN=%E3%84%89&SN2=%E3%84%89%E3%84%A7&word=%E6%BB%B4"
"ㄉㄧˇ","底","","20","待補充","https://dict.concised.moe.edu.tw/searchP.jsp?SN=%E3%84%89&SN2=%E3%84%89%E3%84%A7%CB%87&word=%E5%BA%95"
"ㄉㄧˇ","抵","","20","待補充","https://dict.concised.moe.edu.tw/searchP.jsp?SN=%E3%84%89&SN2=%E3%84%89%E3%84%A7%CB%87&word=%E6%8A%B5"
"ㄉㄧˇ","邸","","1","待補充","https://dict.concised.moe.edu.tw/searchP.jsp?SN=%E3%84%89&SN2=%E3%84%89%E3%84%A7%CB%87&word=%E9%82%B8"
"ㄉㄧˇ","柢","","1","待補充","https://dict.concised.moe.edu.tw/searchP.jsp?SN=%E3%84%89&SN2=%E3%84%89%E3%84%A7%CB%87&word=%E6%9F%A2"
"ㄉㄧˇ","牴","","2","待補充","https://dict.concised.moe.edu.tw/searchP.jsp?SN=%E3%84%89&SN2=%E3%84%89%E3%84%A7%CB%87&word=%E7%89%B4"
"ㄉㄧˇ","砥","","2","待補充","https://dict.concised.moe.edu.tw/searchP.jsp?SN=%E3%84%89&SN2=%E3%84%89%E3%84%A7%CB%87&word=%E7%A0%A5"
"ㄉㄧˇ","詆","","2","待補充","https://dict.concised.moe.edu.tw/searchP.jsp?SN=%E3%84%89&SN2=%E3%84%89%E3%84%A7%CB%87&word=%E8%A9%86"
"ㄉㄧˊ","狄","","1","待補充","https://dict.concised.moe.edu.tw/searchP.jsp?SN=%E3%84%89&SN2=%E3%84%89%E3%84%A7%CB%8A&word=%E7%8B%84"
"ㄉㄧˊ","的","","3","待補充","https://dict.concised.moe.edu.tw/searchP.jsp?SN=%E3%84%89&SN2=%E3%84%89%E3%84%A7%CB%8A&word=%E7%9A%84"
"ㄉㄧˊ","迪","","4","待補充","https://dict.concised.moe.edu.tw/searchP.jsp?SN=%E3%84%89&SN2=%E3%84%89%E3%84%A7%CB%8A&word=%E8%BF%AA"
"ㄉㄧˊ","笛","","3","待補充","https://dict.concised.moe.edu.tw/searchP.jsp?SN=%E3%84%89&SN2=%E3%84%89%E3%84%A7%CB%8A&word=%E7%AC%9B"
"ㄉㄧˊ","荻","","1","待補充","https://dict.concised.moe.edu.tw/searchP.jsp?SN=%E3%84%89&SN2=%E3%84%89%E3%84%A7%CB%8A&word=%E8%8D%BB"
"ㄉㄧˊ","嘀","","2","待補充","https://dict.concised.moe.edu.tw/searchP.jsp?SN=%E3%84%89&SN2=%E3%84%89%E3%84%A7%CB%8A&word=%E5%98%80"
"ㄉㄧˊ","嫡","","5","待補充","https://dict.concised.moe.edu.tw/searchP.jsp?SN=%E3%84%89&SN2=%E3%84%89%E3%84%A7%CB%8A&word=%E5%AB%A1"
"ㄉㄧˊ","滌","","2","待補充","https://dict.concised.moe.edu.tw/searchP.jsp?SN=%E3%84%89&SN2=%E3%84%89%E3%84%A7%CB%8A&word=%E6%BB%8C"
"ㄉㄧˊ","翟","","1","待補充","https://dict.concised.moe.edu.tw/searchP.jsp?SN=%E3%84%89&SN2=%E3%84%89%E3%84%A7%CB%8A&word=%E7%BF%9F"
"ㄉㄧˊ","敵","","13","待補充","https://dict.concised.moe.edu.tw/searchP.jsp?SN=%E3%84%89&SN2=%E3%84%89%E3%84%A7%CB%8A&word=%E6%95%B5"
"ㄉㄧˊ","糴","","1","待補充","https://dict.concised.moe.edu.tw/searchP.jsp?SN=%E3%84%89&SN2=%E3%84%89%E3%84%A7%CB%8A&word=%E7%B3%B4"
"ㄉㄧˋ","地","","19","待補充","https://dict.concised.moe.edu.tw/searchP.jsp?SN=%E3%84%89&SN2=%E3%84%89%E3%84%A7%CB%8B&word=%E5%9C%B0"
"ㄉㄧˋ","弟","","7","待補充","https://dict.concised.moe.edu.tw/searchP.jsp?SN=%E3%84%89&SN2=%E3%84%89%E3%84%A7%CB%8B&word=%E5%BC%9F"
"ㄉㄧˋ","的","","1","待補充","https://dict.concised.moe.edu.tw/searchP.jsp?SN=%E3%84%89&SN2=%E3%84%89%E3%84%A7%CB%8B&word=%E7%9A%84"
"ㄉㄧˋ","帝","","8","待補充","https://dict.concised.moe.edu.tw/searchP.jsp?SN=%E3%84%89&SN2=%E3%84%89%E3%84%A7%CB%8B&word=%E5%B8%9D"
"ㄉㄧˋ","娣","","1","待補充","https://dict.concised.moe.edu.tw/searchP.jsp?SN=%E3%84%89&SN2=%E3%84%89%E3%84%A7%CB%8B&word=%E5%A8%A3"
"ㄉㄧˋ","第","","20","待補充","https://dict.concised.moe.edu.tw/searchP.jsp?SN=%E3%84%89&SN2=%E3%84%89%E3%84%A7%CB%8B&word=%E7%AC%AC"
"ㄉㄧˋ","棣","","1","待補充","https://dict.concised.moe.edu.tw/searchP.jsp?SN=%E3%84%89&SN2=%E3%84%89%E3%84%A7%CB%8B&word=%E6%A3%A3"
"ㄉㄧˋ","睇","","1","待補充","https://dict.concised.moe.edu.tw/searchP.jsp?SN=%E3%84%89&SN2=%E3%84%89%E3%84%A7%CB%8B&word=%E7%9D%87"
"ㄉㄧˋ","蒂","","1","待補充","https://dict.concised.moe.edu.tw/searchP.jsp?SN=%E3%84%89&SN2=%E3%84%89%E3%84%A7%CB%8B&word=%E8%92%82"
"ㄉㄧˋ","遞","","8","待補充","https://dict.concised.moe.edu.tw/searchP.jsp?SN=%E3%84%89&SN2=%E3%84%89%E3%84%A7%CB%8B&word=%E9%81%9E"
"ㄉㄧˋ","締","","7","待補充","https://dict.concised.moe.edu.tw/searchP.jsp?SN=%E3%84%89&SN2=%E3%84%89%E3%84%A7%CB%8B&word=%E7%B7%A0"
"ㄉㄧˋ","諦","","2","待補充","https://dict.concised.moe.edu.tw/searchP.jsp?SN=%E3%84%89&SN2=%E3%84%89%E3%84%A7%CB%8B&word=%E8%AB%A6"
"ㄉㄧㄝ","爹","","2","待補充","https://dict.concised.moe.edu.tw/searchP.jsp?SN=%E3%84%89&SN2=%E3%84%89%E3%84%A7%E3%84%9D&word=%E7%88%B9"
"ㄉㄧㄝ","嗲","","1","待補充","https://dict.concised.moe.edu.tw/searchP.jsp?SN=%E3%84%89&SN2=%E3%84%89%E3%84%A7%E3%84%9D&word=%E5%97%B2"
"ㄉㄧㄝˊ","迭","","3","待補充","https://dict.concised.moe.edu.tw/searchP.jsp?SN=%E3%84%89&SN2=%E3%84%89%E3%84%A7%E3%84%9D%CB%8A&word=%E8%BF%AD"
"ㄉㄧㄝˊ","瓞","","1","待補充","https://dict.concised.moe.edu.tw/searchP.jsp?SN=%E3%84%89&SN2=%E3%84%89%E3%84%A7%E3%84%9D%CB%8A&word=%E7%93%9E"
"ㄉㄧㄝˊ","喋","","4","待補充","https://dict.concised.moe.edu.tw/searchP.jsp?SN=%E3%84%89&SN2=%E3%84%89%E3%84%A7%E3%84%9D%CB%8A&word=%E5%96%8B"
"ㄉㄧㄝˊ","堞","","1","待補充","https://dict.concised.moe.edu.tw/searchP.jsp?SN=%E3%84%89&SN2=%E3%84%89%E3%84%A7%E3%84%9D%CB%8A&word=%E5%A0%9E"
"ㄉㄧㄝˊ","耋","","1","待補充","https://dict.concised.moe.edu.tw/searchP.jsp?SN=%E3%84%89&SN2=%E3%84%89%E3%84%A7%E3%84%9D%CB%8A&word=%E8%80%8B"
"ㄉㄧㄝˊ","跌","","14","待補充","https://dict.concised.moe.edu.tw/searchP.jsp?SN=%E3%84%89&SN2=%E3%84%89%E3%84%A7%E3%84%9D%CB%8A&word=%E8%B7%8C"
"ㄉㄧㄝˊ","牒","","1","待補充","https://dict.concised.moe.edu.tw/searchP.jsp?SN=%E3%84%89&SN2=%E3%84%89%E3%84%A7%E3%84%9D%CB%8A&word=%E7%89%92"
"ㄉㄧㄝˊ","碟","","9","待補充","https://dict.concised.moe.edu.tw/searchP.jsp?SN=%E3%84%89&SN2=%E3%84%89%E3%84%A7%E3%84%9D%CB%8A&word=%E7%A2%9F"
"ㄉㄧㄝˊ","蝶","","3","待補充","https://dict.concised.moe.edu.tw/searchP.jsp?SN=%E3%84%89&SN2=%E3%84%89%E3%84%A7%E3%84%9D%CB%8A&word=%E8%9D%B6"
"ㄉㄧㄝˊ","諜","","2","待補充","https://dict.concised.moe.edu.tw/searchP.jsp?SN=%E3%84%89&SN2=%E3%84%89%E3%84%A7%E3%84%9D%CB%8A&word=%E8%AB%9C"
"ㄉㄧㄝˊ","褶","","1","待補充","https://dict.concised.moe.edu.tw/searchP.jsp?SN=%E3%84%89&SN2=%E3%84%89%E3%84%A7%E3%84%9D%CB%8A&word=%E8%A4%B6"
"ㄉㄧㄝˊ","鰈","","1","待補充","https://dict.concised.moe.edu.tw/searchP.jsp?SN=%E3%84%89&SN2=%E3%84%89%E3%84%A7%E3%84%9D%CB%8A&word=%E9%B0%88"
"ㄉㄧㄝˊ","疊","","9","待補充","https://dict.concised.moe.edu.tw/searchP.jsp?SN=%E3%84%89&SN2=%E3%84%89%E3%84%A7%E3%84%9D%CB%8A&word=%E7%96%8A"
"ㄉㄧㄠ","刁","","7","待補充","https://dict.concised.moe.edu.tw/searchP.jsp?SN=%E3%84%89&SN2=%E3%84%89%E3%84%A7%E3%84%A0&word=%E5%88%81"
"ㄉㄧㄠ","叼","","1","待補充","https://dict.concised.moe.edu.tw/searchP.jsp?SN=%E3%84%89&SN2=%E3%84%89%E3%84%A7%E3%84%A0&word=%E5%8F%BC"
"ㄉㄧㄠ","凋","","6","待補充","https://dict.concised.moe.edu.tw/searchP.jsp?SN=%E3%84%89&SN2=%E3%84%89%E3%84%A7%E3%84%A0&word=%E5%87%8B"
"ㄉㄧㄠ","彫","","1","待補充","https://dict.concised.moe.edu.tw/searchP.jsp?SN=%E3%84%89&SN2=%E3%84%89%E3%84%A7%E3%84%A0&word=%E5%BD%AB"
"ㄉㄧㄠ","琱","","1","待補充","https://dict.concised.moe.edu.tw/searchP.jsp?SN=%E3%84%89&SN2=%E3%84%89%E3%84%A7%E3%84%A0&word=%E7%90%B1"
"ㄉㄧㄠ","貂","","1","待補充","https://dict.concised.moe.edu.tw/searchP.jsp?SN=%E3%84%89&SN2=%E3%84%89%E3%84%A7%E3%84%A0&word=%E8%B2%82"
"ㄉㄧㄠ","碉","","3","待補充","https://dict.concised.moe.edu.tw/searchP.jsp?SN=%E3%84%89&SN2=%E3%84%89%E3%84%A7%E3%84%A0&word=%E7%A2%89"
"ㄉㄧㄠ","雕","","15","待補充","https://dict.concised.moe.edu.tw/searchP.jsp?SN=%E3%84%89&SN2=%E3%84%89%E3%84%A7%E3%84%A0&word=%E9%9B%95"
"ㄉㄧㄠ","鯛","","1","待補充","https://dict.concised.moe.edu.tw/searchP.jsp?SN=%E3%84%89&SN2=%E3%84%89%E3%84%A7%E3%84%A0&word=%E9%AF%9B"
"ㄉㄧㄠ","鵰","","1","待補充","https://dict.concised.moe.edu.tw/searchP.jsp?SN=%E3%84%89&SN2=%E3%84%89%E3%84%A7%E3%84%A0&word=%E9%B5%B0"
"ㄉㄧㄠˇ","屌","","1","待補充","https://dict.concised.moe.edu.tw/searchP.jsp?SN=%E3%84%89&SN2=%E3%84%89%E3%84%A7%E3%84%A0%CB%87&word=%E5%B1%8C"
"ㄉㄧㄠˋ","弔","","9","待補充","https://dict.concised.moe.edu.tw/searchP.jsp?SN=%E3%84%89&SN2=%E3%84%89%E3%84%A7%E3%84%A0%CB%8B&word=%E5%BC%94"
"ㄉㄧㄠˋ","吊","","16","待補充","https://dict.concised.moe.edu.tw/searchP.jsp?SN=%E3%84%89&SN2=%E3%84%89%E3%84%A7%E3%84%A0%CB%8B&word=%E5%90%8A"
"ㄉㄧㄠˋ","掉","","10","待補充","https://dict.concised.moe.edu.tw/searchP.jsp?SN=%E3%84%89&SN2=%E3%84%89%E3%84%A7%E3%84%A0%CB%8B&word=%E6%8E%89"
"ㄉㄧㄠˋ","釣","","11","待補充","https://dict.concised.moe.edu.tw/searchP.jsp?SN=%E3%84%89&SN2=%E3%84%89%E3%84%A7%E3%84%A0%CB%8B&word=%E9%87%A3"
"ㄉㄧㄠˋ","蓧","","1","待補充","https://dict.concised.moe.edu.tw/searchP.jsp?SN=%E3%84%89&SN2=%E3%84%89%E3%84%A7%E3%84%A0%CB%8B&word=%E8%93%A7"
"ㄉㄧㄠˋ","調","","20","待補充","https://dict.concised.moe.edu.tw/searchP.jsp?SN=%E3%84%89&SN2=%E3%84%89%E3%84%A7%E3%84%A0%CB%8B&word=%E8%AA%BF"
"ㄉㄧㄡ","丟","","8","待補充","https://dict.concised.moe.edu.tw/searchP.jsp?SN=%E3%84%89&SN2=%E3%84%89%E3%84%A7%E3%84%A1&word=%E4%B8%9F"
"ㄉㄧㄢ","掂","","1","待補充","https://dict.concised.moe.edu.tw/searchP.jsp?SN=%E3%84%89&SN2=%E3%84%89%E3%84%A7%E3%84%A2&word=%E6%8E%82"
"ㄉㄧㄢ","滇","","2","待補充","https://dict.concised.moe.edu.tw/searchP.jsp?SN=%E3%84%89&SN2=%E3%84%89%E3%84%A7%E3%84%A2&word=%E6%BB%87"
"ㄉㄧㄢ","顛","","12","待補充","https://dict.concised.moe.edu.tw/searchP.jsp?SN=%E3%84%89&SN2=%E3%84%89%E3%84%A7%E3%84%A2&word=%E9%A1%9B"
"ㄉㄧㄢ","巔","","2","待補充","https://dict.concised.moe.edu.tw/searchP.jsp?SN=%E3%84%89&SN2=%E3%84%89%E3%84%A7%E3%84%A2&word=%E5%B7%94"
"ㄉㄧㄢ","癲","","3","待補充","https://dict.concised.moe.edu.tw/searchP.jsp?SN=%E3%84%89&SN2=%E3%84%89%E3%84%A7%E3%84%A2&word=%E7%99%B2"
"ㄉㄧㄢˇ","典","","16","待補充","https://dict.concised.moe.edu.tw/searchP.jsp?SN=%E3%84%89&SN2=%E3%84%89%E3%84%A7%E3%84%A2%CB%87&word=%E5%85%B8"
"ㄉㄧㄢˇ","碘","","2","待補充","https://dict.concised.moe.edu.tw/searchP.jsp?SN=%E3%84%89&SN2=%E3%84%89%E3%84%A7%E3%84%A2%CB%87&word=%E7%A2%98"
"ㄉㄧㄢˇ","點","","20","待補充","https://dict.concised.moe.edu.tw/searchP.jsp?SN=%E3%84%89&SN2=%E3%84%89%E3%84%A7%E3%84%A2%CB%87&word=%E9%BB%9E"
"ㄉㄧㄢˋ","佃","","2","待補充","https://dict.concised.moe.edu.tw/searchP.jsp?SN=%E3%84%89&SN2=%E3%84%89%E3%84%A7%E3%84%A2%CB%8B&word=%E4%BD%83"
"ㄉㄧㄢˋ","甸","","1","待補充","https://dict.concised.moe.edu.tw/searchP.jsp?SN=%E3%84%89&SN2=%E3%84%89%E3%84%A7%E3%84%A2%CB%8B&word=%E7%94%B8"
"ㄉㄧㄢˋ","店","","13","待補充","https://dict.concised.moe.edu.tw/searchP.jsp?SN=%E3%84%89&SN2=%E3%84%89%E3%84%A7%E3%84%A2%CB%8B&word=%E5%BA%97"
"ㄉㄧㄢˋ","玷","","3","待補充","https://dict.concised.moe.edu.tw/searchP.jsp?SN=%E3%84%89&SN2=%E3%84%89%E3%84%A7%E3%84%A2%CB%8B&word=%E7%8E%B7"
"ㄉㄧㄢˋ","惦","","3","待補充","https://dict.concised.moe.edu.tw/searchP.jsp?SN=%E3%84%89&SN2=%E3%84%89%E3%84%A7%E3%84%A2%CB%8B&word=%E6%83%A6"
"ㄉㄧㄢˋ","奠","","5","待補充","https://dict.concised.moe.edu.tw/searchP.jsp?SN=%E3%84%89&SN2=%E3%84%89%E3%84%A7%E3%84%A2%CB%8B&word=%E5%A5%A0"
"ㄉㄧㄢˋ","殿","","5","待補充","https://dict.concised.moe.edu.tw/searchP.jsp?SN=%E3%84%89&SN2=%E3%84%89%E3%84%A7%E3%84%A2%CB%8B&word=%E6%AE%BF"
"ㄉㄧㄢˋ","鈿","","1","待補充","https://dict.concised.moe.edu.tw/searchP.jsp?SN=%E3%84%89&SN2=%E3%84%89%E3%84%A7%E3%84%A2%CB%8B&word=%E9%88%BF"
"ㄉㄧㄢˋ","電","","20","待補充","https://dict.concised.moe.edu.tw/searchP.jsp?SN=%E3%84%89&SN2=%E3%84%89%E3%84%A7%E3%84%A2%CB%8B&word=%E9%9B%BB"
"ㄉㄧㄢˋ","墊","","12","待補充","https://dict.concised.moe.edu.tw/searchP.jsp?SN=%E3%84%89&SN2=%E3%84%89%E3%84%A7%E3%84%A2%CB%8B&word=%E5%A2%8A"
"ㄉㄧㄢˋ","踮","","1","待補充","https://dict.concised.moe.edu.tw/searchP.jsp?SN=%E3%84%89&SN2=%E3%84%89%E3%84%A7%E3%84%A2%CB%8B&word=%E8%B8%AE"
"ㄉㄧㄢˋ","澱","","2","待補充","https://dict.concised.moe.edu.tw/searchP.jsp?SN=%E3%84%89&SN2=%E3%84%89%E3%84%A7%E3%84%A2%CB%8B&word=%E6%BE%B1"
"ㄉㄧㄢˋ","靛","","1","待補充","https://dict.concised.moe.edu.tw/searchP.jsp?SN=%E3%84%89&SN2=%E3%84%89%E3%84%A7%E3%84%A2%CB%8B&word=%E9%9D%9B"
"ㄉㄧㄢˋ","簟","","1","待補充","https://dict.concised.moe.edu.tw/searchP.jsp?SN=%E3%84%89&SN2=%E3%84%89%E3%84%A7%E3%84%A2%CB%8B&word=%E7%B0%9F"
"ㄉㄧㄥ","丁","","6","待補充","https://dict.concised.moe.edu.tw/searchP.jsp?SN=%E3%84%89&SN2=%E3%84%89%E3%84%A7%E3%84%A5&word=%E4%B8%81"
"ㄉㄧㄥ","仃","","1","待補充","https://dict.concised.moe.edu.tw/searchP.jsp?SN=%E3%84%89&SN2=%E3%84%89%E3%84%A7%E3%84%A5&word=%E4%BB%83"
"ㄉㄧㄥ","叮","","6","待補充","https://dict.concised.moe.edu.tw/searchP.jsp?SN=%E3%84%89&SN2=%E3%84%89%E3%84%A7%E3%84%A5&word=%E5%8F%AE"
"ㄉㄧㄥ","町","","1","待補充","https://dict.concised.moe.edu.tw/searchP.jsp?SN=%E3%84%89&SN2=%E3%84%89%E3%84%A7%E3%84%A5&word=%E7%94%BA"
"ㄉㄧㄥ","疔","","1","待補充","https://dict.concised.moe.edu.tw/searchP.jsp?SN=%E3%84%89&SN2=%E3%84%89%E3%84%A7%E3%84%A5&word=%E7%96%94"
"ㄉㄧㄥ","盯","","4","待補充","https://dict.concised.moe.edu.tw/searchP.jsp?SN=%E3%84%89&SN2=%E3%84%89%E3%84%A7%E3%84%A5&word=%E7%9B%AF"
"ㄉㄧㄥ","酊","","1","待補充","https://dict.concised.moe.edu.tw/searchP.jsp?SN=%E3%84%89&SN2=%E3%84%89%E3%84%A7%E3%84%A5&word=%E9%85%8A"
"ㄉㄧㄥ","釘","","6","待補充","https://dict.concised.moe.edu.tw/searchP.jsp?SN=%E3%84%89&SN2=%E3%84%89%E3%84%A7%E3%84%A5&word=%E9%87%98"
"ㄉㄧㄥˇ","耵","","2","待補充","https://dict.concised.moe.edu.tw/searchP.jsp?SN=%E3%84%89&SN2=%E3%84%89%E3%84%A7%E3%84%A5%CB%87&word=%E8%80%B5"
"ㄉㄧㄥˇ","酊","","1","待補充","https://dict.concised.moe.edu.tw/searchP.jsp?SN=%E3%84%89&SN2=%E3%84%89%E3%84%A7%E3%84%A5%CB%87&word=%E9%85%8A"
"ㄉㄧㄥˇ","頂","","20","待補充","https://dict.concised.moe.edu.tw/searchP.jsp?SN=%E3%84%89&SN2=%E3%84%89%E3%84%A7%E3%84%A5%CB%87&word=%E9%A0%82"
"ㄉㄧㄥˇ","鼎","","10","待補充","https://dict.concised.moe.edu.tw/searchP.jsp?SN=%E3%84%89&SN2=%E3%84%89%E3%84%A7%E3%84%A5%CB%87&word=%E9%BC%8E"
"ㄉㄧㄥˋ","定","","20","待補充","https://dict.concised.moe.edu.tw/searchP.jsp?SN=%E3%84%89&SN2=%E3%84%89%E3%84%A7%E3%84%A5%CB%8B&word=%E5%AE%9A"
"ㄉㄧㄥˋ","訂","","17","待補充","https://dict.concised.moe.edu.tw/searchP.jsp?SN=%E3%84%89&SN2=%E3%84%89%E3%84%A7%E3%84%A5%CB%8B&word=%E8%A8%82"
"ㄉㄧㄥˋ","釘","","2","待補充","https://dict.concised.moe.edu.tw/searchP.jsp?SN=%E3%84%89&SN2=%E3%84%89%E3%84%A7%E3%84%A5%CB%8B&word=%E9%87%98"
"ㄉㄧㄥˋ","碇","","1","待補充","https://dict.concised.moe.edu.tw/searchP.jsp?SN=%E3%84%89&SN2=%E3%84%89%E3%84%A7%E3%84%A5%CB%8B&word=%E7%A2%87"
"ㄉㄧㄥˋ","錠","","1","待補充","https://dict.concised.moe.edu.tw/searchP.jsp?SN=%E3%84%89&SN2=%E3%84%89%E3%84%A7%E3%84%A5%CB%8B&word=%E9%8C%A0"
"ㄉㄨ","都","","8","待補充","https://dict.concised.moe.edu.tw/searchP.jsp?SN=%E3%84%89&SN2=%E3%84%89%E3%84%A8&word=%E9%83%BD"
"ㄉㄨ","督","","9","待補充","https://dict.concised.moe.edu.tw/searchP.jsp?SN=%E3%84%89&SN2=%E3%84%89%E3%84%A8&word=%E7%9D%A3"
"ㄉㄨ","嘟","","3","待補充","https://dict.concised.moe.edu.tw/searchP.jsp?SN=%E3%84%89&SN2=%E3%84%89%E3%84%A8&word=%E5%98%9F"
"ㄉㄨˇ","肚","","2","待補充","https://dict.concised.moe.edu.tw/searchP.jsp?SN=%E3%84%89&SN2=%E3%84%89%E3%84%A8%CB%87&word=%E8%82%9A"
"ㄉㄨˇ","堵","","2","待補充","https://dict.concised.moe.edu.tw/searchP.jsp?SN=%E3%84%89&SN2=%E3%84%89%E3%84%A8%CB%87&word=%E5%A0%B5"
"ㄉㄨˇ","睹","","1","待補充","https://dict.concised.moe.edu.tw/searchP.jsp?SN=%E3%84%89&SN2=%E3%84%89%E3%84%A8%CB%87&word=%E7%9D%B9"
"ㄉㄨˇ","賭","","15","待補充","https://dict.concised.moe.edu.tw/searchP.jsp?SN=%E3%84%89&SN2=%E3%84%89%E3%84%A8%CB%87&word=%E8%B3%AD"
"ㄉㄨˇ","篤","","7","待補充","https://dict.concised.moe.edu.tw/searchP.jsp?SN=%E3%84%89&SN2=%E3%84%89%E3%84%A8%CB%87&word=%E7%AF%A4"
"ㄉㄨˊ","毒","","18","待補充","https://dict.concised.moe.edu.tw/searchP.jsp?SN=%E3%84%89&SN2=%E3%84%89%E3%84%A8%CB%8A&word=%E6%AF%92"
"ㄉㄨˊ","頓","","1","待補充","https://dict.concised.moe.edu.tw/searchP.jsp?SN=%E3%84%89&SN2=%E3%84%89%E3%84%A8%CB%8A&word=%E9%A0%93"
"ㄉㄨˊ","獨","","20","待補充","https://dict.concised.moe.edu.tw/searchP.jsp?SN=%E3%84%89&SN2=%E3%84%89%E3%84%A8%CB%8A&word=%E7%8D%A8"
"ㄉㄨˊ","瀆","","2","待補充","https://dict.concised.moe.edu.tw/searchP.jsp?SN=%E3%84%89&SN2=%E3%84%89%E3%84%A8%CB%8A&word=%E7%80%86"
"ㄉㄨˊ","櫝","","1","待補充","https://dict.concised.moe.edu.tw/searchP.jsp?SN=%E3%84%89&SN2=%E3%84%89%E3%84%A8%CB%8A&word=%E6%AB%9D"
"ㄉㄨˊ","牘","","1","待補充","https://dict.concised.moe.edu.tw/searchP.jsp?SN=%E3%84%89&SN2=%E3%84%89%E3%84%A8%CB%8A&word=%E7%89%98"
"ㄉㄨˊ","犢","","1","待補充","https://dict.concised.moe.edu.tw/searchP.jsp?SN=%E3%84%89&SN2=%E3%84%89%E3%84%A8%CB%8A&word=%E7%8A%A2"
"ㄉㄨˊ","讀","","15","待補充","https://dict.concised.moe.edu.tw/searchP.jsp?SN=%E3%84%89&SN2=%E3%84%89%E3%84%A8%CB%8A&word=%E8%AE%80"
"ㄉㄨˊ","黷","","1","待補充","https://dict.concised.moe.edu.tw/searchP.jsp?SN=%E3%84%89&SN2=%E3%84%89%E3%84%A8%CB%8A&word=%E9%BB%B7"
"ㄉㄨˋ","妒","","3","待補充","https://dict.concised.moe.edu.tw/searchP.jsp?SN=%E3%84%89&SN2=%E3%84%89%E3%84%A8%CB%8B&word=%E5%A6%92"
"ㄉㄨˋ","杜","","9","待補充","https://dict.concised.moe.edu.tw/searchP.jsp?SN=%E3%84%89&SN2=%E3%84%89%E3%84%A8%CB%8B&word=%E6%9D%9C"
"ㄉㄨˋ","肚","","6","待補充","https://dict.concised.moe.edu.tw/searchP.jsp?SN=%E3%84%89&SN2=%E3%84%89%E3%84%A8%CB%8B&word=%E8%82%9A"
"ㄉㄨˋ","度","","12","待補充","https://dict.concised.moe.edu.tw/searchP.jsp?SN=%E3%84%89&SN2=%E3%84%89%E3%84%A8%CB%8B&word=%E5%BA%A6"
"ㄉㄨˋ","渡","","7","待補充","https://dict.concised.moe.edu.tw/searchP.jsp?SN=%E3%84%89&SN2=%E3%84%89%E3%84%A8%CB%8B&word=%E6%B8%A1"
"ㄉㄨˋ","鍍","","2","待補充","https://dict.concised.moe.edu.tw/searchP.jsp?SN=%E3%84%89&SN2=%E3%84%89%E3%84%A8%CB%8B&word=%E9%8D%8D"
"ㄉㄨˋ","蠹","","2","待補充","https://dict.concised.moe.edu.tw/searchP.jsp?SN=%E3%84%89&SN2=%E3%84%89%E3%84%A8%CB%8B&word=%E8%A0%B9"
"ㄉㄨㄛ","多","","20","待補充","https://dict.concised.moe.edu.tw/searchP.jsp?SN=%E3%84%89&SN2=%E3%84%89%E3%84%A8%E3%84%9B&word=%E5%A4%9A"
"ㄉㄨㄛ","哆","","2","待補充","https://dict.concised.moe.edu.tw/searchP.jsp?SN=%E3%84%89&SN2=%E3%84%89%E3%84%A8%E3%84%9B&word=%E5%93%86"
"ㄉㄨㄛˇ","朵","","2","待補充","https://dict.concised.moe.edu.tw/searchP.jsp?SN=%E3%84%89&SN2=%E3%84%89%E3%84%A8%E3%84%9B%CB%87&word=%E6%9C%B5"
"ㄉㄨㄛˇ","垛","","1","待補充","https://dict.concised.moe.edu.tw/searchP.jsp?SN=%E3%84%89&SN2=%E3%84%89%E3%84%A8%E3%84%9B%CB%87&word=%E5%9E%9B"
"ㄉㄨㄛˇ","躲","","9","待補充","https://dict.concised.moe.edu.tw/searchP.jsp?SN=%E3%84%89&SN2=%E3%84%89%E3%84%A8%E3%84%9B%CB%87&word=%E8%BA%B2"
"ㄉㄨㄛˊ","掇","","1","待補充","https://dict.concised.moe.edu.tw/searchP.jsp?SN=%E3%84%89&SN2=%E3%84%89%E3%84%A8%E3%84%9B%CB%8A&word=%E6%8E%87"
"ㄉㄨㄛˊ","奪","","11","待補充","https://dict.concised.moe.edu.tw/searchP.jsp?SN=%E3%84%89&SN2=%E3%84%89%E3%84%A8%E3%84%9B%CB%8A&word=%E5%A5%AA"
"ㄉㄨㄛˊ","鐸","","1","待補充","https://dict.concised.moe.edu.tw/searchP.jsp?SN=%E3%84%89&SN2=%E3%84%89%E3%84%A8%E3%84%9B%CB%8A&word=%E9%90%B8"
"ㄉㄨㄛˋ","剁","","1","待補充","https://dict.concised.moe.edu.tw/searchP.jsp?SN=%E3%84%89&SN2=%E3%84%89%E3%84%A8%E3%84%9B%CB%8B&word=%E5%89%81"
"ㄉㄨㄛˋ","咄","","3","待補充","https://dict.concised.moe.edu.tw/searchP.jsp?SN=%E3%84%89&SN2=%E3%84%89%E3%84%A8%E3%84%9B%CB%8B&word=%E5%92%84"
"ㄉㄨㄛˋ","垛","","1","待補充","https://dict.concised.moe.edu.tw/searchP.jsp?SN=%E3%84%89&SN2=%E3%84%89%E3%84%A8%E3%84%9B%CB%8B&word=%E5%9E%9B"
"ㄉㄨㄛˋ","度","","2","待補充","https://dict.concised.moe.edu.tw/searchP.jsp?SN=%E3%84%89&SN2=%E3%84%89%E3%84%A8%E3%84%9B%CB%8B&word=%E5%BA%A6"
"ㄉㄨㄛˋ","舵","","2","待補充","https://dict.concised.moe.edu.tw/searchP.jsp?SN=%E3%84%89&SN2=%E3%84%89%E3%84%A8%E3%84%9B%CB%8B&word=%E8%88%B5"
"ㄉㄨㄛˋ","惰","","2","待補充","https://dict.concised.moe.edu.tw/searchP.jsp?SN=%E3%84%89&SN2=%E3%84%89%E3%84%A8%E3%84%9B%CB%8B&word=%E6%83%B0"
"ㄉㄨㄛˋ","跺","","3","待補充","https://dict.concised.moe.edu.tw/searchP.jsp?SN=%E3%84%89&SN2=%E3%84%89%E3%84%A8%E3%84%9B%CB%8B&word=%E8%B7%BA"
"ㄉㄨㄛˋ","馱","","1","待補充","https://dict.concised.moe.edu.tw/searchP.jsp?SN=%E3%84%89&SN2=%E3%84%89%E3%84%A8%E3%84%9B%CB%8B&word=%E9%A6%B1"
"ㄉㄨㄛˋ","墮","","4","待補充","https://dict.concised.moe.edu.tw/searchP.jsp?SN=%E3%84%89&SN2=%E3%84%89%E3%84%A8%E3%84%9B%CB%8B&word=%E5%A2%AE"
"ㄉㄨㄛˋ","踱","","3","待補充","https://dict.concised.moe.edu.tw/searchP.jsp?SN=%E3%84%89&SN2=%E3%84%89%E3%84%A8%E3%84%9B%CB%8B&word=%E8%B8%B1"
"ㄉㄨㄟ","堆","","8","待補充","https://dict.concised.moe.edu.tw/searchP.jsp?SN=%E3%84%89&SN2=%E3%84%89%E3%84%A8%E3%84%9F&word=%E5%A0%86"
"ㄉㄨㄟˋ","兌","","6","待補充","https://dict.concised.moe.edu.tw/searchP.jsp?SN=%E3%84%89&SN2=%E3%84%89%E3%84%A8%E3%84%9F%CB%8B&word=%E5%85%8C"
"ㄉㄨㄟˋ","敦","","1","待補充","https://dict.concised.moe.edu.tw/searchP.jsp?SN=%E3%84%89&SN2=%E3%84%89%E3%84%A8%E3%84%9F%CB%8B&word=%E6%95%A6"
"ㄉㄨㄟˋ","隊","","7","待補充","https://dict.concised.moe.edu.tw/searchP.jsp?SN=%E3%84%89&SN2=%E3%84%89%E3%84%A8%E3%84%9F%CB%8B&word=%E9%9A%8A"
"ㄉㄨㄟˋ","碓","","1","待補充","https://dict.concised.moe.edu.tw/searchP.jsp?SN=%E3%84%89&SN2=%E3%84%89%E3%84%A8%E3%84%9F%CB%8B&word=%E7%A2%93"
"ㄉㄨㄟˋ","對","","20","待補充","https://dict.concised.moe.edu.tw/searchP.jsp?SN=%E3%84%89&SN2=%E3%84%89%E3%84%A8%E3%84%9F%CB%8B&word=%E5%B0%8D"
"ㄉㄨㄟˋ","懟","","1","待補充","https://dict.concised.moe.edu.tw/searchP.jsp?SN=%E3%84%89&SN2=%E3%84%89%E3%84%A8%E3%84%9F%CB%8B&word=%E6%87%9F"
"ㄉㄨㄢ","端","","13","待補充","https://dict.concised.moe.edu.tw/searchP.jsp?SN=%E3%84%89&SN2=%E3%84%89%E3%84%A8%E3%84%A2&word=%E7%AB%AF"
"ㄉㄨㄢˇ","短","","20","待補充","https://dict.concised.moe.edu.tw/searchP.jsp?SN=%E3%84%89&SN2=%E3%84%89%E3%84%A8%E3%84%A2%CB%87&word=%E7%9F%AD"
"ㄉㄨㄢˋ","段","","4","待補充","https://dict.concised.moe.edu.tw/searchP.jsp?SN=%E3%84%89&SN2=%E3%84%89%E3%84%A8%E3%84%A2%CB%8B&word=%E6%AE%B5"
"ㄉㄨㄢˋ","緞","","2","待補充","https://dict.concised.moe.edu.tw/searchP.jsp?SN=%E3%84%89&SN2=%E3%84%89%E3%84%A8%E3%84%A2%CB%8B&word=%E7%B7%9E"
"ㄉㄨㄢˋ","鍛","","3","待補充","https://dict.concised.moe.edu.tw/searchP.jsp?SN=%E3%84%89&SN2=%E3%84%89%E3%84%A8%E3%84%A2%CB%8B&word=%E9%8D%9B"
"ㄉㄨㄢˋ","斷","","20","待補充","https://dict.concised.moe.edu.tw/searchP.jsp?SN=%E3%84%89&SN2=%E3%84%89%E3%84%A8%E3%84%A2%CB%8B&word=%E6%96%B7"
"ㄉㄨㄣ","敦","","11","待補充","https://dict.concised.moe.edu.tw/searchP.jsp?SN=%E3%84%89&SN2=%E3%84%89%E3%84%A8%E3%84%A3&word=%E6%95%A6"
"ㄉㄨㄣ","墩","","1","待補充","https://dict.concised.moe.edu.tw/searchP.jsp?SN=%E3%84%89&SN2=%E3%84%89%E3%84%A8%E3%84%A3&word=%E5%A2%A9"
"ㄉㄨㄣ","燉","","5","待補充","https://dict.concised.moe.edu.tw/searchP.jsp?SN=%E3%84%89&SN2=%E3%84%89%E3%84%A8%E3%84%A3&word=%E7%87%89"
"ㄉㄨㄣ","蹲","","3","待補充","https://dict.concised.moe.edu.tw/searchP.jsp?SN=%E3%84%89&SN2=%E3%84%89%E3%84%A8%E3%84%A3&word=%E8%B9%B2"
"ㄉㄨㄣˇ","盹","","1","待補充","https://dict.concised.moe.edu.tw/searchP.jsp?SN=%E3%84%89&SN2=%E3%84%89%E3%84%A8%E3%84%A3%CB%87&word=%E7%9B%B9"
"ㄉㄨㄣˇ","躉","","1","待補充","https://dict.concised.moe.edu.tw/searchP.jsp?SN=%E3%84%89&SN2=%E3%84%89%E3%84%A8%E3%84%A3%CB%87&word=%E8%BA%89"
"ㄉㄨㄣˋ","囤","","1","待補充","https://dict.concised.moe.edu.tw/searchP.jsp?SN=%E3%84%89&SN2=%E3%84%89%E3%84%A8%E3%84%A3%CB%8B&word=%E5%9B%A4"
"ㄉㄨㄣˋ","沌","","1","待補充","https://dict.concised.moe.edu.tw/searchP.jsp?SN=%E3%84%89&SN2=%E3%84%89%E3%84%A8%E3%84%A3%CB%8B&word=%E6%B2%8C"
"ㄉㄨㄣˋ","盾","","2","待補充","https://dict.concised.moe.edu.tw/searchP.jsp?SN=%E3%84%89&SN2=%E3%84%89%E3%84%A8%E3%84%A3%CB%8B&word=%E7%9B%BE"
"ㄉㄨㄣˋ","鈍","","3","待補充","https://dict.concised.moe.edu.tw/searchP.jsp?SN=%E3%84%89&SN2=%E3%84%89%E3%84%A8%E3%84%A3%CB%8B&word=%E9%88%8D"
"ㄉㄨㄣˋ","飩","","1","待補充","https://dict.concised.moe.edu.tw/searchP.jsp?SN=%E3%84%89&SN2=%E3%84%89%E3%84%A8%E3%84%A3%CB%8B&word=%E9%A3%A9"
"ㄉㄨㄣˋ","遁","","7","待補充","https://dict.concised.moe.edu.tw/searchP.jsp?SN=%E3%84%89&SN2=%E3%84%89%E3%84%A8%E3%84%A3%CB%8B&word=%E9%81%81"
"ㄉㄨㄣˋ","頓","","10","待補充","https://dict.concised.moe.edu.tw/searchP.jsp?SN=%E3%84%89&SN2=%E3%84%89%E3%84%A8%E3%84%A3%CB%8B&word=%E9%A0%93"
"ㄉㄨㄣˋ","遯","","1","待補充","https://dict.concised.moe.edu.tw/searchP.jsp?SN=%E3%84%89&SN2=%E3%84%89%E3%84%A8%E3%84%A3%CB%8B&word=%E9%81%AF"
"ㄉㄨㄣˋ","噸","","2","待補充","https://dict.concised.moe.edu.tw/searchP.jsp?SN=%E3%84%89&SN2=%E3%84%89%E3%84%A8%E3%84%A3%CB%8B&word=%E5%99%B8"
"ㄉㄨㄣˋ","燉","","4","待補充","https://dict.concised.moe.edu.tw/searchP.jsp?SN=%E3%84%89&SN2=%E3%84%89%E3%84%A8%E3%84%A3%CB%8B&word=%E7%87%89"
"ㄉㄨㄥ","冬","","19","待補充","https://dict.concised.moe.edu.tw/searchP.jsp?SN=%E3%84%89&SN2=%E3%84%89%E3%84%A8%E3%84%A5&word=%E5%86%AC"
"ㄉㄨㄥ","咚","","2","待補充","https://dict.concised.moe.edu.tw/searchP.jsp?SN=%E3%84%89&SN2=%E3%84%89%E3%84%A8%E3%84%A5&word=%E5%92%9A"
"ㄉㄨㄥ","東","","19","待補充","https://dict.concised.moe.edu.tw/searchP.jsp?SN=%E3%84%89&SN2=%E3%84%89%E3%84%A8%E3%84%A5&word=%E6%9D%B1"
"ㄉㄨㄥ","氡","","2","待補充","https://dict.concised.moe.edu.tw/searchP.jsp?SN=%E3%84%89&SN2=%E3%84%89%E3%84%A8%E3%84%A5&word=%E6%B0%A1"
"ㄉㄨㄥ","鼕","","1","待補充","https://dict.concised.moe.edu.tw/searchP.jsp?SN=%E3%84%89&SN2=%E3%84%89%E3%84%A8%E3%84%A5&word=%E9%BC%95"
"ㄉㄨㄥˇ","董","","5","待補充","https://dict.concised.moe.edu.tw/searchP.jsp?SN=%E3%84%89&SN2=%E3%84%89%E3%84%A8%E3%84%A5%CB%87&word=%E8%91%A3"
"ㄉㄨㄥˇ","懂","","2","待補充","https://dict.concised.moe.edu.tw/searchP.jsp?SN=%E3%84%89&SN2=%E3%84%89%E3%84%A8%E3%84%A5%CB%87&word=%E6%87%82"
"ㄉㄨㄥˋ","侗","","1","待補充","https://dict.concised.moe.edu.tw/searchP.jsp?SN=%E3%84%89&SN2=%E3%84%89%E3%84%A8%E3%84%A5%CB%8B&word=%E4%BE%97"
"ㄉㄨㄥˋ","垌","","1","待補充","https://dict.concised.moe.edu.tw/searchP.jsp?SN=%E3%84%89&SN2=%E3%84%89%E3%84%A8%E3%84%A5%CB%8B&word=%E5%9E%8C"
"ㄉㄨㄥˋ","峒","","1","待補充","https://dict.concised.moe.edu.tw/searchP.jsp?SN=%E3%84%89&SN2=%E3%84%89%E3%84%A8%E3%84%A5%CB%8B&word=%E5%B3%92"
"ㄉㄨㄥˋ","恫","","2","待補充","https://dict.concised.moe.edu.tw/searchP.jsp?SN=%E3%84%89&SN2=%E3%84%89%E3%84%A8%E3%84%A5%CB%8B&word=%E6%81%AB"
"ㄉㄨㄥˋ","洞","","18","待補充","https://dict.concised.moe.edu.tw/searchP.jsp?SN=%E3%84%89&SN2=%E3%84%89%E3%84%A8%E3%84%A5%CB%8B&word=%E6%B4%9E"
"ㄉㄨㄥˋ","凍","","6","待補充","https://dict.concised.moe.edu.tw/searchP.jsp?SN=%E3%84%89&SN2=%E3%84%89%E3%84%A8%E3%84%A5%CB%8B&word=%E5%87%8D"
"ㄉㄨㄥˋ","胴","","2","待補充","https://dict.concised.moe.edu.tw/searchP.jsp?SN=%E3%84%89&SN2=%E3%84%89%E3%84%A8%E3%84%A5%CB%8B&word=%E8%83%B4"
"ㄉㄨㄥˋ","動","","20","待補充","https://dict.concised.moe.edu.tw/searchP.jsp?SN=%E3%84%89&SN2=%E3%84%89%E3%84%A8%E3%84%A5%CB%8B&word=%E5%8B%95"
"ㄉㄨㄥˋ","棟","","2","待補充","https://dict.concised.moe.edu.tw/searchP.jsp?SN=%E3%84%89&SN2=%E3%84%89%E3%84%A8%E3%84%A5%CB%8B&word=%E6%A3%9F"
"ㄊㄚ","他","","14","待補充","https://dict.concised.moe.edu.tw/searchP.jsp?SN=%E3%84%8A&SN2=%E3%84%8A%E3%84%9A&word=%E4%BB%96"
"ㄊㄚ","它","","2","待補充","https://dict.concised.moe.edu.tw/searchP.jsp?SN=%E3%84%8A&SN2=%E3%84%8A%E3%84%9A&word=%E5%AE%83"
"ㄊㄚ","她","","2","待補充","https://dict.concised.moe.edu.tw/searchP.jsp?SN=%E3%84%8A&SN2=%E3%84%8A%E3%84%9A&word=%E5%A5%B9"
"ㄊㄚ","牠","","2","待補充","https://dict.concised.moe.edu.tw/searchP.jsp?SN=%E3%84%8A&SN2=%E3%84%8A%E3%84%9A&word=%E7%89%A0"
"ㄊㄚ","祂","","1","待補充","https://dict.concised.moe.edu.tw/searchP.jsp?SN=%E3%84%8A&SN2=%E3%84%8A%E3%84%9A&word=%E7%A5%82"
"ㄊㄚ","趿","","1","待補充","https://dict.concised.moe.edu.tw/searchP.jsp?SN=%E3%84%8A&SN2=%E3%84%8A%E3%84%9A&word=%E8%B6%BF"
"ㄊㄚ","塌","","3","待補充","https://dict.concised.moe.edu.tw/searchP.jsp?SN=%E3%84%8A&SN2=%E3%84%8A%E3%84%9A&word=%E5%A1%8C"
"ㄊㄚˇ","塔","","3","待補充","https://dict.concised.moe.edu.tw/searchP.jsp?SN=%E3%84%8A&SN2=%E3%84%8A%E3%84%9A%CB%87&word=%E5%A1%94"
"ㄊㄚˋ","拓","","5","待補充","https://dict.concised.moe.edu.tw/searchP.jsp?SN=%E3%84%8A&SN2=%E3%84%8A%E3%84%9A%CB%8B&word=%E6%8B%93"
"ㄊㄚˋ","沓","","1","待補充","https://dict.concised.moe.edu.tw/searchP.jsp?SN=%E3%84%8A&SN2=%E3%84%8A%E3%84%9A%CB%8B&word=%E6%B2%93"
"ㄊㄚˋ","榻","","2","待補充","https://dict.concised.moe.edu.tw/searchP.jsp?SN=%E3%84%8A&SN2=%E3%84%8A%E3%84%9A%CB%8B&word=%E6%A6%BB"
"ㄊㄚˋ","漯","","2","待補充","https://dict.concised.moe.edu.tw/searchP.jsp?SN=%E3%84%8A&SN2=%E3%84%8A%E3%84%9A%CB%8B&word=%E6%BC%AF"
"ㄊㄚˋ","遝","","1","待補充","https://dict.concised.moe.edu.tw/searchP.jsp?SN=%E3%84%8A&SN2=%E3%84%8A%E3%84%9A%CB%8B&word=%E9%81%9D"
"ㄊㄚˋ","遢","","1","待補充","https://dict.concised.moe.edu.tw/searchP.jsp?SN=%E3%84%8A&SN2=%E3%84%8A%E3%84%9A%CB%8B&word=%E9%81%A2"
"ㄊㄚˋ","踏","","9","待補充","https://dict.concised.moe.edu.tw/searchP.jsp?SN=%E3%84%8A&SN2=%E3%84%8A%E3%84%9A%CB%8B&word=%E8%B8%8F"
"ㄊㄚˋ","撻","","2","待補充","https://dict.concised.moe.edu.tw/searchP.jsp?SN=%E3%84%8A&SN2=%E3%84%8A%E3%84%9A%CB%8B&word=%E6%92%BB"
"ㄊㄚˋ","蹋","","1","待補充","https://dict.concised.moe.edu.tw/searchP.jsp?SN=%E3%84%8A&SN2=%E3%84%8A%E3%84%9A%CB%8B&word=%E8%B9%8B"
"ㄊㄚˋ","獺","","1","待補充","https://dict.concised.moe.edu.tw/searchP.jsp?SN=%E3%84%8A&SN2=%E3%84%8A%E3%84%9A%CB%8B&word=%E7%8D%BA"
"ㄊㄚˋ","躂","","1","待補充","https://dict.concised.moe.edu.tw/searchP.jsp?SN=%E3%84%8A&SN2=%E3%84%8A%E3%84%9A%CB%8B&word=%E8%BA%82"
"ㄊㄚˋ","闥","","1","待補充","https://dict.concised.moe.edu.tw/searchP.jsp?SN=%E3%84%8A&SN2=%E3%84%8A%E3%84%9A%CB%8B&word=%E9%97%A5"
"ㄊㄜˋ","忑","","1","待補充","https://dict.concised.moe.edu.tw/searchP.jsp?SN=%E3%84%8A&SN2=%E3%84%8A%E3%84%9C%CB%8B&word=%E5%BF%91"
"ㄊㄜˋ","忒","","1","待補充","https://dict.concised.moe.edu.tw/searchP.jsp?SN=%E3%84%8A&SN2=%E3%84%8A%E3%84%9C%CB%8B&word=%E5%BF%92"
"ㄊㄜˋ","特","","20","待補充","https://dict.concised.moe.edu.tw/searchP.jsp?SN=%E3%84%8A&SN2=%E3%84%8A%E3%84%9C%CB%8B&word=%E7%89%B9"
"ㄊㄜˋ","慝","","1","待補充","https://dict.concised.moe.edu.tw/searchP.jsp?SN=%E3%84%8A&SN2=%E3%84%8A%E3%84%9C%CB%8B&word=%E6%85%9D"
"ㄊㄞ","胎","","7","待補充","https://dict.concised.moe.edu.tw/searchP.jsp?SN=%E3%84%8A&SN2=%E3%84%8A%E3%84%9E&word=%E8%83%8E"
"ㄊㄞ","苔","","1","待補充","https://dict.concised.moe.edu.tw/searchP.jsp?SN=%E3%84%8A&SN2=%E3%84%8A%E3%84%9E&word=%E8%8B%94"
"ㄊㄞˊ","抬","","8","待補充","https://dict.concised.moe.edu.tw/searchP.jsp?SN=%E3%84%8A&SN2=%E3%84%8A%E3%84%9E%CB%8A&word=%E6%8A%AC"
"ㄊㄞˊ","邰","","1","待補充","https://dict.concised.moe.edu.tw/searchP.jsp?SN=%E3%84%8A&SN2=%E3%84%8A%E3%84%9E%CB%8A&word=%E9%82%B0"
"ㄊㄞˊ","苔","","1","待補充","https://dict.concised.moe.edu.tw/searchP.jsp?SN=%E3%84%8A&SN2=%E3%84%8A%E3%84%9E%CB%8A&word=%E8%8B%94"
"ㄊㄞˊ","跆","","2","待補充","https://dict.concised.moe.edu.tw/searchP.jsp?SN=%E3%84%8A&SN2=%E3%84%8A%E3%84%9E%CB%8A&word=%E8%B7%86"
"ㄊㄞˊ","臺","","18","待補充","https://dict.concised.moe.edu.tw/searchP.jsp?SN=%E3%84%8A&SN2=%E3%84%8A%E3%84%9E%CB%8A&word=%E8%87%BA"
"ㄊㄞˊ","颱","","3","待補充","https://dict.concised.moe.edu.tw/searchP.jsp?SN=%E3%84%8A&SN2=%E3%84%8A%E3%84%9E%CB%8A&word=%E9%A2%B1"
"ㄊㄞˊ","駘","","1","待補充","https://dict.concised.moe.edu.tw/searchP.jsp?SN=%E3%84%8A&SN2=%E3%84%8A%E3%84%9E%CB%8A&word=%E9%A7%98"
"ㄊㄞˊ","檯","","3","待補充","https://dict.concised.moe.edu.tw/searchP.jsp?SN=%E3%84%8A&SN2=%E3%84%8A%E3%84%9E%CB%8A&word=%E6%AA%AF"
"ㄊㄞˋ","太","太陽","20","已有可用詞","https://dict.concised.moe.edu.tw/searchP.jsp?SN=%E3%84%8A&SN2=%E3%84%8A%E3%84%9E%CB%8B&word=%E5%A4%AA"
"ㄊㄞˋ","汰","","3","待補充","https://dict.concised.moe.edu.tw/searchP.jsp?SN=%E3%84%8A&SN2=%E3%84%8A%E3%84%9E%CB%8B&word=%E6%B1%B0"
"ㄊㄞˋ","肽","","1","待補充","https://dict.concised.moe.edu.tw/searchP.jsp?SN=%E3%84%8A&SN2=%E3%84%8A%E3%84%9E%CB%8B&word=%E8%82%BD"
"ㄊㄞˋ","泰","","7","待補充","https://dict.concised.moe.edu.tw/searchP.jsp?SN=%E3%84%8A&SN2=%E3%84%8A%E3%84%9E%CB%8B&word=%E6%B3%B0"
"ㄊㄞˋ","鈦","","1","待補充","https://dict.concised.moe.edu.tw/searchP.jsp?SN=%E3%84%8A&SN2=%E3%84%8A%E3%84%9E%CB%8B&word=%E9%88%A6"
"ㄊㄞˋ","態","","3","待補充","https://dict.concised.moe.edu.tw/searchP.jsp?SN=%E3%84%8A&SN2=%E3%84%8A%E3%84%9E%CB%8B&word=%E6%85%8B"
"ㄊㄠ","叨","","3","待補充","https://dict.concised.moe.edu.tw/searchP.jsp?SN=%E3%84%8A&SN2=%E3%84%8A%E3%84%A0&word=%E5%8F%A8"
"ㄊㄠ","掏","","4","待補充","https://dict.concised.moe.edu.tw/searchP.jsp?SN=%E3%84%8A&SN2=%E3%84%8A%E3%84%A0&word=%E6%8E%8F"
"ㄊㄠ","搯","","1","待補充","https://dict.concised.moe.edu.tw/searchP.jsp?SN=%E3%84%8A&SN2=%E3%84%8A%E3%84%A0&word=%E6%90%AF"
"ㄊㄠ","滔","","6","待補充","https://dict.concised.moe.edu.tw/searchP.jsp?SN=%E3%84%8A&SN2=%E3%84%8A%E3%84%A0&word=%E6%BB%94"
"ㄊㄠ","絛","","1","待補充","https://dict.concised.moe.edu.tw/searchP.jsp?SN=%E3%84%8A&SN2=%E3%84%8A%E3%84%A0&word=%E7%B5%9B"
"ㄊㄠ","韜","","3","待補充","https://dict.concised.moe.edu.tw/searchP.jsp?SN=%E3%84%8A&SN2=%E3%84%8A%E3%84%A0&word=%E9%9F%9C"
"ㄊㄠ","饕","","2","待補充","https://dict.concised.moe.edu.tw/searchP.jsp?SN=%E3%84%8A&SN2=%E3%84%8A%E3%84%A0&word=%E9%A5%95"
"ㄊㄠˇ","討","","14","待補充","https://dict.concised.moe.edu.tw/searchP.jsp?SN=%E3%84%8A&SN2=%E3%84%8A%E3%84%A0%CB%87&word=%E8%A8%8E"
"ㄊㄠˊ","桃","","18","待補充","https://dict.concised.moe.edu.tw/searchP.jsp?SN=%E3%84%8A&SN2=%E3%84%8A%E3%84%A0%CB%8A&word=%E6%A1%83"
"ㄊㄠˊ","逃","","20","待補充","https://dict.concised.moe.edu.tw/searchP.jsp?SN=%E3%84%8A&SN2=%E3%84%8A%E3%84%A0%CB%8A&word=%E9%80%83"
"ㄊㄠˊ","啕","","1","待補充","https://dict.concised.moe.edu.tw/searchP.jsp?SN=%E3%84%8A&SN2=%E3%84%8A%E3%84%A0%CB%8A&word=%E5%95%95"
"ㄊㄠˊ","淘","","8","待補充","https://dict.concised.moe.edu.tw/searchP.jsp?SN=%E3%84%8A&SN2=%E3%84%8A%E3%84%A0%CB%8A&word=%E6%B7%98"
"ㄊㄠˊ","陶","","11","待補充","https://dict.concised.moe.edu.tw/searchP.jsp?SN=%E3%84%8A&SN2=%E3%84%8A%E3%84%A0%CB%8A&word=%E9%99%B6"
"ㄊㄠˊ","萄","","1","待補充","https://dict.concised.moe.edu.tw/searchP.jsp?SN=%E3%84%8A&SN2=%E3%84%8A%E3%84%A0%CB%8A&word=%E8%90%84"
"ㄊㄠˊ","濤","","1","待補充","https://dict.concised.moe.edu.tw/searchP.jsp?SN=%E3%84%8A&SN2=%E3%84%8A%E3%84%A0%CB%8A&word=%E6%BF%A4"
"ㄊㄠˊ","燾","","1","待補充","https://dict.concised.moe.edu.tw/searchP.jsp?SN=%E3%84%8A&SN2=%E3%84%8A%E3%84%A0%CB%8A&word=%E7%87%BE"
"ㄊㄠˋ","套","","16","待補充","https://dict.concised.moe.edu.tw/searchP.jsp?SN=%E3%84%8A&SN2=%E3%84%8A%E3%84%A0%CB%8B&word=%E5%A5%97"
"ㄊㄡ","偷","","20","待補充","https://dict.concised.moe.edu.tw/searchP.jsp?SN=%E3%84%8A&SN2=%E3%84%8A%E3%84%A1&word=%E5%81%B7"
"ㄊㄡˊ","投","","20","待補充","https://dict.concised.moe.edu.tw/searchP.jsp?SN=%E3%84%8A&SN2=%E3%84%8A%E3%84%A1%CB%8A&word=%E6%8A%95"
"ㄊㄡˊ","骰","","2","待補充","https://dict.concised.moe.edu.tw/searchP.jsp?SN=%E3%84%8A&SN2=%E3%84%8A%E3%84%A1%CB%8A&word=%E9%AA%B0"
"ㄊㄡˊ","頭","","20","待補充","https://dict.concised.moe.edu.tw/searchP.jsp?SN=%E3%84%8A&SN2=%E3%84%8A%E3%84%A1%CB%8A&word=%E9%A0%AD"
"ㄊㄡˋ","透","","16","待補充","https://dict.concised.moe.edu.tw/searchP.jsp?SN=%E3%84%8A&SN2=%E3%84%8A%E3%84%A1%CB%8B&word=%E9%80%8F"
"ㄊㄢ","坍","","5","待補充","https://dict.concised.moe.edu.tw/searchP.jsp?SN=%E3%84%8A&SN2=%E3%84%8A%E3%84%A2&word=%E5%9D%8D"
"ㄊㄢ","貪","","20","待補充","https://dict.concised.moe.edu.tw/searchP.jsp?SN=%E3%84%8A&SN2=%E3%84%8A%E3%84%A2&word=%E8%B2%AA"
"ㄊㄢ","攤","","8","待補充","https://dict.concised.moe.edu.tw/searchP.jsp?SN=%E3%84%8A&SN2=%E3%84%8A%E3%84%A2&word=%E6%94%A4"
"ㄊㄢ","灘","","2","待補充","https://dict.concised.moe.edu.tw/searchP.jsp?SN=%E3%84%8A&SN2=%E3%84%8A%E3%84%A2&word=%E7%81%98"
"ㄊㄢ","癱","","4","待補充","https://dict.concised.moe.edu.tw/searchP.jsp?SN=%E3%84%8A&SN2=%E3%84%8A%E3%84%A2&word=%E7%99%B1"
"ㄊㄢˇ","忐","","3","待補充","https://dict.concised.moe.edu.tw/searchP.jsp?SN=%E3%84%8A&SN2=%E3%84%8A%E3%84%A2%CB%87&word=%E5%BF%90"
"ㄊㄢˇ","坦","","13","待補充","https://dict.concised.moe.edu.tw/searchP.jsp?SN=%E3%84%8A&SN2=%E3%84%8A%E3%84%A2%CB%87&word=%E5%9D%A6"
"ㄊㄢˇ","袒","","2","待補充","https://dict.concised.moe.edu.tw/searchP.jsp?SN=%E3%84%8A&SN2=%E3%84%8A%E3%84%A2%CB%87&word=%E8%A2%92"
"ㄊㄢˇ","毯","","2","待補充","https://dict.concised.moe.edu.tw/searchP.jsp?SN=%E3%84%8A&SN2=%E3%84%8A%E3%84%A2%CB%87&word=%E6%AF%AF"
"ㄊㄢˊ","覃","","1","待補充","https://dict.concised.moe.edu.tw/searchP.jsp?SN=%E3%84%8A&SN2=%E3%84%8A%E3%84%A2%CB%8A&word=%E8%A6%83"
"ㄊㄢˊ","痰","","2","待補充","https://dict.concised.moe.edu.tw/searchP.jsp?SN=%E3%84%8A&SN2=%E3%84%8A%E3%84%A2%CB%8A&word=%E7%97%B0"
"ㄊㄢˊ","彈","","18","待補充","https://dict.concised.moe.edu.tw/searchP.jsp?SN=%E3%84%8A&SN2=%E3%84%8A%E3%84%A2%CB%8A&word=%E5%BD%88"
"ㄊㄢˊ","潭","","1","待補充","https://dict.concised.moe.edu.tw/searchP.jsp?SN=%E3%84%8A&SN2=%E3%84%8A%E3%84%A2%CB%8A&word=%E6%BD%AD"
"ㄊㄢˊ","談","","20","待補充","https://dict.concised.moe.edu.tw/searchP.jsp?SN=%E3%84%8A&SN2=%E3%84%8A%E3%84%A2%CB%8A&word=%E8%AB%87"
"ㄊㄢˊ","壇","","1","待補充","https://dict.concised.moe.edu.tw/searchP.jsp?SN=%E3%84%8A&SN2=%E3%84%8A%E3%84%A2%CB%8A&word=%E5%A3%87"
"ㄊㄢˊ","曇","","3","待補充","https://dict.concised.moe.edu.tw/searchP.jsp?SN=%E3%84%8A&SN2=%E3%84%8A%E3%84%A2%CB%8A&word=%E6%9B%87"
"ㄊㄢˊ","澹","","1","待補充","https://dict.concised.moe.edu.tw/searchP.jsp?SN=%E3%84%8A&SN2=%E3%84%8A%E3%84%A2%CB%8A&word=%E6%BE%B9"
"ㄊㄢˊ","檀","","2","待補充","https://dict.concised.moe.edu.tw/searchP.jsp?SN=%E3%84%8A&SN2=%E3%84%8A%E3%84%A2%CB%8A&word=%E6%AA%80"
"ㄊㄢˊ","罈","","2","待補充","https://dict.concised.moe.edu.tw/searchP.jsp?SN=%E3%84%8A&SN2=%E3%84%8A%E3%84%A2%CB%8A&word=%E7%BD%88"
"ㄊㄢˊ","譚","","1","待補充","https://dict.concised.moe.edu.tw/searchP.jsp?SN=%E3%84%8A&SN2=%E3%84%8A%E3%84%A2%CB%8A&word=%E8%AD%9A"
"ㄊㄢˊ","醰","","1","待補充","https://dict.concised.moe.edu.tw/searchP.jsp?SN=%E3%84%8A&SN2=%E3%84%8A%E3%84%A2%CB%8A&word=%E9%86%B0"
"ㄊㄢˋ","炭","","5","待補充","https://dict.concised.moe.edu.tw/searchP.jsp?SN=%E3%84%8A&SN2=%E3%84%8A%E3%84%A2%CB%8B&word=%E7%82%AD"
"ㄊㄢˋ","探","","20","待補充","https://dict.concised.moe.edu.tw/searchP.jsp?SN=%E3%84%8A&SN2=%E3%84%8A%E3%84%A2%CB%8B&word=%E6%8E%A2"
"ㄊㄢˋ","嘆","","5","待補充","https://dict.concised.moe.edu.tw/searchP.jsp?SN=%E3%84%8A&SN2=%E3%84%8A%E3%84%A2%CB%8B&word=%E5%98%86"
"ㄊㄢˋ","碳","","8","待補充","https://dict.concised.moe.edu.tw/searchP.jsp?SN=%E3%84%8A&SN2=%E3%84%8A%E3%84%A2%CB%8B&word=%E7%A2%B3"
"ㄊㄢˋ","歎","","1","待補充","https://dict.concised.moe.edu.tw/searchP.jsp?SN=%E3%84%8A&SN2=%E3%84%8A%E3%84%A2%CB%8B&word=%E6%AD%8E"
"ㄊㄤ","湯","湯圓","7","已有可用詞","https://dict.concised.moe.edu.tw/searchP.jsp?SN=%E3%84%8A&SN2=%E3%84%8A%E3%84%A4&word=%E6%B9%AF"
"ㄊㄤ","蹚","","1","待補充","https://dict.concised.moe.edu.tw/searchP.jsp?SN=%E3%84%8A&SN2=%E3%84%8A%E3%84%A4&word=%E8%B9%9A"
"ㄊㄤ","鏜","","1","待補充","https://dict.concised.moe.edu.tw/searchP.jsp?SN=%E3%84%8A&SN2=%E3%84%8A%E3%84%A4&word=%E9%8F%9C"
"ㄊㄤˇ","帑","","1","待補充","https://dict.concised.moe.edu.tw/searchP.jsp?SN=%E3%84%8A&SN2=%E3%84%8A%E3%84%A4%CB%87&word=%E5%B8%91"
"ㄊㄤˇ","倘","","3","待補充","https://dict.concised.moe.edu.tw/searchP.jsp?SN=%E3%84%8A&SN2=%E3%84%8A%E3%84%A4%CB%87&word=%E5%80%98"
"ㄊㄤˇ","淌","","1","待補充","https://dict.concised.moe.edu.tw/searchP.jsp?SN=%E3%84%8A&SN2=%E3%84%8A%E3%84%A4%CB%87&word=%E6%B7%8C"
"ㄊㄤˇ","躺","","5","待補充","https://dict.concised.moe.edu.tw/searchP.jsp?SN=%E3%84%8A&SN2=%E3%84%8A%E3%84%A4%CB%87&word=%E8%BA%BA"
"ㄊㄤˇ","儻","","1","待補充","https://dict.concised.moe.edu.tw/searchP.jsp?SN=%E3%84%8A&SN2=%E3%84%8A%E3%84%A4%CB%87&word=%E5%84%BB"
"ㄊㄤˊ","唐","","9","待補充","https://dict.concised.moe.edu.tw/searchP.jsp?SN=%E3%84%8A&SN2=%E3%84%8A%E3%84%A4%CB%8A&word=%E5%94%90"
"ㄊㄤˊ","堂","","13","待補充","https://dict.concised.moe.edu.tw/searchP.jsp?SN=%E3%84%8A&SN2=%E3%84%8A%E3%84%A4%CB%8A&word=%E5%A0%82"
"ㄊㄤˊ","棠","","1","待補充","https://dict.concised.moe.edu.tw/searchP.jsp?SN=%E3%84%8A&SN2=%E3%84%8A%E3%84%A4%CB%8A&word=%E6%A3%A0"
"ㄊㄤˊ","塘","","1","待補充","https://dict.concised.moe.edu.tw/searchP.jsp?SN=%E3%84%8A&SN2=%E3%84%8A%E3%84%A4%CB%8A&word=%E5%A1%98"
"ㄊㄤˊ","搪","","3","待補充","https://dict.concised.moe.edu.tw/searchP.jsp?SN=%E3%84%8A&SN2=%E3%84%8A%E3%84%A4%CB%8A&word=%E6%90%AA"
"ㄊㄤˊ","膛","","1","待補充","https://dict.concised.moe.edu.tw/searchP.jsp?SN=%E3%84%8A&SN2=%E3%84%8A%E3%84%A4%CB%8A&word=%E8%86%9B"
"ㄊㄤˊ","糖","","11","待補充","https://dict.concised.moe.edu.tw/searchP.jsp?SN=%E3%84%8A&SN2=%E3%84%8A%E3%84%A4%CB%8A&word=%E7%B3%96"
"ㄊㄤˊ","螗","","1","待補充","https://dict.concised.moe.edu.tw/searchP.jsp?SN=%E3%84%8A&SN2=%E3%84%8A%E3%84%A4%CB%8A&word=%E8%9E%97"
"ㄊㄤˊ","螳","","4","待補充","https://dict.concised.moe.edu.tw/searchP.jsp?SN=%E3%84%8A&SN2=%E3%84%8A%E3%84%A4%CB%8A&word=%E8%9E%B3"
"ㄊㄤˊ","醣","","2","待補充","https://dict.concised.moe.edu.tw/searchP.jsp?SN=%E3%84%8A&SN2=%E3%84%8A%E3%84%A4%CB%8A&word=%E9%86%A3"
"ㄊㄤˋ","趟","","1","待補充","https://dict.concised.moe.edu.tw/searchP.jsp?SN=%E3%84%8A&SN2=%E3%84%8A%E3%84%A4%CB%8B&word=%E8%B6%9F"
"ㄊㄤˋ","燙","","6","待補充","https://dict.concised.moe.edu.tw/searchP.jsp?SN=%E3%84%8A&SN2=%E3%84%8A%E3%84%A4%CB%8B&word=%E7%87%99"
"ㄊㄥˊ","疼","","4","待補充","https://dict.concised.moe.edu.tw/searchP.jsp?SN=%E3%84%8A&SN2=%E3%84%8A%E3%84%A5%CB%8A&word=%E7%96%BC"
"ㄊㄥˊ","滕","","1","待補充","https://dict.concised.moe.edu.tw/searchP.jsp?SN=%E3%84%8A&SN2=%E3%84%8A%E3%84%A5%CB%8A&word=%E6%BB%95"
"ㄊㄥˊ","謄","","4","待補充","https://dict.concised.moe.edu.tw/searchP.jsp?SN=%E3%84%8A&SN2=%E3%84%8A%E3%84%A5%CB%8A&word=%E8%AC%84"
"ㄊㄥˊ","藤","","5","待補充","https://dict.concised.moe.edu.tw/searchP.jsp?SN=%E3%84%8A&SN2=%E3%84%8A%E3%84%A5%CB%8A&word=%E8%97%A4"
"ㄊㄥˊ","騰","","7","待補充","https://dict.concised.moe.edu.tw/searchP.jsp?SN=%E3%84%8A&SN2=%E3%84%8A%E3%84%A5%CB%8A&word=%E9%A8%B0"
"ㄊㄥˊ","籐","","1","待補充","https://dict.concised.moe.edu.tw/searchP.jsp?SN=%E3%84%8A&SN2=%E3%84%8A%E3%84%A5%CB%8A&word=%E7%B1%90"
"ㄊㄧ","剔","","4","待補充","https://dict.concised.moe.edu.tw/searchP.jsp?SN=%E3%84%8A&SN2=%E3%84%8A%E3%84%A7&word=%E5%89%94"
"ㄊㄧ","梯","","5","待補充","https://dict.concised.moe.edu.tw/searchP.jsp?SN=%E3%84%8A&SN2=%E3%84%8A%E3%84%A7&word=%E6%A2%AF"
"ㄊㄧ","踢","","7","待補充","https://dict.concised.moe.edu.tw/searchP.jsp?SN=%E3%84%8A&SN2=%E3%84%8A%E3%84%A7&word=%E8%B8%A2"
"ㄊㄧˇ","體","","20","待補充","https://dict.concised.moe.edu.tw/searchP.jsp?SN=%E3%84%8A&SN2=%E3%84%8A%E3%84%A7%CB%87&word=%E9%AB%94"
"ㄊㄧˊ","啼","","6","待補充","https://dict.concised.moe.edu.tw/searchP.jsp?SN=%E3%84%8A&SN2=%E3%84%8A%E3%84%A7%CB%8A&word=%E5%95%BC"
"ㄊㄧˊ","堤","","4","待補充","https://dict.concised.moe.edu.tw/searchP.jsp?SN=%E3%84%8A&SN2=%E3%84%8A%E3%84%A7%CB%8A&word=%E5%A0%A4"
"ㄊㄧˊ","提","","20","待補充","https://dict.concised.moe.edu.tw/searchP.jsp?SN=%E3%84%8A&SN2=%E3%84%8A%E3%84%A7%CB%8A&word=%E6%8F%90"
"ㄊㄧˊ","隄","","1","待補充","https://dict.concised.moe.edu.tw/searchP.jsp?SN=%E3%84%8A&SN2=%E3%84%8A%E3%84%A7%CB%8A&word=%E9%9A%84"
"ㄊㄧˊ","緹","","1","待補充","https://dict.concised.moe.edu.tw/searchP.jsp?SN=%E3%84%8A&SN2=%E3%84%8A%E3%84%A7%CB%8A&word=%E7%B7%B9"
"ㄊㄧˊ","蹄","","1","待補充","https://dict.concised.moe.edu.tw/searchP.jsp?SN=%E3%84%8A&SN2=%E3%84%8A%E3%84%A7%CB%8A&word=%E8%B9%84"
"ㄊㄧˊ","醍","","3","待補充","https://dict.concised.moe.edu.tw/searchP.jsp?SN=%E3%84%8A&SN2=%E3%84%8A%E3%84%A7%CB%8A&word=%E9%86%8D"
"ㄊㄧˊ","題","","14","待補充","https://dict.concised.moe.edu.tw/searchP.jsp?SN=%E3%84%8A&SN2=%E3%84%8A%E3%84%A7%CB%8A&word=%E9%A1%8C"
"ㄊㄧˊ","鵜","","2","待補充","https://dict.concised.moe.edu.tw/searchP.jsp?SN=%E3%84%8A&SN2=%E3%84%8A%E3%84%A7%CB%8A&word=%E9%B5%9C"
"ㄊㄧˋ","弟","","1","待補充","https://dict.concised.moe.edu.tw/searchP.jsp?SN=%E3%84%8A&SN2=%E3%84%8A%E3%84%A7%CB%8B&word=%E5%BC%9F"
"ㄊㄧˋ","剃","","7","待補充","https://dict.concised.moe.edu.tw/searchP.jsp?SN=%E3%84%8A&SN2=%E3%84%8A%E3%84%A7%CB%8B&word=%E5%89%83"
"ㄊㄧˋ","倜","","2","待補充","https://dict.concised.moe.edu.tw/searchP.jsp?SN=%E3%84%8A&SN2=%E3%84%8A%E3%84%A7%CB%8B&word=%E5%80%9C"
"ㄊㄧˋ","悌","","1","待補充","https://dict.concised.moe.edu.tw/searchP.jsp?SN=%E3%84%8A&SN2=%E3%84%8A%E3%84%A7%CB%8B&word=%E6%82%8C"
"ㄊㄧˋ","涕","","6","待補充","https://dict.concised.moe.edu.tw/searchP.jsp?SN=%E3%84%8A&SN2=%E3%84%8A%E3%84%A7%CB%8B&word=%E6%B6%95"
"ㄊㄧˋ","屜","","2","待補充","https://dict.concised.moe.edu.tw/searchP.jsp?SN=%E3%84%8A&SN2=%E3%84%8A%E3%84%A7%CB%8B&word=%E5%B1%9C"
"ㄊㄧˋ","惕","","2","待補充","https://dict.concised.moe.edu.tw/searchP.jsp?SN=%E3%84%8A&SN2=%E3%84%8A%E3%84%A7%CB%8B&word=%E6%83%95"
"ㄊㄧˋ","逖","","1","待補充","https://dict.concised.moe.edu.tw/searchP.jsp?SN=%E3%84%8A&SN2=%E3%84%8A%E3%84%A7%CB%8B&word=%E9%80%96"
"ㄊㄧˋ","替","","8","待補充","https://dict.concised.moe.edu.tw/searchP.jsp?SN=%E3%84%8A&SN2=%E3%84%8A%E3%84%A7%CB%8B&word=%E6%9B%BF"
"ㄊㄧˋ","裼","","1","待補充","https://dict.concised.moe.edu.tw/searchP.jsp?SN=%E3%84%8A&SN2=%E3%84%8A%E3%84%A7%CB%8B&word=%E8%A3%BC"
"ㄊㄧˋ","嚏","","1","待補充","https://dict.concised.moe.edu.tw/searchP.jsp?SN=%E3%84%8A&SN2=%E3%84%8A%E3%84%A7%CB%8B&word=%E5%9A%8F"
"ㄊㄧˋ","薙","","1","待補充","https://dict.concised.moe.edu.tw/searchP.jsp?SN=%E3%84%8A&SN2=%E3%84%8A%E3%84%A7%CB%8B&word=%E8%96%99"
"ㄊㄧㄝ","帖","","2","待補充","https://dict.concised.moe.edu.tw/searchP.jsp?SN=%E3%84%8A&SN2=%E3%84%8A%E3%84%A7%E3%84%9D&word=%E5%B8%96"
"ㄊㄧㄝ","貼","","13","待補充","https://dict.concised.moe.edu.tw/searchP.jsp?SN=%E3%84%8A&SN2=%E3%84%8A%E3%84%A7%E3%84%9D&word=%E8%B2%BC"
"ㄊㄧㄝˇ","帖","","2","待補充","https://dict.concised.moe.edu.tw/searchP.jsp?SN=%E3%84%8A&SN2=%E3%84%8A%E3%84%A7%E3%84%9D%CB%87&word=%E5%B8%96"
"ㄊㄧㄝˇ","鐵","","20","待補充","https://dict.concised.moe.edu.tw/searchP.jsp?SN=%E3%84%8A&SN2=%E3%84%8A%E3%84%A7%E3%84%9D%CB%87&word=%E9%90%B5"
"ㄊㄧㄝˋ","餮","","1","待補充","https://dict.concised.moe.edu.tw/searchP.jsp?SN=%E3%84%8A&SN2=%E3%84%8A%E3%84%A7%E3%84%9D%CB%8B&word=%E9%A4%AE"
"ㄊㄧㄠ","挑","","18","待補充","https://dict.concised.moe.edu.tw/searchP.jsp?SN=%E3%84%8A&SN2=%E3%84%8A%E3%84%A7%E3%84%A0&word=%E6%8C%91"
"ㄊㄧㄠ","祧","","1","待補充","https://dict.concised.moe.edu.tw/searchP.jsp?SN=%E3%84%8A&SN2=%E3%84%8A%E3%84%A7%E3%84%A0&word=%E7%A5%A7"
"ㄊㄧㄠˇ","挑","","11","待補充","https://dict.concised.moe.edu.tw/searchP.jsp?SN=%E3%84%8A&SN2=%E3%84%8A%E3%84%A7%E3%84%A0%CB%87&word=%E6%8C%91"
"ㄊㄧㄠˇ","窕","","1","待補充","https://dict.concised.moe.edu.tw/searchP.jsp?SN=%E3%84%8A&SN2=%E3%84%8A%E3%84%A7%E3%84%A0%CB%87&word=%E7%AA%95"
"ㄊㄧㄠˇ","䠷","","1","待補充","https://dict.concised.moe.edu.tw/searchP.jsp?SN=%E3%84%8A&SN2=%E3%84%8A%E3%84%A7%E3%84%A0%CB%87&word=%E4%A0%B7"
"ㄊㄧㄠˊ","佻","","1","待補充","https://dict.concised.moe.edu.tw/searchP.jsp?SN=%E3%84%8A&SN2=%E3%84%8A%E3%84%A7%E3%84%A0%CB%8A&word=%E4%BD%BB"
"ㄊㄧㄠˊ","苕","","1","待補充","https://dict.concised.moe.edu.tw/searchP.jsp?SN=%E3%84%8A&SN2=%E3%84%8A%E3%84%A7%E3%84%A0%CB%8A&word=%E8%8B%95"
"ㄊㄧㄠˊ","迢","","2","待補充","https://dict.concised.moe.edu.tw/searchP.jsp?SN=%E3%84%8A&SN2=%E3%84%8A%E3%84%A7%E3%84%A0%CB%8A&word=%E8%BF%A2"
"ㄊㄧㄠˊ","條","","13","待補充","https://dict.concised.moe.edu.tw/searchP.jsp?SN=%E3%84%8A&SN2=%E3%84%8A%E3%84%A7%E3%84%A0%CB%8A&word=%E6%A2%9D"
"ㄊㄧㄠˊ","蜩","","1","待補充","https://dict.concised.moe.edu.tw/searchP.jsp?SN=%E3%84%8A&SN2=%E3%84%8A%E3%84%A7%E3%84%A0%CB%8A&word=%E8%9C%A9"
"ㄊㄧㄠˊ","調","","20","待補充","https://dict.concised.moe.edu.tw/searchP.jsp?SN=%E3%84%8A&SN2=%E3%84%8A%E3%84%A7%E3%84%A0%CB%8A&word=%E8%AA%BF"
"ㄊㄧㄠˊ","髫","","1","待補充","https://dict.concised.moe.edu.tw/searchP.jsp?SN=%E3%84%8A&SN2=%E3%84%8A%E3%84%A7%E3%84%A0%CB%8A&word=%E9%AB%AB"
"ㄊㄧㄠˋ","眺","","3","待補充","https://dict.concised.moe.edu.tw/searchP.jsp?SN=%E3%84%8A&SN2=%E3%84%8A%E3%84%A7%E3%84%A0%CB%8B&word=%E7%9C%BA"
"ㄊㄧㄠˋ","跳","","20","待補充","https://dict.concised.moe.edu.tw/searchP.jsp?SN=%E3%84%8A&SN2=%E3%84%8A%E3%84%A7%E3%84%A0%CB%8B&word=%E8%B7%B3"
"ㄊㄧㄠˋ","糶","","1","待補充","https://dict.concised.moe.edu.tw/searchP.jsp?SN=%E3%84%8A&SN2=%E3%84%8A%E3%84%A7%E3%84%A0%CB%8B&word=%E7%B3%B6"
"ㄊㄧㄢ","天","天氣","19","已有可用詞","https://dict.concised.moe.edu.tw/searchP.jsp?SN=%E3%84%8A&SN2=%E3%84%8A%E3%84%A7%E3%84%A2&word=%E5%A4%A9"
"ㄊㄧㄢ","添","","7","待補充","https://dict.concised.moe.edu.tw/searchP.jsp?SN=%E3%84%8A&SN2=%E3%84%8A%E3%84%A7%E3%84%A2&word=%E6%B7%BB"
"ㄊㄧㄢˇ","忝","","1","待補充","https://dict.concised.moe.edu.tw/searchP.jsp?SN=%E3%84%8A&SN2=%E3%84%8A%E3%84%A7%E3%84%A2%CB%87&word=%E5%BF%9D"
"ㄊㄧㄢˇ","殄","","1","待補充","https://dict.concised.moe.edu.tw/searchP.jsp?SN=%E3%84%8A&SN2=%E3%84%8A%E3%84%A7%E3%84%A2%CB%87&word=%E6%AE%84"
"ㄊㄧㄢˇ","腆","","1","待補充","https://dict.concised.moe.edu.tw/searchP.jsp?SN=%E3%84%8A&SN2=%E3%84%8A%E3%84%A7%E3%84%A2%CB%87&word=%E8%85%86"
"ㄊㄧㄢˇ","舔","","3","待補充","https://dict.concised.moe.edu.tw/searchP.jsp?SN=%E3%84%8A&SN2=%E3%84%8A%E3%84%A7%E3%84%A2%CB%87&word=%E8%88%94"
"ㄊㄧㄢˇ","靦","","3","待補充","https://dict.concised.moe.edu.tw/searchP.jsp?SN=%E3%84%8A&SN2=%E3%84%8A%E3%84%A7%E3%84%A2%CB%87&word=%E9%9D%A6"
"ㄊㄧㄢˊ","田","","17","待補充","https://dict.concised.moe.edu.tw/searchP.jsp?SN=%E3%84%8A&SN2=%E3%84%8A%E3%84%A7%E3%84%A2%CB%8A&word=%E7%94%B0"
"ㄊㄧㄢˊ","恬","","5","待補充","https://dict.concised.moe.edu.tw/searchP.jsp?SN=%E3%84%8A&SN2=%E3%84%8A%E3%84%A7%E3%84%A2%CB%8A&word=%E6%81%AC"
"ㄊㄧㄢˊ","甜","","17","待補充","https://dict.concised.moe.edu.tw/searchP.jsp?SN=%E3%84%8A&SN2=%E3%84%8A%E3%84%A7%E3%84%A2%CB%8A&word=%E7%94%9C"
"ㄊㄧㄢˊ","填","","15","待補充","https://dict.concised.moe.edu.tw/searchP.jsp?SN=%E3%84%8A&SN2=%E3%84%8A%E3%84%A7%E3%84%A2%CB%8A&word=%E5%A1%AB"
"ㄊㄧㄢˊ","闐","","1","待補充","https://dict.concised.moe.edu.tw/searchP.jsp?SN=%E3%84%8A&SN2=%E3%84%8A%E3%84%A7%E3%84%A2%CB%8A&word=%E9%97%90"
"ㄊㄧㄥ","汀","","1","待補充","https://dict.concised.moe.edu.tw/searchP.jsp?SN=%E3%84%8A&SN2=%E3%84%8A%E3%84%A7%E3%84%A5&word=%E6%B1%80"
"ㄊㄧㄥ","烴","","1","待補充","https://dict.concised.moe.edu.tw/searchP.jsp?SN=%E3%84%8A&SN2=%E3%84%8A%E3%84%A7%E3%84%A5&word=%E7%83%B4"
"ㄊㄧㄥ","聽","","19","待補充","https://dict.concised.moe.edu.tw/searchP.jsp?SN=%E3%84%8A&SN2=%E3%84%8A%E3%84%A7%E3%84%A5&word=%E8%81%BD"
"ㄊㄧㄥ","廳","","3","待補充","https://dict.concised.moe.edu.tw/searchP.jsp?SN=%E3%84%8A&SN2=%E3%84%8A%E3%84%A7%E3%84%A5&word=%E5%BB%B3"
"ㄊㄧㄥˇ","挺","","9","待補充","https://dict.concised.moe.edu.tw/searchP.jsp?SN=%E3%84%8A&SN2=%E3%84%8A%E3%84%A7%E3%84%A5%CB%87&word=%E6%8C%BA"
"ㄊㄧㄥˇ","梃","","1","待補充","https://dict.concised.moe.edu.tw/searchP.jsp?SN=%E3%84%8A&SN2=%E3%84%8A%E3%84%A7%E3%84%A5%CB%87&word=%E6%A2%83"
"ㄊㄧㄥˇ","艇","","1","待補充","https://dict.concised.moe.edu.tw/searchP.jsp?SN=%E3%84%8A&SN2=%E3%84%8A%E3%84%A7%E3%84%A5%CB%87&word=%E8%89%87"
"ㄊㄧㄥˇ","鋌","","2","待補充","https://dict.concised.moe.edu.tw/searchP.jsp?SN=%E3%84%8A&SN2=%E3%84%8A%E3%84%A7%E3%84%A5%CB%87&word=%E9%8B%8C"
"ㄊㄧㄥˊ","廷","","3","待補充","https://dict.concised.moe.edu.tw/searchP.jsp?SN=%E3%84%8A&SN2=%E3%84%8A%E3%84%A7%E3%84%A5%CB%8A&word=%E5%BB%B7"
"ㄊㄧㄥˊ","亭","","3","待補充","https://dict.concised.moe.edu.tw/searchP.jsp?SN=%E3%84%8A&SN2=%E3%84%8A%E3%84%A7%E3%84%A5%CB%8A&word=%E4%BA%AD"
"ㄊㄧㄥˊ","庭","","6","待補充","https://dict.concised.moe.edu.tw/searchP.jsp?SN=%E3%84%8A&SN2=%E3%84%8A%E3%84%A7%E3%84%A5%CB%8A&word=%E5%BA%AD"
"ㄊㄧㄥˊ","停","","20","待補充","https://dict.concised.moe.edu.tw/searchP.jsp?SN=%E3%84%8A&SN2=%E3%84%8A%E3%84%A7%E3%84%A5%CB%8A&word=%E5%81%9C"
"ㄊㄧㄥˊ","婷","","1","待補充","https://dict.concised.moe.edu.tw/searchP.jsp?SN=%E3%84%8A&SN2=%E3%84%8A%E3%84%A7%E3%84%A5%CB%8A&word=%E5%A9%B7"
"ㄊㄧㄥˊ","蜓","","1","待補充","https://dict.concised.moe.edu.tw/searchP.jsp?SN=%E3%84%8A&SN2=%E3%84%8A%E3%84%A7%E3%84%A5%CB%8A&word=%E8%9C%93"
"ㄊㄧㄥˊ","霆","","1","待補充","https://dict.concised.moe.edu.tw/searchP.jsp?SN=%E3%84%8A&SN2=%E3%84%8A%E3%84%A7%E3%84%A5%CB%8A&word=%E9%9C%86"
"ㄊㄧㄥˋ","聽","","6","待補充","https://dict.concised.moe.edu.tw/searchP.jsp?SN=%E3%84%8A&SN2=%E3%84%8A%E3%84%A7%E3%84%A5%CB%8B&word=%E8%81%BD"
"ㄊㄨ","禿","","5","待補充","https://dict.concised.moe.edu.tw/searchP.jsp?SN=%E3%84%8A&SN2=%E3%84%8A%E3%84%A8&word=%E7%A6%BF"
"ㄊㄨˇ","土","","20","待補充","https://dict.concised.moe.edu.tw/searchP.jsp?SN=%E3%84%8A&SN2=%E3%84%8A%E3%84%A8%CB%87&word=%E5%9C%9F"
"ㄊㄨˇ","吐","","8","待補充","https://dict.concised.moe.edu.tw/searchP.jsp?SN=%E3%84%8A&SN2=%E3%84%8A%E3%84%A8%CB%87&word=%E5%90%90"
"ㄊㄨˊ","凸","","4","待補充","https://dict.concised.moe.edu.tw/searchP.jsp?SN=%E3%84%8A&SN2=%E3%84%8A%E3%84%A8%CB%8A&word=%E5%87%B8"
"ㄊㄨˊ","突","","16","待補充","https://dict.concised.moe.edu.tw/searchP.jsp?SN=%E3%84%8A&SN2=%E3%84%8A%E3%84%A8%CB%8A&word=%E7%AA%81"
"ㄊㄨˊ","徒","","14","待補充","https://dict.concised.moe.edu.tw/searchP.jsp?SN=%E3%84%8A&SN2=%E3%84%8A%E3%84%A8%CB%8A&word=%E5%BE%92"
"ㄊㄨˊ","涂","","1","待補充","https://dict.concised.moe.edu.tw/searchP.jsp?SN=%E3%84%8A&SN2=%E3%84%8A%E3%84%A8%CB%8A&word=%E6%B6%82"
"ㄊㄨˊ","屠","","9","待補充","https://dict.concised.moe.edu.tw/searchP.jsp?SN=%E3%84%8A&SN2=%E3%84%8A%E3%84%A8%CB%8A&word=%E5%B1%A0"
"ㄊㄨˊ","荼","","2","待補充","https://dict.concised.moe.edu.tw/searchP.jsp?SN=%E3%84%8A&SN2=%E3%84%8A%E3%84%A8%CB%8A&word=%E8%8D%BC"
"ㄊㄨˊ","途","","4","待補充","https://dict.concised.moe.edu.tw/searchP.jsp?SN=%E3%84%8A&SN2=%E3%84%8A%E3%84%A8%CB%8A&word=%E9%80%94"
"ㄊㄨˊ","菟","","1","待補充","https://dict.concised.moe.edu.tw/searchP.jsp?SN=%E3%84%8A&SN2=%E3%84%8A%E3%84%A8%CB%8A&word=%E8%8F%9F"
"ㄊㄨˊ","塗","","7","待補充","https://dict.concised.moe.edu.tw/searchP.jsp?SN=%E3%84%8A&SN2=%E3%84%8A%E3%84%A8%CB%8A&word=%E5%A1%97"
"ㄊㄨˊ","圖","","20","待補充","https://dict.concised.moe.edu.tw/searchP.jsp?SN=%E3%84%8A&SN2=%E3%84%8A%E3%84%A8%CB%8A&word=%E5%9C%96"
"ㄊㄨˋ","吐","","2","待補充","https://dict.concised.moe.edu.tw/searchP.jsp?SN=%E3%84%8A&SN2=%E3%84%8A%E3%84%A8%CB%8B&word=%E5%90%90"
"ㄊㄨˋ","兔","兔子","9","已有可用詞","https://dict.concised.moe.edu.tw/searchP.jsp?SN=%E3%84%8A&SN2=%E3%84%8A%E3%84%A8%CB%8B&word=%E5%85%94"
"ㄊㄨˋ","菟","","2","待補充","https://dict.concised.moe.edu.tw/searchP.jsp?SN=%E3%84%8A&SN2=%E3%84%8A%E3%84%A8%CB%8B&word=%E8%8F%9F"
"ㄊㄨㄛ","托","","9","待補充","https://dict.concised.moe.edu.tw/searchP.jsp?SN=%E3%84%8A&SN2=%E3%84%8A%E3%84%A8%E3%84%9B&word=%E6%89%98"
"ㄊㄨㄛ","拖","","20","待補充","https://dict.concised.moe.edu.tw/searchP.jsp?SN=%E3%84%8A&SN2=%E3%84%8A%E3%84%A8%E3%84%9B&word=%E6%8B%96"
"ㄊㄨㄛ","託","","7","待補充","https://dict.concised.moe.edu.tw/searchP.jsp?SN=%E3%84%8A&SN2=%E3%84%8A%E3%84%A8%E3%84%9B&word=%E8%A8%97"
"ㄊㄨㄛ","脫","","20","待補充","https://dict.concised.moe.edu.tw/searchP.jsp?SN=%E3%84%8A&SN2=%E3%84%8A%E3%84%A8%E3%84%9B&word=%E8%84%AB"
"ㄊㄨㄛ","魠","","1","待補充","https://dict.concised.moe.edu.tw/searchP.jsp?SN=%E3%84%8A&SN2=%E3%84%8A%E3%84%A8%E3%84%9B&word=%E9%AD%A0"
"ㄊㄨㄛˇ","妥","","5","待補充","https://dict.concised.moe.edu.tw/searchP.jsp?SN=%E3%84%8A&SN2=%E3%84%8A%E3%84%A8%E3%84%9B%CB%87&word=%E5%A6%A5"
"ㄊㄨㄛˇ","橢","","2","待補充","https://dict.concised.moe.edu.tw/searchP.jsp?SN=%E3%84%8A&SN2=%E3%84%8A%E3%84%A8%E3%84%9B%CB%87&word=%E6%A9%A2"
"ㄊㄨㄛˊ","佗","","1","待補充","https://dict.concised.moe.edu.tw/searchP.jsp?SN=%E3%84%8A&SN2=%E3%84%8A%E3%84%A8%E3%84%9B%CB%8A&word=%E4%BD%97"
"ㄊㄨㄛˊ","沱","","1","待補充","https://dict.concised.moe.edu.tw/searchP.jsp?SN=%E3%84%8A&SN2=%E3%84%8A%E3%84%A8%E3%84%9B%CB%8A&word=%E6%B2%B1"
"ㄊㄨㄛˊ","陀","","2","待補充","https://dict.concised.moe.edu.tw/searchP.jsp?SN=%E3%84%8A&SN2=%E3%84%8A%E3%84%A8%E3%84%9B%CB%8A&word=%E9%99%80"
"ㄊㄨㄛˊ","跎","","1","待補充","https://dict.concised.moe.edu.tw/searchP.jsp?SN=%E3%84%8A&SN2=%E3%84%8A%E3%84%A8%E3%84%9B%CB%8A&word=%E8%B7%8E"
"ㄊㄨㄛˊ","酡","","1","待補充","https://dict.concised.moe.edu.tw/searchP.jsp?SN=%E3%84%8A&SN2=%E3%84%8A%E3%84%A8%E3%84%9B%CB%8A&word=%E9%85%A1"
"ㄊㄨㄛˊ","馱","","1","待補充","https://dict.concised.moe.edu.tw/searchP.jsp?SN=%E3%84%8A&SN2=%E3%84%8A%E3%84%A8%E3%84%9B%CB%8A&word=%E9%A6%B1"
"ㄊㄨㄛˊ","駝","","5","待補充","https://dict.concised.moe.edu.tw/searchP.jsp?SN=%E3%84%8A&SN2=%E3%84%8A%E3%84%A8%E3%84%9B%CB%8A&word=%E9%A7%9D"
"ㄊㄨㄛˊ","鴕","","3","待補充","https://dict.concised.moe.edu.tw/searchP.jsp?SN=%E3%84%8A&SN2=%E3%84%8A%E3%84%A8%E3%84%9B%CB%8A&word=%E9%B4%95"
"ㄊㄨㄛˋ","拓","","7","待補充","https://dict.concised.moe.edu.tw/searchP.jsp?SN=%E3%84%8A&SN2=%E3%84%8A%E3%84%A8%E3%84%9B%CB%8B&word=%E6%8B%93"
"ㄊㄨㄛˋ","柝","","1","待補充","https://dict.concised.moe.edu.tw/searchP.jsp?SN=%E3%84%8A&SN2=%E3%84%8A%E3%84%A8%E3%84%9B%CB%8B&word=%E6%9F%9D"
"ㄊㄨㄛˋ","唾","","8","待補充","https://dict.concised.moe.edu.tw/searchP.jsp?SN=%E3%84%8A&SN2=%E3%84%8A%E3%84%A8%E3%84%9B%CB%8B&word=%E5%94%BE"
"ㄊㄨㄛˋ","魄","","1","待補充","https://dict.concised.moe.edu.tw/searchP.jsp?SN=%E3%84%8A&SN2=%E3%84%8A%E3%84%A8%E3%84%9B%CB%8B&word=%E9%AD%84"
"ㄊㄨㄛˋ","籜","","1","待補充","https://dict.concised.moe.edu.tw/searchP.jsp?SN=%E3%84%8A&SN2=%E3%84%8A%E3%84%A8%E3%84%9B%CB%8B&word=%E7%B1%9C"
"ㄊㄨㄟ","推","","20","待補充","https://dict.concised.moe.edu.tw/searchP.jsp?SN=%E3%84%8A&SN2=%E3%84%8A%E3%84%A8%E3%84%9F&word=%E6%8E%A8"
"ㄊㄨㄟˇ","腿","","3","待補充","https://dict.concised.moe.edu.tw/searchP.jsp?SN=%E3%84%8A&SN2=%E3%84%8A%E3%84%A8%E3%84%9F%CB%87&word=%E8%85%BF"
"ㄊㄨㄟˊ","隤","","1","待補充","https://dict.concised.moe.edu.tw/searchP.jsp?SN=%E3%84%8A&SN2=%E3%84%8A%E3%84%A8%E3%84%9F%CB%8A&word=%E9%9A%A4"
"ㄊㄨㄟˊ","頹","","9","待補充","https://dict.concised.moe.edu.tw/searchP.jsp?SN=%E3%84%8A&SN2=%E3%84%8A%E3%84%A8%E3%84%9F%CB%8A&word=%E9%A0%B9"
"ㄊㄨㄟˋ","退","","20","待補充","https://dict.concised.moe.edu.tw/searchP.jsp?SN=%E3%84%8A&SN2=%E3%84%8A%E3%84%A8%E3%84%9F%CB%8B&word=%E9%80%80"
"ㄊㄨㄟˋ","蛻","","3","待補充","https://dict.concised.moe.edu.tw/searchP.jsp?SN=%E3%84%8A&SN2=%E3%84%8A%E3%84%A8%E3%84%9F%CB%8B&word=%E8%9B%BB"
"ㄊㄨㄢ","湍","","3","待補充","https://dict.concised.moe.edu.tw/searchP.jsp?SN=%E3%84%8A&SN2=%E3%84%8A%E3%84%A8%E3%84%A2&word=%E6%B9%8D"
"ㄊㄨㄢˊ","團","","17","待補充","https://dict.concised.moe.edu.tw/searchP.jsp?SN=%E3%84%8A&SN2=%E3%84%8A%E3%84%A8%E3%84%A2%CB%8A&word=%E5%9C%98"
"ㄊㄨㄢˊ","摶","","1","待補充","https://dict.concised.moe.edu.tw/searchP.jsp?SN=%E3%84%8A&SN2=%E3%84%8A%E3%84%A8%E3%84%A2%CB%8A&word=%E6%91%B6"
"ㄊㄨㄢˊ","糰","","1","待補充","https://dict.concised.moe.edu.tw/searchP.jsp?SN=%E3%84%8A&SN2=%E3%84%8A%E3%84%A8%E3%84%A2%CB%8A&word=%E7%B3%B0"
"ㄊㄨㄢˋ","彖","","1","待補充","https://dict.concised.moe.edu.tw/searchP.jsp?SN=%E3%84%8A&SN2=%E3%84%8A%E3%84%A8%E3%84%A2%CB%8B&word=%E5%BD%96"
"ㄊㄨㄣ","吞","","11","待補充","https://dict.concised.moe.edu.tw/searchP.jsp?SN=%E3%84%8A&SN2=%E3%84%8A%E3%84%A8%E3%84%A3&word=%E5%90%9E"
"ㄊㄨㄣ","暾","","1","待補充","https://dict.concised.moe.edu.tw/searchP.jsp?SN=%E3%84%8A&SN2=%E3%84%8A%E3%84%A8%E3%84%A3&word=%E6%9A%BE"
"ㄊㄨㄣˊ","屯","","4","待補充","https://dict.concised.moe.edu.tw/searchP.jsp?SN=%E3%84%8A&SN2=%E3%84%8A%E3%84%A8%E3%84%A3%CB%8A&word=%E5%B1%AF"
"ㄊㄨㄣˊ","囤","","3","待補充","https://dict.concised.moe.edu.tw/searchP.jsp?SN=%E3%84%8A&SN2=%E3%84%8A%E3%84%A8%E3%84%A3%CB%8A&word=%E5%9B%A4"
"ㄊㄨㄣˊ","豚","","1","待補充","https://dict.concised.moe.edu.tw/searchP.jsp?SN=%E3%84%8A&SN2=%E3%84%8A%E3%84%A8%E3%84%A3%CB%8A&word=%E8%B1%9A"
"ㄊㄨㄣˊ","魨","","1","待補充","https://dict.concised.moe.edu.tw/searchP.jsp?SN=%E3%84%8A&SN2=%E3%84%8A%E3%84%A8%E3%84%A3%CB%8A&word=%E9%AD%A8"
"ㄊㄨㄣˊ","臀","","3","待補充","https://dict.concised.moe.edu.tw/searchP.jsp?SN=%E3%84%8A&SN2=%E3%84%8A%E3%84%A8%E3%84%A3%CB%8A&word=%E8%87%80"
"ㄊㄨㄣˋ","褪","","2","待補充","https://dict.concised.moe.edu.tw/searchP.jsp?SN=%E3%84%8A&SN2=%E3%84%8A%E3%84%A8%E3%84%A3%CB%8B&word=%E8%A4%AA"
"ㄊㄨㄥ","恫","","1","待補充","https://dict.concised.moe.edu.tw/searchP.jsp?SN=%E3%84%8A&SN2=%E3%84%8A%E3%84%A8%E3%84%A5&word=%E6%81%AB"
"ㄊㄨㄥ","通","","20","待補充","https://dict.concised.moe.edu.tw/searchP.jsp?SN=%E3%84%8A&SN2=%E3%84%8A%E3%84%A8%E3%84%A5&word=%E9%80%9A"
"ㄊㄨㄥˇ","捅","","2","待補充","https://dict.concised.moe.edu.tw/searchP.jsp?SN=%E3%84%8A&SN2=%E3%84%8A%E3%84%A8%E3%84%A5%CB%87&word=%E6%8D%85"
"ㄊㄨㄥˇ","桶","","2","待補充","https://dict.concised.moe.edu.tw/searchP.jsp?SN=%E3%84%8A&SN2=%E3%84%8A%E3%84%A8%E3%84%A5%CB%87&word=%E6%A1%B6"
"ㄊㄨㄥˇ","筒","","2","待補充","https://dict.concised.moe.edu.tw/searchP.jsp?SN=%E3%84%8A&SN2=%E3%84%8A%E3%84%A8%E3%84%A5%CB%87&word=%E7%AD%92"
"ㄊㄨㄥˇ","統","","18","待補充","https://dict.concised.moe.edu.tw/searchP.jsp?SN=%E3%84%8A&SN2=%E3%84%8A%E3%84%A8%E3%84%A5%CB%87&word=%E7%B5%B1"
"ㄊㄨㄥˊ","仝","","1","待補充","https://dict.concised.moe.edu.tw/searchP.jsp?SN=%E3%84%8A&SN2=%E3%84%8A%E3%84%A8%E3%84%A5%CB%8A&word=%E4%BB%9D"
"ㄊㄨㄥˊ","同","","20","待補充","https://dict.concised.moe.edu.tw/searchP.jsp?SN=%E3%84%8A&SN2=%E3%84%8A%E3%84%A8%E3%84%A5%CB%8A&word=%E5%90%8C"
"ㄊㄨㄥˊ","佟","","1","待補充","https://dict.concised.moe.edu.tw/searchP.jsp?SN=%E3%84%8A&SN2=%E3%84%8A%E3%84%A8%E3%84%A5%CB%8A&word=%E4%BD%9F"
"ㄊㄨㄥˊ","彤","","1","待補充","https://dict.concised.moe.edu.tw/searchP.jsp?SN=%E3%84%8A&SN2=%E3%84%8A%E3%84%A8%E3%84%A5%CB%8A&word=%E5%BD%A4"
"ㄊㄨㄥˊ","峒","","1","待補充","https://dict.concised.moe.edu.tw/searchP.jsp?SN=%E3%84%8A&SN2=%E3%84%8A%E3%84%A8%E3%84%A5%CB%8A&word=%E5%B3%92"
"ㄊㄨㄥˊ","洞","","1","待補充","https://dict.concised.moe.edu.tw/searchP.jsp?SN=%E3%84%8A&SN2=%E3%84%8A%E3%84%A8%E3%84%A5%CB%8A&word=%E6%B4%9E"
"ㄊㄨㄥˊ","桐","","2","待補充","https://dict.concised.moe.edu.tw/searchP.jsp?SN=%E3%84%8A&SN2=%E3%84%8A%E3%84%A8%E3%84%A5%CB%8A&word=%E6%A1%90"
"ㄊㄨㄥˊ","茼","","2","待補充","https://dict.concised.moe.edu.tw/searchP.jsp?SN=%E3%84%8A&SN2=%E3%84%8A%E3%84%A8%E3%84%A5%CB%8A&word=%E8%8C%BC"
"ㄊㄨㄥˊ","童","","20","待補充","https://dict.concised.moe.edu.tw/searchP.jsp?SN=%E3%84%8A&SN2=%E3%84%8A%E3%84%A8%E3%84%A5%CB%8A&word=%E7%AB%A5"
"ㄊㄨㄥˊ","衕","","1","待補充","https://dict.concised.moe.edu.tw/searchP.jsp?SN=%E3%84%8A&SN2=%E3%84%8A%E3%84%A8%E3%84%A5%CB%8A&word=%E8%A1%95"
"ㄊㄨㄥˊ","酮","","1","待補充","https://dict.concised.moe.edu.tw/searchP.jsp?SN=%E3%84%8A&SN2=%E3%84%8A%E3%84%A8%E3%84%A5%CB%8A&word=%E9%85%AE"
"ㄊㄨㄥˊ","僮","","1","待補充","https://dict.concised.moe.edu.tw/searchP.jsp?SN=%E3%84%8A&SN2=%E3%84%8A%E3%84%A8%E3%84%A5%CB%8A&word=%E5%83%AE"
"ㄊㄨㄥˊ","銅","","19","待補充","https://dict.concised.moe.edu.tw/searchP.jsp?SN=%E3%84%8A&SN2=%E3%84%8A%E3%84%A8%E3%84%A5%CB%8A&word=%E9%8A%85"
"ㄊㄨㄥˊ","潼","","2","待補充","https://dict.concised.moe.edu.tw/searchP.jsp?SN=%E3%84%8A&SN2=%E3%84%8A%E3%84%A8%E3%84%A5%CB%8A&word=%E6%BD%BC"
"ㄊㄨㄥˊ","瞳","","3","待補充","https://dict.concised.moe.edu.tw/searchP.jsp?SN=%E3%84%8A&SN2=%E3%84%8A%E3%84%A8%E3%84%A5%CB%8A&word=%E7%9E%B3"
"ㄊㄨㄥˋ","痛","","20","待補充","https://dict.concised.moe.edu.tw/searchP.jsp?SN=%E3%84%8A&SN2=%E3%84%8A%E3%84%A8%E3%84%A5%CB%8B&word=%E7%97%9B"
"ㄊㄨㄥˋ","慟","","2","待補充","https://dict.concised.moe.edu.tw/searchP.jsp?SN=%E3%84%8A&SN2=%E3%84%8A%E3%84%A8%E3%84%A5%CB%8B&word=%E6%85%9F"
"ㄋㄚ","那","","8","待補充","https://dict.concised.moe.edu.tw/searchP.jsp?SN=%E3%84%8B&SN2=%E3%84%8B%E3%84%9A&word=%E9%82%A3"
"ㄋㄚˇ","那","","6","待補充","https://dict.concised.moe.edu.tw/searchP.jsp?SN=%E3%84%8B&SN2=%E3%84%8B%E3%84%9A%CB%87&word=%E9%82%A3"
"ㄋㄚˇ","哪","","3","待補充","https://dict.concised.moe.edu.tw/searchP.jsp?SN=%E3%84%8B&SN2=%E3%84%8B%E3%84%9A%CB%87&word=%E5%93%AA"
"ㄋㄚˊ","南","","2","待補充","https://dict.concised.moe.edu.tw/searchP.jsp?SN=%E3%84%8B&SN2=%E3%84%8B%E3%84%9A%CB%8A&word=%E5%8D%97"
"ㄋㄚˊ","拏","","1","待補充","https://dict.concised.moe.edu.tw/searchP.jsp?SN=%E3%84%8B&SN2=%E3%84%8B%E3%84%9A%CB%8A&word=%E6%8B%8F"
"ㄋㄚˊ","拿","","11","待補充","https://dict.concised.moe.edu.tw/searchP.jsp?SN=%E3%84%8B&SN2=%E3%84%8B%E3%84%9A%CB%8A&word=%E6%8B%BF"
"ㄋㄚˋ","吶","","2","待補充","https://dict.concised.moe.edu.tw/searchP.jsp?SN=%E3%84%8B&SN2=%E3%84%8B%E3%84%9A%CB%8B&word=%E5%90%B6"
"ㄋㄚˋ","那","","7","待補充","https://dict.concised.moe.edu.tw/searchP.jsp?SN=%E3%84%8B&SN2=%E3%84%8B%E3%84%9A%CB%8B&word=%E9%82%A3"
"ㄋㄚˋ","娜","","1","待補充","https://dict.concised.moe.edu.tw/searchP.jsp?SN=%E3%84%8B&SN2=%E3%84%8B%E3%84%9A%CB%8B&word=%E5%A8%9C"
"ㄋㄚˋ","納","","12","待補充","https://dict.concised.moe.edu.tw/searchP.jsp?SN=%E3%84%8B&SN2=%E3%84%8B%E3%84%9A%CB%8B&word=%E7%B4%8D"
"ㄋㄚˋ","衲","","1","待補充","https://dict.concised.moe.edu.tw/searchP.jsp?SN=%E3%84%8B&SN2=%E3%84%8B%E3%84%9A%CB%8B&word=%E8%A1%B2"
"ㄋㄚˋ","捺","","2","待補充","https://dict.concised.moe.edu.tw/searchP.jsp?SN=%E3%84%8B&SN2=%E3%84%8B%E3%84%9A%CB%8B&word=%E6%8D%BA"
"ㄋㄚˋ","鈉","","2","待補充","https://dict.concised.moe.edu.tw/searchP.jsp?SN=%E3%84%8B&SN2=%E3%84%8B%E3%84%9A%CB%8B&word=%E9%88%89"
"ㄋㄜˋ","訥","","1","待補充","https://dict.concised.moe.edu.tw/searchP.jsp?SN=%E3%84%8B&SN2=%E3%84%8B%E3%84%9C%CB%8B&word=%E8%A8%A5"
"ㄋㄞˇ","乃","","2","待補充","https://dict.concised.moe.edu.tw/searchP.jsp?SN=%E3%84%8B&SN2=%E3%84%8B%E3%84%9E%CB%87&word=%E4%B9%83"
"ㄋㄞˇ","奶","","11","待補充","https://dict.concised.moe.edu.tw/searchP.jsp?SN=%E3%84%8B&SN2=%E3%84%8B%E3%84%9E%CB%87&word=%E5%A5%B6"
"ㄋㄞˇ","氖","","1","待補充","https://dict.concised.moe.edu.tw/searchP.jsp?SN=%E3%84%8B&SN2=%E3%84%8B%E3%84%9E%CB%87&word=%E6%B0%96"
"ㄋㄞˇ","迺","","1","待補充","https://dict.concised.moe.edu.tw/searchP.jsp?SN=%E3%84%8B&SN2=%E3%84%8B%E3%84%9E%CB%87&word=%E8%BF%BA"
"ㄋㄞˋ","奈","","3","待補充","https://dict.concised.moe.edu.tw/searchP.jsp?SN=%E3%84%8B&SN2=%E3%84%8B%E3%84%9E%CB%8B&word=%E5%A5%88"
"ㄋㄞˋ","耐","","15","待補充","https://dict.concised.moe.edu.tw/searchP.jsp?SN=%E3%84%8B&SN2=%E3%84%8B%E3%84%9E%CB%8B&word=%E8%80%90"
"ㄋㄞˋ","鼐","","1","待補充","https://dict.concised.moe.edu.tw/searchP.jsp?SN=%E3%84%8B&SN2=%E3%84%8B%E3%84%9E%CB%8B&word=%E9%BC%90"
"ㄋㄟˇ","餒","","1","待補充","https://dict.concised.moe.edu.tw/searchP.jsp?SN=%E3%84%8B&SN2=%E3%84%8B%E3%84%9F%CB%87&word=%E9%A4%92"
"ㄋㄟˋ","內","","20","待補充","https://dict.concised.moe.edu.tw/searchP.jsp?SN=%E3%84%8B&SN2=%E3%84%8B%E3%84%9F%CB%8B&word=%E5%85%A7"
"ㄋㄠ","孬","","1","待補充","https://dict.concised.moe.edu.tw/searchP.jsp?SN=%E3%84%8B&SN2=%E3%84%8B%E3%84%A0&word=%E5%AD%AC"
"ㄋㄠˇ","惱","","6","待補充","https://dict.concised.moe.edu.tw/searchP.jsp?SN=%E3%84%8B&SN2=%E3%84%8B%E3%84%A0%CB%87&word=%E6%83%B1"
"ㄋㄠˇ","瑙","","1","待補充","https://dict.concised.moe.edu.tw/searchP.jsp?SN=%E3%84%8B&SN2=%E3%84%8B%E3%84%A0%CB%87&word=%E7%91%99"
"ㄋㄠˇ","腦","","20","待補充","https://dict.concised.moe.edu.tw/searchP.jsp?SN=%E3%84%8B&SN2=%E3%84%8B%E3%84%A0%CB%87&word=%E8%85%A6"
"ㄋㄠˊ","呶","","1","待補充","https://dict.concised.moe.edu.tw/searchP.jsp?SN=%E3%84%8B&SN2=%E3%84%8B%E3%84%A0%CB%8A&word=%E5%91%B6"
"ㄋㄠˊ","撓","","1","待補充","https://dict.concised.moe.edu.tw/searchP.jsp?SN=%E3%84%8B&SN2=%E3%84%8B%E3%84%A0%CB%8A&word=%E6%92%93"
"ㄋㄠˊ","橈","","3","待補充","https://dict.concised.moe.edu.tw/searchP.jsp?SN=%E3%84%8B&SN2=%E3%84%8B%E3%84%A0%CB%8A&word=%E6%A9%88"
"ㄋㄠˊ","鐃","","1","待補充","https://dict.concised.moe.edu.tw/searchP.jsp?SN=%E3%84%8B&SN2=%E3%84%8B%E3%84%A0%CB%8A&word=%E9%90%83"
"ㄋㄠˋ","淖","","1","待補充","https://dict.concised.moe.edu.tw/searchP.jsp?SN=%E3%84%8B&SN2=%E3%84%8B%E3%84%A0%CB%8B&word=%E6%B7%96"
"ㄋㄠˋ","鬧","","19","待補充","https://dict.concised.moe.edu.tw/searchP.jsp?SN=%E3%84%8B&SN2=%E3%84%8B%E3%84%A0%CB%8B&word=%E9%AC%A7"
"ㄋㄡˋ","耨","","1","待補充","https://dict.concised.moe.edu.tw/searchP.jsp?SN=%E3%84%8B&SN2=%E3%84%8B%E3%84%A1%CB%8B&word=%E8%80%A8"
"ㄋㄢˇ","赧","","2","待補充","https://dict.concised.moe.edu.tw/searchP.jsp?SN=%E3%84%8B&SN2=%E3%84%8B%E3%84%A2%CB%87&word=%E8%B5%A7"
"ㄋㄢˇ","湳","","1","待補充","https://dict.concised.moe.edu.tw/searchP.jsp?SN=%E3%84%8B&SN2=%E3%84%8B%E3%84%A2%CB%87&word=%E6%B9%B3"
"ㄋㄢˇ","腩","","1","待補充","https://dict.concised.moe.edu.tw/searchP.jsp?SN=%E3%84%8B&SN2=%E3%84%8B%E3%84%A2%CB%87&word=%E8%85%A9"
"ㄋㄢˊ","男","","20","待補充","https://dict.concised.moe.edu.tw/searchP.jsp?SN=%E3%84%8B&SN2=%E3%84%8B%E3%84%A2%CB%8A&word=%E7%94%B7"
"ㄋㄢˊ","南","","20","待補充","https://dict.concised.moe.edu.tw/searchP.jsp?SN=%E3%84%8B&SN2=%E3%84%8B%E3%84%A2%CB%8A&word=%E5%8D%97"
"ㄋㄢˊ","喃","","3","待補充","https://dict.concised.moe.edu.tw/searchP.jsp?SN=%E3%84%8B&SN2=%E3%84%8B%E3%84%A2%CB%8A&word=%E5%96%83"
"ㄋㄢˊ","楠","","1","待補充","https://dict.concised.moe.edu.tw/searchP.jsp?SN=%E3%84%8B&SN2=%E3%84%8B%E3%84%A2%CB%8A&word=%E6%A5%A0"
"ㄋㄢˊ","難","","19","待補充","https://dict.concised.moe.edu.tw/searchP.jsp?SN=%E3%84%8B&SN2=%E3%84%8B%E3%84%A2%CB%8A&word=%E9%9B%A3"
"ㄋㄢˋ","難","","5","待補充","https://dict.concised.moe.edu.tw/searchP.jsp?SN=%E3%84%8B&SN2=%E3%84%8B%E3%84%A2%CB%8B&word=%E9%9B%A3"
"ㄋㄣˋ","嫩","","5","待補充","https://dict.concised.moe.edu.tw/searchP.jsp?SN=%E3%84%8B&SN2=%E3%84%8B%E3%84%A3%CB%8B&word=%E5%AB%A9"
"ㄋㄤˇ","曩","","1","待補充","https://dict.concised.moe.edu.tw/searchP.jsp?SN=%E3%84%8B&SN2=%E3%84%8B%E3%84%A4%CB%87&word=%E6%9B%A9"
"ㄋㄤˊ","囊","","5","待補充","https://dict.concised.moe.edu.tw/searchP.jsp?SN=%E3%84%8B&SN2=%E3%84%8B%E3%84%A4%CB%8A&word=%E5%9B%8A"
"ㄋㄥˊ","能","","20","待補充","https://dict.concised.moe.edu.tw/searchP.jsp?SN=%E3%84%8B&SN2=%E3%84%8B%E3%84%A5%CB%8A&word=%E8%83%BD"
"ㄋㄧˇ","你","","8","待補充","https://dict.concised.moe.edu.tw/searchP.jsp?SN=%E3%84%8B&SN2=%E3%84%8B%E3%84%A7%CB%87&word=%E4%BD%A0"
"ㄋㄧˇ","妳","","1","待補充","https://dict.concised.moe.edu.tw/searchP.jsp?SN=%E3%84%8B&SN2=%E3%84%8B%E3%84%A7%CB%87&word=%E5%A6%B3"
"ㄋㄧˇ","旎","","1","待補充","https://dict.concised.moe.edu.tw/searchP.jsp?SN=%E3%84%8B&SN2=%E3%84%8B%E3%84%A7%CB%87&word=%E6%97%8E"
"ㄋㄧˇ","擬","","12","待補充","https://dict.concised.moe.edu.tw/searchP.jsp?SN=%E3%84%8B&SN2=%E3%84%8B%E3%84%A7%CB%87&word=%E6%93%AC"
"ㄋㄧˊ","尼","","7","待補充","https://dict.concised.moe.edu.tw/searchP.jsp?SN=%E3%84%8B&SN2=%E3%84%8B%E3%84%A7%CB%8A&word=%E5%B0%BC"
"ㄋㄧˊ","兒","","1","待補充","https://dict.concised.moe.edu.tw/searchP.jsp?SN=%E3%84%8B&SN2=%E3%84%8B%E3%84%A7%CB%8A&word=%E5%85%92"
"ㄋㄧˊ","呢","","3","待補充","https://dict.concised.moe.edu.tw/searchP.jsp?SN=%E3%84%8B&SN2=%E3%84%8B%E3%84%A7%CB%8A&word=%E5%91%A2"
"ㄋㄧˊ","妮","","1","待補充","https://dict.concised.moe.edu.tw/searchP.jsp?SN=%E3%84%8B&SN2=%E3%84%8B%E3%84%A7%CB%8A&word=%E5%A6%AE"
"ㄋㄧˊ","怩","","1","待補充","https://dict.concised.moe.edu.tw/searchP.jsp?SN=%E3%84%8B&SN2=%E3%84%8B%E3%84%A7%CB%8A&word=%E6%80%A9"
"ㄋㄧˊ","泥","","20","待補充","https://dict.concised.moe.edu.tw/searchP.jsp?SN=%E3%84%8B&SN2=%E3%84%8B%E3%84%A7%CB%8A&word=%E6%B3%A5"
"ㄋㄧˊ","倪","","1","待補充","https://dict.concised.moe.edu.tw/searchP.jsp?SN=%E3%84%8B&SN2=%E3%84%8B%E3%84%A7%CB%8A&word=%E5%80%AA"
"ㄋㄧˊ","霓","","3","待補充","https://dict.concised.moe.edu.tw/searchP.jsp?SN=%E3%84%8B&SN2=%E3%84%8B%E3%84%A7%CB%8A&word=%E9%9C%93"
"ㄋㄧˋ","泥","","2","待補充","https://dict.concised.moe.edu.tw/searchP.jsp?SN=%E3%84%8B&SN2=%E3%84%8B%E3%84%A7%CB%8B&word=%E6%B3%A5"
"ㄋㄧˋ","昵","","1","待補充","https://dict.concised.moe.edu.tw/searchP.jsp?SN=%E3%84%8B&SN2=%E3%84%8B%E3%84%A7%CB%8B&word=%E6%98%B5"
"ㄋㄧˋ","逆","","16","待補充","https://dict.concised.moe.edu.tw/searchP.jsp?SN=%E3%84%8B&SN2=%E3%84%8B%E3%84%A7%CB%8B&word=%E9%80%86"
"ㄋㄧˋ","匿","","5","待補充","https://dict.concised.moe.edu.tw/searchP.jsp?SN=%E3%84%8B&SN2=%E3%84%8B%E3%84%A7%CB%8B&word=%E5%8C%BF"
"ㄋㄧˋ","惄","","1","待補充","https://dict.concised.moe.edu.tw/searchP.jsp?SN=%E3%84%8B&SN2=%E3%84%8B%E3%84%A7%CB%8B&word=%E6%83%84"
"ㄋㄧˋ","溺","","5","待補充","https://dict.concised.moe.edu.tw/searchP.jsp?SN=%E3%84%8B&SN2=%E3%84%8B%E3%84%A7%CB%8B&word=%E6%BA%BA"
"ㄋㄧˋ","睨","","1","待補充","https://dict.concised.moe.edu.tw/searchP.jsp?SN=%E3%84%8B&SN2=%E3%84%8B%E3%84%A7%CB%8B&word=%E7%9D%A8"
"ㄋㄧˋ","暱","","2","待補充","https://dict.concised.moe.edu.tw/searchP.jsp?SN=%E3%84%8B&SN2=%E3%84%8B%E3%84%A7%CB%8B&word=%E6%9A%B1"
"ㄋㄧˋ","膩","","1","待補充","https://dict.concised.moe.edu.tw/searchP.jsp?SN=%E3%84%8B&SN2=%E3%84%8B%E3%84%A7%CB%8B&word=%E8%86%A9"
"ㄋㄧㄝ","捏","","6","待補充","https://dict.concised.moe.edu.tw/searchP.jsp?SN=%E3%84%8B&SN2=%E3%84%8B%E3%84%A7%E3%84%9D&word=%E6%8D%8F"
"ㄋㄧㄝˋ","乜","","1","待補充","https://dict.concised.moe.edu.tw/searchP.jsp?SN=%E3%84%8B&SN2=%E3%84%8B%E3%84%A7%E3%84%9D%CB%8B&word=%E4%B9%9C"
"ㄋㄧㄝˋ","涅","","3","待補充","https://dict.concised.moe.edu.tw/searchP.jsp?SN=%E3%84%8B&SN2=%E3%84%8B%E3%84%A7%E3%84%9D%CB%8B&word=%E6%B6%85"
"ㄋㄧㄝˋ","臬","","1","待補充","https://dict.concised.moe.edu.tw/searchP.jsp?SN=%E3%84%8B&SN2=%E3%84%8B%E3%84%A7%E3%84%9D%CB%8B&word=%E8%87%AC"
"ㄋㄧㄝˋ","隉","","1","待補充","https://dict.concised.moe.edu.tw/searchP.jsp?SN=%E3%84%8B&SN2=%E3%84%8B%E3%84%A7%E3%84%9D%CB%8B&word=%E9%9A%89"
"ㄋㄧㄝˋ","聶","","1","待補充","https://dict.concised.moe.edu.tw/searchP.jsp?SN=%E3%84%8B&SN2=%E3%84%8B%E3%84%A7%E3%84%9D%CB%8B&word=%E8%81%B6"
"ㄋㄧㄝˋ","鎳","","1","待補充","https://dict.concised.moe.edu.tw/searchP.jsp?SN=%E3%84%8B&SN2=%E3%84%8B%E3%84%A7%E3%84%9D%CB%8B&word=%E9%8E%B3"
"ㄋㄧㄝˋ","孽","","4","待補充","https://dict.concised.moe.edu.tw/searchP.jsp?SN=%E3%84%8B&SN2=%E3%84%8B%E3%84%A7%E3%84%9D%CB%8B&word=%E5%AD%BD"
"ㄋㄧㄝˋ","囁","","2","待補充","https://dict.concised.moe.edu.tw/searchP.jsp?SN=%E3%84%8B&SN2=%E3%84%8B%E3%84%A7%E3%84%9D%CB%8B&word=%E5%9B%81"
"ㄋㄧㄝˋ","齧","","1","待補充","https://dict.concised.moe.edu.tw/searchP.jsp?SN=%E3%84%8B&SN2=%E3%84%8B%E3%84%A7%E3%84%9D%CB%8B&word=%E9%BD%A7"
"ㄋㄧㄝˋ","囓","","1","待補充","https://dict.concised.moe.edu.tw/searchP.jsp?SN=%E3%84%8B&SN2=%E3%84%8B%E3%84%A7%E3%84%9D%CB%8B&word=%E5%9B%93"
"ㄋㄧㄝˋ","躡","","3","待補充","https://dict.concised.moe.edu.tw/searchP.jsp?SN=%E3%84%8B&SN2=%E3%84%8B%E3%84%A7%E3%84%9D%CB%8B&word=%E8%BA%A1"
"ㄋㄧㄝˋ","鑷","","1","待補充","https://dict.concised.moe.edu.tw/searchP.jsp?SN=%E3%84%8B&SN2=%E3%84%8B%E3%84%A7%E3%84%9D%CB%8B&word=%E9%91%B7"
"ㄋㄧㄠˇ","鳥","鳥窩","12","已有可用詞","https://dict.concised.moe.edu.tw/searchP.jsp?SN=%E3%84%8B&SN2=%E3%84%8B%E3%84%A7%E3%84%A0%CB%87&word=%E9%B3%A5"
"ㄋㄧㄠˇ","嫋","","3","待補充","https://dict.concised.moe.edu.tw/searchP.jsp?SN=%E3%84%8B&SN2=%E3%84%8B%E3%84%A7%E3%84%A0%CB%87&word=%E5%AB%8B"
"ㄋㄧㄠˇ","裊","","5","待補充","https://dict.concised.moe.edu.tw/searchP.jsp?SN=%E3%84%8B&SN2=%E3%84%8B%E3%84%A7%E3%84%A0%CB%87&word=%E8%A3%8A"
"ㄋㄧㄠˇ","嬝","","1","待補充","https://dict.concised.moe.edu.tw/searchP.jsp?SN=%E3%84%8B&SN2=%E3%84%8B%E3%84%A7%E3%84%A0%CB%87&word=%E5%AC%9D"
"ㄋㄧㄠˋ","尿","","19","待補充","https://dict.concised.moe.edu.tw/searchP.jsp?SN=%E3%84%8B&SN2=%E3%84%8B%E3%84%A7%E3%84%A0%CB%8B&word=%E5%B0%BF"
"ㄋㄧㄠˋ","溺","","1","待補充","https://dict.concised.moe.edu.tw/searchP.jsp?SN=%E3%84%8B&SN2=%E3%84%8B%E3%84%A7%E3%84%A0%CB%8B&word=%E6%BA%BA"
"ㄋㄧㄡ","妞","","1","待補充","https://dict.concised.moe.edu.tw/searchP.jsp?SN=%E3%84%8B&SN2=%E3%84%8B%E3%84%A7%E3%84%A1&word=%E5%A6%9E"
"ㄋㄧㄡˇ","忸","","3","待補充","https://dict.concised.moe.edu.tw/searchP.jsp?SN=%E3%84%8B&SN2=%E3%84%8B%E3%84%A7%E3%84%A1%CB%87&word=%E5%BF%B8"
"ㄋㄧㄡˇ","扭","","18","待補充","https://dict.concised.moe.edu.tw/searchP.jsp?SN=%E3%84%8B&SN2=%E3%84%8B%E3%84%A7%E3%84%A1%CB%87&word=%E6%89%AD"
"ㄋㄧㄡˇ","紐","","2","待補充","https://dict.concised.moe.edu.tw/searchP.jsp?SN=%E3%84%8B&SN2=%E3%84%8B%E3%84%A7%E3%84%A1%CB%87&word=%E7%B4%90"
"ㄋㄧㄡˇ","鈕","","2","待補充","https://dict.concised.moe.edu.tw/searchP.jsp?SN=%E3%84%8B&SN2=%E3%84%8B%E3%84%A7%E3%84%A1%CB%87&word=%E9%88%95"
"ㄋㄧㄡˊ","牛","牛奶、牛肉","20","已有可用詞","https://dict.concised.moe.edu.tw/searchP.jsp?SN=%E3%84%8B&SN2=%E3%84%8B%E3%84%A7%E3%84%A1%CB%8A&word=%E7%89%9B"
"ㄋㄧㄡˋ","拗","","1","待補充","https://dict.concised.moe.edu.tw/searchP.jsp?SN=%E3%84%8B&SN2=%E3%84%8B%E3%84%A7%E3%84%A1%CB%8B&word=%E6%8B%97"
"ㄋㄧㄢˇ","拈","","1","待補充","https://dict.concised.moe.edu.tw/searchP.jsp?SN=%E3%84%8B&SN2=%E3%84%8B%E3%84%A7%E3%84%A2%CB%87&word=%E6%8B%88"
"ㄋㄧㄢˇ","捻","","2","待補充","https://dict.concised.moe.edu.tw/searchP.jsp?SN=%E3%84%8B&SN2=%E3%84%8B%E3%84%A7%E3%84%A2%CB%87&word=%E6%8D%BB"
"ㄋㄧㄢˇ","撚","","1","待補充","https://dict.concised.moe.edu.tw/searchP.jsp?SN=%E3%84%8B&SN2=%E3%84%8B%E3%84%A7%E3%84%A2%CB%87&word=%E6%92%9A"
"ㄋㄧㄢˇ","碾","","3","待補充","https://dict.concised.moe.edu.tw/searchP.jsp?SN=%E3%84%8B&SN2=%E3%84%8B%E3%84%A7%E3%84%A2%CB%87&word=%E7%A2%BE"
"ㄋㄧㄢˇ","輦","","1","待補充","https://dict.concised.moe.edu.tw/searchP.jsp?SN=%E3%84%8B&SN2=%E3%84%8B%E3%84%A7%E3%84%A2%CB%87&word=%E8%BC%A6"
"ㄋㄧㄢˇ","輾","","1","待補充","https://dict.concised.moe.edu.tw/searchP.jsp?SN=%E3%84%8B&SN2=%E3%84%8B%E3%84%A7%E3%84%A2%CB%87&word=%E8%BC%BE"
"ㄋㄧㄢˇ","攆","","2","待補充","https://dict.concised.moe.edu.tw/searchP.jsp?SN=%E3%84%8B&SN2=%E3%84%8B%E3%84%A7%E3%84%A2%CB%87&word=%E6%94%86"
"ㄋㄧㄢˊ","年","","20","待補充","https://dict.concised.moe.edu.tw/searchP.jsp?SN=%E3%84%8B&SN2=%E3%84%8B%E3%84%A7%E3%84%A2%CB%8A&word=%E5%B9%B4"
"ㄋㄧㄢˊ","拈","","3","待補充","https://dict.concised.moe.edu.tw/searchP.jsp?SN=%E3%84%8B&SN2=%E3%84%8B%E3%84%A7%E3%84%A2%CB%8A&word=%E6%8B%88"
"ㄋㄧㄢˊ","粘","","1","待補充","https://dict.concised.moe.edu.tw/searchP.jsp?SN=%E3%84%8B&SN2=%E3%84%8B%E3%84%A7%E3%84%A2%CB%8A&word=%E7%B2%98"
"ㄋㄧㄢˊ","黏","","15","待補充","https://dict.concised.moe.edu.tw/searchP.jsp?SN=%E3%84%8B&SN2=%E3%84%8B%E3%84%A7%E3%84%A2%CB%8A&word=%E9%BB%8F"
"ㄋㄧㄢˊ","鯰","","2","待補充","https://dict.concised.moe.edu.tw/searchP.jsp?SN=%E3%84%8B&SN2=%E3%84%8B%E3%84%A7%E3%84%A2%CB%8A&word=%E9%AF%B0"
"ㄋㄧㄢˋ","廿","","1","待補充","https://dict.concised.moe.edu.tw/searchP.jsp?SN=%E3%84%8B&SN2=%E3%84%8B%E3%84%A7%E3%84%A2%CB%8B&word=%E5%BB%BF"
"ㄋㄧㄢˋ","念","","9","待補充","https://dict.concised.moe.edu.tw/searchP.jsp?SN=%E3%84%8B&SN2=%E3%84%8B%E3%84%A7%E3%84%A2%CB%8B&word=%E5%BF%B5"
"ㄋㄧㄢˋ","唸","","4","待補充","https://dict.concised.moe.edu.tw/searchP.jsp?SN=%E3%84%8B&SN2=%E3%84%8B%E3%84%A7%E3%84%A2%CB%8B&word=%E5%94%B8"
"ㄋㄧㄣˊ","您","","1","待補充","https://dict.concised.moe.edu.tw/searchP.jsp?SN=%E3%84%8B&SN2=%E3%84%8B%E3%84%A7%E3%84%A3%CB%8A&word=%E6%82%A8"
"ㄋㄧㄤˊ","娘","","5","待補充","https://dict.concised.moe.edu.tw/searchP.jsp?SN=%E3%84%8B&SN2=%E3%84%8B%E3%84%A7%E3%84%A4%CB%8A&word=%E5%A8%98"
"ㄋㄧㄤˊ","孃","","1","待補充","https://dict.concised.moe.edu.tw/searchP.jsp?SN=%E3%84%8B&SN2=%E3%84%8B%E3%84%A7%E3%84%A4%CB%8A&word=%E5%AD%83"
"ㄋㄧㄤˋ","釀","","5","待補充","https://dict.concised.moe.edu.tw/searchP.jsp?SN=%E3%84%8B&SN2=%E3%84%8B%E3%84%A7%E3%84%A4%CB%8B&word=%E9%87%80"
"ㄋㄧㄥˇ","擰","","1","待補充","https://dict.concised.moe.edu.tw/searchP.jsp?SN=%E3%84%8B&SN2=%E3%84%8B%E3%84%A7%E3%84%A5%CB%87&word=%E6%93%B0"
"ㄋㄧㄥˊ","寧","","12","待補充","https://dict.concised.moe.edu.tw/searchP.jsp?SN=%E3%84%8B&SN2=%E3%84%8B%E3%84%A7%E3%84%A5%CB%8A&word=%E5%AF%A7"
"ㄋㄧㄥˊ","凝","","13","待補充","https://dict.concised.moe.edu.tw/searchP.jsp?SN=%E3%84%8B&SN2=%E3%84%8B%E3%84%A7%E3%84%A5%CB%8A&word=%E5%87%9D"
"ㄋㄧㄥˊ","嚀","","1","待補充","https://dict.concised.moe.edu.tw/searchP.jsp?SN=%E3%84%8B&SN2=%E3%84%8B%E3%84%A7%E3%84%A5%CB%8A&word=%E5%9A%80"
"ㄋㄧㄥˊ","獰","","1","待補充","https://dict.concised.moe.edu.tw/searchP.jsp?SN=%E3%84%8B&SN2=%E3%84%8B%E3%84%A7%E3%84%A5%CB%8A&word=%E7%8D%B0"
"ㄋㄧㄥˊ","檸","","2","待補充","https://dict.concised.moe.edu.tw/searchP.jsp?SN=%E3%84%8B&SN2=%E3%84%8B%E3%84%A7%E3%84%A5%CB%8A&word=%E6%AA%B8"
"ㄋㄧㄥˊ","聹","","1","待補充","https://dict.concised.moe.edu.tw/searchP.jsp?SN=%E3%84%8B&SN2=%E3%84%8B%E3%84%A7%E3%84%A5%CB%8A&word=%E8%81%B9"
"ㄋㄧㄥˋ","佞","","1","待補充","https://dict.concised.moe.edu.tw/searchP.jsp?SN=%E3%84%8B&SN2=%E3%84%8B%E3%84%A7%E3%84%A5%CB%8B&word=%E4%BD%9E"
"ㄋㄧㄥˋ","寧","","1","待補充","https://dict.concised.moe.edu.tw/searchP.jsp?SN=%E3%84%8B&SN2=%E3%84%8B%E3%84%A7%E3%84%A5%CB%8B&word=%E5%AF%A7"
"ㄋㄧㄥˋ","擰","","1","待補充","https://dict.concised.moe.edu.tw/searchP.jsp?SN=%E3%84%8B&SN2=%E3%84%8B%E3%84%A7%E3%84%A5%CB%8B&word=%E6%93%B0"
"ㄋㄧㄥˋ","濘","","1","待補充","https://dict.concised.moe.edu.tw/searchP.jsp?SN=%E3%84%8B&SN2=%E3%84%8B%E3%84%A7%E3%84%A5%CB%8B&word=%E6%BF%98"
"ㄋㄨˇ","努","","2","待補充","https://dict.concised.moe.edu.tw/searchP.jsp?SN=%E3%84%8B&SN2=%E3%84%8B%E3%84%A8%CB%87&word=%E5%8A%AA"
"ㄋㄨˇ","弩","","1","待補充","https://dict.concised.moe.edu.tw/searchP.jsp?SN=%E3%84%8B&SN2=%E3%84%8B%E3%84%A8%CB%87&word=%E5%BC%A9"
"ㄋㄨˊ","奴","","9","待補充","https://dict.concised.moe.edu.tw/searchP.jsp?SN=%E3%84%8B&SN2=%E3%84%8B%E3%84%A8%CB%8A&word=%E5%A5%B4"
"ㄋㄨˊ","孥","","1","待補充","https://dict.concised.moe.edu.tw/searchP.jsp?SN=%E3%84%8B&SN2=%E3%84%8B%E3%84%A8%CB%8A&word=%E5%AD%A5"
"ㄋㄨˊ","駑","","1","待補充","https://dict.concised.moe.edu.tw/searchP.jsp?SN=%E3%84%8B&SN2=%E3%84%8B%E3%84%A8%CB%8A&word=%E9%A7%91"
"ㄋㄨˋ","怒","","18","待補充","https://dict.concised.moe.edu.tw/searchP.jsp?SN=%E3%84%8B&SN2=%E3%84%8B%E3%84%A8%CB%8B&word=%E6%80%92"
"ㄋㄨㄛˊ","哪","","2","待補充","https://dict.concised.moe.edu.tw/searchP.jsp?SN=%E3%84%8B&SN2=%E3%84%8B%E3%84%A8%E3%84%9B%CB%8A&word=%E5%93%AA"
"ㄋㄨㄛˊ","娜","","1","待補充","https://dict.concised.moe.edu.tw/searchP.jsp?SN=%E3%84%8B&SN2=%E3%84%8B%E3%84%A8%E3%84%9B%CB%8A&word=%E5%A8%9C"
"ㄋㄨㄛˊ","挪","","4","待補充","https://dict.concised.moe.edu.tw/searchP.jsp?SN=%E3%84%8B&SN2=%E3%84%8B%E3%84%A8%E3%84%9B%CB%8A&word=%E6%8C%AA"
"ㄋㄨㄛˋ","喏","","1","待補充","https://dict.concised.moe.edu.tw/searchP.jsp?SN=%E3%84%8B&SN2=%E3%84%8B%E3%84%A8%E3%84%9B%CB%8B&word=%E5%96%8F"
"ㄋㄨㄛˋ","搦","","1","待補充","https://dict.concised.moe.edu.tw/searchP.jsp?SN=%E3%84%8B&SN2=%E3%84%8B%E3%84%A8%E3%84%9B%CB%8B&word=%E6%90%A6"
"ㄋㄨㄛˋ","諾","","4","待補充","https://dict.concised.moe.edu.tw/searchP.jsp?SN=%E3%84%8B&SN2=%E3%84%8B%E3%84%A8%E3%84%9B%CB%8B&word=%E8%AB%BE"
"ㄋㄨㄛˋ","懦","","3","待補充","https://dict.concised.moe.edu.tw/searchP.jsp?SN=%E3%84%8B&SN2=%E3%84%8B%E3%84%A8%E3%84%9B%CB%8B&word=%E6%87%A6"
"ㄋㄨㄛˋ","糯","","2","待補充","https://dict.concised.moe.edu.tw/searchP.jsp?SN=%E3%84%8B&SN2=%E3%84%8B%E3%84%A8%E3%84%9B%CB%8B&word=%E7%B3%AF"
"ㄋㄨㄢˇ","暖","","18","待補充","https://dict.concised.moe.edu.tw/searchP.jsp?SN=%E3%84%8B&SN2=%E3%84%8B%E3%84%A8%E3%84%A2%CB%87&word=%E6%9A%96"
"ㄋㄨㄥˊ","農","","20","待補充","https://dict.concised.moe.edu.tw/searchP.jsp?SN=%E3%84%8B&SN2=%E3%84%8B%E3%84%A8%E3%84%A5%CB%8A&word=%E8%BE%B2"
"ㄋㄨㄥˊ","儂","","1","待補充","https://dict.concised.moe.edu.tw/searchP.jsp?SN=%E3%84%8B&SN2=%E3%84%8B%E3%84%A8%E3%84%A5%CB%8A&word=%E5%84%82"
"ㄋㄨㄥˊ","噥","","1","待補充","https://dict.concised.moe.edu.tw/searchP.jsp?SN=%E3%84%8B&SN2=%E3%84%8B%E3%84%A8%E3%84%A5%CB%8A&word=%E5%99%A5"
"ㄋㄨㄥˊ","濃","","19","待補充","https://dict.concised.moe.edu.tw/searchP.jsp?SN=%E3%84%8B&SN2=%E3%84%8B%E3%84%A8%E3%84%A5%CB%8A&word=%E6%BF%83"
"ㄋㄨㄥˊ","膿","","2","待補充","https://dict.concised.moe.edu.tw/searchP.jsp?SN=%E3%84%8B&SN2=%E3%84%8B%E3%84%A8%E3%84%A5%CB%8A&word=%E8%86%BF"
"ㄋㄨㄥˊ","穠","","2","待補充","https://dict.concised.moe.edu.tw/searchP.jsp?SN=%E3%84%8B&SN2=%E3%84%8B%E3%84%A8%E3%84%A5%CB%8A&word=%E7%A9%A0"
"ㄋㄨㄥˋ","弄","","13","待補充","https://dict.concised.moe.edu.tw/searchP.jsp?SN=%E3%84%8B&SN2=%E3%84%8B%E3%84%A8%E3%84%A5%CB%8B&word=%E5%BC%84"
"ㄋㄩˇ","女","","20","待補充","https://dict.concised.moe.edu.tw/searchP.jsp?SN=%E3%84%8B&SN2=%E3%84%8B%E3%84%A9%CB%87&word=%E5%A5%B3"
"ㄋㄩˋ","女","","1","待補充","https://dict.concised.moe.edu.tw/searchP.jsp?SN=%E3%84%8B&SN2=%E3%84%8B%E3%84%A9%CB%8B&word=%E5%A5%B3"
"ㄋㄩㄝˋ","虐","","3","待補充","https://dict.concised.moe.edu.tw/searchP.jsp?SN=%E3%84%8B&SN2=%E3%84%8B%E3%84%A9%E3%84%9D%CB%8B&word=%E8%99%90"
"ㄋㄩㄝˋ","瘧","","2","待補充","https://dict.concised.moe.edu.tw/searchP.jsp?SN=%E3%84%8B&SN2=%E3%84%8B%E3%84%A9%E3%84%9D%CB%8B&word=%E7%98%A7"
"ㄋㄩㄝˋ","謔","","2","待補充","https://dict.concised.moe.edu.tw/searchP.jsp?SN=%E3%84%8B&SN2=%E3%84%8B%E3%84%A9%E3%84%9D%CB%8B&word=%E8%AC%94"
"ㄌㄚ","拉","","20","待補充","https://dict.concised.moe.edu.tw/searchP.jsp?SN=%E3%84%8C&SN2=%E3%84%8C%E3%84%9A&word=%E6%8B%89"
"ㄌㄚ","啦","","2","待補充","https://dict.concised.moe.edu.tw/searchP.jsp?SN=%E3%84%8C&SN2=%E3%84%8C%E3%84%9A&word=%E5%95%A6"
"ㄌㄚ","邋","","2","待補充","https://dict.concised.moe.edu.tw/searchP.jsp?SN=%E3%84%8C&SN2=%E3%84%8C%E3%84%9A&word=%E9%82%8B"
"ㄌㄚˇ","喇","","5","待補充","https://dict.concised.moe.edu.tw/searchP.jsp?SN=%E3%84%8C&SN2=%E3%84%8C%E3%84%9A%CB%87&word=%E5%96%87"
"ㄌㄚˊ","旯","","1","待補充","https://dict.concised.moe.edu.tw/searchP.jsp?SN=%E3%84%8C&SN2=%E3%84%8C%E3%84%9A%CB%8A&word=%E6%97%AF"
"ㄌㄚˊ","剌","","1","待補充","https://dict.concised.moe.edu.tw/searchP.jsp?SN=%E3%84%8C&SN2=%E3%84%8C%E3%84%9A%CB%8A&word=%E5%89%8C"
"ㄌㄚˋ","剌","","1","待補充","https://dict.concised.moe.edu.tw/searchP.jsp?SN=%E3%84%8C&SN2=%E3%84%8C%E3%84%9A%CB%8B&word=%E5%89%8C"
"ㄌㄚˋ","落","","1","待補充","https://dict.concised.moe.edu.tw/searchP.jsp?SN=%E3%84%8C&SN2=%E3%84%8C%E3%84%9A%CB%8B&word=%E8%90%BD"
"ㄌㄚˋ","瘌","","2","待補充","https://dict.concised.moe.edu.tw/searchP.jsp?SN=%E3%84%8C&SN2=%E3%84%8C%E3%84%9A%CB%8B&word=%E7%98%8C"
"ㄌㄚˋ","辣","","4","待補充","https://dict.concised.moe.edu.tw/searchP.jsp?SN=%E3%84%8C&SN2=%E3%84%8C%E3%84%9A%CB%8B&word=%E8%BE%A3"
"ㄌㄚˋ","臘","","9","待補充","https://dict.concised.moe.edu.tw/searchP.jsp?SN=%E3%84%8C&SN2=%E3%84%8C%E3%84%9A%CB%8B&word=%E8%87%98"
"ㄌㄚˋ","蠟","","6","待補充","https://dict.concised.moe.edu.tw/searchP.jsp?SN=%E3%84%8C&SN2=%E3%84%8C%E3%84%9A%CB%8B&word=%E8%A0%9F"
"ㄌㄜˋ","肋","","3","待補充","https://dict.concised.moe.edu.tw/searchP.jsp?SN=%E3%84%8C&SN2=%E3%84%8C%E3%84%9C%CB%8B&word=%E8%82%8B"
"ㄌㄜˋ","垃","","16","待補充","https://dict.concised.moe.edu.tw/searchP.jsp?SN=%E3%84%8C&SN2=%E3%84%8C%E3%84%9C%CB%8B&word=%E5%9E%83"
"ㄌㄜˋ","泐","","1","待補充","https://dict.concised.moe.edu.tw/searchP.jsp?SN=%E3%84%8C&SN2=%E3%84%8C%E3%84%9C%CB%8B&word=%E6%B3%90"
"ㄌㄜˋ","埒","","1","待補充","https://dict.concised.moe.edu.tw/searchP.jsp?SN=%E3%84%8C&SN2=%E3%84%8C%E3%84%9C%CB%8B&word=%E5%9F%92"
"ㄌㄜˋ","勒","","5","待補充","https://dict.concised.moe.edu.tw/searchP.jsp?SN=%E3%84%8C&SN2=%E3%84%8C%E3%84%9C%CB%8B&word=%E5%8B%92"
"ㄌㄜˋ","樂","","20","待補充","https://dict.concised.moe.edu.tw/searchP.jsp?SN=%E3%84%8C&SN2=%E3%84%8C%E3%84%9C%CB%8B&word=%E6%A8%82"
"ㄌㄞˊ","來","","20","待補充","https://dict.concised.moe.edu.tw/searchP.jsp?SN=%E3%84%8C&SN2=%E3%84%8C%E3%84%9E%CB%8A&word=%E4%BE%86"
"ㄌㄞˊ","徠","","1","待補充","https://dict.concised.moe.edu.tw/searchP.jsp?SN=%E3%84%8C&SN2=%E3%84%8C%E3%84%9E%CB%8A&word=%E5%BE%A0"
"ㄌㄞˊ","萊","","2","待補充","https://dict.concised.moe.edu.tw/searchP.jsp?SN=%E3%84%8C&SN2=%E3%84%8C%E3%84%9E%CB%8A&word=%E8%90%8A"
"ㄌㄞˋ","徠","","1","待補充","https://dict.concised.moe.edu.tw/searchP.jsp?SN=%E3%84%8C&SN2=%E3%84%8C%E3%84%9E%CB%8B&word=%E5%BE%A0"
"ㄌㄞˋ","睞","","1","待補充","https://dict.concised.moe.edu.tw/searchP.jsp?SN=%E3%84%8C&SN2=%E3%84%8C%E3%84%9E%CB%8B&word=%E7%9D%9E"
"ㄌㄞˋ","賴","","5","待補充","https://dict.concised.moe.edu.tw/searchP.jsp?SN=%E3%84%8C&SN2=%E3%84%8C%E3%84%9E%CB%8B&word=%E8%B3%B4"
"ㄌㄞˋ","瀨","","1","待補充","https://dict.concised.moe.edu.tw/searchP.jsp?SN=%E3%84%8C&SN2=%E3%84%8C%E3%84%9E%CB%8B&word=%E7%80%A8"
"ㄌㄞˋ","癩","","3","待補充","https://dict.concised.moe.edu.tw/searchP.jsp?SN=%E3%84%8C&SN2=%E3%84%8C%E3%84%9E%CB%8B&word=%E7%99%A9"
"ㄌㄞˋ","籟","","1","待補充","https://dict.concised.moe.edu.tw/searchP.jsp?SN=%E3%84%8C&SN2=%E3%84%8C%E3%84%9E%CB%8B&word=%E7%B1%9F"
"ㄌㄟ","勒","","2","待補充","https://dict.concised.moe.edu.tw/searchP.jsp?SN=%E3%84%8C&SN2=%E3%84%8C%E3%84%9F&word=%E5%8B%92"
"ㄌㄟˇ","耒","","2","待補充","https://dict.concised.moe.edu.tw/searchP.jsp?SN=%E3%84%8C&SN2=%E3%84%8C%E3%84%9F%CB%87&word=%E8%80%92"
"ㄌㄟˇ","累","","10","待補充","https://dict.concised.moe.edu.tw/searchP.jsp?SN=%E3%84%8C&SN2=%E3%84%8C%E3%84%9F%CB%87&word=%E7%B4%AF"
"ㄌㄟˇ","誄","","1","待補充","https://dict.concised.moe.edu.tw/searchP.jsp?SN=%E3%84%8C&SN2=%E3%84%8C%E3%84%9F%CB%87&word=%E8%AA%84"
"ㄌㄟˇ","磊","","2","待補充","https://dict.concised.moe.edu.tw/searchP.jsp?SN=%E3%84%8C&SN2=%E3%84%8C%E3%84%9F%CB%87&word=%E7%A3%8A"
"ㄌㄟˇ","儡","","1","待補充","https://dict.concised.moe.edu.tw/searchP.jsp?SN=%E3%84%8C&SN2=%E3%84%8C%E3%84%9F%CB%87&word=%E5%84%A1"
"ㄌㄟˇ","蕾","","2","待補充","https://dict.concised.moe.edu.tw/searchP.jsp?SN=%E3%84%8C&SN2=%E3%84%8C%E3%84%9F%CB%87&word=%E8%95%BE"
"ㄌㄟˇ","壘","","3","待補充","https://dict.concised.moe.edu.tw/searchP.jsp?SN=%E3%84%8C&SN2=%E3%84%8C%E3%84%9F%CB%87&word=%E5%A3%98"
"ㄌㄟˇ","礨","","2","待補充","https://dict.concised.moe.edu.tw/searchP.jsp?SN=%E3%84%8C&SN2=%E3%84%8C%E3%84%9F%CB%87&word=%E7%A4%A8"
"ㄌㄟˊ","雷","","20","待補充","https://dict.concised.moe.edu.tw/searchP.jsp?SN=%E3%84%8C&SN2=%E3%84%8C%E3%84%9F%CB%8A&word=%E9%9B%B7"
"ㄌㄟˊ","嫘","","1","待補充","https://dict.concised.moe.edu.tw/searchP.jsp?SN=%E3%84%8C&SN2=%E3%84%8C%E3%84%9F%CB%8A&word=%E5%AB%98"
"ㄌㄟˊ","擂","","4","待補充","https://dict.concised.moe.edu.tw/searchP.jsp?SN=%E3%84%8C&SN2=%E3%84%8C%E3%84%9F%CB%8A&word=%E6%93%82"
"ㄌㄟˊ","羸","","2","待補充","https://dict.concised.moe.edu.tw/searchP.jsp?SN=%E3%84%8C&SN2=%E3%84%8C%E3%84%9F%CB%8A&word=%E7%BE%B8"
"ㄌㄟˊ","纍","","2","待補充","https://dict.concised.moe.edu.tw/searchP.jsp?SN=%E3%84%8C&SN2=%E3%84%8C%E3%84%9F%CB%8A&word=%E7%BA%8D"
"ㄌㄟˊ","罍","","1","待補充","https://dict.concised.moe.edu.tw/searchP.jsp?SN=%E3%84%8C&SN2=%E3%84%8C%E3%84%9F%CB%8A&word=%E7%BD%8D"
"ㄌㄟˊ","鐳","","3","待補充","https://dict.concised.moe.edu.tw/searchP.jsp?SN=%E3%84%8C&SN2=%E3%84%8C%E3%84%9F%CB%8A&word=%E9%90%B3"
"ㄌㄟˋ","淚","","16","待補充","https://dict.concised.moe.edu.tw/searchP.jsp?SN=%E3%84%8C&SN2=%E3%84%8C%E3%84%9F%CB%8B&word=%E6%B7%9A"
"ㄌㄟˋ","累","","3","待補充","https://dict.concised.moe.edu.tw/searchP.jsp?SN=%E3%84%8C&SN2=%E3%84%8C%E3%84%9F%CB%8B&word=%E7%B4%AF"
"ㄌㄟˋ","酹","","1","待補充","https://dict.concised.moe.edu.tw/searchP.jsp?SN=%E3%84%8C&SN2=%E3%84%8C%E3%84%9F%CB%8B&word=%E9%85%B9"
"ㄌㄟˋ","類","","14","待補充","https://dict.concised.moe.edu.tw/searchP.jsp?SN=%E3%84%8C&SN2=%E3%84%8C%E3%84%9F%CB%8B&word=%E9%A1%9E"
"ㄌㄠ","撈","","7","待補充","https://dict.concised.moe.edu.tw/searchP.jsp?SN=%E3%84%8C&SN2=%E3%84%8C%E3%84%A0&word=%E6%92%88"
"ㄌㄠˇ","老","","20","待補充","https://dict.concised.moe.edu.tw/searchP.jsp?SN=%E3%84%8C&SN2=%E3%84%8C%E3%84%A0%CB%87&word=%E8%80%81"
"ㄌㄠˇ","佬","","1","待補充","https://dict.concised.moe.edu.tw/searchP.jsp?SN=%E3%84%8C&SN2=%E3%84%8C%E3%84%A0%CB%87&word=%E4%BD%AC"
"ㄌㄠˇ","姥","","3","待補充","https://dict.concised.moe.edu.tw/searchP.jsp?SN=%E3%84%8C&SN2=%E3%84%8C%E3%84%A0%CB%87&word=%E5%A7%A5"
"ㄌㄠˇ","潦","","1","待補充","https://dict.concised.moe.edu.tw/searchP.jsp?SN=%E3%84%8C&SN2=%E3%84%8C%E3%84%A0%CB%87&word=%E6%BD%A6"
"ㄌㄠˊ","牢","","11","待補充","https://dict.concised.moe.edu.tw/searchP.jsp?SN=%E3%84%8C&SN2=%E3%84%8C%E3%84%A0%CB%8A&word=%E7%89%A2"
"ㄌㄠˊ","勞","","20","待補充","https://dict.concised.moe.edu.tw/searchP.jsp?SN=%E3%84%8C&SN2=%E3%84%8C%E3%84%A0%CB%8A&word=%E5%8B%9E"
"ㄌㄠˊ","嘮","","2","待補充","https://dict.concised.moe.edu.tw/searchP.jsp?SN=%E3%84%8C&SN2=%E3%84%8C%E3%84%A0%CB%8A&word=%E5%98%AE"
"ㄌㄠˊ","嶗","","1","待補充","https://dict.concised.moe.edu.tw/searchP.jsp?SN=%E3%84%8C&SN2=%E3%84%8C%E3%84%A0%CB%8A&word=%E5%B6%97"
"ㄌㄠˊ","撈","","2","待補充","https://dict.concised.moe.edu.tw/searchP.jsp?SN=%E3%84%8C&SN2=%E3%84%8C%E3%84%A0%CB%8A&word=%E6%92%88"
"ㄌㄠˊ","癆","","1","待補充","https://dict.concised.moe.edu.tw/searchP.jsp?SN=%E3%84%8C&SN2=%E3%84%8C%E3%84%A0%CB%8A&word=%E7%99%86"
"ㄌㄠˋ","烙","","2","待補充","https://dict.concised.moe.edu.tw/searchP.jsp?SN=%E3%84%8C&SN2=%E3%84%8C%E3%84%A0%CB%8B&word=%E7%83%99"
"ㄌㄠˋ","勞","","2","待補充","https://dict.concised.moe.edu.tw/searchP.jsp?SN=%E3%84%8C&SN2=%E3%84%8C%E3%84%A0%CB%8B&word=%E5%8B%9E"
"ㄌㄠˋ","絡","","2","待補充","https://dict.concised.moe.edu.tw/searchP.jsp?SN=%E3%84%8C&SN2=%E3%84%8C%E3%84%A0%CB%8B&word=%E7%B5%A1"
"ㄌㄠˋ","落","","2","待補充","https://dict.concised.moe.edu.tw/searchP.jsp?SN=%E3%84%8C&SN2=%E3%84%8C%E3%84%A0%CB%8B&word=%E8%90%BD"
"ㄌㄠˋ","潦","","1","待補充","https://dict.concised.moe.edu.tw/searchP.jsp?SN=%E3%84%8C&SN2=%E3%84%8C%E3%84%A0%CB%8B&word=%E6%BD%A6"
"ㄌㄠˋ","澇","","1","待補充","https://dict.concised.moe.edu.tw/searchP.jsp?SN=%E3%84%8C&SN2=%E3%84%8C%E3%84%A0%CB%8B&word=%E6%BE%87"
"ㄌㄡ","摟","","1","待補充","https://dict.concised.moe.edu.tw/searchP.jsp?SN=%E3%84%8C&SN2=%E3%84%8C%E3%84%A1&word=%E6%91%9F"
"ㄌㄡˇ","摟","","1","待補充","https://dict.concised.moe.edu.tw/searchP.jsp?SN=%E3%84%8C&SN2=%E3%84%8C%E3%84%A1%CB%87&word=%E6%91%9F"
"ㄌㄡˇ","簍","","2","待補充","https://dict.concised.moe.edu.tw/searchP.jsp?SN=%E3%84%8C&SN2=%E3%84%8C%E3%84%A1%CB%87&word=%E7%B0%8D"
"ㄌㄡˊ","婁","","1","待補充","https://dict.concised.moe.edu.tw/searchP.jsp?SN=%E3%84%8C&SN2=%E3%84%8C%E3%84%A1%CB%8A&word=%E5%A9%81"
"ㄌㄡˊ","僂","","2","待補充","https://dict.concised.moe.edu.tw/searchP.jsp?SN=%E3%84%8C&SN2=%E3%84%8C%E3%84%A1%CB%8A&word=%E5%83%82"
"ㄌㄡˊ","嘍","","2","待補充","https://dict.concised.moe.edu.tw/searchP.jsp?SN=%E3%84%8C&SN2=%E3%84%8C%E3%84%A1%CB%8A&word=%E5%98%8D"
"ㄌㄡˊ","摟","","1","待補充","https://dict.concised.moe.edu.tw/searchP.jsp?SN=%E3%84%8C&SN2=%E3%84%8C%E3%84%A1%CB%8A&word=%E6%91%9F"
"ㄌㄡˊ","樓","","14","待補充","https://dict.concised.moe.edu.tw/searchP.jsp?SN=%E3%84%8C&SN2=%E3%84%8C%E3%84%A1%CB%8A&word=%E6%A8%93"
"ㄌㄡˊ","螻","","3","待補充","https://dict.concised.moe.edu.tw/searchP.jsp?SN=%E3%84%8C&SN2=%E3%84%8C%E3%84%A1%CB%8A&word=%E8%9E%BB"
"ㄌㄡˊ","髏","","1","待補充","https://dict.concised.moe.edu.tw/searchP.jsp?SN=%E3%84%8C&SN2=%E3%84%8C%E3%84%A1%CB%8A&word=%E9%AB%8F"
"ㄌㄡˋ","陋","","7","待補充","https://dict.concised.moe.edu.tw/searchP.jsp?SN=%E3%84%8C&SN2=%E3%84%8C%E3%84%A1%CB%8B&word=%E9%99%8B"
"ㄌㄡˋ","漏","","17","待補充","https://dict.concised.moe.edu.tw/searchP.jsp?SN=%E3%84%8C&SN2=%E3%84%8C%E3%84%A1%CB%8B&word=%E6%BC%8F"
"ㄌㄡˋ","鏤","","2","待補充","https://dict.concised.moe.edu.tw/searchP.jsp?SN=%E3%84%8C&SN2=%E3%84%8C%E3%84%A1%CB%8B&word=%E9%8F%A4"
"ㄌㄡˋ","露","","9","待補充","https://dict.concised.moe.edu.tw/searchP.jsp?SN=%E3%84%8C&SN2=%E3%84%8C%E3%84%A1%CB%8B&word=%E9%9C%B2"
"ㄌㄢˇ","懶","","7","待補充","https://dict.concised.moe.edu.tw/searchP.jsp?SN=%E3%84%8C&SN2=%E3%84%8C%E3%84%A2%CB%87&word=%E6%87%B6"
"ㄌㄢˇ","覽","","2","待補充","https://dict.concised.moe.edu.tw/searchP.jsp?SN=%E3%84%8C&SN2=%E3%84%8C%E3%84%A2%CB%87&word=%E8%A6%BD"
"ㄌㄢˇ","攬","","6","待補充","https://dict.concised.moe.edu.tw/searchP.jsp?SN=%E3%84%8C&SN2=%E3%84%8C%E3%84%A2%CB%87&word=%E6%94%AC"
"ㄌㄢˇ","欖","","2","待補充","https://dict.concised.moe.edu.tw/searchP.jsp?SN=%E3%84%8C&SN2=%E3%84%8C%E3%84%A2%CB%87&word=%E6%AC%96"
"ㄌㄢˇ","纜","","4","待補充","https://dict.concised.moe.edu.tw/searchP.jsp?SN=%E3%84%8C&SN2=%E3%84%8C%E3%84%A2%CB%87&word=%E7%BA%9C"
"ㄌㄢˊ","婪","","1","待補充","https://dict.concised.moe.edu.tw/searchP.jsp?SN=%E3%84%8C&SN2=%E3%84%8C%E3%84%A2%CB%8A&word=%E5%A9%AA"
"ㄌㄢˊ","嵐","","1","待補充","https://dict.concised.moe.edu.tw/searchP.jsp?SN=%E3%84%8C&SN2=%E3%84%8C%E3%84%A2%CB%8A&word=%E5%B5%90"
"ㄌㄢˊ","闌","","3","待補充","https://dict.concised.moe.edu.tw/searchP.jsp?SN=%E3%84%8C&SN2=%E3%84%8C%E3%84%A2%CB%8A&word=%E9%97%8C"
"ㄌㄢˊ","藍","","9","待補充","https://dict.concised.moe.edu.tw/searchP.jsp?SN=%E3%84%8C&SN2=%E3%84%8C%E3%84%A2%CB%8A&word=%E8%97%8D"
"ㄌㄢˊ","攔","","10","待補充","https://dict.concised.moe.edu.tw/searchP.jsp?SN=%E3%84%8C&SN2=%E3%84%8C%E3%84%A2%CB%8A&word=%E6%94%94"
"ㄌㄢˊ","瀾","","1","待補充","https://dict.concised.moe.edu.tw/searchP.jsp?SN=%E3%84%8C&SN2=%E3%84%8C%E3%84%A2%CB%8A&word=%E7%80%BE"
"ㄌㄢˊ","籃","","12","待補充","https://dict.concised.moe.edu.tw/searchP.jsp?SN=%E3%84%8C&SN2=%E3%84%8C%E3%84%A2%CB%8A&word=%E7%B1%83"
"ㄌㄢˊ","襤","","2","待補充","https://dict.concised.moe.edu.tw/searchP.jsp?SN=%E3%84%8C&SN2=%E3%84%8C%E3%84%A2%CB%8A&word=%E8%A5%A4"
"ㄌㄢˊ","斕","","1","待補充","https://dict.concised.moe.edu.tw/searchP.jsp?SN=%E3%84%8C&SN2=%E3%84%8C%E3%84%A2%CB%8A&word=%E6%96%95"
"ㄌㄢˊ","欄","","5","待補充","https://dict.concised.moe.edu.tw/searchP.jsp?SN=%E3%84%8C&SN2=%E3%84%8C%E3%84%A2%CB%8A&word=%E6%AC%84"
"ㄌㄢˊ","蘭","","6","待補充","https://dict.concised.moe.edu.tw/searchP.jsp?SN=%E3%84%8C&SN2=%E3%84%8C%E3%84%A2%CB%8A&word=%E8%98%AD"
"ㄌㄢˋ","濫","","10","待補充","https://dict.concised.moe.edu.tw/searchP.jsp?SN=%E3%84%8C&SN2=%E3%84%8C%E3%84%A2%CB%8B&word=%E6%BF%AB"
"ㄌㄢˋ","瀾","","1","待補充","https://dict.concised.moe.edu.tw/searchP.jsp?SN=%E3%84%8C&SN2=%E3%84%8C%E3%84%A2%CB%8B&word=%E7%80%BE"
"ㄌㄢˋ","爛","","8","待補充","https://dict.concised.moe.edu.tw/searchP.jsp?SN=%E3%84%8C&SN2=%E3%84%8C%E3%84%A2%CB%8B&word=%E7%88%9B"
"ㄌㄤ","啷","","2","待補充","https://dict.concised.moe.edu.tw/searchP.jsp?SN=%E3%84%8C&SN2=%E3%84%8C%E3%84%A4&word=%E5%95%B7"
"ㄌㄤˇ","朗","","7","待補充","https://dict.concised.moe.edu.tw/searchP.jsp?SN=%E3%84%8C&SN2=%E3%84%8C%E3%84%A4%CB%87&word=%E6%9C%97"
"ㄌㄤˊ","郎","","4","待補充","https://dict.concised.moe.edu.tw/searchP.jsp?SN=%E3%84%8C&SN2=%E3%84%8C%E3%84%A4%CB%8A&word=%E9%83%8E"
"ㄌㄤˊ","狼","","11","待補充","https://dict.concised.moe.edu.tw/searchP.jsp?SN=%E3%84%8C&SN2=%E3%84%8C%E3%84%A4%CB%8A&word=%E7%8B%BC"
"ㄌㄤˊ","琅","","4","待補充","https://dict.concised.moe.edu.tw/searchP.jsp?SN=%E3%84%8C&SN2=%E3%84%8C%E3%84%A4%CB%8A&word=%E7%90%85"
"ㄌㄤˊ","廊","","2","待補充","https://dict.concised.moe.edu.tw/searchP.jsp?SN=%E3%84%8C&SN2=%E3%84%8C%E3%84%A4%CB%8A&word=%E5%BB%8A"
"ㄌㄤˊ","榔","","2","待補充","https://dict.concised.moe.edu.tw/searchP.jsp?SN=%E3%84%8C&SN2=%E3%84%8C%E3%84%A4%CB%8A&word=%E6%A6%94"
"ㄌㄤˊ","瑯","","2","待補充","https://dict.concised.moe.edu.tw/searchP.jsp?SN=%E3%84%8C&SN2=%E3%84%8C%E3%84%A4%CB%8A&word=%E7%91%AF"
"ㄌㄤˊ","蜋","","1","待補充","https://dict.concised.moe.edu.tw/searchP.jsp?SN=%E3%84%8C&SN2=%E3%84%8C%E3%84%A4%CB%8A&word=%E8%9C%8B"
"ㄌㄤˊ","螂","","1","待補充","https://dict.concised.moe.edu.tw/searchP.jsp?SN=%E3%84%8C&SN2=%E3%84%8C%E3%84%A4%CB%8A&word=%E8%9E%82"
"ㄌㄤˊ","鋃","","3","待補充","https://dict.concised.moe.edu.tw/searchP.jsp?SN=%E3%84%8C&SN2=%E3%84%8C%E3%84%A4%CB%8A&word=%E9%8B%83"
"ㄌㄤˋ","浪","","12","待補充","https://dict.concised.moe.edu.tw/searchP.jsp?SN=%E3%84%8C&SN2=%E3%84%8C%E3%84%A4%CB%8B&word=%E6%B5%AA"
"ㄌㄥˇ","冷","","20","待補充","https://dict.concised.moe.edu.tw/searchP.jsp?SN=%E3%84%8C&SN2=%E3%84%8C%E3%84%A5%CB%87&word=%E5%86%B7"
"ㄌㄥˊ","棱","","1","待補充","https://dict.concised.moe.edu.tw/searchP.jsp?SN=%E3%84%8C&SN2=%E3%84%8C%E3%84%A5%CB%8A&word=%E6%A3%B1"
"ㄌㄥˊ","楞","","1","待補充","https://dict.concised.moe.edu.tw/searchP.jsp?SN=%E3%84%8C&SN2=%E3%84%8C%E3%84%A5%CB%8A&word=%E6%A5%9E"
"ㄌㄥˊ","稜","","3","待補充","https://dict.concised.moe.edu.tw/searchP.jsp?SN=%E3%84%8C&SN2=%E3%84%8C%E3%84%A5%CB%8A&word=%E7%A8%9C"
"ㄌㄥˋ","怔","","3","待補充","https://dict.concised.moe.edu.tw/searchP.jsp?SN=%E3%84%8C&SN2=%E3%84%8C%E3%84%A5%CB%8B&word=%E6%80%94"
"ㄌㄥˋ","愣","","3","待補充","https://dict.concised.moe.edu.tw/searchP.jsp?SN=%E3%84%8C&SN2=%E3%84%8C%E3%84%A5%CB%8B&word=%E6%84%A3"
"ㄌㄥˋ","楞","","2","待補充","https://dict.concised.moe.edu.tw/searchP.jsp?SN=%E3%84%8C&SN2=%E3%84%8C%E3%84%A5%CB%8B&word=%E6%A5%9E"
"ㄌㄧ","哩","","3","待補充","https://dict.concised.moe.edu.tw/searchP.jsp?SN=%E3%84%8C&SN2=%E3%84%8C%E3%84%A7&word=%E5%93%A9"
"ㄌㄧˇ","李","","2","待補充","https://dict.concised.moe.edu.tw/searchP.jsp?SN=%E3%84%8C&SN2=%E3%84%8C%E3%84%A7%CB%87&word=%E6%9D%8E"
"ㄌㄧˇ","里","","9","待補充","https://dict.concised.moe.edu.tw/searchP.jsp?SN=%E3%84%8C&SN2=%E3%84%8C%E3%84%A7%CB%87&word=%E9%87%8C"
"ㄌㄧˇ","俚","","2","待補充","https://dict.concised.moe.edu.tw/searchP.jsp?SN=%E3%84%8C&SN2=%E3%84%8C%E3%84%A7%CB%87&word=%E4%BF%9A"
"ㄌㄧˇ","哩","","1","待補充","https://dict.concised.moe.edu.tw/searchP.jsp?SN=%E3%84%8C&SN2=%E3%84%8C%E3%84%A7%CB%87&word=%E5%93%A9"
"ㄌㄧˇ","娌","","1","待補充","https://dict.concised.moe.edu.tw/searchP.jsp?SN=%E3%84%8C&SN2=%E3%84%8C%E3%84%A7%CB%87&word=%E5%A8%8C"
"ㄌㄧˇ","浬","","1","待補充","https://dict.concised.moe.edu.tw/searchP.jsp?SN=%E3%84%8C&SN2=%E3%84%8C%E3%84%A7%CB%87&word=%E6%B5%AC"
"ㄌㄧˇ","理","","20","待補充","https://dict.concised.moe.edu.tw/searchP.jsp?SN=%E3%84%8C&SN2=%E3%84%8C%E3%84%A7%CB%87&word=%E7%90%86"
"ㄌㄧˇ","喱","","1","待補充","https://dict.concised.moe.edu.tw/searchP.jsp?SN=%E3%84%8C&SN2=%E3%84%8C%E3%84%A7%CB%87&word=%E5%96%B1"
"ㄌㄧˇ","裡","","9","待補充","https://dict.concised.moe.edu.tw/searchP.jsp?SN=%E3%84%8C&SN2=%E3%84%8C%E3%84%A7%CB%87&word=%E8%A3%A1"
"ㄌㄧˇ","鋰","","1","待補充","https://dict.concised.moe.edu.tw/searchP.jsp?SN=%E3%84%8C&SN2=%E3%84%8C%E3%84%A7%CB%87&word=%E9%8B%B0"
"ㄌㄧˇ","澧","","1","待補充","https://dict.concised.moe.edu.tw/searchP.jsp?SN=%E3%84%8C&SN2=%E3%84%8C%E3%84%A7%CB%87&word=%E6%BE%A7"
"ㄌㄧˇ","禮","","20","待補充","https://dict.concised.moe.edu.tw/searchP.jsp?SN=%E3%84%8C&SN2=%E3%84%8C%E3%84%A7%CB%87&word=%E7%A6%AE"
"ㄌㄧˇ","鯉","","3","待補充","https://dict.concised.moe.edu.tw/searchP.jsp?SN=%E3%84%8C&SN2=%E3%84%8C%E3%84%A7%CB%87&word=%E9%AF%89"
"ㄌㄧˇ","醴","","1","待補充","https://dict.concised.moe.edu.tw/searchP.jsp?SN=%E3%84%8C&SN2=%E3%84%8C%E3%84%A7%CB%87&word=%E9%86%B4"
"ㄌㄧˇ","蠡","","1","待補充","https://dict.concised.moe.edu.tw/searchP.jsp?SN=%E3%84%8C&SN2=%E3%84%8C%E3%84%A7%CB%87&word=%E8%A0%A1"
"ㄌㄧˇ","邐","","1","待補充","https://dict.concised.moe.edu.tw/searchP.jsp?SN=%E3%84%8C&SN2=%E3%84%8C%E3%84%A7%CB%87&word=%E9%82%90"
"ㄌㄧˊ","厘","","2","待補充","https://dict.concised.moe.edu.tw/searchP.jsp?SN=%E3%84%8C&SN2=%E3%84%8C%E3%84%A7%CB%8A&word=%E5%8E%98"
"ㄌㄧˊ","狸","","1","待補充","https://dict.concised.moe.edu.tw/searchP.jsp?SN=%E3%84%8C&SN2=%E3%84%8C%E3%84%A7%CB%8A&word=%E7%8B%B8"
"ㄌㄧˊ","梨","","5","待補充","https://dict.concised.moe.edu.tw/searchP.jsp?SN=%E3%84%8C&SN2=%E3%84%8C%E3%84%A7%CB%8A&word=%E6%A2%A8"
"ㄌㄧˊ","犁","","2","待補充","https://dict.concised.moe.edu.tw/searchP.jsp?SN=%E3%84%8C&SN2=%E3%84%8C%E3%84%A7%CB%8A&word=%E7%8A%81"
"ㄌㄧˊ","漓","","1","待補充","https://dict.concised.moe.edu.tw/searchP.jsp?SN=%E3%84%8C&SN2=%E3%84%8C%E3%84%A7%CB%8A&word=%E6%BC%93"
"ㄌㄧˊ","蜊","","1","待補充","https://dict.concised.moe.edu.tw/searchP.jsp?SN=%E3%84%8C&SN2=%E3%84%8C%E3%84%A7%CB%8A&word=%E8%9C%8A"
"ㄌㄧˊ","貍","","1","待補充","https://dict.concised.moe.edu.tw/searchP.jsp?SN=%E3%84%8C&SN2=%E3%84%8C%E3%84%A7%CB%8A&word=%E8%B2%8D"
"ㄌㄧˊ","犛","","2","待補充","https://dict.concised.moe.edu.tw/searchP.jsp?SN=%E3%84%8C&SN2=%E3%84%8C%E3%84%A7%CB%8A&word=%E7%8A%9B"
"ㄌㄧˊ","璃","","1","待補充","https://dict.concised.moe.edu.tw/searchP.jsp?SN=%E3%84%8C&SN2=%E3%84%8C%E3%84%A7%CB%8A&word=%E7%92%83"
"ㄌㄧˊ","黎","","3","待補充","https://dict.concised.moe.edu.tw/searchP.jsp?SN=%E3%84%8C&SN2=%E3%84%8C%E3%84%A7%CB%8A&word=%E9%BB%8E"
"ㄌㄧˊ","罹","","3","待補充","https://dict.concised.moe.edu.tw/searchP.jsp?SN=%E3%84%8C&SN2=%E3%84%8C%E3%84%A7%CB%8A&word=%E7%BD%B9"
"ㄌㄧˊ","釐","","5","待補充","https://dict.concised.moe.edu.tw/searchP.jsp?SN=%E3%84%8C&SN2=%E3%84%8C%E3%84%A7%CB%8A&word=%E9%87%90"
"ㄌㄧˊ","離","","20","待補充","https://dict.concised.moe.edu.tw/searchP.jsp?SN=%E3%84%8C&SN2=%E3%84%8C%E3%84%A7%CB%8A&word=%E9%9B%A2"
"ㄌㄧˊ","藜","","1","待補充","https://dict.concised.moe.edu.tw/searchP.jsp?SN=%E3%84%8C&SN2=%E3%84%8C%E3%84%A7%CB%8A&word=%E8%97%9C"
"ㄌㄧˊ","麗","","1","待補充","https://dict.concised.moe.edu.tw/searchP.jsp?SN=%E3%84%8C&SN2=%E3%84%8C%E3%84%A7%CB%8A&word=%E9%BA%97"
"ㄌㄧˊ","蠡","","2","待補充","https://dict.concised.moe.edu.tw/searchP.jsp?SN=%E3%84%8C&SN2=%E3%84%8C%E3%84%A7%CB%8A&word=%E8%A0%A1"
"ㄌㄧˊ","灕","","1","待補充","https://dict.concised.moe.edu.tw/searchP.jsp?SN=%E3%84%8C&SN2=%E3%84%8C%E3%84%A7%CB%8A&word=%E7%81%95"
"ㄌㄧˊ","籬","","2","待補充","https://dict.concised.moe.edu.tw/searchP.jsp?SN=%E3%84%8C&SN2=%E3%84%8C%E3%84%A7%CB%8A&word=%E7%B1%AC"
"ㄌㄧˊ","驪","","2","待補充","https://dict.concised.moe.edu.tw/searchP.jsp?SN=%E3%84%8C&SN2=%E3%84%8C%E3%84%A7%CB%8A&word=%E9%A9%AA"
"ㄌㄧˊ","鸝","","1","待補充","https://dict.concised.moe.edu.tw/searchP.jsp?SN=%E3%84%8C&SN2=%E3%84%8C%E3%84%A7%CB%8A&word=%E9%B8%9D"
"ㄌㄧˋ","力","","18","待補充","https://dict.concised.moe.edu.tw/searchP.jsp?SN=%E3%84%8C&SN2=%E3%84%8C%E3%84%A7%CB%8B&word=%E5%8A%9B"
"ㄌㄧˋ","立","","20","待補充","https://dict.concised.moe.edu.tw/searchP.jsp?SN=%E3%84%8C&SN2=%E3%84%8C%E3%84%A7%CB%8B&word=%E7%AB%8B"
"ㄌㄧˋ","吏","","2","待補充","https://dict.concised.moe.edu.tw/searchP.jsp?SN=%E3%84%8C&SN2=%E3%84%8C%E3%84%A7%CB%8B&word=%E5%90%8F"
"ㄌㄧˋ","利","","20","待補充","https://dict.concised.moe.edu.tw/searchP.jsp?SN=%E3%84%8C&SN2=%E3%84%8C%E3%84%A7%CB%8B&word=%E5%88%A9"
"ㄌㄧˋ","例","","11","待補充","https://dict.concised.moe.edu.tw/searchP.jsp?SN=%E3%84%8C&SN2=%E3%84%8C%E3%84%A7%CB%8B&word=%E4%BE%8B"
"ㄌㄧˋ","戾","","2","待補充","https://dict.concised.moe.edu.tw/searchP.jsp?SN=%E3%84%8C&SN2=%E3%84%8C%E3%84%A7%CB%8B&word=%E6%88%BE"
"ㄌㄧˋ","俐","","2","待補充","https://dict.concised.moe.edu.tw/searchP.jsp?SN=%E3%84%8C&SN2=%E3%84%8C%E3%84%A7%CB%8B&word=%E4%BF%90"
"ㄌㄧˋ","栗","","2","待補充","https://dict.concised.moe.edu.tw/searchP.jsp?SN=%E3%84%8C&SN2=%E3%84%8C%E3%84%A7%CB%8B&word=%E6%A0%97"
"ㄌㄧˋ","荔","","2","待補充","https://dict.concised.moe.edu.tw/searchP.jsp?SN=%E3%84%8C&SN2=%E3%84%8C%E3%84%A7%CB%8B&word=%E8%8D%94"
"ㄌㄧˋ","鬲","","1","待補充","https://dict.concised.moe.edu.tw/searchP.jsp?SN=%E3%84%8C&SN2=%E3%84%8C%E3%84%A7%CB%8B&word=%E9%AC%B2"
"ㄌㄧˋ","唳","","1","待補充","https://dict.concised.moe.edu.tw/searchP.jsp?SN=%E3%84%8C&SN2=%E3%84%8C%E3%84%A7%CB%8B&word=%E5%94%B3"
"ㄌㄧˋ","琍","","1","待補充","https://dict.concised.moe.edu.tw/searchP.jsp?SN=%E3%84%8C&SN2=%E3%84%8C%E3%84%A7%CB%8B&word=%E7%90%8D"
"ㄌㄧˋ","笠","","1","待補充","https://dict.concised.moe.edu.tw/searchP.jsp?SN=%E3%84%8C&SN2=%E3%84%8C%E3%84%A7%CB%8B&word=%E7%AC%A0"
"ㄌㄧˋ","粒","","2","待補充","https://dict.concised.moe.edu.tw/searchP.jsp?SN=%E3%84%8C&SN2=%E3%84%8C%E3%84%A7%CB%8B&word=%E7%B2%92"
"ㄌㄧˋ","莉","","1","待補充","https://dict.concised.moe.edu.tw/searchP.jsp?SN=%E3%84%8C&SN2=%E3%84%8C%E3%84%A7%CB%8B&word=%E8%8E%89"
"ㄌㄧˋ","痢","","3","待補充","https://dict.concised.moe.edu.tw/searchP.jsp?SN=%E3%84%8C&SN2=%E3%84%8C%E3%84%A7%CB%8B&word=%E7%97%A2"
"ㄌㄧˋ","詈","","1","待補充","https://dict.concised.moe.edu.tw/searchP.jsp?SN=%E3%84%8C&SN2=%E3%84%8C%E3%84%A7%CB%8B&word=%E8%A9%88"
"ㄌㄧˋ","慄","","1","待補充","https://dict.concised.moe.edu.tw/searchP.jsp?SN=%E3%84%8C&SN2=%E3%84%8C%E3%84%A7%CB%8B&word=%E6%85%84"
"ㄌㄧˋ","蒞","","2","待補充","https://dict.concised.moe.edu.tw/searchP.jsp?SN=%E3%84%8C&SN2=%E3%84%8C%E3%84%A7%CB%8B&word=%E8%92%9E"
"ㄌㄧˋ","厲","","6","待補充","https://dict.concised.moe.edu.tw/searchP.jsp?SN=%E3%84%8C&SN2=%E3%84%8C%E3%84%A7%CB%8B&word=%E5%8E%B2"
"ㄌㄧˋ","曆","","3","待補充","https://dict.concised.moe.edu.tw/searchP.jsp?SN=%E3%84%8C&SN2=%E3%84%8C%E3%84%A7%CB%8B&word=%E6%9B%86"
"ㄌㄧˋ","歷","","20","待補充","https://dict.concised.moe.edu.tw/searchP.jsp?SN=%E3%84%8C&SN2=%E3%84%8C%E3%84%A7%CB%8B&word=%E6%AD%B7"
"ㄌㄧˋ","篥","","1","待補充","https://dict.concised.moe.edu.tw/searchP.jsp?SN=%E3%84%8C&SN2=%E3%84%8C%E3%84%A7%CB%8B&word=%E7%AF%A5"
"ㄌㄧˋ","勵","","4","待補充","https://dict.concised.moe.edu.tw/searchP.jsp?SN=%E3%84%8C&SN2=%E3%84%8C%E3%84%A7%CB%8B&word=%E5%8B%B5"
"ㄌㄧˋ","隸","","3","待補充","https://dict.concised.moe.edu.tw/searchP.jsp?SN=%E3%84%8C&SN2=%E3%84%8C%E3%84%A7%CB%8B&word=%E9%9A%B8"
"ㄌㄧˋ","癘","","1","待補充","https://dict.concised.moe.edu.tw/searchP.jsp?SN=%E3%84%8C&SN2=%E3%84%8C%E3%84%A7%CB%8B&word=%E7%99%98"
"ㄌㄧˋ","嚦","","1","待補充","https://dict.concised.moe.edu.tw/searchP.jsp?SN=%E3%84%8C&SN2=%E3%84%8C%E3%84%A7%CB%8B&word=%E5%9A%A6"
"ㄌㄧˋ","壢","","1","待補充","https://dict.concised.moe.edu.tw/searchP.jsp?SN=%E3%84%8C&SN2=%E3%84%8C%E3%84%A7%CB%8B&word=%E5%A3%A2"
"ㄌㄧˋ","櫟","","1","待補充","https://dict.concised.moe.edu.tw/searchP.jsp?SN=%E3%84%8C&SN2=%E3%84%8C%E3%84%A7%CB%8B&word=%E6%AB%9F"
"ㄌㄧˋ","瀝","","2","待補充","https://dict.concised.moe.edu.tw/searchP.jsp?SN=%E3%84%8C&SN2=%E3%84%8C%E3%84%A7%CB%8B&word=%E7%80%9D"
"ㄌㄧˋ","麗","","3","待補充","https://dict.concised.moe.edu.tw/searchP.jsp?SN=%E3%84%8C&SN2=%E3%84%8C%E3%84%A7%CB%8B&word=%E9%BA%97"
"ㄌㄧˋ","櫪","","1","待補充","https://dict.concised.moe.edu.tw/searchP.jsp?SN=%E3%84%8C&SN2=%E3%84%8C%E3%84%A7%CB%8B&word=%E6%AB%AA"
"ㄌㄧˋ","礪","","1","待補充","https://dict.concised.moe.edu.tw/searchP.jsp?SN=%E3%84%8C&SN2=%E3%84%8C%E3%84%A7%CB%8B&word=%E7%A4%AA"
"ㄌㄧˋ","礫","","2","待補充","https://dict.concised.moe.edu.tw/searchP.jsp?SN=%E3%84%8C&SN2=%E3%84%8C%E3%84%A7%CB%8B&word=%E7%A4%AB"
"ㄌㄧˋ","儷","","3","待補充","https://dict.concised.moe.edu.tw/searchP.jsp?SN=%E3%84%8C&SN2=%E3%84%8C%E3%84%A7%CB%8B&word=%E5%84%B7"
"ㄌㄧˋ","蠣","","1","待補充","https://dict.concised.moe.edu.tw/searchP.jsp?SN=%E3%84%8C&SN2=%E3%84%8C%E3%84%A7%CB%8B&word=%E8%A0%A3"
"ㄌㄧˋ","酈","","1","待補充","https://dict.concised.moe.edu.tw/searchP.jsp?SN=%E3%84%8C&SN2=%E3%84%8C%E3%84%A7%CB%8B&word=%E9%85%88"
"ㄌㄧˋ","靂","","1","待補充","https://dict.concised.moe.edu.tw/searchP.jsp?SN=%E3%84%8C&SN2=%E3%84%8C%E3%84%A7%CB%8B&word=%E9%9D%82"
"ㄌㄧㄚˇ","倆","","1","待補充","https://dict.concised.moe.edu.tw/searchP.jsp?SN=%E3%84%8C&SN2=%E3%84%8C%E3%84%A7%E3%84%9A%CB%87&word=%E5%80%86"
"ㄌㄧㄝˇ","咧","","2","待補充","https://dict.concised.moe.edu.tw/searchP.jsp?SN=%E3%84%8C&SN2=%E3%84%8C%E3%84%A7%E3%84%9D%CB%87&word=%E5%92%A7"
"ㄌㄧㄝˋ","列","","18","待補充","https://dict.concised.moe.edu.tw/searchP.jsp?SN=%E3%84%8C&SN2=%E3%84%8C%E3%84%A7%E3%84%9D%CB%8B&word=%E5%88%97"
"ㄌㄧㄝˋ","劣","","9","待補充","https://dict.concised.moe.edu.tw/searchP.jsp?SN=%E3%84%8C&SN2=%E3%84%8C%E3%84%A7%E3%84%9D%CB%8B&word=%E5%8A%A3"
"ㄌㄧㄝˋ","冽","","2","待補充","https://dict.concised.moe.edu.tw/searchP.jsp?SN=%E3%84%8C&SN2=%E3%84%8C%E3%84%A7%E3%84%9D%CB%8B&word=%E5%86%BD"
"ㄌㄧㄝˋ","洌","","1","待補充","https://dict.concised.moe.edu.tw/searchP.jsp?SN=%E3%84%8C&SN2=%E3%84%8C%E3%84%A7%E3%84%9D%CB%8B&word=%E6%B4%8C"
"ㄌㄧㄝˋ","烈","","10","待補充","https://dict.concised.moe.edu.tw/searchP.jsp?SN=%E3%84%8C&SN2=%E3%84%8C%E3%84%A7%E3%84%9D%CB%8B&word=%E7%83%88"
"ㄌㄧㄝˋ","捩","","1","待補充","https://dict.concised.moe.edu.tw/searchP.jsp?SN=%E3%84%8C&SN2=%E3%84%8C%E3%84%A7%E3%84%9D%CB%8B&word=%E6%8D%A9"
"ㄌㄧㄝˋ","裂","","5","待補充","https://dict.concised.moe.edu.tw/searchP.jsp?SN=%E3%84%8C&SN2=%E3%84%8C%E3%84%A7%E3%84%9D%CB%8B&word=%E8%A3%82"
"ㄌㄧㄝˋ","獵","","14","待補充","https://dict.concised.moe.edu.tw/searchP.jsp?SN=%E3%84%8C&SN2=%E3%84%8C%E3%84%A7%E3%84%9D%CB%8B&word=%E7%8D%B5"
"ㄌㄧㄝˋ","邋","","2","待補充","https://dict.concised.moe.edu.tw/searchP.jsp?SN=%E3%84%8C&SN2=%E3%84%8C%E3%84%A7%E3%84%9D%CB%8B&word=%E9%82%8B"
"ㄌㄧㄝˋ","鬣","","2","待補充","https://dict.concised.moe.edu.tw/searchP.jsp?SN=%E3%84%8C&SN2=%E3%84%8C%E3%84%A7%E3%84%9D%CB%8B&word=%E9%AC%A3"
"ㄌㄧㄠˇ","了","","16","待補充","https://dict.concised.moe.edu.tw/searchP.jsp?SN=%E3%84%8C&SN2=%E3%84%8C%E3%84%A7%E3%84%A0%CB%87&word=%E4%BA%86"
"ㄌㄧㄠˇ","蓼","","1","待補充","https://dict.concised.moe.edu.tw/searchP.jsp?SN=%E3%84%8C&SN2=%E3%84%8C%E3%84%A7%E3%84%A0%CB%87&word=%E8%93%BC"
"ㄌㄧㄠˇ","瞭","","4","待補充","https://dict.concised.moe.edu.tw/searchP.jsp?SN=%E3%84%8C&SN2=%E3%84%8C%E3%84%A7%E3%84%A0%CB%87&word=%E7%9E%AD"
"ㄌㄧㄠˊ","聊","","8","待補充","https://dict.concised.moe.edu.tw/searchP.jsp?SN=%E3%84%8C&SN2=%E3%84%8C%E3%84%A7%E3%84%A0%CB%8A&word=%E8%81%8A"
"ㄌㄧㄠˊ","僚","","1","待補充","https://dict.concised.moe.edu.tw/searchP.jsp?SN=%E3%84%8C&SN2=%E3%84%8C%E3%84%A7%E3%84%A0%CB%8A&word=%E5%83%9A"
"ㄌㄧㄠˊ","寥","","6","待補充","https://dict.concised.moe.edu.tw/searchP.jsp?SN=%E3%84%8C&SN2=%E3%84%8C%E3%84%A7%E3%84%A0%CB%8A&word=%E5%AF%A5"
"ㄌㄧㄠˊ","嘹","","2","待補充","https://dict.concised.moe.edu.tw/searchP.jsp?SN=%E3%84%8C&SN2=%E3%84%8C%E3%84%A7%E3%84%A0%CB%8A&word=%E5%98%B9"
"ㄌㄧㄠˊ","寮","","1","待補充","https://dict.concised.moe.edu.tw/searchP.jsp?SN=%E3%84%8C&SN2=%E3%84%8C%E3%84%A7%E3%84%A0%CB%8A&word=%E5%AF%AE"
"ㄌㄧㄠˊ","撩","","4","待補充","https://dict.concised.moe.edu.tw/searchP.jsp?SN=%E3%84%8C&SN2=%E3%84%8C%E3%84%A7%E3%84%A0%CB%8A&word=%E6%92%A9"
"ㄌㄧㄠˊ","潦","","3","待補充","https://dict.concised.moe.edu.tw/searchP.jsp?SN=%E3%84%8C&SN2=%E3%84%8C%E3%84%A7%E3%84%A0%CB%8A&word=%E6%BD%A6"
"ㄌㄧㄠˊ","獠","","1","待補充","https://dict.concised.moe.edu.tw/searchP.jsp?SN=%E3%84%8C&SN2=%E3%84%8C%E3%84%A7%E3%84%A0%CB%8A&word=%E7%8D%A0"
"ㄌㄧㄠˊ","燎","","2","待補充","https://dict.concised.moe.edu.tw/searchP.jsp?SN=%E3%84%8C&SN2=%E3%84%8C%E3%84%A7%E3%84%A0%CB%8A&word=%E7%87%8E"
"ㄌㄧㄠˊ","遼","","2","待補充","https://dict.concised.moe.edu.tw/searchP.jsp?SN=%E3%84%8C&SN2=%E3%84%8C%E3%84%A7%E3%84%A0%CB%8A&word=%E9%81%BC"
"ㄌㄧㄠˊ","療","","10","待補充","https://dict.concised.moe.edu.tw/searchP.jsp?SN=%E3%84%8C&SN2=%E3%84%8C%E3%84%A7%E3%84%A0%CB%8A&word=%E7%99%82"
"ㄌㄧㄠˊ","繚","","2","待補充","https://dict.concised.moe.edu.tw/searchP.jsp?SN=%E3%84%8C&SN2=%E3%84%8C%E3%84%A7%E3%84%A0%CB%8A&word=%E7%B9%9A"
"ㄌㄧㄠˊ","鐐","","1","待補充","https://dict.concised.moe.edu.tw/searchP.jsp?SN=%E3%84%8C&SN2=%E3%84%8C%E3%84%A7%E3%84%A0%CB%8A&word=%E9%90%90"
"ㄌㄧㄠˊ","鷯","","1","待補充","https://dict.concised.moe.edu.tw/searchP.jsp?SN=%E3%84%8C&SN2=%E3%84%8C%E3%84%A7%E3%84%A0%CB%8A&word=%E9%B7%AF"
"ㄌㄧㄠˋ","料","","8","待補充","https://dict.concised.moe.edu.tw/searchP.jsp?SN=%E3%84%8C&SN2=%E3%84%8C%E3%84%A7%E3%84%A0%CB%8B&word=%E6%96%99"
"ㄌㄧㄠˋ","廖","","1","待補充","https://dict.concised.moe.edu.tw/searchP.jsp?SN=%E3%84%8C&SN2=%E3%84%8C%E3%84%A7%E3%84%A0%CB%8B&word=%E5%BB%96"
"ㄌㄧㄠˋ","撂","","2","待補充","https://dict.concised.moe.edu.tw/searchP.jsp?SN=%E3%84%8C&SN2=%E3%84%8C%E3%84%A7%E3%84%A0%CB%8B&word=%E6%92%82"
"ㄌㄧㄠˋ","瞭","","3","待補充","https://dict.concised.moe.edu.tw/searchP.jsp?SN=%E3%84%8C&SN2=%E3%84%8C%E3%84%A7%E3%84%A0%CB%8B&word=%E7%9E%AD"
"ㄌㄧㄡ","溜","","6","待補充","https://dict.concised.moe.edu.tw/searchP.jsp?SN=%E3%84%8C&SN2=%E3%84%8C%E3%84%A7%E3%84%A1&word=%E6%BA%9C"
"ㄌㄧㄡˇ","柳","","11","待補充","https://dict.concised.moe.edu.tw/searchP.jsp?SN=%E3%84%8C&SN2=%E3%84%8C%E3%84%A7%E3%84%A1%CB%87&word=%E6%9F%B3"
"ㄌㄧㄡˇ","綹","","1","待補充","https://dict.concised.moe.edu.tw/searchP.jsp?SN=%E3%84%8C&SN2=%E3%84%8C%E3%84%A7%E3%84%A1%CB%87&word=%E7%B6%B9"
"ㄌㄧㄡˊ","流","","20","待補充","https://dict.concised.moe.edu.tw/searchP.jsp?SN=%E3%84%8C&SN2=%E3%84%8C%E3%84%A7%E3%84%A1%CB%8A&word=%E6%B5%81"
"ㄌㄧㄡˊ","琉","","5","待補充","https://dict.concised.moe.edu.tw/searchP.jsp?SN=%E3%84%8C&SN2=%E3%84%8C%E3%84%A7%E3%84%A1%CB%8A&word=%E7%90%89"
"ㄌㄧㄡˊ","留","","20","待補充","https://dict.concised.moe.edu.tw/searchP.jsp?SN=%E3%84%8C&SN2=%E3%84%8C%E3%84%A7%E3%84%A1%CB%8A&word=%E7%95%99"
"ㄌㄧㄡˊ","硫","","5","待補充","https://dict.concised.moe.edu.tw/searchP.jsp?SN=%E3%84%8C&SN2=%E3%84%8C%E3%84%A7%E3%84%A1%CB%8A&word=%E7%A1%AB"
"ㄌㄧㄡˊ","榴","","4","待補充","https://dict.concised.moe.edu.tw/searchP.jsp?SN=%E3%84%8C&SN2=%E3%84%8C%E3%84%A7%E3%84%A1%CB%8A&word=%E6%A6%B4"
"ㄌㄧㄡˊ","劉","","1","待補充","https://dict.concised.moe.edu.tw/searchP.jsp?SN=%E3%84%8C&SN2=%E3%84%8C%E3%84%A7%E3%84%A1%CB%8A&word=%E5%8A%89"
"ㄌㄧㄡˊ","瘤","","1","待補充","https://dict.concised.moe.edu.tw/searchP.jsp?SN=%E3%84%8C&SN2=%E3%84%8C%E3%84%A7%E3%84%A1%CB%8A&word=%E7%98%A4"
"ㄌㄧㄡˊ","瀏","","4","待補充","https://dict.concised.moe.edu.tw/searchP.jsp?SN=%E3%84%8C&SN2=%E3%84%8C%E3%84%A7%E3%84%A1%CB%8A&word=%E7%80%8F"
"ㄌㄧㄡˊ","騮","","1","待補充","https://dict.concised.moe.edu.tw/searchP.jsp?SN=%E3%84%8C&SN2=%E3%84%8C%E3%84%A7%E3%84%A1%CB%8A&word=%E9%A8%AE"
"ㄌㄧㄡˋ","六","","12","待補充","https://dict.concised.moe.edu.tw/searchP.jsp?SN=%E3%84%8C&SN2=%E3%84%8C%E3%84%A7%E3%84%A1%CB%8B&word=%E5%85%AD"
"ㄌㄧㄡˋ","陸","","1","待補充","https://dict.concised.moe.edu.tw/searchP.jsp?SN=%E3%84%8C&SN2=%E3%84%8C%E3%84%A7%E3%84%A1%CB%8B&word=%E9%99%B8"
"ㄌㄧㄡˋ","溜","","1","待補充","https://dict.concised.moe.edu.tw/searchP.jsp?SN=%E3%84%8C&SN2=%E3%84%8C%E3%84%A7%E3%84%A1%CB%8B&word=%E6%BA%9C"
"ㄌㄧㄡˋ","遛","","3","待補充","https://dict.concised.moe.edu.tw/searchP.jsp?SN=%E3%84%8C&SN2=%E3%84%8C%E3%84%A7%E3%84%A1%CB%8B&word=%E9%81%9B"
"ㄌㄧㄡˋ","蹓","","2","待補充","https://dict.concised.moe.edu.tw/searchP.jsp?SN=%E3%84%8C&SN2=%E3%84%8C%E3%84%A7%E3%84%A1%CB%8B&word=%E8%B9%93"
"ㄌㄧㄡˋ","霤","","1","待補充","https://dict.concised.moe.edu.tw/searchP.jsp?SN=%E3%84%8C&SN2=%E3%84%8C%E3%84%A7%E3%84%A1%CB%8B&word=%E9%9C%A4"
"ㄌㄧㄡˋ","餾","","1","待補充","https://dict.concised.moe.edu.tw/searchP.jsp?SN=%E3%84%8C&SN2=%E3%84%8C%E3%84%A7%E3%84%A1%CB%8B&word=%E9%A4%BE"
"ㄌㄧㄢˇ","臉","","17","待補充","https://dict.concised.moe.edu.tw/searchP.jsp?SN=%E3%84%8C&SN2=%E3%84%8C%E3%84%A7%E3%84%A2%CB%87&word=%E8%87%89"
"ㄌㄧㄢˊ","帘","","1","待補充","https://dict.concised.moe.edu.tw/searchP.jsp?SN=%E3%84%8C&SN2=%E3%84%8C%E3%84%A7%E3%84%A2%CB%8A&word=%E5%B8%98"
"ㄌㄧㄢˊ","連","","20","待補充","https://dict.concised.moe.edu.tw/searchP.jsp?SN=%E3%84%8C&SN2=%E3%84%8C%E3%84%A7%E3%84%A2%CB%8A&word=%E9%80%A3"
"ㄌㄧㄢˊ","廉","","8","待補充","https://dict.concised.moe.edu.tw/searchP.jsp?SN=%E3%84%8C&SN2=%E3%84%8C%E3%84%A7%E3%84%A2%CB%8A&word=%E5%BB%89"
"ㄌㄧㄢˊ","奩","","1","待補充","https://dict.concised.moe.edu.tw/searchP.jsp?SN=%E3%84%8C&SN2=%E3%84%8C%E3%84%A7%E3%84%A2%CB%8A&word=%E5%A5%A9"
"ㄌㄧㄢˊ","漣","","3","待補充","https://dict.concised.moe.edu.tw/searchP.jsp?SN=%E3%84%8C&SN2=%E3%84%8C%E3%84%A7%E3%84%A2%CB%8A&word=%E6%BC%A3"
"ㄌㄧㄢˊ","憐","","6","待補充","https://dict.concised.moe.edu.tw/searchP.jsp?SN=%E3%84%8C&SN2=%E3%84%8C%E3%84%A7%E3%84%A2%CB%8A&word=%E6%86%90"
"ㄌㄧㄢˊ","槤","","1","待補充","https://dict.concised.moe.edu.tw/searchP.jsp?SN=%E3%84%8C&SN2=%E3%84%8C%E3%84%A7%E3%84%A2%CB%8A&word=%E6%A7%A4"
"ㄌㄧㄢˊ","璉","","1","待補充","https://dict.concised.moe.edu.tw/searchP.jsp?SN=%E3%84%8C&SN2=%E3%84%8C%E3%84%A7%E3%84%A2%CB%8A&word=%E7%92%89"
"ㄌㄧㄢˊ","蓮","","12","待補充","https://dict.concised.moe.edu.tw/searchP.jsp?SN=%E3%84%8C&SN2=%E3%84%8C%E3%84%A7%E3%84%A2%CB%8A&word=%E8%93%AE"
"ㄌㄧㄢˊ","濂","","2","待補充","https://dict.concised.moe.edu.tw/searchP.jsp?SN=%E3%84%8C&SN2=%E3%84%8C%E3%84%A7%E3%84%A2%CB%8A&word=%E6%BF%82"
"ㄌㄧㄢˊ","聯","","20","待補充","https://dict.concised.moe.edu.tw/searchP.jsp?SN=%E3%84%8C&SN2=%E3%84%8C%E3%84%A7%E3%84%A2%CB%8A&word=%E8%81%AF"
"ㄌㄧㄢˊ","褳","","1","待補充","https://dict.concised.moe.edu.tw/searchP.jsp?SN=%E3%84%8C&SN2=%E3%84%8C%E3%84%A7%E3%84%A2%CB%8A&word=%E8%A4%B3"
"ㄌㄧㄢˊ","簾","","2","待補充","https://dict.concised.moe.edu.tw/searchP.jsp?SN=%E3%84%8C&SN2=%E3%84%8C%E3%84%A7%E3%84%A2%CB%8A&word=%E7%B0%BE"
"ㄌㄧㄢˊ","鐮","","2","待補充","https://dict.concised.moe.edu.tw/searchP.jsp?SN=%E3%84%8C&SN2=%E3%84%8C%E3%84%A7%E3%84%A2%CB%8A&word=%E9%90%AE"
"ㄌㄧㄢˊ","鰱","","1","待補充","https://dict.concised.moe.edu.tw/searchP.jsp?SN=%E3%84%8C&SN2=%E3%84%8C%E3%84%A7%E3%84%A2%CB%8A&word=%E9%B0%B1"
"ㄌㄧㄢˋ","楝","","1","待補充","https://dict.concised.moe.edu.tw/searchP.jsp?SN=%E3%84%8C&SN2=%E3%84%8C%E3%84%A7%E3%84%A2%CB%8B&word=%E6%A5%9D"
"ㄌㄧㄢˋ","煉","","11","待補充","https://dict.concised.moe.edu.tw/searchP.jsp?SN=%E3%84%8C&SN2=%E3%84%8C%E3%84%A7%E3%84%A2%CB%8B&word=%E7%85%89"
"ㄌㄧㄢˋ","練","","11","待補充","https://dict.concised.moe.edu.tw/searchP.jsp?SN=%E3%84%8C&SN2=%E3%84%8C%E3%84%A7%E3%84%A2%CB%8B&word=%E7%B7%B4"
"ㄌㄧㄢˋ","斂","","2","待補充","https://dict.concised.moe.edu.tw/searchP.jsp?SN=%E3%84%8C&SN2=%E3%84%8C%E3%84%A7%E3%84%A2%CB%8B&word=%E6%96%82"
"ㄌㄧㄢˋ","殮","","1","待補充","https://dict.concised.moe.edu.tw/searchP.jsp?SN=%E3%84%8C&SN2=%E3%84%8C%E3%84%A7%E3%84%A2%CB%8B&word=%E6%AE%AE"
"ㄌㄧㄢˋ","鍊","","2","待補充","https://dict.concised.moe.edu.tw/searchP.jsp?SN=%E3%84%8C&SN2=%E3%84%8C%E3%84%A7%E3%84%A2%CB%8B&word=%E9%8D%8A"
"ㄌㄧㄢˋ","鏈","","5","待補充","https://dict.concised.moe.edu.tw/searchP.jsp?SN=%E3%84%8C&SN2=%E3%84%8C%E3%84%A7%E3%84%A2%CB%8B&word=%E9%8F%88"
"ㄌㄧㄢˋ","瀲","","2","待補充","https://dict.concised.moe.edu.tw/searchP.jsp?SN=%E3%84%8C&SN2=%E3%84%8C%E3%84%A7%E3%84%A2%CB%8B&word=%E7%80%B2"
"ㄌㄧㄢˋ","戀","","10","待補充","https://dict.concised.moe.edu.tw/searchP.jsp?SN=%E3%84%8C&SN2=%E3%84%8C%E3%84%A7%E3%84%A2%CB%8B&word=%E6%88%80"
"ㄌㄧㄣˇ","稟","","1","待補充","https://dict.concised.moe.edu.tw/searchP.jsp?SN=%E3%84%8C&SN2=%E3%84%8C%E3%84%A7%E3%84%A3%CB%87&word=%E7%A8%9F"
"ㄌㄧㄣˇ","凜","","3","待補充","https://dict.concised.moe.edu.tw/searchP.jsp?SN=%E3%84%8C&SN2=%E3%84%8C%E3%84%A7%E3%84%A3%CB%87&word=%E5%87%9C"
"ㄌㄧㄣˇ","廩","","1","待補充","https://dict.concised.moe.edu.tw/searchP.jsp?SN=%E3%84%8C&SN2=%E3%84%8C%E3%84%A7%E3%84%A3%CB%87&word=%E5%BB%A9"
"ㄌㄧㄣˇ","懍","","1","待補充","https://dict.concised.moe.edu.tw/searchP.jsp?SN=%E3%84%8C&SN2=%E3%84%8C%E3%84%A7%E3%84%A3%CB%87&word=%E6%87%8D"
"ㄌㄧㄣˊ","林","","14","待補充","https://dict.concised.moe.edu.tw/searchP.jsp?SN=%E3%84%8C&SN2=%E3%84%8C%E3%84%A7%E3%84%A3%CB%8A&word=%E6%9E%97"
"ㄌㄧㄣˊ","淋","","10","待補充","https://dict.concised.moe.edu.tw/searchP.jsp?SN=%E3%84%8C&SN2=%E3%84%8C%E3%84%A7%E3%84%A3%CB%8A&word=%E6%B7%8B"
"ㄌㄧㄣˊ","琳","","2","待補充","https://dict.concised.moe.edu.tw/searchP.jsp?SN=%E3%84%8C&SN2=%E3%84%8C%E3%84%A7%E3%84%A3%CB%8A&word=%E7%90%B3"
"ㄌㄧㄣˊ","粼","","2","待補充","https://dict.concised.moe.edu.tw/searchP.jsp?SN=%E3%84%8C&SN2=%E3%84%8C%E3%84%A7%E3%84%A3%CB%8A&word=%E7%B2%BC"
"ㄌㄧㄣˊ","嶙","","2","待補充","https://dict.concised.moe.edu.tw/searchP.jsp?SN=%E3%84%8C&SN2=%E3%84%8C%E3%84%A7%E3%84%A3%CB%8A&word=%E5%B6%99"
"ㄌㄧㄣˊ","鄰","","8","待補充","https://dict.concised.moe.edu.tw/searchP.jsp?SN=%E3%84%8C&SN2=%E3%84%8C%E3%84%A7%E3%84%A3%CB%8A&word=%E9%84%B0"
"ㄌㄧㄣˊ","燐","","1","待補充","https://dict.concised.moe.edu.tw/searchP.jsp?SN=%E3%84%8C&SN2=%E3%84%8C%E3%84%A7%E3%84%A3%CB%8A&word=%E7%87%90"
"ㄌㄧㄣˊ","遴","","3","待補充","https://dict.concised.moe.edu.tw/searchP.jsp?SN=%E3%84%8C&SN2=%E3%84%8C%E3%84%A7%E3%84%A3%CB%8A&word=%E9%81%B4"
"ㄌㄧㄣˊ","霖","","1","待補充","https://dict.concised.moe.edu.tw/searchP.jsp?SN=%E3%84%8C&SN2=%E3%84%8C%E3%84%A7%E3%84%A3%CB%8A&word=%E9%9C%96"
"ㄌㄧㄣˊ","瞵","","2","待補充","https://dict.concised.moe.edu.tw/searchP.jsp?SN=%E3%84%8C&SN2=%E3%84%8C%E3%84%A7%E3%84%A3%CB%8A&word=%E7%9E%B5"
"ㄌㄧㄣˊ","磷","","2","待補充","https://dict.concised.moe.edu.tw/searchP.jsp?SN=%E3%84%8C&SN2=%E3%84%8C%E3%84%A7%E3%84%A3%CB%8A&word=%E7%A3%B7"
"ㄌㄧㄣˊ","臨","","20","待補充","https://dict.concised.moe.edu.tw/searchP.jsp?SN=%E3%84%8C&SN2=%E3%84%8C%E3%84%A7%E3%84%A3%CB%8A&word=%E8%87%A8"
"ㄌㄧㄣˊ","鱗","","4","待補充","https://dict.concised.moe.edu.tw/searchP.jsp?SN=%E3%84%8C&SN2=%E3%84%8C%E3%84%A7%E3%84%A3%CB%8A&word=%E9%B1%97"
"ㄌㄧㄣˊ","麟","","2","待補充","https://dict.concised.moe.edu.tw/searchP.jsp?SN=%E3%84%8C&SN2=%E3%84%8C%E3%84%A7%E3%84%A3%CB%8A&word=%E9%BA%9F"
"ㄌㄧㄣˋ","吝","","3","待補充","https://dict.concised.moe.edu.tw/searchP.jsp?SN=%E3%84%8C&SN2=%E3%84%8C%E3%84%A7%E3%84%A3%CB%8B&word=%E5%90%9D"
"ㄌㄧㄣˋ","賃","","1","待補充","https://dict.concised.moe.edu.tw/searchP.jsp?SN=%E3%84%8C&SN2=%E3%84%8C%E3%84%A7%E3%84%A3%CB%8B&word=%E8%B3%83"
"ㄌㄧㄣˋ","藺","","1","待補充","https://dict.concised.moe.edu.tw/searchP.jsp?SN=%E3%84%8C&SN2=%E3%84%8C%E3%84%A7%E3%84%A3%CB%8B&word=%E8%97%BA"
"ㄌㄧㄣˋ","躪","","1","待補充","https://dict.concised.moe.edu.tw/searchP.jsp?SN=%E3%84%8C&SN2=%E3%84%8C%E3%84%A7%E3%84%A3%CB%8B&word=%E8%BA%AA"
"ㄌㄧㄤˇ","兩","","20","待補充","https://dict.concised.moe.edu.tw/searchP.jsp?SN=%E3%84%8C&SN2=%E3%84%8C%E3%84%A7%E3%84%A4%CB%87&word=%E5%85%A9"
"ㄌㄧㄤˇ","倆","","1","待補充","https://dict.concised.moe.edu.tw/searchP.jsp?SN=%E3%84%8C&SN2=%E3%84%8C%E3%84%A7%E3%84%A4%CB%87&word=%E5%80%86"
"ㄌㄧㄤˇ","魎","","1","待補充","https://dict.concised.moe.edu.tw/searchP.jsp?SN=%E3%84%8C&SN2=%E3%84%8C%E3%84%A7%E3%84%A4%CB%87&word=%E9%AD%8E"
"ㄌㄧㄤˊ","良","","20","待補充","https://dict.concised.moe.edu.tw/searchP.jsp?SN=%E3%84%8C&SN2=%E3%84%8C%E3%84%A7%E3%84%A4%CB%8A&word=%E8%89%AF"
"ㄌㄧㄤˊ","梁","","5","待補充","https://dict.concised.moe.edu.tw/searchP.jsp?SN=%E3%84%8C&SN2=%E3%84%8C%E3%84%A7%E3%84%A4%CB%8A&word=%E6%A2%81"
"ㄌㄧㄤˊ","涼","","10","待補充","https://dict.concised.moe.edu.tw/searchP.jsp?SN=%E3%84%8C&SN2=%E3%84%8C%E3%84%A7%E3%84%A4%CB%8A&word=%E6%B6%BC"
"ㄌㄧㄤˊ","量","","6","待補充","https://dict.concised.moe.edu.tw/searchP.jsp?SN=%E3%84%8C&SN2=%E3%84%8C%E3%84%A7%E3%84%A4%CB%8A&word=%E9%87%8F"
"ㄌㄧㄤˊ","粱","","1","待補充","https://dict.concised.moe.edu.tw/searchP.jsp?SN=%E3%84%8C&SN2=%E3%84%8C%E3%84%A7%E3%84%A4%CB%8A&word=%E7%B2%B1"
"ㄌㄧㄤˊ","踉","","1","待補充","https://dict.concised.moe.edu.tw/searchP.jsp?SN=%E3%84%8C&SN2=%E3%84%8C%E3%84%A7%E3%84%A4%CB%8A&word=%E8%B8%89"
"ㄌㄧㄤˊ","糧","","5","待補充","https://dict.concised.moe.edu.tw/searchP.jsp?SN=%E3%84%8C&SN2=%E3%84%8C%E3%84%A7%E3%84%A4%CB%8A&word=%E7%B3%A7"
"ㄌㄧㄤˋ","亮","","11","待補充","https://dict.concised.moe.edu.tw/searchP.jsp?SN=%E3%84%8C&SN2=%E3%84%8C%E3%84%A7%E3%84%A4%CB%8B&word=%E4%BA%AE"
"ㄌㄧㄤˋ","涼","","1","待補充","https://dict.concised.moe.edu.tw/searchP.jsp?SN=%E3%84%8C&SN2=%E3%84%8C%E3%84%A7%E3%84%A4%CB%8B&word=%E6%B6%BC"
"ㄌㄧㄤˋ","喨","","1","待補充","https://dict.concised.moe.edu.tw/searchP.jsp?SN=%E3%84%8C&SN2=%E3%84%8C%E3%84%A7%E3%84%A4%CB%8B&word=%E5%96%A8"
"ㄌㄧㄤˋ","晾","","2","待補充","https://dict.concised.moe.edu.tw/searchP.jsp?SN=%E3%84%8C&SN2=%E3%84%8C%E3%84%A7%E3%84%A4%CB%8B&word=%E6%99%BE"
"ㄌㄧㄤˋ","量","","12","待補充","https://dict.concised.moe.edu.tw/searchP.jsp?SN=%E3%84%8C&SN2=%E3%84%8C%E3%84%A7%E3%84%A4%CB%8B&word=%E9%87%8F"
"ㄌㄧㄤˋ","踉","","3","待補充","https://dict.concised.moe.edu.tw/searchP.jsp?SN=%E3%84%8C&SN2=%E3%84%8C%E3%84%A7%E3%84%A4%CB%8B&word=%E8%B8%89"
"ㄌㄧㄤˋ","諒","","3","待補充","https://dict.concised.moe.edu.tw/searchP.jsp?SN=%E3%84%8C&SN2=%E3%84%8C%E3%84%A7%E3%84%A4%CB%8B&word=%E8%AB%92"
"ㄌㄧㄤˋ","輛","","1","待補充","https://dict.concised.moe.edu.tw/searchP.jsp?SN=%E3%84%8C&SN2=%E3%84%8C%E3%84%A7%E3%84%A4%CB%8B&word=%E8%BC%9B"
"ㄌㄧㄥ","拎","","1","待補充","https://dict.concised.moe.edu.tw/searchP.jsp?SN=%E3%84%8C&SN2=%E3%84%8C%E3%84%A7%E3%84%A5&word=%E6%8B%8E"
"ㄌㄧㄥˇ","領","","20","待補充","https://dict.concised.moe.edu.tw/searchP.jsp?SN=%E3%84%8C&SN2=%E3%84%8C%E3%84%A7%E3%84%A5%CB%87&word=%E9%A0%98"
"ㄌㄧㄥˇ","嶺","","1","待補充","https://dict.concised.moe.edu.tw/searchP.jsp?SN=%E3%84%8C&SN2=%E3%84%8C%E3%84%A7%E3%84%A5%CB%87&word=%E5%B6%BA"
"ㄌㄧㄥˊ","伶","","4","待補充","https://dict.concised.moe.edu.tw/searchP.jsp?SN=%E3%84%8C&SN2=%E3%84%8C%E3%84%A7%E3%84%A5%CB%8A&word=%E4%BC%B6"
"ㄌㄧㄥˊ","囹","","2","待補充","https://dict.concised.moe.edu.tw/searchP.jsp?SN=%E3%84%8C&SN2=%E3%84%8C%E3%84%A7%E3%84%A5%CB%8A&word=%E5%9B%B9"
"ㄌㄧㄥˊ","泠","","1","待補充","https://dict.concised.moe.edu.tw/searchP.jsp?SN=%E3%84%8C&SN2=%E3%84%8C%E3%84%A7%E3%84%A5%CB%8A&word=%E6%B3%A0"
"ㄌㄧㄥˊ","玲","","2","待補充","https://dict.concised.moe.edu.tw/searchP.jsp?SN=%E3%84%8C&SN2=%E3%84%8C%E3%84%A7%E3%84%A5%CB%8A&word=%E7%8E%B2"
"ㄌㄧㄥˊ","凌","","16","待補充","https://dict.concised.moe.edu.tw/searchP.jsp?SN=%E3%84%8C&SN2=%E3%84%8C%E3%84%A7%E3%84%A5%CB%8A&word=%E5%87%8C"
"ㄌㄧㄥˊ","淩","","1","待補充","https://dict.concised.moe.edu.tw/searchP.jsp?SN=%E3%84%8C&SN2=%E3%84%8C%E3%84%A7%E3%84%A5%CB%8A&word=%E6%B7%A9"
"ㄌㄧㄥˊ","羚","","2","待補充","https://dict.concised.moe.edu.tw/searchP.jsp?SN=%E3%84%8C&SN2=%E3%84%8C%E3%84%A7%E3%84%A5%CB%8A&word=%E7%BE%9A"
"ㄌㄧㄥˊ","翎","","1","待補充","https://dict.concised.moe.edu.tw/searchP.jsp?SN=%E3%84%8C&SN2=%E3%84%8C%E3%84%A7%E3%84%A5%CB%8A&word=%E7%BF%8E"
"ㄌㄧㄥˊ","聆","","5","待補充","https://dict.concised.moe.edu.tw/searchP.jsp?SN=%E3%84%8C&SN2=%E3%84%8C%E3%84%A7%E3%84%A5%CB%8A&word=%E8%81%86"
"ㄌㄧㄥˊ","蛉","","1","待補充","https://dict.concised.moe.edu.tw/searchP.jsp?SN=%E3%84%8C&SN2=%E3%84%8C%E3%84%A7%E3%84%A5%CB%8A&word=%E8%9B%89"
"ㄌㄧㄥˊ","陵","","4","待補充","https://dict.concised.moe.edu.tw/searchP.jsp?SN=%E3%84%8C&SN2=%E3%84%8C%E3%84%A7%E3%84%A5%CB%8A&word=%E9%99%B5"
"ㄌㄧㄥˊ","菱","","2","待補充","https://dict.concised.moe.edu.tw/searchP.jsp?SN=%E3%84%8C&SN2=%E3%84%8C%E3%84%A7%E3%84%A5%CB%8A&word=%E8%8F%B1"
"ㄌㄧㄥˊ","鈴","","3","待補充","https://dict.concised.moe.edu.tw/searchP.jsp?SN=%E3%84%8C&SN2=%E3%84%8C%E3%84%A7%E3%84%A5%CB%8A&word=%E9%88%B4"
"ㄌㄧㄥˊ","零","","20","待補充","https://dict.concised.moe.edu.tw/searchP.jsp?SN=%E3%84%8C&SN2=%E3%84%8C%E3%84%A7%E3%84%A5%CB%8A&word=%E9%9B%B6"
"ㄌㄧㄥˊ","綾","","1","待補充","https://dict.concised.moe.edu.tw/searchP.jsp?SN=%E3%84%8C&SN2=%E3%84%8C%E3%84%A7%E3%84%A5%CB%8A&word=%E7%B6%BE"
"ㄌㄧㄥˊ","鴒","","1","待補充","https://dict.concised.moe.edu.tw/searchP.jsp?SN=%E3%84%8C&SN2=%E3%84%8C%E3%84%A7%E3%84%A5%CB%8A&word=%E9%B4%92"
"ㄌㄧㄥˊ","齡","","1","待補充","https://dict.concised.moe.edu.tw/searchP.jsp?SN=%E3%84%8C&SN2=%E3%84%8C%E3%84%A7%E3%84%A5%CB%8A&word=%E9%BD%A1"
"ㄌㄧㄥˊ","櫺","","1","待補充","https://dict.concised.moe.edu.tw/searchP.jsp?SN=%E3%84%8C&SN2=%E3%84%8C%E3%84%A7%E3%84%A5%CB%8A&word=%E6%AB%BA"
"ㄌㄧㄥˊ","靈","","20","待補充","https://dict.concised.moe.edu.tw/searchP.jsp?SN=%E3%84%8C&SN2=%E3%84%8C%E3%84%A7%E3%84%A5%CB%8A&word=%E9%9D%88"
"ㄌㄧㄥˊ","欞","","1","待補充","https://dict.concised.moe.edu.tw/searchP.jsp?SN=%E3%84%8C&SN2=%E3%84%8C%E3%84%A7%E3%84%A5%CB%8A&word=%E6%AC%9E"
"ㄌㄧㄥˋ","令","","15","待補充","https://dict.concised.moe.edu.tw/searchP.jsp?SN=%E3%84%8C&SN2=%E3%84%8C%E3%84%A7%E3%84%A5%CB%8B&word=%E4%BB%A4"
"ㄌㄧㄥˋ","另","","12","待補充","https://dict.concised.moe.edu.tw/searchP.jsp?SN=%E3%84%8C&SN2=%E3%84%8C%E3%84%A7%E3%84%A5%CB%8B&word=%E5%8F%A6"
"ㄌㄨ","嚕","","2","待補充","https://dict.concised.moe.edu.tw/searchP.jsp?SN=%E3%84%8C&SN2=%E3%84%8C%E3%84%A8&word=%E5%9A%95"
"ㄌㄨˇ","鹵","","3","待補充","https://dict.concised.moe.edu.tw/searchP.jsp?SN=%E3%84%8C&SN2=%E3%84%8C%E3%84%A8%CB%87&word=%E9%B9%B5"
"ㄌㄨˇ","虜","","2","待補充","https://dict.concised.moe.edu.tw/searchP.jsp?SN=%E3%84%8C&SN2=%E3%84%8C%E3%84%A8%CB%87&word=%E8%99%9C"
"ㄌㄨˇ","滷","","3","待補充","https://dict.concised.moe.edu.tw/searchP.jsp?SN=%E3%84%8C&SN2=%E3%84%8C%E3%84%A8%CB%87&word=%E6%BB%B7"
"ㄌㄨˇ","魯","","3","待補充","https://dict.concised.moe.edu.tw/searchP.jsp?SN=%E3%84%8C&SN2=%E3%84%8C%E3%84%A8%CB%87&word=%E9%AD%AF"
"ㄌㄨˇ","擄","","3","待補充","https://dict.concised.moe.edu.tw/searchP.jsp?SN=%E3%84%8C&SN2=%E3%84%8C%E3%84%A8%CB%87&word=%E6%93%84"
"ㄌㄨˇ","櫓","","1","待補充","https://dict.concised.moe.edu.tw/searchP.jsp?SN=%E3%84%8C&SN2=%E3%84%8C%E3%84%A8%CB%87&word=%E6%AB%93"
"ㄌㄨˇ","氌","","1","待補充","https://dict.concised.moe.edu.tw/searchP.jsp?SN=%E3%84%8C&SN2=%E3%84%8C%E3%84%A8%CB%87&word=%E6%B0%8C"
"ㄌㄨˊ","盧","","2","待補充","https://dict.concised.moe.edu.tw/searchP.jsp?SN=%E3%84%8C&SN2=%E3%84%8C%E3%84%A8%CB%8A&word=%E7%9B%A7"
"ㄌㄨˊ","壚","","1","待補充","https://dict.concised.moe.edu.tw/searchP.jsp?SN=%E3%84%8C&SN2=%E3%84%8C%E3%84%A8%CB%8A&word=%E5%A3%9A"
"ㄌㄨˊ","廬","","3","待補充","https://dict.concised.moe.edu.tw/searchP.jsp?SN=%E3%84%8C&SN2=%E3%84%8C%E3%84%A8%CB%8A&word=%E5%BB%AC"
"ㄌㄨˊ","瀘","","1","待補充","https://dict.concised.moe.edu.tw/searchP.jsp?SN=%E3%84%8C&SN2=%E3%84%8C%E3%84%A8%CB%8A&word=%E7%80%98"
"ㄌㄨˊ","爐","","7","待補充","https://dict.concised.moe.edu.tw/searchP.jsp?SN=%E3%84%8C&SN2=%E3%84%8C%E3%84%A8%CB%8A&word=%E7%88%90"
"ㄌㄨˊ","臚","","1","待補充","https://dict.concised.moe.edu.tw/searchP.jsp?SN=%E3%84%8C&SN2=%E3%84%8C%E3%84%A8%CB%8A&word=%E8%87%9A"
"ㄌㄨˊ","蘆","","4","待補充","https://dict.concised.moe.edu.tw/searchP.jsp?SN=%E3%84%8C&SN2=%E3%84%8C%E3%84%A8%CB%8A&word=%E8%98%86"
"ㄌㄨˊ","罏","","1","待補充","https://dict.concised.moe.edu.tw/searchP.jsp?SN=%E3%84%8C&SN2=%E3%84%8C%E3%84%A8%CB%8A&word=%E7%BD%8F"
"ㄌㄨˊ","艫","","1","待補充","https://dict.concised.moe.edu.tw/searchP.jsp?SN=%E3%84%8C&SN2=%E3%84%8C%E3%84%A8%CB%8A&word=%E8%89%AB"
"ㄌㄨˊ","轤","","1","待補充","https://dict.concised.moe.edu.tw/searchP.jsp?SN=%E3%84%8C&SN2=%E3%84%8C%E3%84%A8%CB%8A&word=%E8%BD%A4"
"ㄌㄨˊ","鑪","","1","待補充","https://dict.concised.moe.edu.tw/searchP.jsp?SN=%E3%84%8C&SN2=%E3%84%8C%E3%84%A8%CB%8A&word=%E9%91%AA"
"ㄌㄨˊ","顱","","2","待補充","https://dict.concised.moe.edu.tw/searchP.jsp?SN=%E3%84%8C&SN2=%E3%84%8C%E3%84%A8%CB%8A&word=%E9%A1%B1"
"ㄌㄨˊ","鱸","","1","待補充","https://dict.concised.moe.edu.tw/searchP.jsp?SN=%E3%84%8C&SN2=%E3%84%8C%E3%84%A8%CB%8A&word=%E9%B1%B8"
"ㄌㄨˋ","六","","1","待補充","https://dict.concised.moe.edu.tw/searchP.jsp?SN=%E3%84%8C&SN2=%E3%84%8C%E3%84%A8%CB%8B&word=%E5%85%AD"
"ㄌㄨˋ","陸","","10","待補充","https://dict.concised.moe.edu.tw/searchP.jsp?SN=%E3%84%8C&SN2=%E3%84%8C%E3%84%A8%CB%8B&word=%E9%99%B8"
"ㄌㄨˋ","鹿","","5","待補充","https://dict.concised.moe.edu.tw/searchP.jsp?SN=%E3%84%8C&SN2=%E3%84%8C%E3%84%A8%CB%8B&word=%E9%B9%BF"
"ㄌㄨˋ","僇","","2","待補充","https://dict.concised.moe.edu.tw/searchP.jsp?SN=%E3%84%8C&SN2=%E3%84%8C%E3%84%A8%CB%8B&word=%E5%83%87"
"ㄌㄨˋ","碌","","2","待補充","https://dict.concised.moe.edu.tw/searchP.jsp?SN=%E3%84%8C&SN2=%E3%84%8C%E3%84%A8%CB%8B&word=%E7%A2%8C"
"ㄌㄨˋ","祿","","1","待補充","https://dict.concised.moe.edu.tw/searchP.jsp?SN=%E3%84%8C&SN2=%E3%84%8C%E3%84%A8%CB%8B&word=%E7%A5%BF"
"ㄌㄨˋ","賂","","1","待補充","https://dict.concised.moe.edu.tw/searchP.jsp?SN=%E3%84%8C&SN2=%E3%84%8C%E3%84%A8%CB%8B&word=%E8%B3%82"
"ㄌㄨˋ","路","","20","待補充","https://dict.concised.moe.edu.tw/searchP.jsp?SN=%E3%84%8C&SN2=%E3%84%8C%E3%84%A8%CB%8B&word=%E8%B7%AF"
"ㄌㄨˋ","漉","","1","待補充","https://dict.concised.moe.edu.tw/searchP.jsp?SN=%E3%84%8C&SN2=%E3%84%8C%E3%84%A8%CB%8B&word=%E6%BC%89"
"ㄌㄨˋ","戮","","2","待補充","https://dict.concised.moe.edu.tw/searchP.jsp?SN=%E3%84%8C&SN2=%E3%84%8C%E3%84%A8%CB%8B&word=%E6%88%AE"
"ㄌㄨˋ","蓼","","2","待補充","https://dict.concised.moe.edu.tw/searchP.jsp?SN=%E3%84%8C&SN2=%E3%84%8C%E3%84%A8%CB%8B&word=%E8%93%BC"
"ㄌㄨˋ","潞","","1","待補充","https://dict.concised.moe.edu.tw/searchP.jsp?SN=%E3%84%8C&SN2=%E3%84%8C%E3%84%A8%CB%8B&word=%E6%BD%9E"
"ㄌㄨˋ","錄","","14","待補充","https://dict.concised.moe.edu.tw/searchP.jsp?SN=%E3%84%8C&SN2=%E3%84%8C%E3%84%A8%CB%8B&word=%E9%8C%84"
"ㄌㄨˋ","璐","","1","待補充","https://dict.concised.moe.edu.tw/searchP.jsp?SN=%E3%84%8C&SN2=%E3%84%8C%E3%84%A8%CB%8B&word=%E7%92%90"
"ㄌㄨˋ","簏","","1","待補充","https://dict.concised.moe.edu.tw/searchP.jsp?SN=%E3%84%8C&SN2=%E3%84%8C%E3%84%A8%CB%8B&word=%E7%B0%8F"
"ㄌㄨˋ","轆","","2","待補充","https://dict.concised.moe.edu.tw/searchP.jsp?SN=%E3%84%8C&SN2=%E3%84%8C%E3%84%A8%CB%8B&word=%E8%BD%86"
"ㄌㄨˋ","麓","","1","待補充","https://dict.concised.moe.edu.tw/searchP.jsp?SN=%E3%84%8C&SN2=%E3%84%8C%E3%84%A8%CB%8B&word=%E9%BA%93"
"ㄌㄨˋ","露","","11","待補充","https://dict.concised.moe.edu.tw/searchP.jsp?SN=%E3%84%8C&SN2=%E3%84%8C%E3%84%A8%CB%8B&word=%E9%9C%B2"
"ㄌㄨˋ","籙","","1","待補充","https://dict.concised.moe.edu.tw/searchP.jsp?SN=%E3%84%8C&SN2=%E3%84%8C%E3%84%A8%CB%8B&word=%E7%B1%99"
"ㄌㄨˋ","鷺","","1","待補充","https://dict.concised.moe.edu.tw/searchP.jsp?SN=%E3%84%8C&SN2=%E3%84%8C%E3%84%A8%CB%8B&word=%E9%B7%BA"
"ㄌㄨㄛ","囉","","3","待補充","https://dict.concised.moe.edu.tw/searchP.jsp?SN=%E3%84%8C&SN2=%E3%84%8C%E3%84%A8%E3%84%9B&word=%E5%9B%89"
"ㄌㄨㄛˇ","裸","","7","待補充","https://dict.concised.moe.edu.tw/searchP.jsp?SN=%E3%84%8C&SN2=%E3%84%8C%E3%84%A8%E3%84%9B%CB%87&word=%E8%A3%B8"
"ㄌㄨㄛˊ","螺","","12","待補充","https://dict.concised.moe.edu.tw/searchP.jsp?SN=%E3%84%8C&SN2=%E3%84%8C%E3%84%A8%E3%84%9B%CB%8A&word=%E8%9E%BA"
"ㄌㄨㄛˊ","羅","","12","待補充","https://dict.concised.moe.edu.tw/searchP.jsp?SN=%E3%84%8C&SN2=%E3%84%8C%E3%84%A8%E3%84%9B%CB%8A&word=%E7%BE%85"
"ㄌㄨㄛˊ","儸","","2","待補充","https://dict.concised.moe.edu.tw/searchP.jsp?SN=%E3%84%8C&SN2=%E3%84%8C%E3%84%A8%E3%84%9B%CB%8A&word=%E5%84%B8"
"ㄌㄨㄛˊ","騾","","1","待補充","https://dict.concised.moe.edu.tw/searchP.jsp?SN=%E3%84%8C&SN2=%E3%84%8C%E3%84%A8%E3%84%9B%CB%8A&word=%E9%A8%BE"
"ㄌㄨㄛˊ","囉","","1","待補充","https://dict.concised.moe.edu.tw/searchP.jsp?SN=%E3%84%8C&SN2=%E3%84%8C%E3%84%A8%E3%84%9B%CB%8A&word=%E5%9B%89"
"ㄌㄨㄛˊ","玀","","1","待補充","https://dict.concised.moe.edu.tw/searchP.jsp?SN=%E3%84%8C&SN2=%E3%84%8C%E3%84%A8%E3%84%9B%CB%8A&word=%E7%8E%80"
"ㄌㄨㄛˊ","蘿","","5","待補充","https://dict.concised.moe.edu.tw/searchP.jsp?SN=%E3%84%8C&SN2=%E3%84%8C%E3%84%A8%E3%84%9B%CB%8A&word=%E8%98%BF"
"ㄌㄨㄛˊ","邏","","2","待補充","https://dict.concised.moe.edu.tw/searchP.jsp?SN=%E3%84%8C&SN2=%E3%84%8C%E3%84%A8%E3%84%9B%CB%8A&word=%E9%82%8F"
"ㄌㄨㄛˊ","籮","","2","待補充","https://dict.concised.moe.edu.tw/searchP.jsp?SN=%E3%84%8C&SN2=%E3%84%8C%E3%84%A8%E3%84%9B%CB%8A&word=%E7%B1%AE"
"ㄌㄨㄛˊ","鑼","","3","待補充","https://dict.concised.moe.edu.tw/searchP.jsp?SN=%E3%84%8C&SN2=%E3%84%8C%E3%84%A8%E3%84%9B%CB%8A&word=%E9%91%BC"
"ㄌㄨㄛˋ","洛","","2","待補充","https://dict.concised.moe.edu.tw/searchP.jsp?SN=%E3%84%8C&SN2=%E3%84%8C%E3%84%A8%E3%84%9B%CB%8B&word=%E6%B4%9B"
"ㄌㄨㄛˋ","烙","","1","待補充","https://dict.concised.moe.edu.tw/searchP.jsp?SN=%E3%84%8C&SN2=%E3%84%8C%E3%84%A8%E3%84%9B%CB%8B&word=%E7%83%99"
"ㄌㄨㄛˋ","珞","","1","待補充","https://dict.concised.moe.edu.tw/searchP.jsp?SN=%E3%84%8C&SN2=%E3%84%8C%E3%84%A8%E3%84%9B%CB%8B&word=%E7%8F%9E"
"ㄌㄨㄛˋ","絡","","3","待補充","https://dict.concised.moe.edu.tw/searchP.jsp?SN=%E3%84%8C&SN2=%E3%84%8C%E3%84%A8%E3%84%9B%CB%8B&word=%E7%B5%A1"
"ㄌㄨㄛˋ","落","","20","待補充","https://dict.concised.moe.edu.tw/searchP.jsp?SN=%E3%84%8C&SN2=%E3%84%8C%E3%84%A8%E3%84%9B%CB%8B&word=%E8%90%BD"
"ㄌㄨㄛˋ","酪","","1","待補充","https://dict.concised.moe.edu.tw/searchP.jsp?SN=%E3%84%8C&SN2=%E3%84%8C%E3%84%A8%E3%84%9B%CB%8B&word=%E9%85%AA"
"ㄌㄨㄛˋ","漯","","2","待補充","https://dict.concised.moe.edu.tw/searchP.jsp?SN=%E3%84%8C&SN2=%E3%84%8C%E3%84%A8%E3%84%9B%CB%8B&word=%E6%BC%AF"
"ㄌㄨㄛˋ","犖","","1","待補充","https://dict.concised.moe.edu.tw/searchP.jsp?SN=%E3%84%8C&SN2=%E3%84%8C%E3%84%A8%E3%84%9B%CB%8B&word=%E7%8A%96"
"ㄌㄨㄛˋ","雒","","1","待補充","https://dict.concised.moe.edu.tw/searchP.jsp?SN=%E3%84%8C&SN2=%E3%84%8C%E3%84%A8%E3%84%9B%CB%8B&word=%E9%9B%92"
"ㄌㄨㄛˋ","駱","","3","待補充","https://dict.concised.moe.edu.tw/searchP.jsp?SN=%E3%84%8C&SN2=%E3%84%8C%E3%84%A8%E3%84%9B%CB%8B&word=%E9%A7%B1"
"ㄌㄨㄢˇ","卵","","10","待補充","https://dict.concised.moe.edu.tw/searchP.jsp?SN=%E3%84%8C&SN2=%E3%84%8C%E3%84%A8%E3%84%A2%CB%87&word=%E5%8D%B5"
"ㄌㄨㄢˊ","孿","","2","待補充","https://dict.concised.moe.edu.tw/searchP.jsp?SN=%E3%84%8C&SN2=%E3%84%8C%E3%84%A8%E3%84%A2%CB%8A&word=%E5%AD%BF"
"ㄌㄨㄢˊ","巒","","1","待補充","https://dict.concised.moe.edu.tw/searchP.jsp?SN=%E3%84%8C&SN2=%E3%84%8C%E3%84%A8%E3%84%A2%CB%8A&word=%E5%B7%92"
"ㄌㄨㄢˊ","攣","","1","待補充","https://dict.concised.moe.edu.tw/searchP.jsp?SN=%E3%84%8C&SN2=%E3%84%8C%E3%84%A8%E3%84%A2%CB%8A&word=%E6%94%A3"
"ㄌㄨㄢˊ","欒","","2","待補充","https://dict.concised.moe.edu.tw/searchP.jsp?SN=%E3%84%8C&SN2=%E3%84%8C%E3%84%A8%E3%84%A2%CB%8A&word=%E6%AC%92"
"ㄌㄨㄢˊ","臠","","1","待補充","https://dict.concised.moe.edu.tw/searchP.jsp?SN=%E3%84%8C&SN2=%E3%84%8C%E3%84%A8%E3%84%A2%CB%8A&word=%E8%87%A0"
"ㄌㄨㄢˊ","灤","","1","待補充","https://dict.concised.moe.edu.tw/searchP.jsp?SN=%E3%84%8C&SN2=%E3%84%8C%E3%84%A8%E3%84%A2%CB%8A&word=%E7%81%A4"
"ㄌㄨㄢˊ","鑾","","1","待補充","https://dict.concised.moe.edu.tw/searchP.jsp?SN=%E3%84%8C&SN2=%E3%84%8C%E3%84%A8%E3%84%A2%CB%8A&word=%E9%91%BE"
"ㄌㄨㄢˊ","鸞","","2","待補充","https://dict.concised.moe.edu.tw/searchP.jsp?SN=%E3%84%8C&SN2=%E3%84%8C%E3%84%A8%E3%84%A2%CB%8A&word=%E9%B8%9E"
"ㄌㄨㄢˋ","亂","","20","待補充","https://dict.concised.moe.edu.tw/searchP.jsp?SN=%E3%84%8C&SN2=%E3%84%8C%E3%84%A8%E3%84%A2%CB%8B&word=%E4%BA%82"
"ㄌㄨㄣ","掄","","2","待補充","https://dict.concised.moe.edu.tw/searchP.jsp?SN=%E3%84%8C&SN2=%E3%84%8C%E3%84%A8%E3%84%A3&word=%E6%8E%84"
"ㄌㄨㄣˊ","侖","","1","待補充","https://dict.concised.moe.edu.tw/searchP.jsp?SN=%E3%84%8C&SN2=%E3%84%8C%E3%84%A8%E3%84%A3%CB%8A&word=%E4%BE%96"
"ㄌㄨㄣˊ","倫","","6","待補充","https://dict.concised.moe.edu.tw/searchP.jsp?SN=%E3%84%8C&SN2=%E3%84%8C%E3%84%A8%E3%84%A3%CB%8A&word=%E5%80%AB"
"ㄌㄨㄣˊ","圇","","1","待補充","https://dict.concised.moe.edu.tw/searchP.jsp?SN=%E3%84%8C&SN2=%E3%84%8C%E3%84%A8%E3%84%A3%CB%8A&word=%E5%9C%87"
"ㄌㄨㄣˊ","崙","","1","待補充","https://dict.concised.moe.edu.tw/searchP.jsp?SN=%E3%84%8C&SN2=%E3%84%8C%E3%84%A8%E3%84%A3%CB%8A&word=%E5%B4%99"
"ㄌㄨㄣˊ","掄","","2","待補充","https://dict.concised.moe.edu.tw/searchP.jsp?SN=%E3%84%8C&SN2=%E3%84%8C%E3%84%A8%E3%84%A3%CB%8A&word=%E6%8E%84"
"ㄌㄨㄣˊ","淪","","5","待補充","https://dict.concised.moe.edu.tw/searchP.jsp?SN=%E3%84%8C&SN2=%E3%84%8C%E3%84%A8%E3%84%A3%CB%8A&word=%E6%B7%AA"
"ㄌㄨㄣˊ","綸","","1","待補充","https://dict.concised.moe.edu.tw/searchP.jsp?SN=%E3%84%8C&SN2=%E3%84%8C%E3%84%A8%E3%84%A3%CB%8A&word=%E7%B6%B8"
"ㄌㄨㄣˊ","論","","3","待補充","https://dict.concised.moe.edu.tw/searchP.jsp?SN=%E3%84%8C&SN2=%E3%84%8C%E3%84%A8%E3%84%A3%CB%8A&word=%E8%AB%96"
"ㄌㄨㄣˊ","輪","","20","待補充","https://dict.concised.moe.edu.tw/searchP.jsp?SN=%E3%84%8C&SN2=%E3%84%8C%E3%84%A8%E3%84%A3%CB%8A&word=%E8%BC%AA"
"ㄌㄨㄣˋ","論","","19","待補充","https://dict.concised.moe.edu.tw/searchP.jsp?SN=%E3%84%8C&SN2=%E3%84%8C%E3%84%A8%E3%84%A3%CB%8B&word=%E8%AB%96"
"ㄌㄨㄥˇ","壟","","2","待補充","https://dict.concised.moe.edu.tw/searchP.jsp?SN=%E3%84%8C&SN2=%E3%84%8C%E3%84%A8%E3%84%A5%CB%87&word=%E5%A3%9F"
"ㄌㄨㄥˇ","攏","","1","待補充","https://dict.concised.moe.edu.tw/searchP.jsp?SN=%E3%84%8C&SN2=%E3%84%8C%E3%84%A8%E3%84%A5%CB%87&word=%E6%94%8F"
"ㄌㄨㄥˇ","隴","","1","待補充","https://dict.concised.moe.edu.tw/searchP.jsp?SN=%E3%84%8C&SN2=%E3%84%8C%E3%84%A8%E3%84%A5%CB%87&word=%E9%9A%B4"
"ㄌㄨㄥˊ","隆","","10","待補充","https://dict.concised.moe.edu.tw/searchP.jsp?SN=%E3%84%8C&SN2=%E3%84%8C%E3%84%A8%E3%84%A5%CB%8A&word=%E9%9A%86"
"ㄌㄨㄥˊ","龍","","20","待補充","https://dict.concised.moe.edu.tw/searchP.jsp?SN=%E3%84%8C&SN2=%E3%84%8C%E3%84%A8%E3%84%A5%CB%8A&word=%E9%BE%8D"
"ㄌㄨㄥˊ","窿","","1","待補充","https://dict.concised.moe.edu.tw/searchP.jsp?SN=%E3%84%8C&SN2=%E3%84%8C%E3%84%A8%E3%84%A5%CB%8A&word=%E7%AA%BF"
"ㄌㄨㄥˊ","嚨","","1","待補充","https://dict.concised.moe.edu.tw/searchP.jsp?SN=%E3%84%8C&SN2=%E3%84%8C%E3%84%A8%E3%84%A5%CB%8A&word=%E5%9A%A8"
"ㄌㄨㄥˊ","瀧","","1","待補充","https://dict.concised.moe.edu.tw/searchP.jsp?SN=%E3%84%8C&SN2=%E3%84%8C%E3%84%A8%E3%84%A5%CB%8A&word=%E7%80%A7"
"ㄌㄨㄥˊ","朧","","1","待補充","https://dict.concised.moe.edu.tw/searchP.jsp?SN=%E3%84%8C&SN2=%E3%84%8C%E3%84%A8%E3%84%A5%CB%8A&word=%E6%9C%A7"
"ㄌㄨㄥˊ","瓏","","1","待補充","https://dict.concised.moe.edu.tw/searchP.jsp?SN=%E3%84%8C&SN2=%E3%84%8C%E3%84%A8%E3%84%A5%CB%8A&word=%E7%93%8F"
"ㄌㄨㄥˊ","矓","","1","待補充","https://dict.concised.moe.edu.tw/searchP.jsp?SN=%E3%84%8C&SN2=%E3%84%8C%E3%84%A8%E3%84%A5%CB%8A&word=%E7%9F%93"
"ㄌㄨㄥˊ","礱","","1","待補充","https://dict.concised.moe.edu.tw/searchP.jsp?SN=%E3%84%8C&SN2=%E3%84%8C%E3%84%A8%E3%84%A5%CB%8A&word=%E7%A4%B1"
"ㄌㄨㄥˊ","籠","","6","待補充","https://dict.concised.moe.edu.tw/searchP.jsp?SN=%E3%84%8C&SN2=%E3%84%8C%E3%84%A8%E3%84%A5%CB%8A&word=%E7%B1%A0"
"ㄌㄨㄥˊ","聾","","4","待補充","https://dict.concised.moe.edu.tw/searchP.jsp?SN=%E3%84%8C&SN2=%E3%84%8C%E3%84%A8%E3%84%A5%CB%8A&word=%E8%81%BE"
"ㄌㄨㄥˋ","弄","","2","待補充","https://dict.concised.moe.edu.tw/searchP.jsp?SN=%E3%84%8C&SN2=%E3%84%8C%E3%84%A8%E3%84%A5%CB%8B&word=%E5%BC%84"
"ㄌㄨㄥˋ","衖","","1","待補充","https://dict.concised.moe.edu.tw/searchP.jsp?SN=%E3%84%8C&SN2=%E3%84%8C%E3%84%A8%E3%84%A5%CB%8B&word=%E8%A1%96"
"ㄌㄩˇ","呂","","1","待補充","https://dict.concised.moe.edu.tw/searchP.jsp?SN=%E3%84%8C&SN2=%E3%84%8C%E3%84%A9%CB%87&word=%E5%91%82"
"ㄌㄩˇ","侶","","1","待補充","https://dict.concised.moe.edu.tw/searchP.jsp?SN=%E3%84%8C&SN2=%E3%84%8C%E3%84%A9%CB%87&word=%E4%BE%B6"
"ㄌㄩˇ","旅","","18","待補充","https://dict.concised.moe.edu.tw/searchP.jsp?SN=%E3%84%8C&SN2=%E3%84%8C%E3%84%A9%CB%87&word=%E6%97%85"
"ㄌㄩˇ","婁","","1","待補充","https://dict.concised.moe.edu.tw/searchP.jsp?SN=%E3%84%8C&SN2=%E3%84%8C%E3%84%A9%CB%87&word=%E5%A9%81"
"ㄌㄩˇ","屢","","9","待補充","https://dict.concised.moe.edu.tw/searchP.jsp?SN=%E3%84%8C&SN2=%E3%84%8C%E3%84%A9%CB%87&word=%E5%B1%A2"
"ㄌㄩˇ","履","","6","待補充","https://dict.concised.moe.edu.tw/searchP.jsp?SN=%E3%84%8C&SN2=%E3%84%8C%E3%84%A9%CB%87&word=%E5%B1%A5"
"ㄌㄩˇ","鋁","","5","待補充","https://dict.concised.moe.edu.tw/searchP.jsp?SN=%E3%84%8C&SN2=%E3%84%8C%E3%84%A9%CB%87&word=%E9%8B%81"
"ㄌㄩˇ","縷","","2","待補充","https://dict.concised.moe.edu.tw/searchP.jsp?SN=%E3%84%8C&SN2=%E3%84%8C%E3%84%A9%CB%87&word=%E7%B8%B7"
"ㄌㄩˇ","褸","","1","待補充","https://dict.concised.moe.edu.tw/searchP.jsp?SN=%E3%84%8C&SN2=%E3%84%8C%E3%84%A9%CB%87&word=%E8%A4%B8"
"ㄌㄩˊ","閭","","1","待補充","https://dict.concised.moe.edu.tw/searchP.jsp?SN=%E3%84%8C&SN2=%E3%84%8C%E3%84%A9%CB%8A&word=%E9%96%AD"
"ㄌㄩˊ","櫚","","1","待補充","https://dict.concised.moe.edu.tw/searchP.jsp?SN=%E3%84%8C&SN2=%E3%84%8C%E3%84%A9%CB%8A&word=%E6%AB%9A"
"ㄌㄩˊ","驢","","2","待補充","https://dict.concised.moe.edu.tw/searchP.jsp?SN=%E3%84%8C&SN2=%E3%84%8C%E3%84%A9%CB%8A&word=%E9%A9%A2"
"ㄌㄩˋ","律","","9","待補充","https://dict.concised.moe.edu.tw/searchP.jsp?SN=%E3%84%8C&SN2=%E3%84%8C%E3%84%A9%CB%8B&word=%E5%BE%8B"
"ㄌㄩˋ","率","","1","待補充","https://dict.concised.moe.edu.tw/searchP.jsp?SN=%E3%84%8C&SN2=%E3%84%8C%E3%84%A9%CB%8B&word=%E7%8E%87"
"ㄌㄩˋ","氯","","5","待補充","https://dict.concised.moe.edu.tw/searchP.jsp?SN=%E3%84%8C&SN2=%E3%84%8C%E3%84%A9%CB%8B&word=%E6%B0%AF"
"ㄌㄩˋ","綠","","20","待補充","https://dict.concised.moe.edu.tw/searchP.jsp?SN=%E3%84%8C&SN2=%E3%84%8C%E3%84%A9%CB%8B&word=%E7%B6%A0"
"ㄌㄩˋ","慮","","1","待補充","https://dict.concised.moe.edu.tw/searchP.jsp?SN=%E3%84%8C&SN2=%E3%84%8C%E3%84%A9%CB%8B&word=%E6%85%AE"
"ㄌㄩˋ","壘","","1","待補充","https://dict.concised.moe.edu.tw/searchP.jsp?SN=%E3%84%8C&SN2=%E3%84%8C%E3%84%A9%CB%8B&word=%E5%A3%98"
"ㄌㄩˋ","濾","","8","待補充","https://dict.concised.moe.edu.tw/searchP.jsp?SN=%E3%84%8C&SN2=%E3%84%8C%E3%84%A9%CB%8B&word=%E6%BF%BE"
"ㄌㄩㄝˋ","掠","","6","待補充","https://dict.concised.moe.edu.tw/searchP.jsp?SN=%E3%84%8C&SN2=%E3%84%8C%E3%84%A9%E3%84%9D%CB%8B&word=%E6%8E%A0"
"ㄌㄩㄝˋ","略","","7","待補充","https://dict.concised.moe.edu.tw/searchP.jsp?SN=%E3%84%8C&SN2=%E3%84%8C%E3%84%A9%E3%84%9D%CB%8B&word=%E7%95%A5"
"ㄍㄚ","旮","","2","待補充","https://dict.concised.moe.edu.tw/searchP.jsp?SN=%E3%84%8D&SN2=%E3%84%8D%E3%84%9A&word=%E6%97%AE"
"ㄍㄚ","嘎","","2","待補充","https://dict.concised.moe.edu.tw/searchP.jsp?SN=%E3%84%8D&SN2=%E3%84%8D%E3%84%9A&word=%E5%98%8E"
"ㄍㄚˊ","軋","","4","待補充","https://dict.concised.moe.edu.tw/searchP.jsp?SN=%E3%84%8D&SN2=%E3%84%8D%E3%84%9A%CB%8A&word=%E8%BB%8B"
"ㄍㄚˋ","尬","","1","待補充","https://dict.concised.moe.edu.tw/searchP.jsp?SN=%E3%84%8D&SN2=%E3%84%8D%E3%84%9A%CB%8B&word=%E5%B0%AC"
"ㄍㄜ","戈","","2","待補充","https://dict.concised.moe.edu.tw/searchP.jsp?SN=%E3%84%8D&SN2=%E3%84%8D%E3%84%9C&word=%E6%88%88"
"ㄍㄜ","疙","","2","待補充","https://dict.concised.moe.edu.tw/searchP.jsp?SN=%E3%84%8D&SN2=%E3%84%8D%E3%84%9C&word=%E7%96%99"
"ㄍㄜ","咯","","2","待補充","https://dict.concised.moe.edu.tw/searchP.jsp?SN=%E3%84%8D&SN2=%E3%84%8D%E3%84%9C&word=%E5%92%AF"
"ㄍㄜ","哥","","4","待補充","https://dict.concised.moe.edu.tw/searchP.jsp?SN=%E3%84%8D&SN2=%E3%84%8D%E3%84%9C&word=%E5%93%A5"
"ㄍㄜ","胳","","3","待補充","https://dict.concised.moe.edu.tw/searchP.jsp?SN=%E3%84%8D&SN2=%E3%84%8D%E3%84%9C&word=%E8%83%B3"
"ㄍㄜ","割","","10","待補充","https://dict.concised.moe.edu.tw/searchP.jsp?SN=%E3%84%8D&SN2=%E3%84%8D%E3%84%9C&word=%E5%89%B2"
"ㄍㄜ","歌","","20","待補充","https://dict.concised.moe.edu.tw/searchP.jsp?SN=%E3%84%8D&SN2=%E3%84%8D%E3%84%9C&word=%E6%AD%8C"
"ㄍㄜ","擱","","4","待補充","https://dict.concised.moe.edu.tw/searchP.jsp?SN=%E3%84%8D&SN2=%E3%84%8D%E3%84%9C&word=%E6%93%B1"
"ㄍㄜ","鴿","","4","待補充","https://dict.concised.moe.edu.tw/searchP.jsp?SN=%E3%84%8D&SN2=%E3%84%8D%E3%84%9C&word=%E9%B4%BF"
"ㄍㄜˇ","合","","1","待補充","https://dict.concised.moe.edu.tw/searchP.jsp?SN=%E3%84%8D&SN2=%E3%84%8D%E3%84%9C%CB%87&word=%E5%90%88"
"ㄍㄜˇ","個","","1","待補充","https://dict.concised.moe.edu.tw/searchP.jsp?SN=%E3%84%8D&SN2=%E3%84%8D%E3%84%9C%CB%87&word=%E5%80%8B"
"ㄍㄜˇ","舸","","1","待補充","https://dict.concised.moe.edu.tw/searchP.jsp?SN=%E3%84%8D&SN2=%E3%84%8D%E3%84%9C%CB%87&word=%E8%88%B8"
"ㄍㄜˇ","葛","","1","待補充","https://dict.concised.moe.edu.tw/searchP.jsp?SN=%E3%84%8D&SN2=%E3%84%8D%E3%84%9C%CB%87&word=%E8%91%9B"
"ㄍㄜˇ","蓋","","1","待補充","https://dict.concised.moe.edu.tw/searchP.jsp?SN=%E3%84%8D&SN2=%E3%84%8D%E3%84%9C%CB%87&word=%E8%93%8B"
"ㄍㄜˊ","革","","7","待補充","https://dict.concised.moe.edu.tw/searchP.jsp?SN=%E3%84%8D&SN2=%E3%84%8D%E3%84%9C%CB%8A&word=%E9%9D%A9"
"ㄍㄜˊ","格","","12","待補充","https://dict.concised.moe.edu.tw/searchP.jsp?SN=%E3%84%8D&SN2=%E3%84%8D%E3%84%9C%CB%8A&word=%E6%A0%BC"
"ㄍㄜˊ","鬲","","1","待補充","https://dict.concised.moe.edu.tw/searchP.jsp?SN=%E3%84%8D&SN2=%E3%84%8D%E3%84%9C%CB%8A&word=%E9%AC%B2"
"ㄍㄜˊ","蛤","","3","待補充","https://dict.concised.moe.edu.tw/searchP.jsp?SN=%E3%84%8D&SN2=%E3%84%8D%E3%84%9C%CB%8A&word=%E8%9B%A4"
"ㄍㄜˊ","嗝","","1","待補充","https://dict.concised.moe.edu.tw/searchP.jsp?SN=%E3%84%8D&SN2=%E3%84%8D%E3%84%9C%CB%8A&word=%E5%97%9D"
"ㄍㄜˊ","葛","","1","待補充","https://dict.concised.moe.edu.tw/searchP.jsp?SN=%E3%84%8D&SN2=%E3%84%8D%E3%84%9C%CB%8A&word=%E8%91%9B"
"ㄍㄜˊ","隔","","20","待補充","https://dict.concised.moe.edu.tw/searchP.jsp?SN=%E3%84%8D&SN2=%E3%84%8D%E3%84%9C%CB%8A&word=%E9%9A%94"
"ㄍㄜˊ","膈","","2","待補充","https://dict.concised.moe.edu.tw/searchP.jsp?SN=%E3%84%8D&SN2=%E3%84%8D%E3%84%9C%CB%8A&word=%E8%86%88"
"ㄍㄜˊ","閣","","5","待補充","https://dict.concised.moe.edu.tw/searchP.jsp?SN=%E3%84%8D&SN2=%E3%84%8D%E3%84%9C%CB%8A&word=%E9%96%A3"
"ㄍㄜˊ","閤","","1","待補充","https://dict.concised.moe.edu.tw/searchP.jsp?SN=%E3%84%8D&SN2=%E3%84%8D%E3%84%9C%CB%8A&word=%E9%96%A4"
"ㄍㄜˊ","噶","","1","待補充","https://dict.concised.moe.edu.tw/searchP.jsp?SN=%E3%84%8D&SN2=%E3%84%8D%E3%84%9C%CB%8A&word=%E5%99%B6"
"ㄍㄜˊ","翮","","1","待補充","https://dict.concised.moe.edu.tw/searchP.jsp?SN=%E3%84%8D&SN2=%E3%84%8D%E3%84%9C%CB%8A&word=%E7%BF%AE"
"ㄍㄜˊ","骼","","1","待補充","https://dict.concised.moe.edu.tw/searchP.jsp?SN=%E3%84%8D&SN2=%E3%84%8D%E3%84%9C%CB%8A&word=%E9%AA%BC"
"ㄍㄜˊ","鎘","","1","待補充","https://dict.concised.moe.edu.tw/searchP.jsp?SN=%E3%84%8D&SN2=%E3%84%8D%E3%84%9C%CB%8A&word=%E9%8E%98"
"ㄍㄜˋ","各","","20","待補充","https://dict.concised.moe.edu.tw/searchP.jsp?SN=%E3%84%8D&SN2=%E3%84%8D%E3%84%9C%CB%8B&word=%E5%90%84"
"ㄍㄜˋ","個","","17","待補充","https://dict.concised.moe.edu.tw/searchP.jsp?SN=%E3%84%8D&SN2=%E3%84%8D%E3%84%9C%CB%8B&word=%E5%80%8B"
"ㄍㄜˋ","箇","","1","待補充","https://dict.concised.moe.edu.tw/searchP.jsp?SN=%E3%84%8D&SN2=%E3%84%8D%E3%84%9C%CB%8B&word=%E7%AE%87"
"ㄍㄜˋ","鉻","","1","待補充","https://dict.concised.moe.edu.tw/searchP.jsp?SN=%E3%84%8D&SN2=%E3%84%8D%E3%84%9C%CB%8B&word=%E9%89%BB"
"ㄍㄞ","垓","","1","待補充","https://dict.concised.moe.edu.tw/searchP.jsp?SN=%E3%84%8D&SN2=%E3%84%8D%E3%84%9E&word=%E5%9E%93"
"ㄍㄞ","該","","3","待補充","https://dict.concised.moe.edu.tw/searchP.jsp?SN=%E3%84%8D&SN2=%E3%84%8D%E3%84%9E&word=%E8%A9%B2"
"ㄍㄞ","賅","","2","待補充","https://dict.concised.moe.edu.tw/searchP.jsp?SN=%E3%84%8D&SN2=%E3%84%8D%E3%84%9E&word=%E8%B3%85"
"ㄍㄞˇ","改","","20","待補充","https://dict.concised.moe.edu.tw/searchP.jsp?SN=%E3%84%8D&SN2=%E3%84%8D%E3%84%9E%CB%87&word=%E6%94%B9"
"ㄍㄞˋ","丐","","1","待補充","https://dict.concised.moe.edu.tw/searchP.jsp?SN=%E3%84%8D&SN2=%E3%84%8D%E3%84%9E%CB%8B&word=%E4%B8%90"
"ㄍㄞˋ","溉","","1","待補充","https://dict.concised.moe.edu.tw/searchP.jsp?SN=%E3%84%8D&SN2=%E3%84%8D%E3%84%9E%CB%8B&word=%E6%BA%89"
"ㄍㄞˋ","鈣","","2","待補充","https://dict.concised.moe.edu.tw/searchP.jsp?SN=%E3%84%8D&SN2=%E3%84%8D%E3%84%9E%CB%8B&word=%E9%88%A3"
"ㄍㄞˋ","概","","13","待補充","https://dict.concised.moe.edu.tw/searchP.jsp?SN=%E3%84%8D&SN2=%E3%84%8D%E3%84%9E%CB%8B&word=%E6%A6%82"
"ㄍㄞˋ","蓋","","8","待補充","https://dict.concised.moe.edu.tw/searchP.jsp?SN=%E3%84%8D&SN2=%E3%84%8D%E3%84%9E%CB%8B&word=%E8%93%8B"
"ㄍㄟˇ","給","","1","待補充","https://dict.concised.moe.edu.tw/searchP.jsp?SN=%E3%84%8D&SN2=%E3%84%8D%E3%84%9F%CB%87&word=%E7%B5%A6"
"ㄍㄠ","咎","","1","待補充","https://dict.concised.moe.edu.tw/searchP.jsp?SN=%E3%84%8D&SN2=%E3%84%8D%E3%84%A0&word=%E5%92%8E"
"ㄍㄠ","皋","","3","待補充","https://dict.concised.moe.edu.tw/searchP.jsp?SN=%E3%84%8D&SN2=%E3%84%8D%E3%84%A0&word=%E7%9A%8B"
"ㄍㄠ","羔","","3","待補充","https://dict.concised.moe.edu.tw/searchP.jsp?SN=%E3%84%8D&SN2=%E3%84%8D%E3%84%A0&word=%E7%BE%94"
"ㄍㄠ","高","","20","待補充","https://dict.concised.moe.edu.tw/searchP.jsp?SN=%E3%84%8D&SN2=%E3%84%8D%E3%84%A0&word=%E9%AB%98"
"ㄍㄠ","睪","","2","待補充","https://dict.concised.moe.edu.tw/searchP.jsp?SN=%E3%84%8D&SN2=%E3%84%8D%E3%84%A0&word=%E7%9D%AA"
"ㄍㄠ","膏","","4","待補充","https://dict.concised.moe.edu.tw/searchP.jsp?SN=%E3%84%8D&SN2=%E3%84%8D%E3%84%A0&word=%E8%86%8F"
"ㄍㄠ","篙","","1","待補充","https://dict.concised.moe.edu.tw/searchP.jsp?SN=%E3%84%8D&SN2=%E3%84%8D%E3%84%A0&word=%E7%AF%99"
"ㄍㄠ","糕","","3","待補充","https://dict.concised.moe.edu.tw/searchP.jsp?SN=%E3%84%8D&SN2=%E3%84%8D%E3%84%A0&word=%E7%B3%95"
"ㄍㄠˇ","杲","","1","待補充","https://dict.concised.moe.edu.tw/searchP.jsp?SN=%E3%84%8D&SN2=%E3%84%8D%E3%84%A0%CB%87&word=%E6%9D%B2"
"ㄍㄠˇ","搞","","12","待補充","https://dict.concised.moe.edu.tw/searchP.jsp?SN=%E3%84%8D&SN2=%E3%84%8D%E3%84%A0%CB%87&word=%E6%90%9E"
"ㄍㄠˇ","槁","","2","待補充","https://dict.concised.moe.edu.tw/searchP.jsp?SN=%E3%84%8D&SN2=%E3%84%8D%E3%84%A0%CB%87&word=%E6%A7%81"
"ㄍㄠˇ","稿","","6","待補充","https://dict.concised.moe.edu.tw/searchP.jsp?SN=%E3%84%8D&SN2=%E3%84%8D%E3%84%A0%CB%87&word=%E7%A8%BF"
"ㄍㄠˇ","縞","","2","待補充","https://dict.concised.moe.edu.tw/searchP.jsp?SN=%E3%84%8D&SN2=%E3%84%8D%E3%84%A0%CB%87&word=%E7%B8%9E"
"ㄍㄠˇ","鎬","","1","待補充","https://dict.concised.moe.edu.tw/searchP.jsp?SN=%E3%84%8D&SN2=%E3%84%8D%E3%84%A0%CB%87&word=%E9%8E%AC"
"ㄍㄠˋ","告","","20","待補充","https://dict.concised.moe.edu.tw/searchP.jsp?SN=%E3%84%8D&SN2=%E3%84%8D%E3%84%A0%CB%8B&word=%E5%91%8A"
"ㄍㄠˋ","誥","","2","待補充","https://dict.concised.moe.edu.tw/searchP.jsp?SN=%E3%84%8D&SN2=%E3%84%8D%E3%84%A0%CB%8B&word=%E8%AA%A5"
"ㄍㄡ","勾","","9","待補充","https://dict.concised.moe.edu.tw/searchP.jsp?SN=%E3%84%8D&SN2=%E3%84%8D%E3%84%A1&word=%E5%8B%BE"
"ㄍㄡ","句","","2","待補充","https://dict.concised.moe.edu.tw/searchP.jsp?SN=%E3%84%8D&SN2=%E3%84%8D%E3%84%A1&word=%E5%8F%A5"
"ㄍㄡ","枸","","2","待補充","https://dict.concised.moe.edu.tw/searchP.jsp?SN=%E3%84%8D&SN2=%E3%84%8D%E3%84%A1&word=%E6%9E%B8"
"ㄍㄡ","溝","","4","待補充","https://dict.concised.moe.edu.tw/searchP.jsp?SN=%E3%84%8D&SN2=%E3%84%8D%E3%84%A1&word=%E6%BA%9D"
"ㄍㄡ","鉤","","3","待補充","https://dict.concised.moe.edu.tw/searchP.jsp?SN=%E3%84%8D&SN2=%E3%84%8D%E3%84%A1&word=%E9%89%A4"
"ㄍㄡ","篝","","1","待補充","https://dict.concised.moe.edu.tw/searchP.jsp?SN=%E3%84%8D&SN2=%E3%84%8D%E3%84%A1&word=%E7%AF%9D"
"ㄍㄡˇ","狗","","12","待補充","https://dict.concised.moe.edu.tw/searchP.jsp?SN=%E3%84%8D&SN2=%E3%84%8D%E3%84%A1%CB%87&word=%E7%8B%97"
"ㄍㄡˇ","枸","","2","待補充","https://dict.concised.moe.edu.tw/searchP.jsp?SN=%E3%84%8D&SN2=%E3%84%8D%E3%84%A1%CB%87&word=%E6%9E%B8"
"ㄍㄡˇ","苟","","8","待補充","https://dict.concised.moe.edu.tw/searchP.jsp?SN=%E3%84%8D&SN2=%E3%84%8D%E3%84%A1%CB%87&word=%E8%8B%9F"
"ㄍㄡˋ","勾","","2","待補充","https://dict.concised.moe.edu.tw/searchP.jsp?SN=%E3%84%8D&SN2=%E3%84%8D%E3%84%A1%CB%8B&word=%E5%8B%BE"
"ㄍㄡˋ","句","","2","待補充","https://dict.concised.moe.edu.tw/searchP.jsp?SN=%E3%84%8D&SN2=%E3%84%8D%E3%84%A1%CB%8B&word=%E5%8F%A5"
"ㄍㄡˋ","垢","","1","待補充","https://dict.concised.moe.edu.tw/searchP.jsp?SN=%E3%84%8D&SN2=%E3%84%8D%E3%84%A1%CB%8B&word=%E5%9E%A2"
"ㄍㄡˋ","夠","","8","待補充","https://dict.concised.moe.edu.tw/searchP.jsp?SN=%E3%84%8D&SN2=%E3%84%8D%E3%84%A1%CB%8B&word=%E5%A4%A0"
"ㄍㄡˋ","媾","","2","待補充","https://dict.concised.moe.edu.tw/searchP.jsp?SN=%E3%84%8D&SN2=%E3%84%8D%E3%84%A1%CB%8B&word=%E5%AA%BE"
"ㄍㄡˋ","彀","","1","待補充","https://dict.concised.moe.edu.tw/searchP.jsp?SN=%E3%84%8D&SN2=%E3%84%8D%E3%84%A1%CB%8B&word=%E5%BD%80"
"ㄍㄡˋ","搆","","1","待補充","https://dict.concised.moe.edu.tw/searchP.jsp?SN=%E3%84%8D&SN2=%E3%84%8D%E3%84%A1%CB%8B&word=%E6%90%86"
"ㄍㄡˋ","詬","","2","待補充","https://dict.concised.moe.edu.tw/searchP.jsp?SN=%E3%84%8D&SN2=%E3%84%8D%E3%84%A1%CB%8B&word=%E8%A9%AC"
"ㄍㄡˋ","構","","9","待補充","https://dict.concised.moe.edu.tw/searchP.jsp?SN=%E3%84%8D&SN2=%E3%84%8D%E3%84%A1%CB%8B&word=%E6%A7%8B"
"ㄍㄡˋ","遘","","1","待補充","https://dict.concised.moe.edu.tw/searchP.jsp?SN=%E3%84%8D&SN2=%E3%84%8D%E3%84%A1%CB%8B&word=%E9%81%98"
"ㄍㄡˋ","購","","6","待補充","https://dict.concised.moe.edu.tw/searchP.jsp?SN=%E3%84%8D&SN2=%E3%84%8D%E3%84%A1%CB%8B&word=%E8%B3%BC"
"ㄍㄢ","干","","11","待補充","https://dict.concised.moe.edu.tw/searchP.jsp?SN=%E3%84%8D&SN2=%E3%84%8D%E3%84%A2&word=%E5%B9%B2"
"ㄍㄢ","甘","","18","待補充","https://dict.concised.moe.edu.tw/searchP.jsp?SN=%E3%84%8D&SN2=%E3%84%8D%E3%84%A2&word=%E7%94%98"
"ㄍㄢ","杆","","1","待補充","https://dict.concised.moe.edu.tw/searchP.jsp?SN=%E3%84%8D&SN2=%E3%84%8D%E3%84%A2&word=%E6%9D%86"
"ㄍㄢ","玕","","1","待補充","https://dict.concised.moe.edu.tw/searchP.jsp?SN=%E3%84%8D&SN2=%E3%84%8D%E3%84%A2&word=%E7%8E%95"
"ㄍㄢ","肝","","10","待補充","https://dict.concised.moe.edu.tw/searchP.jsp?SN=%E3%84%8D&SN2=%E3%84%8D%E3%84%A2&word=%E8%82%9D"
"ㄍㄢ","坩","","1","待補充","https://dict.concised.moe.edu.tw/searchP.jsp?SN=%E3%84%8D&SN2=%E3%84%8D%E3%84%A2&word=%E5%9D%A9"
"ㄍㄢ","矸","","1","待補充","https://dict.concised.moe.edu.tw/searchP.jsp?SN=%E3%84%8D&SN2=%E3%84%8D%E3%84%A2&word=%E7%9F%B8"
"ㄍㄢ","柑","","2","待補充","https://dict.concised.moe.edu.tw/searchP.jsp?SN=%E3%84%8D&SN2=%E3%84%8D%E3%84%A2&word=%E6%9F%91"
"ㄍㄢ","竿","","2","待補充","https://dict.concised.moe.edu.tw/searchP.jsp?SN=%E3%84%8D&SN2=%E3%84%8D%E3%84%A2&word=%E7%AB%BF"
"ㄍㄢ","疳","","1","待補充","https://dict.concised.moe.edu.tw/searchP.jsp?SN=%E3%84%8D&SN2=%E3%84%8D%E3%84%A2&word=%E7%96%B3"
"ㄍㄢ","乾","","20","待補充","https://dict.concised.moe.edu.tw/searchP.jsp?SN=%E3%84%8D&SN2=%E3%84%8D%E3%84%A2&word=%E4%B9%BE"
"ㄍㄢ","尷","","2","待補充","https://dict.concised.moe.edu.tw/searchP.jsp?SN=%E3%84%8D&SN2=%E3%84%8D%E3%84%A2&word=%E5%B0%B7"
"ㄍㄢˇ","桿","","3","待補充","https://dict.concised.moe.edu.tw/searchP.jsp?SN=%E3%84%8D&SN2=%E3%84%8D%E3%84%A2%CB%87&word=%E6%A1%BF"
"ㄍㄢˇ","敢","","7","待補充","https://dict.concised.moe.edu.tw/searchP.jsp?SN=%E3%84%8D&SN2=%E3%84%8D%E3%84%A2%CB%87&word=%E6%95%A2"
"ㄍㄢˇ","稈","","1","待補充","https://dict.concised.moe.edu.tw/searchP.jsp?SN=%E3%84%8D&SN2=%E3%84%8D%E3%84%A2%CB%87&word=%E7%A8%88"
"ㄍㄢˇ","感","","20","待補充","https://dict.concised.moe.edu.tw/searchP.jsp?SN=%E3%84%8D&SN2=%E3%84%8D%E3%84%A2%CB%87&word=%E6%84%9F"
"ㄍㄢˇ","趕","","18","待補充","https://dict.concised.moe.edu.tw/searchP.jsp?SN=%E3%84%8D&SN2=%E3%84%8D%E3%84%A2%CB%87&word=%E8%B6%95"
"ㄍㄢˇ","擀","","1","待補充","https://dict.concised.moe.edu.tw/searchP.jsp?SN=%E3%84%8D&SN2=%E3%84%8D%E3%84%A2%CB%87&word=%E6%93%80"
"ㄍㄢˇ","橄","","3","待補充","https://dict.concised.moe.edu.tw/searchP.jsp?SN=%E3%84%8D&SN2=%E3%84%8D%E3%84%A2%CB%87&word=%E6%A9%84"
"ㄍㄢˋ","旰","","1","待補充","https://dict.concised.moe.edu.tw/searchP.jsp?SN=%E3%84%8D&SN2=%E3%84%8D%E3%84%A2%CB%8B&word=%E6%97%B0"
"ㄍㄢˋ","淦","","1","待補充","https://dict.concised.moe.edu.tw/searchP.jsp?SN=%E3%84%8D&SN2=%E3%84%8D%E3%84%A2%CB%8B&word=%E6%B7%A6"
"ㄍㄢˋ","紺","","1","待補充","https://dict.concised.moe.edu.tw/searchP.jsp?SN=%E3%84%8D&SN2=%E3%84%8D%E3%84%A2%CB%8B&word=%E7%B4%BA"
"ㄍㄢˋ","幹","","11","待補充","https://dict.concised.moe.edu.tw/searchP.jsp?SN=%E3%84%8D&SN2=%E3%84%8D%E3%84%A2%CB%8B&word=%E5%B9%B9"
"ㄍㄢˋ","榦","","1","待補充","https://dict.concised.moe.edu.tw/searchP.jsp?SN=%E3%84%8D&SN2=%E3%84%8D%E3%84%A2%CB%8B&word=%E6%A6%A6"
"ㄍㄢˋ","贛","","1","待補充","https://dict.concised.moe.edu.tw/searchP.jsp?SN=%E3%84%8D&SN2=%E3%84%8D%E3%84%A2%CB%8B&word=%E8%B4%9B"
"ㄍㄣ","根","","19","待補充","https://dict.concised.moe.edu.tw/searchP.jsp?SN=%E3%84%8D&SN2=%E3%84%8D%E3%84%A3&word=%E6%A0%B9"
"ㄍㄣ","跟","","8","待補充","https://dict.concised.moe.edu.tw/searchP.jsp?SN=%E3%84%8D&SN2=%E3%84%8D%E3%84%A3&word=%E8%B7%9F"
"ㄍㄣˇ","艮","","1","待補充","https://dict.concised.moe.edu.tw/searchP.jsp?SN=%E3%84%8D&SN2=%E3%84%8D%E3%84%A3%CB%87&word=%E8%89%AE"
"ㄍㄣˋ","亙","","2","待補充","https://dict.concised.moe.edu.tw/searchP.jsp?SN=%E3%84%8D&SN2=%E3%84%8D%E3%84%A3%CB%8B&word=%E4%BA%99"
"ㄍㄣˋ","艮","","1","待補充","https://dict.concised.moe.edu.tw/searchP.jsp?SN=%E3%84%8D&SN2=%E3%84%8D%E3%84%A3%CB%8B&word=%E8%89%AE"
"ㄍㄤ","亢","","1","待補充","https://dict.concised.moe.edu.tw/searchP.jsp?SN=%E3%84%8D&SN2=%E3%84%8D%E3%84%A4&word=%E4%BA%A2"
"ㄍㄤ","扛","","1","待補充","https://dict.concised.moe.edu.tw/searchP.jsp?SN=%E3%84%8D&SN2=%E3%84%8D%E3%84%A4&word=%E6%89%9B"
"ㄍㄤ","肛","","2","待補充","https://dict.concised.moe.edu.tw/searchP.jsp?SN=%E3%84%8D&SN2=%E3%84%8D%E3%84%A4&word=%E8%82%9B"
"ㄍㄤ","岡","","1","待補充","https://dict.concised.moe.edu.tw/searchP.jsp?SN=%E3%84%8D&SN2=%E3%84%8D%E3%84%A4&word=%E5%B2%A1"
"ㄍㄤ","缸","","1","待補充","https://dict.concised.moe.edu.tw/searchP.jsp?SN=%E3%84%8D&SN2=%E3%84%8D%E3%84%A4&word=%E7%BC%B8"
"ㄍㄤ","剛","","13","待補充","https://dict.concised.moe.edu.tw/searchP.jsp?SN=%E3%84%8D&SN2=%E3%84%8D%E3%84%A4&word=%E5%89%9B"
"ㄍㄤ","罡","","2","待補充","https://dict.concised.moe.edu.tw/searchP.jsp?SN=%E3%84%8D&SN2=%E3%84%8D%E3%84%A4&word=%E7%BD%A1"
"ㄍㄤ","崗","","3","待補充","https://dict.concised.moe.edu.tw/searchP.jsp?SN=%E3%84%8D&SN2=%E3%84%8D%E3%84%A4&word=%E5%B4%97"
"ㄍㄤ","綱","","6","待補充","https://dict.concised.moe.edu.tw/searchP.jsp?SN=%E3%84%8D&SN2=%E3%84%8D%E3%84%A4&word=%E7%B6%B1"
"ㄍㄤ","鋼","","16","待補充","https://dict.concised.moe.edu.tw/searchP.jsp?SN=%E3%84%8D&SN2=%E3%84%8D%E3%84%A4&word=%E9%8B%BC"
"ㄍㄤˇ","崗","","3","待補充","https://dict.concised.moe.edu.tw/searchP.jsp?SN=%E3%84%8D&SN2=%E3%84%8D%E3%84%A4%CB%87&word=%E5%B4%97"
"ㄍㄤˇ","港","","9","待補充","https://dict.concised.moe.edu.tw/searchP.jsp?SN=%E3%84%8D&SN2=%E3%84%8D%E3%84%A4%CB%87&word=%E6%B8%AF"
"ㄍㄤˋ","槓","","2","待補充","https://dict.concised.moe.edu.tw/searchP.jsp?SN=%E3%84%8D&SN2=%E3%84%8D%E3%84%A4%CB%8B&word=%E6%A7%93"
"ㄍㄤˋ","鋼","","1","待補充","https://dict.concised.moe.edu.tw/searchP.jsp?SN=%E3%84%8D&SN2=%E3%84%8D%E3%84%A4%CB%8B&word=%E9%8B%BC"
"ㄍㄥ","更","","18","待補充","https://dict.concised.moe.edu.tw/searchP.jsp?SN=%E3%84%8D&SN2=%E3%84%8D%E3%84%A5&word=%E6%9B%B4"
"ㄍㄥ","庚","","1","待補充","https://dict.concised.moe.edu.tw/searchP.jsp?SN=%E3%84%8D&SN2=%E3%84%8D%E3%84%A5&word=%E5%BA%9A"
"ㄍㄥ","耕","","8","待補充","https://dict.concised.moe.edu.tw/searchP.jsp?SN=%E3%84%8D&SN2=%E3%84%8D%E3%84%A5&word=%E8%80%95"
"ㄍㄥ","焿","","1","待補充","https://dict.concised.moe.edu.tw/searchP.jsp?SN=%E3%84%8D&SN2=%E3%84%8D%E3%84%A5&word=%E7%84%BF"
"ㄍㄥ","粳","","2","待補充","https://dict.concised.moe.edu.tw/searchP.jsp?SN=%E3%84%8D&SN2=%E3%84%8D%E3%84%A5&word=%E7%B2%B3"
"ㄍㄥ","賡","","1","待補充","https://dict.concised.moe.edu.tw/searchP.jsp?SN=%E3%84%8D&SN2=%E3%84%8D%E3%84%A5&word=%E8%B3%A1"
"ㄍㄥ","羹","","1","待補充","https://dict.concised.moe.edu.tw/searchP.jsp?SN=%E3%84%8D&SN2=%E3%84%8D%E3%84%A5&word=%E7%BE%B9"
"ㄍㄥˇ","哽","","2","待補充","https://dict.concised.moe.edu.tw/searchP.jsp?SN=%E3%84%8D&SN2=%E3%84%8D%E3%84%A5%CB%87&word=%E5%93%BD"
"ㄍㄥˇ","埂","","1","待補充","https://dict.concised.moe.edu.tw/searchP.jsp?SN=%E3%84%8D&SN2=%E3%84%8D%E3%84%A5%CB%87&word=%E5%9F%82"
"ㄍㄥˇ","耿","","4","待補充","https://dict.concised.moe.edu.tw/searchP.jsp?SN=%E3%84%8D&SN2=%E3%84%8D%E3%84%A5%CB%87&word=%E8%80%BF"
"ㄍㄥˇ","梗","","4","待補充","https://dict.concised.moe.edu.tw/searchP.jsp?SN=%E3%84%8D&SN2=%E3%84%8D%E3%84%A5%CB%87&word=%E6%A2%97"
"ㄍㄥˇ","頸","","1","待補充","https://dict.concised.moe.edu.tw/searchP.jsp?SN=%E3%84%8D&SN2=%E3%84%8D%E3%84%A5%CB%87&word=%E9%A0%B8"
"ㄍㄥˇ","骾","","1","待補充","https://dict.concised.moe.edu.tw/searchP.jsp?SN=%E3%84%8D&SN2=%E3%84%8D%E3%84%A5%CB%87&word=%E9%AA%BE"
"ㄍㄥˇ","鯁","","2","待補充","https://dict.concised.moe.edu.tw/searchP.jsp?SN=%E3%84%8D&SN2=%E3%84%8D%E3%84%A5%CB%87&word=%E9%AF%81"
"ㄍㄥˋ","更","","4","待補充","https://dict.concised.moe.edu.tw/searchP.jsp?SN=%E3%84%8D&SN2=%E3%84%8D%E3%84%A5%CB%8B&word=%E6%9B%B4"
"ㄍㄨ","估","","7","待補充","https://dict.concised.moe.edu.tw/searchP.jsp?SN=%E3%84%8D&SN2=%E3%84%8D%E3%84%A8&word=%E4%BC%B0"
"ㄍㄨ","呱","","5","待補充","https://dict.concised.moe.edu.tw/searchP.jsp?SN=%E3%84%8D&SN2=%E3%84%8D%E3%84%A8&word=%E5%91%B1"
"ㄍㄨ","咕","","3","待補充","https://dict.concised.moe.edu.tw/searchP.jsp?SN=%E3%84%8D&SN2=%E3%84%8D%E3%84%A8&word=%E5%92%95"
"ㄍㄨ","姑","","13","待補充","https://dict.concised.moe.edu.tw/searchP.jsp?SN=%E3%84%8D&SN2=%E3%84%8D%E3%84%A8&word=%E5%A7%91"
"ㄍㄨ","孤","","20","待補充","https://dict.concised.moe.edu.tw/searchP.jsp?SN=%E3%84%8D&SN2=%E3%84%8D%E3%84%A8&word=%E5%AD%A4"
"ㄍㄨ","沽","","2","待補充","https://dict.concised.moe.edu.tw/searchP.jsp?SN=%E3%84%8D&SN2=%E3%84%8D%E3%84%A8&word=%E6%B2%BD"
"ㄍㄨ","家","","2","待補充","https://dict.concised.moe.edu.tw/searchP.jsp?SN=%E3%84%8D&SN2=%E3%84%8D%E3%84%A8&word=%E5%AE%B6"
"ㄍㄨ","骨","","18","待補充","https://dict.concised.moe.edu.tw/searchP.jsp?SN=%E3%84%8D&SN2=%E3%84%8D%E3%84%A8&word=%E9%AA%A8"
"ㄍㄨ","蛄","","1","待補充","https://dict.concised.moe.edu.tw/searchP.jsp?SN=%E3%84%8D&SN2=%E3%84%8D%E3%84%A8&word=%E8%9B%84"
"ㄍㄨ","菇","","1","待補充","https://dict.concised.moe.edu.tw/searchP.jsp?SN=%E3%84%8D&SN2=%E3%84%8D%E3%84%A8&word=%E8%8F%87"
"ㄍㄨ","菰","","1","待補充","https://dict.concised.moe.edu.tw/searchP.jsp?SN=%E3%84%8D&SN2=%E3%84%8D%E3%84%A8&word=%E8%8F%B0"
"ㄍㄨ","辜","","2","待補充","https://dict.concised.moe.edu.tw/searchP.jsp?SN=%E3%84%8D&SN2=%E3%84%8D%E3%84%A8&word=%E8%BE%9C"
"ㄍㄨ","鈷","","2","待補充","https://dict.concised.moe.edu.tw/searchP.jsp?SN=%E3%84%8D&SN2=%E3%84%8D%E3%84%A8&word=%E9%88%B7"
"ㄍㄨ","箍","","1","待補充","https://dict.concised.moe.edu.tw/searchP.jsp?SN=%E3%84%8D&SN2=%E3%84%8D%E3%84%A8&word=%E7%AE%8D"
"ㄍㄨ","鴣","","1","待補充","https://dict.concised.moe.edu.tw/searchP.jsp?SN=%E3%84%8D&SN2=%E3%84%8D%E3%84%A8&word=%E9%B4%A3"
"ㄍㄨ","轂","","2","待補充","https://dict.concised.moe.edu.tw/searchP.jsp?SN=%E3%84%8D&SN2=%E3%84%8D%E3%84%A8&word=%E8%BD%82"
"ㄍㄨˇ","古","","20","待補充","https://dict.concised.moe.edu.tw/searchP.jsp?SN=%E3%84%8D&SN2=%E3%84%8D%E3%84%A8%CB%87&word=%E5%8F%A4"
"ㄍㄨˇ","汩","","3","待補充","https://dict.concised.moe.edu.tw/searchP.jsp?SN=%E3%84%8D&SN2=%E3%84%8D%E3%84%A8%CB%87&word=%E6%B1%A9"
"ㄍㄨˇ","谷","","3","待補充","https://dict.concised.moe.edu.tw/searchP.jsp?SN=%E3%84%8D&SN2=%E3%84%8D%E3%84%A8%CB%87&word=%E8%B0%B7"
"ㄍㄨˇ","股","","13","待補充","https://dict.concised.moe.edu.tw/searchP.jsp?SN=%E3%84%8D&SN2=%E3%84%8D%E3%84%A8%CB%87&word=%E8%82%A1"
"ㄍㄨˇ","牯","","1","待補充","https://dict.concised.moe.edu.tw/searchP.jsp?SN=%E3%84%8D&SN2=%E3%84%8D%E3%84%A8%CB%87&word=%E7%89%AF"
"ㄍㄨˇ","罟","","1","待補充","https://dict.concised.moe.edu.tw/searchP.jsp?SN=%E3%84%8D&SN2=%E3%84%8D%E3%84%A8%CB%87&word=%E7%BD%9F"
"ㄍㄨˇ","骨","","18","待補充","https://dict.concised.moe.edu.tw/searchP.jsp?SN=%E3%84%8D&SN2=%E3%84%8D%E3%84%A8%CB%87&word=%E9%AA%A8"
"ㄍㄨˇ","詁","","1","待補充","https://dict.concised.moe.edu.tw/searchP.jsp?SN=%E3%84%8D&SN2=%E3%84%8D%E3%84%A8%CB%87&word=%E8%A9%81"
"ㄍㄨˇ","滑","","1","待補充","https://dict.concised.moe.edu.tw/searchP.jsp?SN=%E3%84%8D&SN2=%E3%84%8D%E3%84%A8%CB%87&word=%E6%BB%91"
"ㄍㄨˇ","賈","","2","待補充","https://dict.concised.moe.edu.tw/searchP.jsp?SN=%E3%84%8D&SN2=%E3%84%8D%E3%84%A8%CB%87&word=%E8%B3%88"
"ㄍㄨˇ","鈷","","2","待補充","https://dict.concised.moe.edu.tw/searchP.jsp?SN=%E3%84%8D&SN2=%E3%84%8D%E3%84%A8%CB%87&word=%E9%88%B7"
"ㄍㄨˇ","鼓","","15","待補充","https://dict.concised.moe.edu.tw/searchP.jsp?SN=%E3%84%8D&SN2=%E3%84%8D%E3%84%A8%CB%87&word=%E9%BC%93"
"ㄍㄨˇ","嘏","","1","待補充","https://dict.concised.moe.edu.tw/searchP.jsp?SN=%E3%84%8D&SN2=%E3%84%8D%E3%84%A8%CB%87&word=%E5%98%8F"
"ㄍㄨˇ","穀","","8","待補充","https://dict.concised.moe.edu.tw/searchP.jsp?SN=%E3%84%8D&SN2=%E3%84%8D%E3%84%A8%CB%87&word=%E7%A9%80"
"ㄍㄨˇ","轂","","1","待補充","https://dict.concised.moe.edu.tw/searchP.jsp?SN=%E3%84%8D&SN2=%E3%84%8D%E3%84%A8%CB%87&word=%E8%BD%82"
"ㄍㄨˇ","瞽","","1","待補充","https://dict.concised.moe.edu.tw/searchP.jsp?SN=%E3%84%8D&SN2=%E3%84%8D%E3%84%A8%CB%87&word=%E7%9E%BD"
"ㄍㄨˇ","鵠","","1","待補充","https://dict.concised.moe.edu.tw/searchP.jsp?SN=%E3%84%8D&SN2=%E3%84%8D%E3%84%A8%CB%87&word=%E9%B5%A0"
"ㄍㄨˇ","鶻","","1","待補充","https://dict.concised.moe.edu.tw/searchP.jsp?SN=%E3%84%8D&SN2=%E3%84%8D%E3%84%A8%CB%87&word=%E9%B6%BB"
"ㄍㄨˇ","蠱","","3","待補充","https://dict.concised.moe.edu.tw/searchP.jsp?SN=%E3%84%8D&SN2=%E3%84%8D%E3%84%A8%CB%87&word=%E8%A0%B1"
"ㄍㄨˊ","骨","","2","待補充","https://dict.concised.moe.edu.tw/searchP.jsp?SN=%E3%84%8D&SN2=%E3%84%8D%E3%84%A8%CB%8A&word=%E9%AA%A8"
"ㄍㄨˋ","估","","2","待補充","https://dict.concised.moe.edu.tw/searchP.jsp?SN=%E3%84%8D&SN2=%E3%84%8D%E3%84%A8%CB%8B&word=%E4%BC%B0"
"ㄍㄨˋ","告","","2","待補充","https://dict.concised.moe.edu.tw/searchP.jsp?SN=%E3%84%8D&SN2=%E3%84%8D%E3%84%A8%CB%8B&word=%E5%91%8A"
"ㄍㄨˋ","固","","9","待補充","https://dict.concised.moe.edu.tw/searchP.jsp?SN=%E3%84%8D&SN2=%E3%84%8D%E3%84%A8%CB%8B&word=%E5%9B%BA"
"ㄍㄨˋ","故","","18","待補充","https://dict.concised.moe.edu.tw/searchP.jsp?SN=%E3%84%8D&SN2=%E3%84%8D%E3%84%A8%CB%8B&word=%E6%95%85"
"ㄍㄨˋ","梏","","1","待補充","https://dict.concised.moe.edu.tw/searchP.jsp?SN=%E3%84%8D&SN2=%E3%84%8D%E3%84%A8%CB%8B&word=%E6%A2%8F"
"ㄍㄨˋ","雇","","4","待補充","https://dict.concised.moe.edu.tw/searchP.jsp?SN=%E3%84%8D&SN2=%E3%84%8D%E3%84%A8%CB%8B&word=%E9%9B%87"
"ㄍㄨˋ","痼","","2","待補充","https://dict.concised.moe.edu.tw/searchP.jsp?SN=%E3%84%8D&SN2=%E3%84%8D%E3%84%A8%CB%8B&word=%E7%97%BC"
"ㄍㄨˋ","僱","","2","待補充","https://dict.concised.moe.edu.tw/searchP.jsp?SN=%E3%84%8D&SN2=%E3%84%8D%E3%84%A8%CB%8B&word=%E5%83%B1"
"ㄍㄨˋ","錮","","1","待補充","https://dict.concised.moe.edu.tw/searchP.jsp?SN=%E3%84%8D&SN2=%E3%84%8D%E3%84%A8%CB%8B&word=%E9%8C%AE"
"ㄍㄨˋ","顧","","16","待補充","https://dict.concised.moe.edu.tw/searchP.jsp?SN=%E3%84%8D&SN2=%E3%84%8D%E3%84%A8%CB%8B&word=%E9%A1%A7"
"ㄍㄨㄚ","瓜","","7","待補充","https://dict.concised.moe.edu.tw/searchP.jsp?SN=%E3%84%8D&SN2=%E3%84%8D%E3%84%A8%E3%84%9A&word=%E7%93%9C"
"ㄍㄨㄚ","刮","","7","待補充","https://dict.concised.moe.edu.tw/searchP.jsp?SN=%E3%84%8D&SN2=%E3%84%8D%E3%84%A8%E3%84%9A&word=%E5%88%AE"
"ㄍㄨㄚ","呱","","3","待補充","https://dict.concised.moe.edu.tw/searchP.jsp?SN=%E3%84%8D&SN2=%E3%84%8D%E3%84%A8%E3%84%9A&word=%E5%91%B1"
"ㄍㄨㄚ","括","","2","待補充","https://dict.concised.moe.edu.tw/searchP.jsp?SN=%E3%84%8D&SN2=%E3%84%8D%E3%84%A8%E3%84%9A&word=%E6%8B%AC"
"ㄍㄨㄚ","聒","","3","待補充","https://dict.concised.moe.edu.tw/searchP.jsp?SN=%E3%84%8D&SN2=%E3%84%8D%E3%84%A8%E3%84%9A&word=%E8%81%92"
"ㄍㄨㄚ","蝸","","4","待補充","https://dict.concised.moe.edu.tw/searchP.jsp?SN=%E3%84%8D&SN2=%E3%84%8D%E3%84%A8%E3%84%9A&word=%E8%9D%B8"
"ㄍㄨㄚ","颳","","2","待補充","https://dict.concised.moe.edu.tw/searchP.jsp?SN=%E3%84%8D&SN2=%E3%84%8D%E3%84%A8%E3%84%9A&word=%E9%A2%B3"
"ㄍㄨㄚˇ","剮","","1","待補充","https://dict.concised.moe.edu.tw/searchP.jsp?SN=%E3%84%8D&SN2=%E3%84%8D%E3%84%A8%E3%84%9A%CB%87&word=%E5%89%AE"
"ㄍㄨㄚˇ","寡","","12","待補充","https://dict.concised.moe.edu.tw/searchP.jsp?SN=%E3%84%8D&SN2=%E3%84%8D%E3%84%A8%E3%84%9A%CB%87&word=%E5%AF%A1"
"ㄍㄨㄚˋ","卦","","1","待補充","https://dict.concised.moe.edu.tw/searchP.jsp?SN=%E3%84%8D&SN2=%E3%84%8D%E3%84%A8%E3%84%9A%CB%8B&word=%E5%8D%A6"
"ㄍㄨㄚˋ","掛","","20","待補充","https://dict.concised.moe.edu.tw/searchP.jsp?SN=%E3%84%8D&SN2=%E3%84%8D%E3%84%A8%E3%84%9A%CB%8B&word=%E6%8E%9B"
"ㄍㄨㄚˋ","罣","","2","待補充","https://dict.concised.moe.edu.tw/searchP.jsp?SN=%E3%84%8D&SN2=%E3%84%8D%E3%84%A8%E3%84%9A%CB%8B&word=%E7%BD%A3"
"ㄍㄨㄚˋ","褂","","1","待補充","https://dict.concised.moe.edu.tw/searchP.jsp?SN=%E3%84%8D&SN2=%E3%84%8D%E3%84%A8%E3%84%9A%CB%8B&word=%E8%A4%82"
"ㄍㄨㄛ","郭","","1","待補充","https://dict.concised.moe.edu.tw/searchP.jsp?SN=%E3%84%8D&SN2=%E3%84%8D%E3%84%A8%E3%84%9B&word=%E9%83%AD"
"ㄍㄨㄛ","渦","","1","待補充","https://dict.concised.moe.edu.tw/searchP.jsp?SN=%E3%84%8D&SN2=%E3%84%8D%E3%84%A8%E3%84%9B&word=%E6%B8%A6"
"ㄍㄨㄛ","過","","19","待補充","https://dict.concised.moe.edu.tw/searchP.jsp?SN=%E3%84%8D&SN2=%E3%84%8D%E3%84%A8%E3%84%9B&word=%E9%81%8E"
"ㄍㄨㄛ","蟈","","2","待補充","https://dict.concised.moe.edu.tw/searchP.jsp?SN=%E3%84%8D&SN2=%E3%84%8D%E3%84%A8%E3%84%9B&word=%E8%9F%88"
"ㄍㄨㄛ","鍋","","6","待補充","https://dict.concised.moe.edu.tw/searchP.jsp?SN=%E3%84%8D&SN2=%E3%84%8D%E3%84%A8%E3%84%9B&word=%E9%8D%8B"
"ㄍㄨㄛˇ","果","果汁","20","已有可用詞","https://dict.concised.moe.edu.tw/searchP.jsp?SN=%E3%84%8D&SN2=%E3%84%8D%E3%84%A8%E3%84%9B%CB%87&word=%E6%9E%9C"
"ㄍㄨㄛˇ","粿","","1","待補充","https://dict.concised.moe.edu.tw/searchP.jsp?SN=%E3%84%8D&SN2=%E3%84%8D%E3%84%A8%E3%84%9B%CB%87&word=%E7%B2%BF"
"ㄍㄨㄛˇ","裹","","4","待補充","https://dict.concised.moe.edu.tw/searchP.jsp?SN=%E3%84%8D&SN2=%E3%84%8D%E3%84%A8%E3%84%9B%CB%87&word=%E8%A3%B9"
"ㄍㄨㄛˇ","槨","","1","待補充","https://dict.concised.moe.edu.tw/searchP.jsp?SN=%E3%84%8D&SN2=%E3%84%8D%E3%84%A8%E3%84%9B%CB%87&word=%E6%A7%A8"
"ㄍㄨㄛˊ","國","","20","待補充","https://dict.concised.moe.edu.tw/searchP.jsp?SN=%E3%84%8D&SN2=%E3%84%8D%E3%84%A8%E3%84%9B%CB%8A&word=%E5%9C%8B"
"ㄍㄨㄛˊ","幗","","1","待補充","https://dict.concised.moe.edu.tw/searchP.jsp?SN=%E3%84%8D&SN2=%E3%84%8D%E3%84%A8%E3%84%9B%CB%8A&word=%E5%B9%97"
"ㄍㄨㄛˊ","摑","","2","待補充","https://dict.concised.moe.edu.tw/searchP.jsp?SN=%E3%84%8D&SN2=%E3%84%8D%E3%84%A8%E3%84%9B%CB%8A&word=%E6%91%91"
"ㄍㄨㄛˊ","虢","","1","待補充","https://dict.concised.moe.edu.tw/searchP.jsp?SN=%E3%84%8D&SN2=%E3%84%8D%E3%84%A8%E3%84%9B%CB%8A&word=%E8%99%A2"
"ㄍㄨㄛˊ","馘","","1","待補充","https://dict.concised.moe.edu.tw/searchP.jsp?SN=%E3%84%8D&SN2=%E3%84%8D%E3%84%A8%E3%84%9B%CB%8A&word=%E9%A6%98"
"ㄍㄨㄛˋ","過","","20","待補充","https://dict.concised.moe.edu.tw/searchP.jsp?SN=%E3%84%8D&SN2=%E3%84%8D%E3%84%A8%E3%84%9B%CB%8B&word=%E9%81%8E"
"ㄍㄨㄞ","乖","","6","待補充","https://dict.concised.moe.edu.tw/searchP.jsp?SN=%E3%84%8D&SN2=%E3%84%8D%E3%84%A8%E3%84%9E&word=%E4%B9%96"
"ㄍㄨㄞˇ","拐","","7","待補充","https://dict.concised.moe.edu.tw/searchP.jsp?SN=%E3%84%8D&SN2=%E3%84%8D%E3%84%A8%E3%84%9E%CB%87&word=%E6%8B%90"
"ㄍㄨㄞˇ","枴","","2","待補充","https://dict.concised.moe.edu.tw/searchP.jsp?SN=%E3%84%8D&SN2=%E3%84%8D%E3%84%A8%E3%84%9E%CB%87&word=%E6%9E%B4"
"ㄍㄨㄞˋ","怪","","18","待補充","https://dict.concised.moe.edu.tw/searchP.jsp?SN=%E3%84%8D&SN2=%E3%84%8D%E3%84%A8%E3%84%9E%CB%8B&word=%E6%80%AA"
"ㄍㄨㄟ","圭","","1","待補充","https://dict.concised.moe.edu.tw/searchP.jsp?SN=%E3%84%8D&SN2=%E3%84%8D%E3%84%A8%E3%84%9F&word=%E5%9C%AD"
"ㄍㄨㄟ","皈","","2","待補充","https://dict.concised.moe.edu.tw/searchP.jsp?SN=%E3%84%8D&SN2=%E3%84%8D%E3%84%A8%E3%84%9F&word=%E7%9A%88"
"ㄍㄨㄟ","珪","","1","待補充","https://dict.concised.moe.edu.tw/searchP.jsp?SN=%E3%84%8D&SN2=%E3%84%8D%E3%84%A8%E3%84%9F&word=%E7%8F%AA"
"ㄍㄨㄟ","規","","17","待補充","https://dict.concised.moe.edu.tw/searchP.jsp?SN=%E3%84%8D&SN2=%E3%84%8D%E3%84%A8%E3%84%9F&word=%E8%A6%8F"
"ㄍㄨㄟ","傀","","1","待補充","https://dict.concised.moe.edu.tw/searchP.jsp?SN=%E3%84%8D&SN2=%E3%84%8D%E3%84%A8%E3%84%9F&word=%E5%82%80"
"ㄍㄨㄟ","媯","","1","待補充","https://dict.concised.moe.edu.tw/searchP.jsp?SN=%E3%84%8D&SN2=%E3%84%8D%E3%84%A8%E3%84%9F&word=%E5%AA%AF"
"ㄍㄨㄟ","瑰","","3","待補充","https://dict.concised.moe.edu.tw/searchP.jsp?SN=%E3%84%8D&SN2=%E3%84%8D%E3%84%A8%E3%84%9F&word=%E7%91%B0"
"ㄍㄨㄟ","閨","","6","待補充","https://dict.concised.moe.edu.tw/searchP.jsp?SN=%E3%84%8D&SN2=%E3%84%8D%E3%84%A8%E3%84%9F&word=%E9%96%A8"
"ㄍㄨㄟ","龜","","2","待補充","https://dict.concised.moe.edu.tw/searchP.jsp?SN=%E3%84%8D&SN2=%E3%84%8D%E3%84%A8%E3%84%9F&word=%E9%BE%9C"
"ㄍㄨㄟ","鮭","","2","待補充","https://dict.concised.moe.edu.tw/searchP.jsp?SN=%E3%84%8D&SN2=%E3%84%8D%E3%84%A8%E3%84%9F&word=%E9%AE%AD"
"ㄍㄨㄟ","歸","","20","待補充","https://dict.concised.moe.edu.tw/searchP.jsp?SN=%E3%84%8D&SN2=%E3%84%8D%E3%84%A8%E3%84%9F&word=%E6%AD%B8"
"ㄍㄨㄟˇ","癸","","1","待補充","https://dict.concised.moe.edu.tw/searchP.jsp?SN=%E3%84%8D&SN2=%E3%84%8D%E3%84%A8%E3%84%9F%CB%87&word=%E7%99%B8"
"ㄍㄨㄟˇ","軌","","4","待補充","https://dict.concised.moe.edu.tw/searchP.jsp?SN=%E3%84%8D&SN2=%E3%84%8D%E3%84%A8%E3%84%9F%CB%87&word=%E8%BB%8C"
"ㄍㄨㄟˇ","鬼","","20","待補充","https://dict.concised.moe.edu.tw/searchP.jsp?SN=%E3%84%8D&SN2=%E3%84%8D%E3%84%A8%E3%84%9F%CB%87&word=%E9%AC%BC"
"ㄍㄨㄟˇ","匭","","1","待補充","https://dict.concised.moe.edu.tw/searchP.jsp?SN=%E3%84%8D&SN2=%E3%84%8D%E3%84%A8%E3%84%9F%CB%87&word=%E5%8C%AD"
"ㄍㄨㄟˇ","晷","","1","待補充","https://dict.concised.moe.edu.tw/searchP.jsp?SN=%E3%84%8D&SN2=%E3%84%8D%E3%84%A8%E3%84%9F%CB%87&word=%E6%99%B7"
"ㄍㄨㄟˇ","詭","","7","待補充","https://dict.concised.moe.edu.tw/searchP.jsp?SN=%E3%84%8D&SN2=%E3%84%8D%E3%84%A8%E3%84%9F%CB%87&word=%E8%A9%AD"
"ㄍㄨㄟˋ","桂","","5","待補充","https://dict.concised.moe.edu.tw/searchP.jsp?SN=%E3%84%8D&SN2=%E3%84%8D%E3%84%A8%E3%84%9F%CB%8B&word=%E6%A1%82"
"ㄍㄨㄟˋ","貴","","13","待補充","https://dict.concised.moe.edu.tw/searchP.jsp?SN=%E3%84%8D&SN2=%E3%84%8D%E3%84%A8%E3%84%9F%CB%8B&word=%E8%B2%B4"
"ㄍㄨㄟˋ","會","","2","待補充","https://dict.concised.moe.edu.tw/searchP.jsp?SN=%E3%84%8D&SN2=%E3%84%8D%E3%84%A8%E3%84%9F%CB%8B&word=%E6%9C%83"
"ㄍㄨㄟˋ","跪","","5","待補充","https://dict.concised.moe.edu.tw/searchP.jsp?SN=%E3%84%8D&SN2=%E3%84%8D%E3%84%A8%E3%84%9F%CB%8B&word=%E8%B7%AA"
"ㄍㄨㄟˋ","劌","","1","待補充","https://dict.concised.moe.edu.tw/searchP.jsp?SN=%E3%84%8D&SN2=%E3%84%8D%E3%84%A8%E3%84%9F%CB%8B&word=%E5%8A%8C"
"ㄍㄨㄟˋ","櫃","","4","待補充","https://dict.concised.moe.edu.tw/searchP.jsp?SN=%E3%84%8D&SN2=%E3%84%8D%E3%84%A8%E3%84%9F%CB%8B&word=%E6%AB%83"
"ㄍㄨㄢ","官","","20","待補充","https://dict.concised.moe.edu.tw/searchP.jsp?SN=%E3%84%8D&SN2=%E3%84%8D%E3%84%A8%E3%84%A2&word=%E5%AE%98"
"ㄍㄨㄢ","冠","","10","待補充","https://dict.concised.moe.edu.tw/searchP.jsp?SN=%E3%84%8D&SN2=%E3%84%8D%E3%84%A8%E3%84%A2&word=%E5%86%A0"
"ㄍㄨㄢ","矜","","1","待補充","https://dict.concised.moe.edu.tw/searchP.jsp?SN=%E3%84%8D&SN2=%E3%84%8D%E3%84%A8%E3%84%A2&word=%E7%9F%9C"
"ㄍㄨㄢ","倌","","1","待補充","https://dict.concised.moe.edu.tw/searchP.jsp?SN=%E3%84%8D&SN2=%E3%84%8D%E3%84%A8%E3%84%A2&word=%E5%80%8C"
"ㄍㄨㄢ","莞","","1","待補充","https://dict.concised.moe.edu.tw/searchP.jsp?SN=%E3%84%8D&SN2=%E3%84%8D%E3%84%A8%E3%84%A2&word=%E8%8E%9E"
"ㄍㄨㄢ","棺","","3","待補充","https://dict.concised.moe.edu.tw/searchP.jsp?SN=%E3%84%8D&SN2=%E3%84%8D%E3%84%A8%E3%84%A2&word=%E6%A3%BA"
"ㄍㄨㄢ","綸","","2","待補充","https://dict.concised.moe.edu.tw/searchP.jsp?SN=%E3%84%8D&SN2=%E3%84%8D%E3%84%A8%E3%84%A2&word=%E7%B6%B8"
"ㄍㄨㄢ","瘝","","1","待補充","https://dict.concised.moe.edu.tw/searchP.jsp?SN=%E3%84%8D&SN2=%E3%84%8D%E3%84%A8%E3%84%A2&word=%E7%98%9D"
"ㄍㄨㄢ","關","關門","20","已有可用詞","https://dict.concised.moe.edu.tw/searchP.jsp?SN=%E3%84%8D&SN2=%E3%84%8D%E3%84%A8%E3%84%A2&word=%E9%97%9C"
"ㄍㄨㄢ","鰥","","1","待補充","https://dict.concised.moe.edu.tw/searchP.jsp?SN=%E3%84%8D&SN2=%E3%84%8D%E3%84%A8%E3%84%A2&word=%E9%B0%A5"
"ㄍㄨㄢ","觀","","19","待補充","https://dict.concised.moe.edu.tw/searchP.jsp?SN=%E3%84%8D&SN2=%E3%84%8D%E3%84%A8%E3%84%A2&word=%E8%A7%80"
"ㄍㄨㄢˇ","莞","","1","待補充","https://dict.concised.moe.edu.tw/searchP.jsp?SN=%E3%84%8D&SN2=%E3%84%8D%E3%84%A8%E3%84%A2%CB%87&word=%E8%8E%9E"
"ㄍㄨㄢˇ","管","","20","待補充","https://dict.concised.moe.edu.tw/searchP.jsp?SN=%E3%84%8D&SN2=%E3%84%8D%E3%84%A8%E3%84%A2%CB%87&word=%E7%AE%A1"
"ㄍㄨㄢˇ","館","","3","待補充","https://dict.concised.moe.edu.tw/searchP.jsp?SN=%E3%84%8D&SN2=%E3%84%8D%E3%84%A8%E3%84%A2%CB%87&word=%E9%A4%A8"
"ㄍㄨㄢˋ","冠","","4","待補充","https://dict.concised.moe.edu.tw/searchP.jsp?SN=%E3%84%8D&SN2=%E3%84%8D%E3%84%A8%E3%84%A2%CB%8B&word=%E5%86%A0"
"ㄍㄨㄢˋ","貫","","6","待補充","https://dict.concised.moe.edu.tw/searchP.jsp?SN=%E3%84%8D&SN2=%E3%84%8D%E3%84%A8%E3%84%A2%CB%8B&word=%E8%B2%AB"
"ㄍㄨㄢˋ","祼","","1","待補充","https://dict.concised.moe.edu.tw/searchP.jsp?SN=%E3%84%8D&SN2=%E3%84%8D%E3%84%A8%E3%84%A2%CB%8B&word=%E7%A5%BC"
"ㄍㄨㄢˋ","慣","","6","待補充","https://dict.concised.moe.edu.tw/searchP.jsp?SN=%E3%84%8D&SN2=%E3%84%8D%E3%84%A8%E3%84%A2%CB%8B&word=%E6%85%A3"
"ㄍㄨㄢˋ","摜","","2","待補充","https://dict.concised.moe.edu.tw/searchP.jsp?SN=%E3%84%8D&SN2=%E3%84%8D%E3%84%A8%E3%84%A2%CB%8B&word=%E6%91%9C"
"ㄍㄨㄢˋ","盥","","2","待補充","https://dict.concised.moe.edu.tw/searchP.jsp?SN=%E3%84%8D&SN2=%E3%84%8D%E3%84%A8%E3%84%A2%CB%8B&word=%E7%9B%A5"
"ㄍㄨㄢˋ","灌","","13","待補充","https://dict.concised.moe.edu.tw/searchP.jsp?SN=%E3%84%8D&SN2=%E3%84%8D%E3%84%A8%E3%84%A2%CB%8B&word=%E7%81%8C"
"ㄍㄨㄢˋ","罐","","3","待補充","https://dict.concised.moe.edu.tw/searchP.jsp?SN=%E3%84%8D&SN2=%E3%84%8D%E3%84%A8%E3%84%A2%CB%8B&word=%E7%BD%90"
"ㄍㄨㄢˋ","觀","","1","待補充","https://dict.concised.moe.edu.tw/searchP.jsp?SN=%E3%84%8D&SN2=%E3%84%8D%E3%84%A8%E3%84%A2%CB%8B&word=%E8%A7%80"
"ㄍㄨㄢˋ","鸛","","1","待補充","https://dict.concised.moe.edu.tw/searchP.jsp?SN=%E3%84%8D&SN2=%E3%84%8D%E3%84%A8%E3%84%A2%CB%8B&word=%E9%B8%9B"
"ㄍㄨㄣˇ","袞","","2","待補充","https://dict.concised.moe.edu.tw/searchP.jsp?SN=%E3%84%8D&SN2=%E3%84%8D%E3%84%A8%E3%84%A3%CB%87&word=%E8%A2%9E"
"ㄍㄨㄣˇ","滾","","12","待補充","https://dict.concised.moe.edu.tw/searchP.jsp?SN=%E3%84%8D&SN2=%E3%84%8D%E3%84%A8%E3%84%A3%CB%87&word=%E6%BB%BE"
"ㄍㄨㄣˇ","鯀","","1","待補充","https://dict.concised.moe.edu.tw/searchP.jsp?SN=%E3%84%8D&SN2=%E3%84%8D%E3%84%A8%E3%84%A3%CB%87&word=%E9%AF%80"
"ㄍㄨㄣˋ","棍","","3","待補充","https://dict.concised.moe.edu.tw/searchP.jsp?SN=%E3%84%8D&SN2=%E3%84%8D%E3%84%A8%E3%84%A3%CB%8B&word=%E6%A3%8D"
"ㄍㄨㄤ","光","","20","待補充","https://dict.concised.moe.edu.tw/searchP.jsp?SN=%E3%84%8D&SN2=%E3%84%8D%E3%84%A8%E3%84%A4&word=%E5%85%89"
"ㄍㄨㄤ","胱","","1","待補充","https://dict.concised.moe.edu.tw/searchP.jsp?SN=%E3%84%8D&SN2=%E3%84%8D%E3%84%A8%E3%84%A4&word=%E8%83%B1"
"ㄍㄨㄤˇ","廣","","19","待補充","https://dict.concised.moe.edu.tw/searchP.jsp?SN=%E3%84%8D&SN2=%E3%84%8D%E3%84%A8%E3%84%A4%CB%87&word=%E5%BB%A3"
"ㄍㄨㄤˇ","獷","","1","待補充","https://dict.concised.moe.edu.tw/searchP.jsp?SN=%E3%84%8D&SN2=%E3%84%8D%E3%84%A8%E3%84%A4%CB%87&word=%E7%8D%B7"
"ㄍㄨㄤˋ","逛","","4","待補充","https://dict.concised.moe.edu.tw/searchP.jsp?SN=%E3%84%8D&SN2=%E3%84%8D%E3%84%A8%E3%84%A4%CB%8B&word=%E9%80%9B"
"ㄍㄨㄥ","工","","19","待補充","https://dict.concised.moe.edu.tw/searchP.jsp?SN=%E3%84%8D&SN2=%E3%84%8D%E3%84%A8%E3%84%A5&word=%E5%B7%A5"
"ㄍㄨㄥ","弓","","5","待補充","https://dict.concised.moe.edu.tw/searchP.jsp?SN=%E3%84%8D&SN2=%E3%84%8D%E3%84%A8%E3%84%A5&word=%E5%BC%93"
"ㄍㄨㄥ","公","","20","待補充","https://dict.concised.moe.edu.tw/searchP.jsp?SN=%E3%84%8D&SN2=%E3%84%8D%E3%84%A8%E3%84%A5&word=%E5%85%AC"
"ㄍㄨㄥ","功","","19","待補充","https://dict.concised.moe.edu.tw/searchP.jsp?SN=%E3%84%8D&SN2=%E3%84%8D%E3%84%A8%E3%84%A5&word=%E5%8A%9F"
"ㄍㄨㄥ","共","","19","待補充","https://dict.concised.moe.edu.tw/searchP.jsp?SN=%E3%84%8D&SN2=%E3%84%8D%E3%84%A8%E3%84%A5&word=%E5%85%B1"
"ㄍㄨㄥ","攻","","20","待補充","https://dict.concised.moe.edu.tw/searchP.jsp?SN=%E3%84%8D&SN2=%E3%84%8D%E3%84%A8%E3%84%A5&word=%E6%94%BB"
"ㄍㄨㄥ","供","","19","待補充","https://dict.concised.moe.edu.tw/searchP.jsp?SN=%E3%84%8D&SN2=%E3%84%8D%E3%84%A8%E3%84%A5&word=%E4%BE%9B"
"ㄍㄨㄥ","肱","","2","待補充","https://dict.concised.moe.edu.tw/searchP.jsp?SN=%E3%84%8D&SN2=%E3%84%8D%E3%84%A8%E3%84%A5&word=%E8%82%B1"
"ㄍㄨㄥ","紅","","1","待補充","https://dict.concised.moe.edu.tw/searchP.jsp?SN=%E3%84%8D&SN2=%E3%84%8D%E3%84%A8%E3%84%A5&word=%E7%B4%85"
"ㄍㄨㄥ","宮","","8","待補充","https://dict.concised.moe.edu.tw/searchP.jsp?SN=%E3%84%8D&SN2=%E3%84%8D%E3%84%A8%E3%84%A5&word=%E5%AE%AE"
"ㄍㄨㄥ","恭","","8","待補充","https://dict.concised.moe.edu.tw/searchP.jsp?SN=%E3%84%8D&SN2=%E3%84%8D%E3%84%A8%E3%84%A5&word=%E6%81%AD"
"ㄍㄨㄥ","蚣","","1","待補充","https://dict.concised.moe.edu.tw/searchP.jsp?SN=%E3%84%8D&SN2=%E3%84%8D%E3%84%A8%E3%84%A5&word=%E8%9A%A3"
"ㄍㄨㄥ","躬","","4","待補充","https://dict.concised.moe.edu.tw/searchP.jsp?SN=%E3%84%8D&SN2=%E3%84%8D%E3%84%A8%E3%84%A5&word=%E8%BA%AC"
"ㄍㄨㄥ","觥","","2","待補充","https://dict.concised.moe.edu.tw/searchP.jsp?SN=%E3%84%8D&SN2=%E3%84%8D%E3%84%A8%E3%84%A5&word=%E8%A7%A5"
"ㄍㄨㄥ","龔","","1","待補充","https://dict.concised.moe.edu.tw/searchP.jsp?SN=%E3%84%8D&SN2=%E3%84%8D%E3%84%A8%E3%84%A5&word=%E9%BE%94"
"ㄍㄨㄥˇ","汞","","1","待補充","https://dict.concised.moe.edu.tw/searchP.jsp?SN=%E3%84%8D&SN2=%E3%84%8D%E3%84%A8%E3%84%A5%CB%87&word=%E6%B1%9E"
"ㄍㄨㄥˇ","拱","","7","待補充","https://dict.concised.moe.edu.tw/searchP.jsp?SN=%E3%84%8D&SN2=%E3%84%8D%E3%84%A8%E3%84%A5%CB%87&word=%E6%8B%B1"
"ㄍㄨㄥˇ","栱","","1","待補充","https://dict.concised.moe.edu.tw/searchP.jsp?SN=%E3%84%8D&SN2=%E3%84%8D%E3%84%A8%E3%84%A5%CB%87&word=%E6%A0%B1"
"ㄍㄨㄥˇ","鞏","","2","待補充","https://dict.concised.moe.edu.tw/searchP.jsp?SN=%E3%84%8D&SN2=%E3%84%8D%E3%84%A8%E3%84%A5%CB%87&word=%E9%9E%8F"
"ㄍㄨㄥˋ","共","","20","待補充","https://dict.concised.moe.edu.tw/searchP.jsp?SN=%E3%84%8D&SN2=%E3%84%8D%E3%84%A8%E3%84%A5%CB%8B&word=%E5%85%B1"
"ㄍㄨㄥˋ","供","","6","待補充","https://dict.concised.moe.edu.tw/searchP.jsp?SN=%E3%84%8D&SN2=%E3%84%8D%E3%84%A8%E3%84%A5%CB%8B&word=%E4%BE%9B"
"ㄍㄨㄥˋ","貢","","3","待補充","https://dict.concised.moe.edu.tw/searchP.jsp?SN=%E3%84%8D&SN2=%E3%84%8D%E3%84%A8%E3%84%A5%CB%8B&word=%E8%B2%A2"
"ㄎㄚ","咖","","5","待補充","https://dict.concised.moe.edu.tw/searchP.jsp?SN=%E3%84%8E&SN2=%E3%84%8E%E3%84%9A&word=%E5%92%96"
"ㄎㄚ","喀","","1","待補充","https://dict.concised.moe.edu.tw/searchP.jsp?SN=%E3%84%8E&SN2=%E3%84%8E%E3%84%9A&word=%E5%96%80"
"ㄎㄚˇ","卡","","10","待補充","https://dict.concised.moe.edu.tw/searchP.jsp?SN=%E3%84%8E&SN2=%E3%84%8E%E3%84%9A%CB%87&word=%E5%8D%A1"
"ㄎㄚˇ","咯","","2","待補充","https://dict.concised.moe.edu.tw/searchP.jsp?SN=%E3%84%8E&SN2=%E3%84%8E%E3%84%9A%CB%87&word=%E5%92%AF"
"ㄎㄜ","柯","","1","待補充","https://dict.concised.moe.edu.tw/searchP.jsp?SN=%E3%84%8E&SN2=%E3%84%8E%E3%84%9C&word=%E6%9F%AF"
"ㄎㄜ","珂","","1","待補充","https://dict.concised.moe.edu.tw/searchP.jsp?SN=%E3%84%8E&SN2=%E3%84%8E%E3%84%9C&word=%E7%8F%82"
"ㄎㄜ","科","","15","待補充","https://dict.concised.moe.edu.tw/searchP.jsp?SN=%E3%84%8E&SN2=%E3%84%8E%E3%84%9C&word=%E7%A7%91"
"ㄎㄜ","苛","","7","待補充","https://dict.concised.moe.edu.tw/searchP.jsp?SN=%E3%84%8E&SN2=%E3%84%8E%E3%84%9C&word=%E8%8B%9B"
"ㄎㄜ","蚵","","1","待補充","https://dict.concised.moe.edu.tw/searchP.jsp?SN=%E3%84%8E&SN2=%E3%84%8E%E3%84%9C&word=%E8%9A%B5"
"ㄎㄜ","棵","","1","待補充","https://dict.concised.moe.edu.tw/searchP.jsp?SN=%E3%84%8E&SN2=%E3%84%8E%E3%84%9C&word=%E6%A3%B5"
"ㄎㄜ","軻","","1","待補充","https://dict.concised.moe.edu.tw/searchP.jsp?SN=%E3%84%8E&SN2=%E3%84%8E%E3%84%9C&word=%E8%BB%BB"
"ㄎㄜ","稞","","1","待補充","https://dict.concised.moe.edu.tw/searchP.jsp?SN=%E3%84%8E&SN2=%E3%84%8E%E3%84%9C&word=%E7%A8%9E"
"ㄎㄜ","窠","","3","待補充","https://dict.concised.moe.edu.tw/searchP.jsp?SN=%E3%84%8E&SN2=%E3%84%8E%E3%84%9C&word=%E7%AA%A0"
"ㄎㄜ","瞌","","2","待補充","https://dict.concised.moe.edu.tw/searchP.jsp?SN=%E3%84%8E&SN2=%E3%84%8E%E3%84%9C&word=%E7%9E%8C"
"ㄎㄜ","磕","","4","待補充","https://dict.concised.moe.edu.tw/searchP.jsp?SN=%E3%84%8E&SN2=%E3%84%8E%E3%84%9C&word=%E7%A3%95"
"ㄎㄜ","蝌","","2","待補充","https://dict.concised.moe.edu.tw/searchP.jsp?SN=%E3%84%8E&SN2=%E3%84%8E%E3%84%9C&word=%E8%9D%8C"
"ㄎㄜ","頦","","1","待補充","https://dict.concised.moe.edu.tw/searchP.jsp?SN=%E3%84%8E&SN2=%E3%84%8E%E3%84%9C&word=%E9%A0%A6"
"ㄎㄜ","顆","","2","待補充","https://dict.concised.moe.edu.tw/searchP.jsp?SN=%E3%84%8E&SN2=%E3%84%8E%E3%84%9C&word=%E9%A1%86"
"ㄎㄜˇ","可","","20","待補充","https://dict.concised.moe.edu.tw/searchP.jsp?SN=%E3%84%8E&SN2=%E3%84%8E%E3%84%9C%CB%87&word=%E5%8F%AF"
"ㄎㄜˇ","坷","","1","待補充","https://dict.concised.moe.edu.tw/searchP.jsp?SN=%E3%84%8E&SN2=%E3%84%8E%E3%84%9C%CB%87&word=%E5%9D%B7"
"ㄎㄜˇ","渴","","3","待補充","https://dict.concised.moe.edu.tw/searchP.jsp?SN=%E3%84%8E&SN2=%E3%84%8E%E3%84%9C%CB%87&word=%E6%B8%B4"
"ㄎㄜˊ","咳","","2","待補充","https://dict.concised.moe.edu.tw/searchP.jsp?SN=%E3%84%8E&SN2=%E3%84%8E%E3%84%9C%CB%8A&word=%E5%92%B3"
"ㄎㄜˊ","殼","","1","待補充","https://dict.concised.moe.edu.tw/searchP.jsp?SN=%E3%84%8E&SN2=%E3%84%8E%E3%84%9C%CB%8A&word=%E6%AE%BC"
"ㄎㄜˋ","可","","2","待補充","https://dict.concised.moe.edu.tw/searchP.jsp?SN=%E3%84%8E&SN2=%E3%84%8E%E3%84%9C%CB%8B&word=%E5%8F%AF"
"ㄎㄜˋ","克","","12","待補充","https://dict.concised.moe.edu.tw/searchP.jsp?SN=%E3%84%8E&SN2=%E3%84%8E%E3%84%9C%CB%8B&word=%E5%85%8B"
"ㄎㄜˋ","刻","","16","待補充","https://dict.concised.moe.edu.tw/searchP.jsp?SN=%E3%84%8E&SN2=%E3%84%8E%E3%84%9C%CB%8B&word=%E5%88%BB"
"ㄎㄜˋ","剋","","2","待補充","https://dict.concised.moe.edu.tw/searchP.jsp?SN=%E3%84%8E&SN2=%E3%84%8E%E3%84%9C%CB%8B&word=%E5%89%8B"
"ㄎㄜˋ","客","","20","待補充","https://dict.concised.moe.edu.tw/searchP.jsp?SN=%E3%84%8E&SN2=%E3%84%8E%E3%84%9C%CB%8B&word=%E5%AE%A2"
"ㄎㄜˋ","恪","","3","待補充","https://dict.concised.moe.edu.tw/searchP.jsp?SN=%E3%84%8E&SN2=%E3%84%8E%E3%84%9C%CB%8B&word=%E6%81%AA"
"ㄎㄜˋ","嗑","","1","待補充","https://dict.concised.moe.edu.tw/searchP.jsp?SN=%E3%84%8E&SN2=%E3%84%8E%E3%84%9C%CB%8B&word=%E5%97%91"
"ㄎㄜˋ","溘","","2","待補充","https://dict.concised.moe.edu.tw/searchP.jsp?SN=%E3%84%8E&SN2=%E3%84%8E%E3%84%9C%CB%8B&word=%E6%BA%98"
"ㄎㄜˋ","課","","18","待補充","https://dict.concised.moe.edu.tw/searchP.jsp?SN=%E3%84%8E&SN2=%E3%84%8E%E3%84%9C%CB%8B&word=%E8%AA%B2"
"ㄎㄞ","揩","","3","待補充","https://dict.concised.moe.edu.tw/searchP.jsp?SN=%E3%84%8E&SN2=%E3%84%8E%E3%84%9E&word=%E6%8F%A9"
"ㄎㄞ","開","","20","待補充","https://dict.concised.moe.edu.tw/searchP.jsp?SN=%E3%84%8E&SN2=%E3%84%8E%E3%84%9E&word=%E9%96%8B"
"ㄎㄞˇ","凱","","3","待補充","https://dict.concised.moe.edu.tw/searchP.jsp?SN=%E3%84%8E&SN2=%E3%84%8E%E3%84%9E%CB%87&word=%E5%87%B1"
"ㄎㄞˇ","剴","","2","待補充","https://dict.concised.moe.edu.tw/searchP.jsp?SN=%E3%84%8E&SN2=%E3%84%8E%E3%84%9E%CB%87&word=%E5%89%B4"
"ㄎㄞˇ","慨","","4","待補充","https://dict.concised.moe.edu.tw/searchP.jsp?SN=%E3%84%8E&SN2=%E3%84%8E%E3%84%9E%CB%87&word=%E6%85%A8"
"ㄎㄞˇ","愷","","1","待補充","https://dict.concised.moe.edu.tw/searchP.jsp?SN=%E3%84%8E&SN2=%E3%84%8E%E3%84%9E%CB%87&word=%E6%84%B7"
"ㄎㄞˇ","楷","","3","待補充","https://dict.concised.moe.edu.tw/searchP.jsp?SN=%E3%84%8E&SN2=%E3%84%8E%E3%84%9E%CB%87&word=%E6%A5%B7"
"ㄎㄞˇ","鍇","","1","待補充","https://dict.concised.moe.edu.tw/searchP.jsp?SN=%E3%84%8E&SN2=%E3%84%8E%E3%84%9E%CB%87&word=%E9%8D%87"
"ㄎㄞˇ","鎧","","2","待補充","https://dict.concised.moe.edu.tw/searchP.jsp?SN=%E3%84%8E&SN2=%E3%84%8E%E3%84%9E%CB%87&word=%E9%8E%A7"
"ㄎㄞˇ","闓","","1","待補充","https://dict.concised.moe.edu.tw/searchP.jsp?SN=%E3%84%8E&SN2=%E3%84%8E%E3%84%9E%CB%87&word=%E9%97%93"
"ㄎㄞˋ","欬","","1","待補充","https://dict.concised.moe.edu.tw/searchP.jsp?SN=%E3%84%8E&SN2=%E3%84%8E%E3%84%9E%CB%8B&word=%E6%AC%AC"
"ㄎㄞˋ","愒","","1","待補充","https://dict.concised.moe.edu.tw/searchP.jsp?SN=%E3%84%8E&SN2=%E3%84%8E%E3%84%9E%CB%8B&word=%E6%84%92"
"ㄎㄞˋ","愾","","1","待補充","https://dict.concised.moe.edu.tw/searchP.jsp?SN=%E3%84%8E&SN2=%E3%84%8E%E3%84%9E%CB%8B&word=%E6%84%BE"
"ㄎㄠ","尻","","1","待補充","https://dict.concised.moe.edu.tw/searchP.jsp?SN=%E3%84%8E&SN2=%E3%84%8E%E3%84%A0&word=%E5%B0%BB"
"ㄎㄠˇ","攷","","1","待補充","https://dict.concised.moe.edu.tw/searchP.jsp?SN=%E3%84%8E&SN2=%E3%84%8E%E3%84%A0%CB%87&word=%E6%94%B7"
"ㄎㄠˇ","考","","20","待補充","https://dict.concised.moe.edu.tw/searchP.jsp?SN=%E3%84%8E&SN2=%E3%84%8E%E3%84%A0%CB%87&word=%E8%80%83"
"ㄎㄠˇ","拷","","4","待補充","https://dict.concised.moe.edu.tw/searchP.jsp?SN=%E3%84%8E&SN2=%E3%84%8E%E3%84%A0%CB%87&word=%E6%8B%B7"
"ㄎㄠˇ","烤","","6","待補充","https://dict.concised.moe.edu.tw/searchP.jsp?SN=%E3%84%8E&SN2=%E3%84%8E%E3%84%A0%CB%87&word=%E7%83%A4"
"ㄎㄠˋ","犒","","2","待補充","https://dict.concised.moe.edu.tw/searchP.jsp?SN=%E3%84%8E&SN2=%E3%84%8E%E3%84%A0%CB%8B&word=%E7%8A%92"
"ㄎㄠˋ","銬","","1","待補充","https://dict.concised.moe.edu.tw/searchP.jsp?SN=%E3%84%8E&SN2=%E3%84%8E%E3%84%A0%CB%8B&word=%E9%8A%AC"
"ㄎㄠˋ","靠","","9","待補充","https://dict.concised.moe.edu.tw/searchP.jsp?SN=%E3%84%8E&SN2=%E3%84%8E%E3%84%A0%CB%8B&word=%E9%9D%A0"
"ㄎㄡ","摳","","1","待補充","https://dict.concised.moe.edu.tw/searchP.jsp?SN=%E3%84%8E&SN2=%E3%84%8E%E3%84%A1&word=%E6%91%B3"
"ㄎㄡˇ","口","","20","待補充","https://dict.concised.moe.edu.tw/searchP.jsp?SN=%E3%84%8E&SN2=%E3%84%8E%E3%84%A1%CB%87&word=%E5%8F%A3"
"ㄎㄡˋ","叩","","9","待補充","https://dict.concised.moe.edu.tw/searchP.jsp?SN=%E3%84%8E&SN2=%E3%84%8E%E3%84%A1%CB%8B&word=%E5%8F%A9"
"ㄎㄡˋ","扣","","15","待補充","https://dict.concised.moe.edu.tw/searchP.jsp?SN=%E3%84%8E&SN2=%E3%84%8E%E3%84%A1%CB%8B&word=%E6%89%A3"
"ㄎㄡˋ","佝","","2","待補充","https://dict.concised.moe.edu.tw/searchP.jsp?SN=%E3%84%8E&SN2=%E3%84%8E%E3%84%A1%CB%8B&word=%E4%BD%9D"
"ㄎㄡˋ","寇","","1","待補充","https://dict.concised.moe.edu.tw/searchP.jsp?SN=%E3%84%8E&SN2=%E3%84%8E%E3%84%A1%CB%8B&word=%E5%AF%87"
"ㄎㄡˋ","釦","","2","待補充","https://dict.concised.moe.edu.tw/searchP.jsp?SN=%E3%84%8E&SN2=%E3%84%8E%E3%84%A1%CB%8B&word=%E9%87%A6"
"ㄎㄡˋ","蔻","","1","待補充","https://dict.concised.moe.edu.tw/searchP.jsp?SN=%E3%84%8E&SN2=%E3%84%8E%E3%84%A1%CB%8B&word=%E8%94%BB"
"ㄎㄢ","刊","","9","待補充","https://dict.concised.moe.edu.tw/searchP.jsp?SN=%E3%84%8E&SN2=%E3%84%8E%E3%84%A2&word=%E5%88%8A"
"ㄎㄢ","看","","19","待補充","https://dict.concised.moe.edu.tw/searchP.jsp?SN=%E3%84%8E&SN2=%E3%84%8E%E3%84%A2&word=%E7%9C%8B"
"ㄎㄢ","勘","","6","待補充","https://dict.concised.moe.edu.tw/searchP.jsp?SN=%E3%84%8E&SN2=%E3%84%8E%E3%84%A2&word=%E5%8B%98"
"ㄎㄢ","堪","","5","待補充","https://dict.concised.moe.edu.tw/searchP.jsp?SN=%E3%84%8E&SN2=%E3%84%8E%E3%84%A2&word=%E5%A0%AA"
"ㄎㄢ","戡","","2","待補充","https://dict.concised.moe.edu.tw/searchP.jsp?SN=%E3%84%8E&SN2=%E3%84%8E%E3%84%A2&word=%E6%88%A1"
"ㄎㄢ","龕","","1","待補充","https://dict.concised.moe.edu.tw/searchP.jsp?SN=%E3%84%8E&SN2=%E3%84%8E%E3%84%A2&word=%E9%BE%95"
"ㄎㄢˇ","坎","","2","待補充","https://dict.concised.moe.edu.tw/searchP.jsp?SN=%E3%84%8E&SN2=%E3%84%8E%E3%84%A2%CB%87&word=%E5%9D%8E"
"ㄎㄢˇ","侃","","3","待補充","https://dict.concised.moe.edu.tw/searchP.jsp?SN=%E3%84%8E&SN2=%E3%84%8E%E3%84%A2%CB%87&word=%E4%BE%83"
"ㄎㄢˇ","砍","","4","待補充","https://dict.concised.moe.edu.tw/searchP.jsp?SN=%E3%84%8E&SN2=%E3%84%8E%E3%84%A2%CB%87&word=%E7%A0%8D"
"ㄎㄢˇ","崁","","1","待補充","https://dict.concised.moe.edu.tw/searchP.jsp?SN=%E3%84%8E&SN2=%E3%84%8E%E3%84%A2%CB%87&word=%E5%B4%81"
"ㄎㄢˇ","埳","","1","待補充","https://dict.concised.moe.edu.tw/searchP.jsp?SN=%E3%84%8E&SN2=%E3%84%8E%E3%84%A2%CB%87&word=%E5%9F%B3"
"ㄎㄢˇ","嵌","","1","待補充","https://dict.concised.moe.edu.tw/searchP.jsp?SN=%E3%84%8E&SN2=%E3%84%8E%E3%84%A2%CB%87&word=%E5%B5%8C"
"ㄎㄢˇ","檻","","1","待補充","https://dict.concised.moe.edu.tw/searchP.jsp?SN=%E3%84%8E&SN2=%E3%84%8E%E3%84%A2%CB%87&word=%E6%AA%BB"
"ㄎㄢˋ","看","","19","待補充","https://dict.concised.moe.edu.tw/searchP.jsp?SN=%E3%84%8E&SN2=%E3%84%8E%E3%84%A2%CB%8B&word=%E7%9C%8B"
"ㄎㄢˋ","瞰","","1","待補充","https://dict.concised.moe.edu.tw/searchP.jsp?SN=%E3%84%8E&SN2=%E3%84%8E%E3%84%A2%CB%8B&word=%E7%9E%B0"
"ㄎㄣˇ","肯","","2","待補充","https://dict.concised.moe.edu.tw/searchP.jsp?SN=%E3%84%8E&SN2=%E3%84%8E%E3%84%A3%CB%87&word=%E8%82%AF"
"ㄎㄣˇ","啃","","2","待補充","https://dict.concised.moe.edu.tw/searchP.jsp?SN=%E3%84%8E&SN2=%E3%84%8E%E3%84%A3%CB%87&word=%E5%95%83"
"ㄎㄣˇ","墾","","4","待補充","https://dict.concised.moe.edu.tw/searchP.jsp?SN=%E3%84%8E&SN2=%E3%84%8E%E3%84%A3%CB%87&word=%E5%A2%BE"
"ㄎㄣˇ","懇","","7","待補充","https://dict.concised.moe.edu.tw/searchP.jsp?SN=%E3%84%8E&SN2=%E3%84%8E%E3%84%A3%CB%87&word=%E6%87%87"
"ㄎㄤ","康","","9","待補充","https://dict.concised.moe.edu.tw/searchP.jsp?SN=%E3%84%8E&SN2=%E3%84%8E%E3%84%A4&word=%E5%BA%B7"
"ㄎㄤ","慷","","4","待補充","https://dict.concised.moe.edu.tw/searchP.jsp?SN=%E3%84%8E&SN2=%E3%84%8E%E3%84%A4&word=%E6%85%B7"
"ㄎㄤ","糠","","1","待補充","https://dict.concised.moe.edu.tw/searchP.jsp?SN=%E3%84%8E&SN2=%E3%84%8E%E3%84%A4&word=%E7%B3%A0"
"ㄎㄤˊ","扛","","1","待補充","https://dict.concised.moe.edu.tw/searchP.jsp?SN=%E3%84%8E&SN2=%E3%84%8E%E3%84%A4%CB%8A&word=%E6%89%9B"
"ㄎㄤˋ","亢","","4","待補充","https://dict.concised.moe.edu.tw/searchP.jsp?SN=%E3%84%8E&SN2=%E3%84%8E%E3%84%A4%CB%8B&word=%E4%BA%A2"
"ㄎㄤˋ","伉","","2","待補充","https://dict.concised.moe.edu.tw/searchP.jsp?SN=%E3%84%8E&SN2=%E3%84%8E%E3%84%A4%CB%8B&word=%E4%BC%89"
"ㄎㄤˋ","抗","","17","待補充","https://dict.concised.moe.edu.tw/searchP.jsp?SN=%E3%84%8E&SN2=%E3%84%8E%E3%84%A4%CB%8B&word=%E6%8A%97"
"ㄎㄤˋ","炕","","1","待補充","https://dict.concised.moe.edu.tw/searchP.jsp?SN=%E3%84%8E&SN2=%E3%84%8E%E3%84%A4%CB%8B&word=%E7%82%95"
"ㄎㄥ","吭","","3","待補充","https://dict.concised.moe.edu.tw/searchP.jsp?SN=%E3%84%8E&SN2=%E3%84%8E%E3%84%A5&word=%E5%90%AD"
"ㄎㄥ","坑","","4","待補充","https://dict.concised.moe.edu.tw/searchP.jsp?SN=%E3%84%8E&SN2=%E3%84%8E%E3%84%A5&word=%E5%9D%91"
"ㄎㄥ","鏗","","2","待補充","https://dict.concised.moe.edu.tw/searchP.jsp?SN=%E3%84%8E&SN2=%E3%84%8E%E3%84%A5&word=%E9%8F%97"
"ㄎㄨ","枯","","13","待補充","https://dict.concised.moe.edu.tw/searchP.jsp?SN=%E3%84%8E&SN2=%E3%84%8E%E3%84%A8&word=%E6%9E%AF"
"ㄎㄨ","哭","","9","待補充","https://dict.concised.moe.edu.tw/searchP.jsp?SN=%E3%84%8E&SN2=%E3%84%8E%E3%84%A8&word=%E5%93%AD"
"ㄎㄨ","堀","","1","待補充","https://dict.concised.moe.edu.tw/searchP.jsp?SN=%E3%84%8E&SN2=%E3%84%8E%E3%84%A8&word=%E5%A0%80"
"ㄎㄨ","窟","","2","待補充","https://dict.concised.moe.edu.tw/searchP.jsp?SN=%E3%84%8E&SN2=%E3%84%8E%E3%84%A8&word=%E7%AA%9F"
"ㄎㄨ","骷","","2","待補充","https://dict.concised.moe.edu.tw/searchP.jsp?SN=%E3%84%8E&SN2=%E3%84%8E%E3%84%A8&word=%E9%AA%B7"
"ㄎㄨˇ","苦","","20","待補充","https://dict.concised.moe.edu.tw/searchP.jsp?SN=%E3%84%8E&SN2=%E3%84%8E%E3%84%A8%CB%87&word=%E8%8B%A6"
"ㄎㄨˋ","矻","","2","待補充","https://dict.concised.moe.edu.tw/searchP.jsp?SN=%E3%84%8E&SN2=%E3%84%8E%E3%84%A8%CB%8B&word=%E7%9F%BB"
"ㄎㄨˋ","庫","","3","待補充","https://dict.concised.moe.edu.tw/searchP.jsp?SN=%E3%84%8E&SN2=%E3%84%8E%E3%84%A8%CB%8B&word=%E5%BA%AB"
"ㄎㄨˋ","酷","","8","待補充","https://dict.concised.moe.edu.tw/searchP.jsp?SN=%E3%84%8E&SN2=%E3%84%8E%E3%84%A8%CB%8B&word=%E9%85%B7"
"ㄎㄨˋ","褲","","6","待補充","https://dict.concised.moe.edu.tw/searchP.jsp?SN=%E3%84%8E&SN2=%E3%84%8E%E3%84%A8%CB%8B&word=%E8%A4%B2"
"ㄎㄨㄚ","夸","","1","待補充","https://dict.concised.moe.edu.tw/searchP.jsp?SN=%E3%84%8E&SN2=%E3%84%8E%E3%84%A8%E3%84%9A&word=%E5%A4%B8"
"ㄎㄨㄚ","誇","","10","待補充","https://dict.concised.moe.edu.tw/searchP.jsp?SN=%E3%84%8E&SN2=%E3%84%8E%E3%84%A8%E3%84%9A&word=%E8%AA%87"
"ㄎㄨㄚˇ","垮","","2","待補充","https://dict.concised.moe.edu.tw/searchP.jsp?SN=%E3%84%8E&SN2=%E3%84%8E%E3%84%A8%E3%84%9A%CB%87&word=%E5%9E%AE"
"ㄎㄨㄚˋ","胯","","2","待補充","https://dict.concised.moe.edu.tw/searchP.jsp?SN=%E3%84%8E&SN2=%E3%84%8E%E3%84%A8%E3%84%9A%CB%8B&word=%E8%83%AF"
"ㄎㄨㄚˋ","跨","","9","待補充","https://dict.concised.moe.edu.tw/searchP.jsp?SN=%E3%84%8E&SN2=%E3%84%8E%E3%84%A8%E3%84%9A%CB%8B&word=%E8%B7%A8"
"ㄎㄨㄛˋ","括","","2","待補充","https://dict.concised.moe.edu.tw/searchP.jsp?SN=%E3%84%8E&SN2=%E3%84%8E%E3%84%A8%E3%84%9B%CB%8B&word=%E6%8B%AC"
"ㄎㄨㄛˋ","廓","","2","待補充","https://dict.concised.moe.edu.tw/searchP.jsp?SN=%E3%84%8E&SN2=%E3%84%8E%E3%84%A8%E3%84%9B%CB%8B&word=%E5%BB%93"
"ㄎㄨㄛˋ","闊","","7","待補充","https://dict.concised.moe.edu.tw/searchP.jsp?SN=%E3%84%8E&SN2=%E3%84%8E%E3%84%A8%E3%84%9B%CB%8B&word=%E9%97%8A"
"ㄎㄨㄛˋ","擴","","11","待補充","https://dict.concised.moe.edu.tw/searchP.jsp?SN=%E3%84%8E&SN2=%E3%84%8E%E3%84%A8%E3%84%9B%CB%8B&word=%E6%93%B4"
"ㄎㄨㄞˇ","蒯","","1","待補充","https://dict.concised.moe.edu.tw/searchP.jsp?SN=%E3%84%8E&SN2=%E3%84%8E%E3%84%A8%E3%84%9E%CB%87&word=%E8%92%AF"
"ㄎㄨㄞˋ","快","快樂","20","已有可用詞","https://dict.concised.moe.edu.tw/searchP.jsp?SN=%E3%84%8E&SN2=%E3%84%8E%E3%84%A8%E3%84%9E%CB%8B&word=%E5%BF%AB"
"ㄎㄨㄞˋ","塊","","4","待補充","https://dict.concised.moe.edu.tw/searchP.jsp?SN=%E3%84%8E&SN2=%E3%84%8E%E3%84%A8%E3%84%9E%CB%8B&word=%E5%A1%8A"
"ㄎㄨㄞˋ","會","","4","待補充","https://dict.concised.moe.edu.tw/searchP.jsp?SN=%E3%84%8E&SN2=%E3%84%8E%E3%84%A8%E3%84%9E%CB%8B&word=%E6%9C%83"
"ㄎㄨㄞˋ","筷","","2","待補充","https://dict.concised.moe.edu.tw/searchP.jsp?SN=%E3%84%8E&SN2=%E3%84%8E%E3%84%A8%E3%84%9E%CB%8B&word=%E7%AD%B7"
"ㄎㄨㄞˋ","儈","","1","待補充","https://dict.concised.moe.edu.tw/searchP.jsp?SN=%E3%84%8E&SN2=%E3%84%8E%E3%84%A8%E3%84%9E%CB%8B&word=%E5%84%88"
"ㄎㄨㄞˋ","劊","","2","待補充","https://dict.concised.moe.edu.tw/searchP.jsp?SN=%E3%84%8E&SN2=%E3%84%8E%E3%84%A8%E3%84%9E%CB%8B&word=%E5%8A%8A"
"ㄎㄨㄞˋ","澮","","1","待補充","https://dict.concised.moe.edu.tw/searchP.jsp?SN=%E3%84%8E&SN2=%E3%84%8E%E3%84%A8%E3%84%9E%CB%8B&word=%E6%BE%AE"
"ㄎㄨㄞˋ","獪","","1","待補充","https://dict.concised.moe.edu.tw/searchP.jsp?SN=%E3%84%8E&SN2=%E3%84%8E%E3%84%A8%E3%84%9E%CB%8B&word=%E7%8D%AA"
"ㄎㄨㄞˋ","檜","","2","待補充","https://dict.concised.moe.edu.tw/searchP.jsp?SN=%E3%84%8E&SN2=%E3%84%8E%E3%84%A8%E3%84%9E%CB%8B&word=%E6%AA%9C"
"ㄎㄨㄞˋ","膾","","2","待補充","https://dict.concised.moe.edu.tw/searchP.jsp?SN=%E3%84%8E&SN2=%E3%84%8E%E3%84%A8%E3%84%9E%CB%8B&word=%E8%86%BE"
"ㄎㄨㄟ","盔","","2","待補充","https://dict.concised.moe.edu.tw/searchP.jsp?SN=%E3%84%8E&SN2=%E3%84%8E%E3%84%A8%E3%84%9F&word=%E7%9B%94"
"ㄎㄨㄟ","窺","","5","待補充","https://dict.concised.moe.edu.tw/searchP.jsp?SN=%E3%84%8E&SN2=%E3%84%8E%E3%84%A8%E3%84%9F&word=%E7%AA%BA"
"ㄎㄨㄟ","虧","","9","待補充","https://dict.concised.moe.edu.tw/searchP.jsp?SN=%E3%84%8E&SN2=%E3%84%8E%E3%84%A8%E3%84%9F&word=%E8%99%A7"
"ㄎㄨㄟˇ","傀","","3","待補充","https://dict.concised.moe.edu.tw/searchP.jsp?SN=%E3%84%8E&SN2=%E3%84%8E%E3%84%A8%E3%84%9F%CB%87&word=%E5%82%80"
"ㄎㄨㄟˊ","奎","","2","待補充","https://dict.concised.moe.edu.tw/searchP.jsp?SN=%E3%84%8E&SN2=%E3%84%8E%E3%84%A8%E3%84%9F%CB%8A&word=%E5%A5%8E"
"ㄎㄨㄟˊ","馗","","1","待補充","https://dict.concised.moe.edu.tw/searchP.jsp?SN=%E3%84%8E&SN2=%E3%84%8E%E3%84%A8%E3%84%9F%CB%8A&word=%E9%A6%97"
"ㄎㄨㄟˊ","揆","","1","待補充","https://dict.concised.moe.edu.tw/searchP.jsp?SN=%E3%84%8E&SN2=%E3%84%8E%E3%84%A8%E3%84%9F%CB%8A&word=%E6%8F%86"
"ㄎㄨㄟˊ","逵","","1","待補充","https://dict.concised.moe.edu.tw/searchP.jsp?SN=%E3%84%8E&SN2=%E3%84%8E%E3%84%A8%E3%84%9F%CB%8A&word=%E9%80%B5"
"ㄎㄨㄟˊ","葵","","2","待補充","https://dict.concised.moe.edu.tw/searchP.jsp?SN=%E3%84%8E&SN2=%E3%84%8E%E3%84%A8%E3%84%9F%CB%8A&word=%E8%91%B5"
"ㄎㄨㄟˊ","睽","","2","待補充","https://dict.concised.moe.edu.tw/searchP.jsp?SN=%E3%84%8E&SN2=%E3%84%8E%E3%84%A8%E3%84%9F%CB%8A&word=%E7%9D%BD"
"ㄎㄨㄟˊ","魁","","4","待補充","https://dict.concised.moe.edu.tw/searchP.jsp?SN=%E3%84%8E&SN2=%E3%84%8E%E3%84%A8%E3%84%9F%CB%8A&word=%E9%AD%81"
"ㄎㄨㄟˊ","夔","","1","待補充","https://dict.concised.moe.edu.tw/searchP.jsp?SN=%E3%84%8E&SN2=%E3%84%8E%E3%84%A8%E3%84%9F%CB%8A&word=%E5%A4%94"
"ㄎㄨㄟˋ","喟","","3","待補充","https://dict.concised.moe.edu.tw/searchP.jsp?SN=%E3%84%8E&SN2=%E3%84%8E%E3%84%A8%E3%84%9F%CB%8B&word=%E5%96%9F"
"ㄎㄨㄟˋ","愧","","4","待補充","https://dict.concised.moe.edu.tw/searchP.jsp?SN=%E3%84%8E&SN2=%E3%84%8E%E3%84%A8%E3%84%9F%CB%8B&word=%E6%84%A7"
"ㄎㄨㄟˋ","匱","","2","待補充","https://dict.concised.moe.edu.tw/searchP.jsp?SN=%E3%84%8E&SN2=%E3%84%8E%E3%84%A8%E3%84%9F%CB%8B&word=%E5%8C%B1"
"ㄎㄨㄟˋ","憒","","1","待補充","https://dict.concised.moe.edu.tw/searchP.jsp?SN=%E3%84%8E&SN2=%E3%84%8E%E3%84%A8%E3%84%9F%CB%8B&word=%E6%86%92"
"ㄎㄨㄟˋ","潰","","8","待補充","https://dict.concised.moe.edu.tw/searchP.jsp?SN=%E3%84%8E&SN2=%E3%84%8E%E3%84%A8%E3%84%9F%CB%8B&word=%E6%BD%B0"
"ㄎㄨㄟˋ","蕢","","1","待補充","https://dict.concised.moe.edu.tw/searchP.jsp?SN=%E3%84%8E&SN2=%E3%84%8E%E3%84%A8%E3%84%9F%CB%8B&word=%E8%95%A2"
"ㄎㄨㄟˋ","歸","","1","待補充","https://dict.concised.moe.edu.tw/searchP.jsp?SN=%E3%84%8E&SN2=%E3%84%8E%E3%84%A8%E3%84%9F%CB%8B&word=%E6%AD%B8"
"ㄎㄨㄟˋ","簣","","1","待補充","https://dict.concised.moe.edu.tw/searchP.jsp?SN=%E3%84%8E&SN2=%E3%84%8E%E3%84%A8%E3%84%9F%CB%8B&word=%E7%B0%A3"
"ㄎㄨㄟˋ","聵","","1","待補充","https://dict.concised.moe.edu.tw/searchP.jsp?SN=%E3%84%8E&SN2=%E3%84%8E%E3%84%A8%E3%84%9F%CB%8B&word=%E8%81%B5"
"ㄎㄨㄟˋ","餽","","2","待補充","https://dict.concised.moe.edu.tw/searchP.jsp?SN=%E3%84%8E&SN2=%E3%84%8E%E3%84%A8%E3%84%9F%CB%8B&word=%E9%A4%BD"
"ㄎㄨㄟˋ","饋","","2","待補充","https://dict.concised.moe.edu.tw/searchP.jsp?SN=%E3%84%8E&SN2=%E3%84%8E%E3%84%A8%E3%84%9F%CB%8B&word=%E9%A5%8B"
"ㄎㄨㄢ","寬","","20","待補充","https://dict.concised.moe.edu.tw/searchP.jsp?SN=%E3%84%8E&SN2=%E3%84%8E%E3%84%A8%E3%84%A2&word=%E5%AF%AC"
"ㄎㄨㄢ","髖","","1","待補充","https://dict.concised.moe.edu.tw/searchP.jsp?SN=%E3%84%8E&SN2=%E3%84%8E%E3%84%A8%E3%84%A2&word=%E9%AB%96"
"ㄎㄨㄢˇ","款","","8","待補充","https://dict.concised.moe.edu.tw/searchP.jsp?SN=%E3%84%8E&SN2=%E3%84%8E%E3%84%A8%E3%84%A2%CB%87&word=%E6%AC%BE"
"ㄎㄨㄣ","坤","","1","待補充","https://dict.concised.moe.edu.tw/searchP.jsp?SN=%E3%84%8E&SN2=%E3%84%8E%E3%84%A8%E3%84%A3&word=%E5%9D%A4"
"ㄎㄨㄣ","昆","","3","待補充","https://dict.concised.moe.edu.tw/searchP.jsp?SN=%E3%84%8E&SN2=%E3%84%8E%E3%84%A8%E3%84%A3&word=%E6%98%86"
"ㄎㄨㄣ","崑","","1","待補充","https://dict.concised.moe.edu.tw/searchP.jsp?SN=%E3%84%8E&SN2=%E3%84%8E%E3%84%A8%E3%84%A3&word=%E5%B4%91"
"ㄎㄨㄣ","混","","2","待補充","https://dict.concised.moe.edu.tw/searchP.jsp?SN=%E3%84%8E&SN2=%E3%84%8E%E3%84%A8%E3%84%A3&word=%E6%B7%B7"
"ㄎㄨㄣ","琨","","1","待補充","https://dict.concised.moe.edu.tw/searchP.jsp?SN=%E3%84%8E&SN2=%E3%84%8E%E3%84%A8%E3%84%A3&word=%E7%90%A8"
"ㄎㄨㄣ","髡","","1","待補充","https://dict.concised.moe.edu.tw/searchP.jsp?SN=%E3%84%8E&SN2=%E3%84%8E%E3%84%A8%E3%84%A3&word=%E9%AB%A1"
"ㄎㄨㄣ","錕","","2","待補充","https://dict.concised.moe.edu.tw/searchP.jsp?SN=%E3%84%8E&SN2=%E3%84%8E%E3%84%A8%E3%84%A3&word=%E9%8C%95"
"ㄎㄨㄣ","鯤","","1","待補充","https://dict.concised.moe.edu.tw/searchP.jsp?SN=%E3%84%8E&SN2=%E3%84%8E%E3%84%A8%E3%84%A3&word=%E9%AF%A4"
"ㄎㄨㄣˇ","悃","","1","待補充","https://dict.concised.moe.edu.tw/searchP.jsp?SN=%E3%84%8E&SN2=%E3%84%8E%E3%84%A8%E3%84%A3%CB%87&word=%E6%82%83"
"ㄎㄨㄣˇ","捆","","3","待補充","https://dict.concised.moe.edu.tw/searchP.jsp?SN=%E3%84%8E&SN2=%E3%84%8E%E3%84%A8%E3%84%A3%CB%87&word=%E6%8D%86"
"ㄎㄨㄣˇ","綑","","3","待補充","https://dict.concised.moe.edu.tw/searchP.jsp?SN=%E3%84%8E&SN2=%E3%84%8E%E3%84%A8%E3%84%A3%CB%87&word=%E7%B6%91"
"ㄎㄨㄣˇ","閫","","1","待補充","https://dict.concised.moe.edu.tw/searchP.jsp?SN=%E3%84%8E&SN2=%E3%84%8E%E3%84%A8%E3%84%A3%CB%87&word=%E9%96%AB"
"ㄎㄨㄣˋ","困","","15","待補充","https://dict.concised.moe.edu.tw/searchP.jsp?SN=%E3%84%8E&SN2=%E3%84%8E%E3%84%A8%E3%84%A3%CB%8B&word=%E5%9B%B0"
"ㄎㄨㄣˋ","睏","","2","待補充","https://dict.concised.moe.edu.tw/searchP.jsp?SN=%E3%84%8E&SN2=%E3%84%8E%E3%84%A8%E3%84%A3%CB%8B&word=%E7%9D%8F"
"ㄎㄨㄤ","匡","","4","待補充","https://dict.concised.moe.edu.tw/searchP.jsp?SN=%E3%84%8E&SN2=%E3%84%8E%E3%84%A8%E3%84%A4&word=%E5%8C%A1"
"ㄎㄨㄤ","劻","","1","待補充","https://dict.concised.moe.edu.tw/searchP.jsp?SN=%E3%84%8E&SN2=%E3%84%8E%E3%84%A8%E3%84%A4&word=%E5%8A%BB"
"ㄎㄨㄤ","框","","3","待補充","https://dict.concised.moe.edu.tw/searchP.jsp?SN=%E3%84%8E&SN2=%E3%84%8E%E3%84%A8%E3%84%A4&word=%E6%A1%86"
"ㄎㄨㄤ","眶","","1","待補充","https://dict.concised.moe.edu.tw/searchP.jsp?SN=%E3%84%8E&SN2=%E3%84%8E%E3%84%A8%E3%84%A4&word=%E7%9C%B6"
"ㄎㄨㄤ","筐","","1","待補充","https://dict.concised.moe.edu.tw/searchP.jsp?SN=%E3%84%8E&SN2=%E3%84%8E%E3%84%A8%E3%84%A4&word=%E7%AD%90"
"ㄎㄨㄤ","誆","","2","待補充","https://dict.concised.moe.edu.tw/searchP.jsp?SN=%E3%84%8E&SN2=%E3%84%8E%E3%84%A8%E3%84%A4&word=%E8%AA%86"
"ㄎㄨㄤˊ","狂","","20","待補充","https://dict.concised.moe.edu.tw/searchP.jsp?SN=%E3%84%8E&SN2=%E3%84%8E%E3%84%A8%E3%84%A4%CB%8A&word=%E7%8B%82"
"ㄎㄨㄤˊ","誑","","3","待補充","https://dict.concised.moe.edu.tw/searchP.jsp?SN=%E3%84%8E&SN2=%E3%84%8E%E3%84%A8%E3%84%A4%CB%8A&word=%E8%AA%91"
"ㄎㄨㄤˋ","況","","2","待補充","https://dict.concised.moe.edu.tw/searchP.jsp?SN=%E3%84%8E&SN2=%E3%84%8E%E3%84%A8%E3%84%A4%CB%8B&word=%E6%B3%81"
"ㄎㄨㄤˋ","壙","","1","待補充","https://dict.concised.moe.edu.tw/searchP.jsp?SN=%E3%84%8E&SN2=%E3%84%8E%E3%84%A8%E3%84%A4%CB%8B&word=%E5%A3%99"
"ㄎㄨㄤˋ","鄺","","1","待補充","https://dict.concised.moe.edu.tw/searchP.jsp?SN=%E3%84%8E&SN2=%E3%84%8E%E3%84%A8%E3%84%A4%CB%8B&word=%E9%84%BA"
"ㄎㄨㄤˋ","曠","","8","待補充","https://dict.concised.moe.edu.tw/searchP.jsp?SN=%E3%84%8E&SN2=%E3%84%8E%E3%84%A8%E3%84%A4%CB%8B&word=%E6%9B%A0"
"ㄎㄨㄤˋ","礦","","14","待補充","https://dict.concised.moe.edu.tw/searchP.jsp?SN=%E3%84%8E&SN2=%E3%84%8E%E3%84%A8%E3%84%A4%CB%8B&word=%E7%A4%A6"
"ㄎㄨㄥ","空","","19","待補充","https://dict.concised.moe.edu.tw/searchP.jsp?SN=%E3%84%8E&SN2=%E3%84%8E%E3%84%A8%E3%84%A5&word=%E7%A9%BA"
"ㄎㄨㄥ","崆","","2","待補充","https://dict.concised.moe.edu.tw/searchP.jsp?SN=%E3%84%8E&SN2=%E3%84%8E%E3%84%A8%E3%84%A5&word=%E5%B4%86"
"ㄎㄨㄥ","箜","","2","待補充","https://dict.concised.moe.edu.tw/searchP.jsp?SN=%E3%84%8E&SN2=%E3%84%8E%E3%84%A8%E3%84%A5&word=%E7%AE%9C"
"ㄎㄨㄥˇ","孔","","7","待補充","https://dict.concised.moe.edu.tw/searchP.jsp?SN=%E3%84%8E&SN2=%E3%84%8E%E3%84%A8%E3%84%A5%CB%87&word=%E5%AD%94"
"ㄎㄨㄥˇ","倥","","2","待補充","https://dict.concised.moe.edu.tw/searchP.jsp?SN=%E3%84%8E&SN2=%E3%84%8E%E3%84%A8%E3%84%A5%CB%87&word=%E5%80%A5"
"ㄎㄨㄥˇ","恐","","8","待補充","https://dict.concised.moe.edu.tw/searchP.jsp?SN=%E3%84%8E&SN2=%E3%84%8E%E3%84%A8%E3%84%A5%CB%87&word=%E6%81%90"
"ㄎㄨㄥˋ","空","","12","待補充","https://dict.concised.moe.edu.tw/searchP.jsp?SN=%E3%84%8E&SN2=%E3%84%8E%E3%84%A8%E3%84%A5%CB%8B&word=%E7%A9%BA"
"ㄎㄨㄥˋ","控","","6","待補充","https://dict.concised.moe.edu.tw/searchP.jsp?SN=%E3%84%8E&SN2=%E3%84%8E%E3%84%A8%E3%84%A5%CB%8B&word=%E6%8E%A7"
"ㄏㄚ","哈","","8","待補充","https://dict.concised.moe.edu.tw/searchP.jsp?SN=%E3%84%8F&SN2=%E3%84%8F%E3%84%9A&word=%E5%93%88"
"ㄏㄚˇ","哈","","2","待補充","https://dict.concised.moe.edu.tw/searchP.jsp?SN=%E3%84%8F&SN2=%E3%84%8F%E3%84%9A%CB%87&word=%E5%93%88"
"ㄏㄚˊ","蛤","","2","待補充","https://dict.concised.moe.edu.tw/searchP.jsp?SN=%E3%84%8F&SN2=%E3%84%8F%E3%84%9A%CB%8A&word=%E8%9B%A4"
"ㄏㄚˊ","蝦","","2","待補充","https://dict.concised.moe.edu.tw/searchP.jsp?SN=%E3%84%8F&SN2=%E3%84%8F%E3%84%9A%CB%8A&word=%E8%9D%A6"
"ㄏㄜ","呵","","6","待補充","https://dict.concised.moe.edu.tw/searchP.jsp?SN=%E3%84%8F&SN2=%E3%84%8F%E3%84%9C&word=%E5%91%B5"
"ㄏㄜ","喝","","7","待補充","https://dict.concised.moe.edu.tw/searchP.jsp?SN=%E3%84%8F&SN2=%E3%84%8F%E3%84%9C&word=%E5%96%9D"
"ㄏㄜ","訶","","1","待補充","https://dict.concised.moe.edu.tw/searchP.jsp?SN=%E3%84%8F&SN2=%E3%84%8F%E3%84%9C&word=%E8%A8%B6"
"ㄏㄜˊ","禾","","2","待補充","https://dict.concised.moe.edu.tw/searchP.jsp?SN=%E3%84%8F&SN2=%E3%84%8F%E3%84%9C%CB%8A&word=%E7%A6%BE"
"ㄏㄜˊ","合","","20","待補充","https://dict.concised.moe.edu.tw/searchP.jsp?SN=%E3%84%8F&SN2=%E3%84%8F%E3%84%9C%CB%8A&word=%E5%90%88"
"ㄏㄜˊ","何","","20","待補充","https://dict.concised.moe.edu.tw/searchP.jsp?SN=%E3%84%8F&SN2=%E3%84%8F%E3%84%9C%CB%8A&word=%E4%BD%95"
"ㄏㄜˊ","劾","","1","待補充","https://dict.concised.moe.edu.tw/searchP.jsp?SN=%E3%84%8F&SN2=%E3%84%8F%E3%84%9C%CB%8A&word=%E5%8A%BE"
"ㄏㄜˊ","和","","20","待補充","https://dict.concised.moe.edu.tw/searchP.jsp?SN=%E3%84%8F&SN2=%E3%84%8F%E3%84%9C%CB%8A&word=%E5%92%8C"
"ㄏㄜˊ","河","","17","待補充","https://dict.concised.moe.edu.tw/searchP.jsp?SN=%E3%84%8F&SN2=%E3%84%8F%E3%84%9C%CB%8A&word=%E6%B2%B3"
"ㄏㄜˊ","曷","","1","待補充","https://dict.concised.moe.edu.tw/searchP.jsp?SN=%E3%84%8F&SN2=%E3%84%8F%E3%84%9C%CB%8A&word=%E6%9B%B7"
"ㄏㄜˊ","紇","","1","待補充","https://dict.concised.moe.edu.tw/searchP.jsp?SN=%E3%84%8F&SN2=%E3%84%8F%E3%84%9C%CB%8A&word=%E7%B4%87"
"ㄏㄜˊ","核","","20","待補充","https://dict.concised.moe.edu.tw/searchP.jsp?SN=%E3%84%8F&SN2=%E3%84%8F%E3%84%9C%CB%8A&word=%E6%A0%B8"
"ㄏㄜˊ","盍","","1","待補充","https://dict.concised.moe.edu.tw/searchP.jsp?SN=%E3%84%8F&SN2=%E3%84%8F%E3%84%9C%CB%8A&word=%E7%9B%8D"
"ㄏㄜˊ","涸","","1","待補充","https://dict.concised.moe.edu.tw/searchP.jsp?SN=%E3%84%8F&SN2=%E3%84%8F%E3%84%9C%CB%8A&word=%E6%B6%B8"
"ㄏㄜˊ","盒","","4","待補充","https://dict.concised.moe.edu.tw/searchP.jsp?SN=%E3%84%8F&SN2=%E3%84%8F%E3%84%9C%CB%8A&word=%E7%9B%92"
"ㄏㄜˊ","荷","","6","待補充","https://dict.concised.moe.edu.tw/searchP.jsp?SN=%E3%84%8F&SN2=%E3%84%8F%E3%84%9C%CB%8A&word=%E8%8D%B7"
"ㄏㄜˊ","渴","","1","待補充","https://dict.concised.moe.edu.tw/searchP.jsp?SN=%E3%84%8F&SN2=%E3%84%8F%E3%84%9C%CB%8A&word=%E6%B8%B4"
"ㄏㄜˊ","貉","","1","待補充","https://dict.concised.moe.edu.tw/searchP.jsp?SN=%E3%84%8F&SN2=%E3%84%8F%E3%84%9C%CB%8A&word=%E8%B2%89"
"ㄏㄜˊ","閡","","1","待補充","https://dict.concised.moe.edu.tw/searchP.jsp?SN=%E3%84%8F&SN2=%E3%84%8F%E3%84%9C%CB%8A&word=%E9%96%A1"
"ㄏㄜˊ","閤","","1","待補充","https://dict.concised.moe.edu.tw/searchP.jsp?SN=%E3%84%8F&SN2=%E3%84%8F%E3%84%9C%CB%8A&word=%E9%96%A4"
"ㄏㄜˊ","褐","","2","待補充","https://dict.concised.moe.edu.tw/searchP.jsp?SN=%E3%84%8F&SN2=%E3%84%8F%E3%84%9C%CB%8A&word=%E8%A4%90"
"ㄏㄜˊ","闔","","5","待補充","https://dict.concised.moe.edu.tw/searchP.jsp?SN=%E3%84%8F&SN2=%E3%84%8F%E3%84%9C%CB%8A&word=%E9%97%94"
"ㄏㄜˊ","齕","","1","待補充","https://dict.concised.moe.edu.tw/searchP.jsp?SN=%E3%84%8F&SN2=%E3%84%8F%E3%84%9C%CB%8A&word=%E9%BD%95"
"ㄏㄜˊ","覈","","1","待補充","https://dict.concised.moe.edu.tw/searchP.jsp?SN=%E3%84%8F&SN2=%E3%84%8F%E3%84%9C%CB%8A&word=%E8%A6%88"
"ㄏㄜˊ","龢","","1","待補充","https://dict.concised.moe.edu.tw/searchP.jsp?SN=%E3%84%8F&SN2=%E3%84%8F%E3%84%9C%CB%8A&word=%E9%BE%A2"
"ㄏㄜˋ","和","","1","待補充","https://dict.concised.moe.edu.tw/searchP.jsp?SN=%E3%84%8F&SN2=%E3%84%8F%E3%84%9C%CB%8B&word=%E5%92%8C"
"ㄏㄜˋ","荷","","3","待補充","https://dict.concised.moe.edu.tw/searchP.jsp?SN=%E3%84%8F&SN2=%E3%84%8F%E3%84%9C%CB%8B&word=%E8%8D%B7"
"ㄏㄜˋ","喝","","6","待補充","https://dict.concised.moe.edu.tw/searchP.jsp?SN=%E3%84%8F&SN2=%E3%84%8F%E3%84%9C%CB%8B&word=%E5%96%9D"
"ㄏㄜˋ","賀","","12","待補充","https://dict.concised.moe.edu.tw/searchP.jsp?SN=%E3%84%8F&SN2=%E3%84%8F%E3%84%9C%CB%8B&word=%E8%B3%80"
"ㄏㄜˋ","赫","","5","待補充","https://dict.concised.moe.edu.tw/searchP.jsp?SN=%E3%84%8F&SN2=%E3%84%8F%E3%84%9C%CB%8B&word=%E8%B5%AB"
"ㄏㄜˋ","嚇","","2","待補充","https://dict.concised.moe.edu.tw/searchP.jsp?SN=%E3%84%8F&SN2=%E3%84%8F%E3%84%9C%CB%8B&word=%E5%9A%87"
"ㄏㄜˋ","鶴","","3","待補充","https://dict.concised.moe.edu.tw/searchP.jsp?SN=%E3%84%8F&SN2=%E3%84%8F%E3%84%9C%CB%8B&word=%E9%B6%B4"
"ㄏㄞ","咳","","2","待補充","https://dict.concised.moe.edu.tw/searchP.jsp?SN=%E3%84%8F&SN2=%E3%84%8F%E3%84%9E&word=%E5%92%B3"
"ㄏㄞ","嗨","","1","待補充","https://dict.concised.moe.edu.tw/searchP.jsp?SN=%E3%84%8F&SN2=%E3%84%8F%E3%84%9E&word=%E5%97%A8"
"ㄏㄞˇ","海","","20","待補充","https://dict.concised.moe.edu.tw/searchP.jsp?SN=%E3%84%8F&SN2=%E3%84%8F%E3%84%9E%CB%87&word=%E6%B5%B7"
"ㄏㄞˇ","醢","","1","待補充","https://dict.concised.moe.edu.tw/searchP.jsp?SN=%E3%84%8F&SN2=%E3%84%8F%E3%84%9E%CB%87&word=%E9%86%A2"
"ㄏㄞˊ","孩","","6","待補充","https://dict.concised.moe.edu.tw/searchP.jsp?SN=%E3%84%8F&SN2=%E3%84%8F%E3%84%9E%CB%8A&word=%E5%AD%A9"
"ㄏㄞˊ","頦","","1","待補充","https://dict.concised.moe.edu.tw/searchP.jsp?SN=%E3%84%8F&SN2=%E3%84%8F%E3%84%9E%CB%8A&word=%E9%A0%A6"
"ㄏㄞˊ","骸","","2","待補充","https://dict.concised.moe.edu.tw/searchP.jsp?SN=%E3%84%8F&SN2=%E3%84%8F%E3%84%9E%CB%8A&word=%E9%AA%B8"
"ㄏㄞˊ","還","","6","待補充","https://dict.concised.moe.edu.tw/searchP.jsp?SN=%E3%84%8F&SN2=%E3%84%8F%E3%84%9E%CB%8A&word=%E9%82%84"
"ㄏㄞˋ","亥","","1","待補充","https://dict.concised.moe.edu.tw/searchP.jsp?SN=%E3%84%8F&SN2=%E3%84%8F%E3%84%9E%CB%8B&word=%E4%BA%A5"
"ㄏㄞˋ","害","","10","待補充","https://dict.concised.moe.edu.tw/searchP.jsp?SN=%E3%84%8F&SN2=%E3%84%8F%E3%84%9E%CB%8B&word=%E5%AE%B3"
"ㄏㄞˋ","氦","","1","待補充","https://dict.concised.moe.edu.tw/searchP.jsp?SN=%E3%84%8F&SN2=%E3%84%8F%E3%84%9E%CB%8B&word=%E6%B0%A6"
"ㄏㄞˋ","駭","","5","待補充","https://dict.concised.moe.edu.tw/searchP.jsp?SN=%E3%84%8F&SN2=%E3%84%8F%E3%84%9E%CB%8B&word=%E9%A7%AD"
"ㄏㄟ","黑","","20","待補充","https://dict.concised.moe.edu.tw/searchP.jsp?SN=%E3%84%8F&SN2=%E3%84%8F%E3%84%9F&word=%E9%BB%91"
"ㄏㄟ","嘿","","1","待補充","https://dict.concised.moe.edu.tw/searchP.jsp?SN=%E3%84%8F&SN2=%E3%84%8F%E3%84%9F&word=%E5%98%BF"
"ㄏㄠ","蒿","","1","待補充","https://dict.concised.moe.edu.tw/searchP.jsp?SN=%E3%84%8F&SN2=%E3%84%8F%E3%84%A0&word=%E8%92%BF"
"ㄏㄠˇ","好","","20","待補充","https://dict.concised.moe.edu.tw/searchP.jsp?SN=%E3%84%8F&SN2=%E3%84%8F%E3%84%A0%CB%87&word=%E5%A5%BD"
"ㄏㄠˇ","郝","","1","待補充","https://dict.concised.moe.edu.tw/searchP.jsp?SN=%E3%84%8F&SN2=%E3%84%8F%E3%84%A0%CB%87&word=%E9%83%9D"
"ㄏㄠˊ","毫","","17","待補充","https://dict.concised.moe.edu.tw/searchP.jsp?SN=%E3%84%8F&SN2=%E3%84%8F%E3%84%A0%CB%8A&word=%E6%AF%AB"
"ㄏㄠˊ","號","","2","待補充","https://dict.concised.moe.edu.tw/searchP.jsp?SN=%E3%84%8F&SN2=%E3%84%8F%E3%84%A0%CB%8A&word=%E8%99%9F"
"ㄏㄠˊ","豪","","19","待補充","https://dict.concised.moe.edu.tw/searchP.jsp?SN=%E3%84%8F&SN2=%E3%84%8F%E3%84%A0%CB%8A&word=%E8%B1%AA"
"ㄏㄠˊ","嚎","","3","待補充","https://dict.concised.moe.edu.tw/searchP.jsp?SN=%E3%84%8F&SN2=%E3%84%8F%E3%84%A0%CB%8A&word=%E5%9A%8E"
"ㄏㄠˊ","壕","","2","待補充","https://dict.concised.moe.edu.tw/searchP.jsp?SN=%E3%84%8F&SN2=%E3%84%8F%E3%84%A0%CB%8A&word=%E5%A3%95"
"ㄏㄠˊ","濠","","2","待補充","https://dict.concised.moe.edu.tw/searchP.jsp?SN=%E3%84%8F&SN2=%E3%84%8F%E3%84%A0%CB%8A&word=%E6%BF%A0"
"ㄏㄠˊ","蠔","","2","待補充","https://dict.concised.moe.edu.tw/searchP.jsp?SN=%E3%84%8F&SN2=%E3%84%8F%E3%84%A0%CB%8A&word=%E8%A0%94"
"ㄏㄠˋ","好","","20","待補充","https://dict.concised.moe.edu.tw/searchP.jsp?SN=%E3%84%8F&SN2=%E3%84%8F%E3%84%A0%CB%8B&word=%E5%A5%BD"
"ㄏㄠˋ","昊","","3","待補充","https://dict.concised.moe.edu.tw/searchP.jsp?SN=%E3%84%8F&SN2=%E3%84%8F%E3%84%A0%CB%8B&word=%E6%98%8A"
"ㄏㄠˋ","浩","","14","待補充","https://dict.concised.moe.edu.tw/searchP.jsp?SN=%E3%84%8F&SN2=%E3%84%8F%E3%84%A0%CB%8B&word=%E6%B5%A9"
"ㄏㄠˋ","耗","","8","待補充","https://dict.concised.moe.edu.tw/searchP.jsp?SN=%E3%84%8F&SN2=%E3%84%8F%E3%84%A0%CB%8B&word=%E8%80%97"
"ㄏㄠˋ","皓","","4","待補充","https://dict.concised.moe.edu.tw/searchP.jsp?SN=%E3%84%8F&SN2=%E3%84%8F%E3%84%A0%CB%8B&word=%E7%9A%93"
"ㄏㄠˋ","號","","11","待補充","https://dict.concised.moe.edu.tw/searchP.jsp?SN=%E3%84%8F&SN2=%E3%84%8F%E3%84%A0%CB%8B&word=%E8%99%9F"
"ㄏㄠˋ","鎬","","1","待補充","https://dict.concised.moe.edu.tw/searchP.jsp?SN=%E3%84%8F&SN2=%E3%84%8F%E3%84%A0%CB%8B&word=%E9%8E%AC"
"ㄏㄠˋ","顥","","1","待補充","https://dict.concised.moe.edu.tw/searchP.jsp?SN=%E3%84%8F&SN2=%E3%84%8F%E3%84%A0%CB%8B&word=%E9%A1%A5"
"ㄏㄠˋ","灝","","1","待補充","https://dict.concised.moe.edu.tw/searchP.jsp?SN=%E3%84%8F&SN2=%E3%84%8F%E3%84%A0%CB%8B&word=%E7%81%9D"
"ㄏㄡˇ","吼","","3","待補充","https://dict.concised.moe.edu.tw/searchP.jsp?SN=%E3%84%8F&SN2=%E3%84%8F%E3%84%A1%CB%87&word=%E5%90%BC"
"ㄏㄡˊ","侯","","1","待補充","https://dict.concised.moe.edu.tw/searchP.jsp?SN=%E3%84%8F&SN2=%E3%84%8F%E3%84%A1%CB%8A&word=%E4%BE%AF"
"ㄏㄡˊ","喉","","3","待補充","https://dict.concised.moe.edu.tw/searchP.jsp?SN=%E3%84%8F&SN2=%E3%84%8F%E3%84%A1%CB%8A&word=%E5%96%89"
"ㄏㄡˊ","猴","","4","待補充","https://dict.concised.moe.edu.tw/searchP.jsp?SN=%E3%84%8F&SN2=%E3%84%8F%E3%84%A1%CB%8A&word=%E7%8C%B4"
"ㄏㄡˊ","篌","","1","待補充","https://dict.concised.moe.edu.tw/searchP.jsp?SN=%E3%84%8F&SN2=%E3%84%8F%E3%84%A1%CB%8A&word=%E7%AF%8C"
"ㄏㄡˋ","后","","3","待補充","https://dict.concised.moe.edu.tw/searchP.jsp?SN=%E3%84%8F&SN2=%E3%84%8F%E3%84%A1%CB%8B&word=%E5%90%8E"
"ㄏㄡˋ","厚","","13","待補充","https://dict.concised.moe.edu.tw/searchP.jsp?SN=%E3%84%8F&SN2=%E3%84%8F%E3%84%A1%CB%8B&word=%E5%8E%9A"
"ㄏㄡˋ","後","","20","待補充","https://dict.concised.moe.edu.tw/searchP.jsp?SN=%E3%84%8F&SN2=%E3%84%8F%E3%84%A1%CB%8B&word=%E5%BE%8C"
"ㄏㄡˋ","候","","7","待補充","https://dict.concised.moe.edu.tw/searchP.jsp?SN=%E3%84%8F&SN2=%E3%84%8F%E3%84%A1%CB%8B&word=%E5%80%99"
"ㄏㄡˋ","逅","","1","待補充","https://dict.concised.moe.edu.tw/searchP.jsp?SN=%E3%84%8F&SN2=%E3%84%8F%E3%84%A1%CB%8B&word=%E9%80%85"
"ㄏㄢ","蚶","","1","待補充","https://dict.concised.moe.edu.tw/searchP.jsp?SN=%E3%84%8F&SN2=%E3%84%8F%E3%84%A2&word=%E8%9A%B6"
"ㄏㄢ","酣","","5","待補充","https://dict.concised.moe.edu.tw/searchP.jsp?SN=%E3%84%8F&SN2=%E3%84%8F%E3%84%A2&word=%E9%85%A3"
"ㄏㄢ","頇","","1","待補充","https://dict.concised.moe.edu.tw/searchP.jsp?SN=%E3%84%8F&SN2=%E3%84%8F%E3%84%A2&word=%E9%A0%87"
"ㄏㄢ","憨","","2","待補充","https://dict.concised.moe.edu.tw/searchP.jsp?SN=%E3%84%8F&SN2=%E3%84%8F%E3%84%A2&word=%E6%86%A8"
"ㄏㄢ","鼾","","2","待補充","https://dict.concised.moe.edu.tw/searchP.jsp?SN=%E3%84%8F&SN2=%E3%84%8F%E3%84%A2&word=%E9%BC%BE"
"ㄏㄢˇ","罕","","4","待補充","https://dict.concised.moe.edu.tw/searchP.jsp?SN=%E3%84%8F&SN2=%E3%84%8F%E3%84%A2%CB%87&word=%E7%BD%95"
"ㄏㄢˇ","喊","","5","待補充","https://dict.concised.moe.edu.tw/searchP.jsp?SN=%E3%84%8F&SN2=%E3%84%8F%E3%84%A2%CB%87&word=%E5%96%8A"
"ㄏㄢˊ","汗","","1","待補充","https://dict.concised.moe.edu.tw/searchP.jsp?SN=%E3%84%8F&SN2=%E3%84%8F%E3%84%A2%CB%8A&word=%E6%B1%97"
"ㄏㄢˊ","含","","20","待補充","https://dict.concised.moe.edu.tw/searchP.jsp?SN=%E3%84%8F&SN2=%E3%84%8F%E3%84%A2%CB%8A&word=%E5%90%AB"
"ㄏㄢˊ","函","","5","待補充","https://dict.concised.moe.edu.tw/searchP.jsp?SN=%E3%84%8F&SN2=%E3%84%8F%E3%84%A2%CB%8A&word=%E5%87%BD"
"ㄏㄢˊ","邯","","3","待補充","https://dict.concised.moe.edu.tw/searchP.jsp?SN=%E3%84%8F&SN2=%E3%84%8F%E3%84%A2%CB%8A&word=%E9%82%AF"
"ㄏㄢˊ","涵","","5","待補充","https://dict.concised.moe.edu.tw/searchP.jsp?SN=%E3%84%8F&SN2=%E3%84%8F%E3%84%A2%CB%8A&word=%E6%B6%B5"
"ㄏㄢˊ","寒","","20","待補充","https://dict.concised.moe.edu.tw/searchP.jsp?SN=%E3%84%8F&SN2=%E3%84%8F%E3%84%A2%CB%8A&word=%E5%AF%92"
"ㄏㄢˊ","幹","","1","待補充","https://dict.concised.moe.edu.tw/searchP.jsp?SN=%E3%84%8F&SN2=%E3%84%8F%E3%84%A2%CB%8A&word=%E5%B9%B9"
"ㄏㄢˊ","榦","","1","待補充","https://dict.concised.moe.edu.tw/searchP.jsp?SN=%E3%84%8F&SN2=%E3%84%8F%E3%84%A2%CB%8A&word=%E6%A6%A6"
"ㄏㄢˊ","韓","","2","待補充","https://dict.concised.moe.edu.tw/searchP.jsp?SN=%E3%84%8F&SN2=%E3%84%8F%E3%84%A2%CB%8A&word=%E9%9F%93"
"ㄏㄢˋ","扞","","2","待補充","https://dict.concised.moe.edu.tw/searchP.jsp?SN=%E3%84%8F&SN2=%E3%84%8F%E3%84%A2%CB%8B&word=%E6%89%9E"
"ㄏㄢˋ","汗","","13","待補充","https://dict.concised.moe.edu.tw/searchP.jsp?SN=%E3%84%8F&SN2=%E3%84%8F%E3%84%A2%CB%8B&word=%E6%B1%97"
"ㄏㄢˋ","旱","","6","待補充","https://dict.concised.moe.edu.tw/searchP.jsp?SN=%E3%84%8F&SN2=%E3%84%8F%E3%84%A2%CB%8B&word=%E6%97%B1"
"ㄏㄢˋ","和","","1","待補充","https://dict.concised.moe.edu.tw/searchP.jsp?SN=%E3%84%8F&SN2=%E3%84%8F%E3%84%A2%CB%8B&word=%E5%92%8C"
"ㄏㄢˋ","悍","","4","待補充","https://dict.concised.moe.edu.tw/searchP.jsp?SN=%E3%84%8F&SN2=%E3%84%8F%E3%84%A2%CB%8B&word=%E6%82%8D"
"ㄏㄢˋ","捍","","2","待補充","https://dict.concised.moe.edu.tw/searchP.jsp?SN=%E3%84%8F&SN2=%E3%84%8F%E3%84%A2%CB%8B&word=%E6%8D%8D"
"ㄏㄢˋ","焊","","1","待補充","https://dict.concised.moe.edu.tw/searchP.jsp?SN=%E3%84%8F&SN2=%E3%84%8F%E3%84%A2%CB%8B&word=%E7%84%8A"
"ㄏㄢˋ","菡","","2","待補充","https://dict.concised.moe.edu.tw/searchP.jsp?SN=%E3%84%8F&SN2=%E3%84%8F%E3%84%A2%CB%8B&word=%E8%8F%A1"
"ㄏㄢˋ","漢","","11","待補充","https://dict.concised.moe.edu.tw/searchP.jsp?SN=%E3%84%8F&SN2=%E3%84%8F%E3%84%A2%CB%8B&word=%E6%BC%A2"
"ㄏㄢˋ","銲","","2","待補充","https://dict.concised.moe.edu.tw/searchP.jsp?SN=%E3%84%8F&SN2=%E3%84%8F%E3%84%A2%CB%8B&word=%E9%8A%B2"
"ㄏㄢˋ","憾","","3","待補充","https://dict.concised.moe.edu.tw/searchP.jsp?SN=%E3%84%8F&SN2=%E3%84%8F%E3%84%A2%CB%8B&word=%E6%86%BE"
"ㄏㄢˋ","撼","","2","待補充","https://dict.concised.moe.edu.tw/searchP.jsp?SN=%E3%84%8F&SN2=%E3%84%8F%E3%84%A2%CB%8B&word=%E6%92%BC"
"ㄏㄢˋ","翰","","4","待補充","https://dict.concised.moe.edu.tw/searchP.jsp?SN=%E3%84%8F&SN2=%E3%84%8F%E3%84%A2%CB%8B&word=%E7%BF%B0"
"ㄏㄢˋ","頷","","2","待補充","https://dict.concised.moe.edu.tw/searchP.jsp?SN=%E3%84%8F&SN2=%E3%84%8F%E3%84%A2%CB%8B&word=%E9%A0%B7"
"ㄏㄢˋ","瀚","","1","待補充","https://dict.concised.moe.edu.tw/searchP.jsp?SN=%E3%84%8F&SN2=%E3%84%8F%E3%84%A2%CB%8B&word=%E7%80%9A"
"ㄏㄣˇ","很","","1","待補充","https://dict.concised.moe.edu.tw/searchP.jsp?SN=%E3%84%8F&SN2=%E3%84%8F%E3%84%A3%CB%87&word=%E5%BE%88"
"ㄏㄣˇ","狠","","4","待補充","https://dict.concised.moe.edu.tw/searchP.jsp?SN=%E3%84%8F&SN2=%E3%84%8F%E3%84%A3%CB%87&word=%E7%8B%A0"
"ㄏㄣˊ","痕","","2","待補充","https://dict.concised.moe.edu.tw/searchP.jsp?SN=%E3%84%8F&SN2=%E3%84%8F%E3%84%A3%CB%8A&word=%E7%97%95"
"ㄏㄣˋ","恨","","4","待補充","https://dict.concised.moe.edu.tw/searchP.jsp?SN=%E3%84%8F&SN2=%E3%84%8F%E3%84%A3%CB%8B&word=%E6%81%A8"
"ㄏㄤ","夯","","1","待補充","https://dict.concised.moe.edu.tw/searchP.jsp?SN=%E3%84%8F&SN2=%E3%84%8F%E3%84%A4&word=%E5%A4%AF"
"ㄏㄤˊ","行","","12","待補充","https://dict.concised.moe.edu.tw/searchP.jsp?SN=%E3%84%8F&SN2=%E3%84%8F%E3%84%A4%CB%8A&word=%E8%A1%8C"
"ㄏㄤˊ","吭","","1","待補充","https://dict.concised.moe.edu.tw/searchP.jsp?SN=%E3%84%8F&SN2=%E3%84%8F%E3%84%A4%CB%8A&word=%E5%90%AD"
"ㄏㄤˊ","杭","","1","待補充","https://dict.concised.moe.edu.tw/searchP.jsp?SN=%E3%84%8F&SN2=%E3%84%8F%E3%84%A4%CB%8A&word=%E6%9D%AD"
"ㄏㄤˊ","迒","","1","待補充","https://dict.concised.moe.edu.tw/searchP.jsp?SN=%E3%84%8F&SN2=%E3%84%8F%E3%84%A4%CB%8A&word=%E8%BF%92"
"ㄏㄤˊ","航","","18","待補充","https://dict.concised.moe.edu.tw/searchP.jsp?SN=%E3%84%8F&SN2=%E3%84%8F%E3%84%A4%CB%8A&word=%E8%88%AA"
"ㄏㄤˊ","頏","","1","待補充","https://dict.concised.moe.edu.tw/searchP.jsp?SN=%E3%84%8F&SN2=%E3%84%8F%E3%84%A4%CB%8A&word=%E9%A0%8F"
"ㄏㄤˋ","行","","2","待補充","https://dict.concised.moe.edu.tw/searchP.jsp?SN=%E3%84%8F&SN2=%E3%84%8F%E3%84%A4%CB%8B&word=%E8%A1%8C"
"ㄏㄤˋ","沆","","3","待補充","https://dict.concised.moe.edu.tw/searchP.jsp?SN=%E3%84%8F&SN2=%E3%84%8F%E3%84%A4%CB%8B&word=%E6%B2%86"
"ㄏㄥ","亨","","2","待補充","https://dict.concised.moe.edu.tw/searchP.jsp?SN=%E3%84%8F&SN2=%E3%84%8F%E3%84%A5&word=%E4%BA%A8"
"ㄏㄥ","哼","","1","待補充","https://dict.concised.moe.edu.tw/searchP.jsp?SN=%E3%84%8F&SN2=%E3%84%8F%E3%84%A5&word=%E5%93%BC"
"ㄏㄥˊ","姮","","2","待補充","https://dict.concised.moe.edu.tw/searchP.jsp?SN=%E3%84%8F&SN2=%E3%84%8F%E3%84%A5%CB%8A&word=%E5%A7%AE"
"ㄏㄥˊ","恆","","7","待補充","https://dict.concised.moe.edu.tw/searchP.jsp?SN=%E3%84%8F&SN2=%E3%84%8F%E3%84%A5%CB%8A&word=%E6%81%86"
"ㄏㄥˊ","桁","","1","待補充","https://dict.concised.moe.edu.tw/searchP.jsp?SN=%E3%84%8F&SN2=%E3%84%8F%E3%84%A5%CB%8A&word=%E6%A1%81"
"ㄏㄥˊ","珩","","1","待補充","https://dict.concised.moe.edu.tw/searchP.jsp?SN=%E3%84%8F&SN2=%E3%84%8F%E3%84%A5%CB%8A&word=%E7%8F%A9"
"ㄏㄥˊ","橫","","20","待補充","https://dict.concised.moe.edu.tw/searchP.jsp?SN=%E3%84%8F&SN2=%E3%84%8F%E3%84%A5%CB%8A&word=%E6%A9%AB"
"ㄏㄥˊ","衡","","2","待補充","https://dict.concised.moe.edu.tw/searchP.jsp?SN=%E3%84%8F&SN2=%E3%84%8F%E3%84%A5%CB%8A&word=%E8%A1%A1"
"ㄏㄥˊ","蘅","","1","待補充","https://dict.concised.moe.edu.tw/searchP.jsp?SN=%E3%84%8F&SN2=%E3%84%8F%E3%84%A5%CB%8A&word=%E8%98%85"
"ㄏㄥˋ","橫","","8","待補充","https://dict.concised.moe.edu.tw/searchP.jsp?SN=%E3%84%8F&SN2=%E3%84%8F%E3%84%A5%CB%8B&word=%E6%A9%AB"
"ㄏㄨ","乎","","1","待補充","https://dict.concised.moe.edu.tw/searchP.jsp?SN=%E3%84%8F&SN2=%E3%84%8F%E3%84%A8&word=%E4%B9%8E"
"ㄏㄨ","呼","","19","待補充","https://dict.concised.moe.edu.tw/searchP.jsp?SN=%E3%84%8F&SN2=%E3%84%8F%E3%84%A8&word=%E5%91%BC"
"ㄏㄨ","忽","","6","待補充","https://dict.concised.moe.edu.tw/searchP.jsp?SN=%E3%84%8F&SN2=%E3%84%8F%E3%84%A8&word=%E5%BF%BD"
"ㄏㄨ","虎","","15","待補充","https://dict.concised.moe.edu.tw/searchP.jsp?SN=%E3%84%8F&SN2=%E3%84%8F%E3%84%A8&word=%E8%99%8E"
"ㄏㄨ","惚","","1","待補充","https://dict.concised.moe.edu.tw/searchP.jsp?SN=%E3%84%8F&SN2=%E3%84%8F%E3%84%A8&word=%E6%83%9A"
"ㄏㄨ","戲","","1","待補充","https://dict.concised.moe.edu.tw/searchP.jsp?SN=%E3%84%8F&SN2=%E3%84%8F%E3%84%A8&word=%E6%88%B2"
"ㄏㄨˇ","虎","","15","待補充","https://dict.concised.moe.edu.tw/searchP.jsp?SN=%E3%84%8F&SN2=%E3%84%8F%E3%84%A8%CB%87&word=%E8%99%8E"
"ㄏㄨˇ","唬","","2","待補充","https://dict.concised.moe.edu.tw/searchP.jsp?SN=%E3%84%8F&SN2=%E3%84%8F%E3%84%A8%CB%87&word=%E5%94%AC"
"ㄏㄨˇ","琥","","2","待補充","https://dict.concised.moe.edu.tw/searchP.jsp?SN=%E3%84%8F&SN2=%E3%84%8F%E3%84%A8%CB%87&word=%E7%90%A5"
"ㄏㄨˇ","滸","","1","待補充","https://dict.concised.moe.edu.tw/searchP.jsp?SN=%E3%84%8F&SN2=%E3%84%8F%E3%84%A8%CB%87&word=%E6%BB%B8"
"ㄏㄨˊ","囫","","3","待補充","https://dict.concised.moe.edu.tw/searchP.jsp?SN=%E3%84%8F&SN2=%E3%84%8F%E3%84%A8%CB%8A&word=%E5%9B%AB"
"ㄏㄨˊ","和","","1","待補充","https://dict.concised.moe.edu.tw/searchP.jsp?SN=%E3%84%8F&SN2=%E3%84%8F%E3%84%A8%CB%8A&word=%E5%92%8C"
"ㄏㄨˊ","弧","","3","待補充","https://dict.concised.moe.edu.tw/searchP.jsp?SN=%E3%84%8F&SN2=%E3%84%8F%E3%84%A8%CB%8A&word=%E5%BC%A7"
"ㄏㄨˊ","狐","","8","待補充","https://dict.concised.moe.edu.tw/searchP.jsp?SN=%E3%84%8F&SN2=%E3%84%8F%E3%84%A8%CB%8A&word=%E7%8B%90"
"ㄏㄨˊ","胡","","19","待補充","https://dict.concised.moe.edu.tw/searchP.jsp?SN=%E3%84%8F&SN2=%E3%84%8F%E3%84%A8%CB%8A&word=%E8%83%A1"
"ㄏㄨˊ","斛","","1","待補充","https://dict.concised.moe.edu.tw/searchP.jsp?SN=%E3%84%8F&SN2=%E3%84%8F%E3%84%A8%CB%8A&word=%E6%96%9B"
"ㄏㄨˊ","壺","","1","待補充","https://dict.concised.moe.edu.tw/searchP.jsp?SN=%E3%84%8F&SN2=%E3%84%8F%E3%84%A8%CB%8A&word=%E5%A3%BA"
"ㄏㄨˊ","湖","","5","待補充","https://dict.concised.moe.edu.tw/searchP.jsp?SN=%E3%84%8F&SN2=%E3%84%8F%E3%84%A8%CB%8A&word=%E6%B9%96"
"ㄏㄨˊ","猢","","2","待補充","https://dict.concised.moe.edu.tw/searchP.jsp?SN=%E3%84%8F&SN2=%E3%84%8F%E3%84%A8%CB%8A&word=%E7%8C%A2"
"ㄏㄨˊ","瑚","","1","待補充","https://dict.concised.moe.edu.tw/searchP.jsp?SN=%E3%84%8F&SN2=%E3%84%8F%E3%84%A8%CB%8A&word=%E7%91%9A"
"ㄏㄨˊ","葫","","2","待補充","https://dict.concised.moe.edu.tw/searchP.jsp?SN=%E3%84%8F&SN2=%E3%84%8F%E3%84%A8%CB%8A&word=%E8%91%AB"
"ㄏㄨˊ","糊","","3","待補充","https://dict.concised.moe.edu.tw/searchP.jsp?SN=%E3%84%8F&SN2=%E3%84%8F%E3%84%A8%CB%8A&word=%E7%B3%8A"
"ㄏㄨˊ","蝴","蝴蝶","4","已有可用詞","https://dict.concised.moe.edu.tw/searchP.jsp?SN=%E3%84%8F&SN2=%E3%84%8F%E3%84%A8%CB%8A&word=%E8%9D%B4"
"ㄏㄨˊ","衚","","2","待補充","https://dict.concised.moe.edu.tw/searchP.jsp?SN=%E3%84%8F&SN2=%E3%84%8F%E3%84%A8%CB%8A&word=%E8%A1%9A"
"ㄏㄨˊ","醐","","1","待補充","https://dict.concised.moe.edu.tw/searchP.jsp?SN=%E3%84%8F&SN2=%E3%84%8F%E3%84%A8%CB%8A&word=%E9%86%90"
"ㄏㄨˊ","觳","","2","待補充","https://dict.concised.moe.edu.tw/searchP.jsp?SN=%E3%84%8F&SN2=%E3%84%8F%E3%84%A8%CB%8A&word=%E8%A7%B3"
"ㄏㄨˊ","餬","","2","待補充","https://dict.concised.moe.edu.tw/searchP.jsp?SN=%E3%84%8F&SN2=%E3%84%8F%E3%84%A8%CB%8A&word=%E9%A4%AC"
"ㄏㄨˊ","鵠","","2","待補充","https://dict.concised.moe.edu.tw/searchP.jsp?SN=%E3%84%8F&SN2=%E3%84%8F%E3%84%A8%CB%8A&word=%E9%B5%A0"
"ㄏㄨˊ","鬍","","3","待補充","https://dict.concised.moe.edu.tw/searchP.jsp?SN=%E3%84%8F&SN2=%E3%84%8F%E3%84%A8%CB%8A&word=%E9%AC%8D"
"ㄏㄨˊ","鶘","","1","待補充","https://dict.concised.moe.edu.tw/searchP.jsp?SN=%E3%84%8F&SN2=%E3%84%8F%E3%84%A8%CB%8A&word=%E9%B6%98"
"ㄏㄨˊ","鶻","","1","待補充","https://dict.concised.moe.edu.tw/searchP.jsp?SN=%E3%84%8F&SN2=%E3%84%8F%E3%84%A8%CB%8A&word=%E9%B6%BB"
"ㄏㄨˋ","互","","18","待補充","https://dict.concised.moe.edu.tw/searchP.jsp?SN=%E3%84%8F&SN2=%E3%84%8F%E3%84%A8%CB%8B&word=%E4%BA%92"
"ㄏㄨˋ","戶","","13","待補充","https://dict.concised.moe.edu.tw/searchP.jsp?SN=%E3%84%8F&SN2=%E3%84%8F%E3%84%A8%CB%8B&word=%E6%88%B6"
"ㄏㄨˋ","怙","","1","待補充","https://dict.concised.moe.edu.tw/searchP.jsp?SN=%E3%84%8F&SN2=%E3%84%8F%E3%84%A8%CB%8B&word=%E6%80%99"
"ㄏㄨˋ","戽","","2","待補充","https://dict.concised.moe.edu.tw/searchP.jsp?SN=%E3%84%8F&SN2=%E3%84%8F%E3%84%A8%CB%8B&word=%E6%88%BD"
"ㄏㄨˋ","祜","","1","待補充","https://dict.concised.moe.edu.tw/searchP.jsp?SN=%E3%84%8F&SN2=%E3%84%8F%E3%84%A8%CB%8B&word=%E7%A5%9C"
"ㄏㄨˋ","笏","","1","待補充","https://dict.concised.moe.edu.tw/searchP.jsp?SN=%E3%84%8F&SN2=%E3%84%8F%E3%84%A8%CB%8B&word=%E7%AC%8F"
"ㄏㄨˋ","扈","","2","待補充","https://dict.concised.moe.edu.tw/searchP.jsp?SN=%E3%84%8F&SN2=%E3%84%8F%E3%84%A8%CB%8B&word=%E6%89%88"
"ㄏㄨˋ","瓠","","1","待補充","https://dict.concised.moe.edu.tw/searchP.jsp?SN=%E3%84%8F&SN2=%E3%84%8F%E3%84%A8%CB%8B&word=%E7%93%A0"
"ㄏㄨˋ","滬","","1","待補充","https://dict.concised.moe.edu.tw/searchP.jsp?SN=%E3%84%8F&SN2=%E3%84%8F%E3%84%A8%CB%8B&word=%E6%BB%AC"
"ㄏㄨˋ","護","","18","待補充","https://dict.concised.moe.edu.tw/searchP.jsp?SN=%E3%84%8F&SN2=%E3%84%8F%E3%84%A8%CB%8B&word=%E8%AD%B7"
"ㄏㄨㄚ","化","","19","待補充","https://dict.concised.moe.edu.tw/searchP.jsp?SN=%E3%84%8F&SN2=%E3%84%8F%E3%84%A8%E3%84%9A&word=%E5%8C%96"
"ㄏㄨㄚ","花","花朵","20","已有可用詞","https://dict.concised.moe.edu.tw/searchP.jsp?SN=%E3%84%8F&SN2=%E3%84%8F%E3%84%A8%E3%84%9A&word=%E8%8A%B1"
"ㄏㄨㄚ","華","","16","待補充","https://dict.concised.moe.edu.tw/searchP.jsp?SN=%E3%84%8F&SN2=%E3%84%8F%E3%84%A8%E3%84%9A&word=%E8%8F%AF"
"ㄏㄨㄚ","嘩","","4","待補充","https://dict.concised.moe.edu.tw/searchP.jsp?SN=%E3%84%8F&SN2=%E3%84%8F%E3%84%A8%E3%84%9A&word=%E5%98%A9"
"ㄏㄨㄚˊ","划","","6","待補充","https://dict.concised.moe.edu.tw/searchP.jsp?SN=%E3%84%8F&SN2=%E3%84%8F%E3%84%A8%E3%84%9A%CB%8A&word=%E5%88%92"
"ㄏㄨㄚˊ","華","","14","待補充","https://dict.concised.moe.edu.tw/searchP.jsp?SN=%E3%84%8F&SN2=%E3%84%8F%E3%84%A8%E3%84%9A%CB%8A&word=%E8%8F%AF"
"ㄏㄨㄚˊ","滑","","20","待補充","https://dict.concised.moe.edu.tw/searchP.jsp?SN=%E3%84%8F&SN2=%E3%84%8F%E3%84%A8%E3%84%9A%CB%8A&word=%E6%BB%91"
"ㄏㄨㄚˊ","猾","","1","待補充","https://dict.concised.moe.edu.tw/searchP.jsp?SN=%E3%84%8F&SN2=%E3%84%8F%E3%84%A8%E3%84%9A%CB%8A&word=%E7%8C%BE"
"ㄏㄨㄚˊ","劃","","2","待補充","https://dict.concised.moe.edu.tw/searchP.jsp?SN=%E3%84%8F&SN2=%E3%84%8F%E3%84%A8%E3%84%9A%CB%8A&word=%E5%8A%83"
"ㄏㄨㄚˊ","嘩","","1","待補充","https://dict.concised.moe.edu.tw/searchP.jsp?SN=%E3%84%8F&SN2=%E3%84%8F%E3%84%A8%E3%84%9A%CB%8A&word=%E5%98%A9"
"ㄏㄨㄚˊ","豁","","1","待補充","https://dict.concised.moe.edu.tw/searchP.jsp?SN=%E3%84%8F&SN2=%E3%84%8F%E3%84%A8%E3%84%9A%CB%8A&word=%E8%B1%81"
"ㄏㄨㄚˊ","譁","","4","待補充","https://dict.concised.moe.edu.tw/searchP.jsp?SN=%E3%84%8F&SN2=%E3%84%8F%E3%84%A8%E3%84%9A%CB%8A&word=%E8%AD%81"
"ㄏㄨㄚˊ","驊","","2","待補充","https://dict.concised.moe.edu.tw/searchP.jsp?SN=%E3%84%8F&SN2=%E3%84%8F%E3%84%A8%E3%84%9A%CB%8A&word=%E9%A9%8A"
"ㄏㄨㄚˋ","化","","20","待補充","https://dict.concised.moe.edu.tw/searchP.jsp?SN=%E3%84%8F&SN2=%E3%84%8F%E3%84%A8%E3%84%9A%CB%8B&word=%E5%8C%96"
"ㄏㄨㄚˋ","畫","","20","待補充","https://dict.concised.moe.edu.tw/searchP.jsp?SN=%E3%84%8F&SN2=%E3%84%8F%E3%84%A8%E3%84%9A%CB%8B&word=%E7%95%AB"
"ㄏㄨㄚˋ","華","","3","待補充","https://dict.concised.moe.edu.tw/searchP.jsp?SN=%E3%84%8F&SN2=%E3%84%8F%E3%84%A8%E3%84%9A%CB%8B&word=%E8%8F%AF"
"ㄏㄨㄚˋ","話","","15","待補充","https://dict.concised.moe.edu.tw/searchP.jsp?SN=%E3%84%8F&SN2=%E3%84%8F%E3%84%A8%E3%84%9A%CB%8B&word=%E8%A9%B1"
"ㄏㄨㄚˋ","劃","","11","待補充","https://dict.concised.moe.edu.tw/searchP.jsp?SN=%E3%84%8F&SN2=%E3%84%8F%E3%84%A8%E3%84%9A%CB%8B&word=%E5%8A%83"
"ㄏㄨㄚˋ","樺","","1","待補充","https://dict.concised.moe.edu.tw/searchP.jsp?SN=%E3%84%8F&SN2=%E3%84%8F%E3%84%A8%E3%84%9A%CB%8B&word=%E6%A8%BA"
"ㄏㄨㄛˇ","火","","20","待補充","https://dict.concised.moe.edu.tw/searchP.jsp?SN=%E3%84%8F&SN2=%E3%84%8F%E3%84%A8%E3%84%9B%CB%87&word=%E7%81%AB"
"ㄏㄨㄛˇ","伙","","5","待補充","https://dict.concised.moe.edu.tw/searchP.jsp?SN=%E3%84%8F&SN2=%E3%84%8F%E3%84%A8%E3%84%9B%CB%87&word=%E4%BC%99"
"ㄏㄨㄛˇ","夥","","4","待補充","https://dict.concised.moe.edu.tw/searchP.jsp?SN=%E3%84%8F&SN2=%E3%84%8F%E3%84%A8%E3%84%9B%CB%87&word=%E5%A4%A5"
"ㄏㄨㄛˊ","活","","20","待補充","https://dict.concised.moe.edu.tw/searchP.jsp?SN=%E3%84%8F&SN2=%E3%84%8F%E3%84%A8%E3%84%9B%CB%8A&word=%E6%B4%BB"
"ㄏㄨㄛˋ","和","","2","待補充","https://dict.concised.moe.edu.tw/searchP.jsp?SN=%E3%84%8F&SN2=%E3%84%8F%E3%84%A8%E3%84%9B%CB%8B&word=%E5%92%8C"
"ㄏㄨㄛˋ","或","","6","待補充","https://dict.concised.moe.edu.tw/searchP.jsp?SN=%E3%84%8F&SN2=%E3%84%8F%E3%84%A8%E3%84%9B%CB%8B&word=%E6%88%96"
"ㄏㄨㄛˋ","貨","","20","待補充","https://dict.concised.moe.edu.tw/searchP.jsp?SN=%E3%84%8F&SN2=%E3%84%8F%E3%84%A8%E3%84%9B%CB%8B&word=%E8%B2%A8"
"ㄏㄨㄛˋ","惑","","2","待補充","https://dict.concised.moe.edu.tw/searchP.jsp?SN=%E3%84%8F&SN2=%E3%84%8F%E3%84%A8%E3%84%9B%CB%8B&word=%E6%83%91"
"ㄏㄨㄛˋ","禍","","13","待補充","https://dict.concised.moe.edu.tw/searchP.jsp?SN=%E3%84%8F&SN2=%E3%84%8F%E3%84%A8%E3%84%9B%CB%8B&word=%E7%A6%8D"
"ㄏㄨㄛˋ","霍","","4","待補充","https://dict.concised.moe.edu.tw/searchP.jsp?SN=%E3%84%8F&SN2=%E3%84%8F%E3%84%A8%E3%84%9B%CB%8B&word=%E9%9C%8D"
"ㄏㄨㄛˋ","壑","","1","待補充","https://dict.concised.moe.edu.tw/searchP.jsp?SN=%E3%84%8F&SN2=%E3%84%8F%E3%84%A8%E3%84%9B%CB%8B&word=%E5%A3%91"
"ㄏㄨㄛˋ","獲","","15","待補充","https://dict.concised.moe.edu.tw/searchP.jsp?SN=%E3%84%8F&SN2=%E3%84%8F%E3%84%A8%E3%84%9B%CB%8B&word=%E7%8D%B2"
"ㄏㄨㄛˋ","豁","","7","待補充","https://dict.concised.moe.edu.tw/searchP.jsp?SN=%E3%84%8F&SN2=%E3%84%8F%E3%84%A8%E3%84%9B%CB%8B&word=%E8%B1%81"
"ㄏㄨㄛˋ","矱","","1","待補充","https://dict.concised.moe.edu.tw/searchP.jsp?SN=%E3%84%8F&SN2=%E3%84%8F%E3%84%A8%E3%84%9B%CB%8B&word=%E7%9F%B1"
"ㄏㄨㄛˋ","穫","","1","待補充","https://dict.concised.moe.edu.tw/searchP.jsp?SN=%E3%84%8F&SN2=%E3%84%8F%E3%84%A8%E3%84%9B%CB%8B&word=%E7%A9%AB"
"ㄏㄨㄛˋ","鑊","","1","待補充","https://dict.concised.moe.edu.tw/searchP.jsp?SN=%E3%84%8F&SN2=%E3%84%8F%E3%84%A8%E3%84%9B%CB%8B&word=%E9%91%8A"
"ㄏㄨㄞˊ","徊","","1","待補充","https://dict.concised.moe.edu.tw/searchP.jsp?SN=%E3%84%8F&SN2=%E3%84%8F%E3%84%A8%E3%84%9E%CB%8A&word=%E5%BE%8A"
"ㄏㄨㄞˊ","淮","","1","待補充","https://dict.concised.moe.edu.tw/searchP.jsp?SN=%E3%84%8F&SN2=%E3%84%8F%E3%84%A8%E3%84%9E%CB%8A&word=%E6%B7%AE"
"ㄏㄨㄞˊ","槐","","1","待補充","https://dict.concised.moe.edu.tw/searchP.jsp?SN=%E3%84%8F&SN2=%E3%84%8F%E3%84%A8%E3%84%9E%CB%8A&word=%E6%A7%90"
"ㄏㄨㄞˊ","踝","","2","待補充","https://dict.concised.moe.edu.tw/searchP.jsp?SN=%E3%84%8F&SN2=%E3%84%8F%E3%84%A8%E3%84%9E%CB%8A&word=%E8%B8%9D"
"ㄏㄨㄞˊ","懷","","13","待補充","https://dict.concised.moe.edu.tw/searchP.jsp?SN=%E3%84%8F&SN2=%E3%84%8F%E3%84%A8%E3%84%9E%CB%8A&word=%E6%87%B7"
"ㄏㄨㄞˋ","壞","","10","待補充","https://dict.concised.moe.edu.tw/searchP.jsp?SN=%E3%84%8F&SN2=%E3%84%8F%E3%84%A8%E3%84%9E%CB%8B&word=%E5%A3%9E"
"ㄏㄨㄟ","灰","","12","待補充","https://dict.concised.moe.edu.tw/searchP.jsp?SN=%E3%84%8F&SN2=%E3%84%8F%E3%84%A8%E3%84%9F&word=%E7%81%B0"
"ㄏㄨㄟ","恢","","4","待補充","https://dict.concised.moe.edu.tw/searchP.jsp?SN=%E3%84%8F&SN2=%E3%84%8F%E3%84%A8%E3%84%9F&word=%E6%81%A2"
"ㄏㄨㄟ","虺","","2","待補充","https://dict.concised.moe.edu.tw/searchP.jsp?SN=%E3%84%8F&SN2=%E3%84%8F%E3%84%A8%E3%84%9F&word=%E8%99%BA"
"ㄏㄨㄟ","揮","","19","待補充","https://dict.concised.moe.edu.tw/searchP.jsp?SN=%E3%84%8F&SN2=%E3%84%8F%E3%84%A8%E3%84%9F&word=%E6%8F%AE"
"ㄏㄨㄟ","暉","","1","待補充","https://dict.concised.moe.edu.tw/searchP.jsp?SN=%E3%84%8F&SN2=%E3%84%8F%E3%84%A8%E3%84%9F&word=%E6%9A%89"
"ㄏㄨㄟ","詼","","2","待補充","https://dict.concised.moe.edu.tw/searchP.jsp?SN=%E3%84%8F&SN2=%E3%84%8F%E3%84%A8%E3%84%9F&word=%E8%A9%BC"
"ㄏㄨㄟ","輝","","3","待補充","https://dict.concised.moe.edu.tw/searchP.jsp?SN=%E3%84%8F&SN2=%E3%84%8F%E3%84%A8%E3%84%9F&word=%E8%BC%9D"
"ㄏㄨㄟ","麾","","2","待補充","https://dict.concised.moe.edu.tw/searchP.jsp?SN=%E3%84%8F&SN2=%E3%84%8F%E3%84%A8%E3%84%9F&word=%E9%BA%BE"
"ㄏㄨㄟ","徽","","3","待補充","https://dict.concised.moe.edu.tw/searchP.jsp?SN=%E3%84%8F&SN2=%E3%84%8F%E3%84%A8%E3%84%9F&word=%E5%BE%BD"
"ㄏㄨㄟ","隳","","1","待補充","https://dict.concised.moe.edu.tw/searchP.jsp?SN=%E3%84%8F&SN2=%E3%84%8F%E3%84%A8%E3%84%9F&word=%E9%9A%B3"
"ㄏㄨㄟˇ","虫","","1","待補充","https://dict.concised.moe.edu.tw/searchP.jsp?SN=%E3%84%8F&SN2=%E3%84%8F%E3%84%A8%E3%84%9F%CB%87&word=%E8%99%AB"
"ㄏㄨㄟˇ","虺","","1","待補充","https://dict.concised.moe.edu.tw/searchP.jsp?SN=%E3%84%8F&SN2=%E3%84%8F%E3%84%A8%E3%84%9F%CB%87&word=%E8%99%BA"
"ㄏㄨㄟˇ","悔","","7","待補充","https://dict.concised.moe.edu.tw/searchP.jsp?SN=%E3%84%8F&SN2=%E3%84%8F%E3%84%A8%E3%84%9F%CB%87&word=%E6%82%94"
"ㄏㄨㄟˇ","會","","1","待補充","https://dict.concised.moe.edu.tw/searchP.jsp?SN=%E3%84%8F&SN2=%E3%84%8F%E3%84%A8%E3%84%9F%CB%87&word=%E6%9C%83"
"ㄏㄨㄟˇ","毀","","12","待補充","https://dict.concised.moe.edu.tw/searchP.jsp?SN=%E3%84%8F&SN2=%E3%84%8F%E3%84%A8%E3%84%9F%CB%87&word=%E6%AF%80"
"ㄏㄨㄟˇ","燬","","1","待補充","https://dict.concised.moe.edu.tw/searchP.jsp?SN=%E3%84%8F&SN2=%E3%84%8F%E3%84%A8%E3%84%9F%CB%87&word=%E7%87%AC"
"ㄏㄨㄟˊ","回","","20","待補充","https://dict.concised.moe.edu.tw/searchP.jsp?SN=%E3%84%8F&SN2=%E3%84%8F%E3%84%A8%E3%84%9F%CB%8A&word=%E5%9B%9E"
"ㄏㄨㄟˊ","洄","","2","待補充","https://dict.concised.moe.edu.tw/searchP.jsp?SN=%E3%84%8F&SN2=%E3%84%8F%E3%84%A8%E3%84%9F%CB%8A&word=%E6%B4%84"
"ㄏㄨㄟˊ","茴","","2","待補充","https://dict.concised.moe.edu.tw/searchP.jsp?SN=%E3%84%8F&SN2=%E3%84%8F%E3%84%A8%E3%84%9F%CB%8A&word=%E8%8C%B4"
"ㄏㄨㄟˊ","迴","","13","待補充","https://dict.concised.moe.edu.tw/searchP.jsp?SN=%E3%84%8F&SN2=%E3%84%8F%E3%84%A8%E3%84%9F%CB%8A&word=%E8%BF%B4"
"ㄏㄨㄟˊ","蛔","","2","待補充","https://dict.concised.moe.edu.tw/searchP.jsp?SN=%E3%84%8F&SN2=%E3%84%8F%E3%84%A8%E3%84%9F%CB%8A&word=%E8%9B%94"
"ㄏㄨㄟˋ","卉","","1","待補充","https://dict.concised.moe.edu.tw/searchP.jsp?SN=%E3%84%8F&SN2=%E3%84%8F%E3%84%A8%E3%84%9F%CB%8B&word=%E5%8D%89"
"ㄏㄨㄟˋ","恚","","1","待補充","https://dict.concised.moe.edu.tw/searchP.jsp?SN=%E3%84%8F&SN2=%E3%84%8F%E3%84%A8%E3%84%9F%CB%8B&word=%E6%81%9A"
"ㄏㄨㄟˋ","彗","","2","待補充","https://dict.concised.moe.edu.tw/searchP.jsp?SN=%E3%84%8F&SN2=%E3%84%8F%E3%84%A8%E3%84%9F%CB%8B&word=%E5%BD%97"
"ㄏㄨㄟˋ","晦","","3","待補充","https://dict.concised.moe.edu.tw/searchP.jsp?SN=%E3%84%8F&SN2=%E3%84%8F%E3%84%A8%E3%84%9F%CB%8B&word=%E6%99%A6"
"ㄏㄨㄟˋ","喙","","1","待補充","https://dict.concised.moe.edu.tw/searchP.jsp?SN=%E3%84%8F&SN2=%E3%84%8F%E3%84%A8%E3%84%9F%CB%8B&word=%E5%96%99"
"ㄏㄨㄟˋ","惠","","4","待補充","https://dict.concised.moe.edu.tw/searchP.jsp?SN=%E3%84%8F&SN2=%E3%84%8F%E3%84%A8%E3%84%9F%CB%8B&word=%E6%83%A0"
"ㄏㄨㄟˋ","匯","","11","待補充","https://dict.concised.moe.edu.tw/searchP.jsp?SN=%E3%84%8F&SN2=%E3%84%8F%E3%84%A8%E3%84%9F%CB%8B&word=%E5%8C%AF"
"ㄏㄨㄟˋ","彙","","5","待補充","https://dict.concised.moe.edu.tw/searchP.jsp?SN=%E3%84%8F&SN2=%E3%84%8F%E3%84%A8%E3%84%9F%CB%8B&word=%E5%BD%99"
"ㄏㄨㄟˋ","會","","20","待補充","https://dict.concised.moe.edu.tw/searchP.jsp?SN=%E3%84%8F&SN2=%E3%84%8F%E3%84%A8%E3%84%9F%CB%8B&word=%E6%9C%83"
"ㄏㄨㄟˋ","賄","","4","待補充","https://dict.concised.moe.edu.tw/searchP.jsp?SN=%E3%84%8F&SN2=%E3%84%8F%E3%84%A8%E3%84%9F%CB%8B&word=%E8%B3%84"
"ㄏㄨㄟˋ","誨","","4","待補充","https://dict.concised.moe.edu.tw/searchP.jsp?SN=%E3%84%8F&SN2=%E3%84%8F%E3%84%A8%E3%84%9F%CB%8B&word=%E8%AA%A8"
"ㄏㄨㄟˋ","慧","","6","待補充","https://dict.concised.moe.edu.tw/searchP.jsp?SN=%E3%84%8F&SN2=%E3%84%8F%E3%84%A8%E3%84%9F%CB%8B&word=%E6%85%A7"
"ㄏㄨㄟˋ","蕙","","4","待補充","https://dict.concised.moe.edu.tw/searchP.jsp?SN=%E3%84%8F&SN2=%E3%84%8F%E3%84%A8%E3%84%9F%CB%8B&word=%E8%95%99"
"ㄏㄨㄟˋ","諱","","4","待補充","https://dict.concised.moe.edu.tw/searchP.jsp?SN=%E3%84%8F&SN2=%E3%84%8F%E3%84%A8%E3%84%9F%CB%8B&word=%E8%AB%B1"
"ㄏㄨㄟˋ","燴","","2","待補充","https://dict.concised.moe.edu.tw/searchP.jsp?SN=%E3%84%8F&SN2=%E3%84%8F%E3%84%A8%E3%84%9F%CB%8B&word=%E7%87%B4"
"ㄏㄨㄟˋ","薈","","2","待補充","https://dict.concised.moe.edu.tw/searchP.jsp?SN=%E3%84%8F&SN2=%E3%84%8F%E3%84%A8%E3%84%9F%CB%8B&word=%E8%96%88"
"ㄏㄨㄟˋ","穢","","4","待補充","https://dict.concised.moe.edu.tw/searchP.jsp?SN=%E3%84%8F&SN2=%E3%84%8F%E3%84%A8%E3%84%9F%CB%8B&word=%E7%A9%A2"
"ㄏㄨㄟˋ","蟪","","2","待補充","https://dict.concised.moe.edu.tw/searchP.jsp?SN=%E3%84%8F&SN2=%E3%84%8F%E3%84%A8%E3%84%9F%CB%8B&word=%E8%9F%AA"
"ㄏㄨㄟˋ","繪","","7","待補充","https://dict.concised.moe.edu.tw/searchP.jsp?SN=%E3%84%8F&SN2=%E3%84%8F%E3%84%A8%E3%84%9F%CB%8B&word=%E7%B9%AA"
"ㄏㄨㄢ","獾","","1","待補充","https://dict.concised.moe.edu.tw/searchP.jsp?SN=%E3%84%8F&SN2=%E3%84%8F%E3%84%A8%E3%84%A2&word=%E7%8D%BE"
"ㄏㄨㄢ","歡","","20","待補充","https://dict.concised.moe.edu.tw/searchP.jsp?SN=%E3%84%8F&SN2=%E3%84%8F%E3%84%A8%E3%84%A2&word=%E6%AD%A1"
"ㄏㄨㄢˇ","緩","","14","待補充","https://dict.concised.moe.edu.tw/searchP.jsp?SN=%E3%84%8F&SN2=%E3%84%8F%E3%84%A8%E3%84%A2%CB%87&word=%E7%B7%A9"
"ㄏㄨㄢˇ","澣","","1","待補充","https://dict.concised.moe.edu.tw/searchP.jsp?SN=%E3%84%8F&SN2=%E3%84%8F%E3%84%A8%E3%84%A2%CB%87&word=%E6%BE%A3"
"ㄏㄨㄢˊ","桓","","1","待補充","https://dict.concised.moe.edu.tw/searchP.jsp?SN=%E3%84%8F&SN2=%E3%84%8F%E3%84%A8%E3%84%A2%CB%8A&word=%E6%A1%93"
"ㄏㄨㄢˊ","圜","","1","待補充","https://dict.concised.moe.edu.tw/searchP.jsp?SN=%E3%84%8F&SN2=%E3%84%8F%E3%84%A8%E3%84%A2%CB%8A&word=%E5%9C%9C"
"ㄏㄨㄢˊ","寰","","2","待補充","https://dict.concised.moe.edu.tw/searchP.jsp?SN=%E3%84%8F&SN2=%E3%84%8F%E3%84%A8%E3%84%A2%CB%8A&word=%E5%AF%B0"
"ㄏㄨㄢˊ","環","","18","待補充","https://dict.concised.moe.edu.tw/searchP.jsp?SN=%E3%84%8F&SN2=%E3%84%8F%E3%84%A8%E3%84%A2%CB%8A&word=%E7%92%B0"
"ㄏㄨㄢˊ","還","","14","待補充","https://dict.concised.moe.edu.tw/searchP.jsp?SN=%E3%84%8F&SN2=%E3%84%8F%E3%84%A8%E3%84%A2%CB%8A&word=%E9%82%84"
"ㄏㄨㄢˊ","鍰","","1","待補充","https://dict.concised.moe.edu.tw/searchP.jsp?SN=%E3%84%8F&SN2=%E3%84%8F%E3%84%A8%E3%84%A2%CB%8A&word=%E9%8D%B0"
"ㄏㄨㄢˊ","繯","","1","待補充","https://dict.concised.moe.edu.tw/searchP.jsp?SN=%E3%84%8F&SN2=%E3%84%8F%E3%84%A8%E3%84%A2%CB%8A&word=%E7%B9%AF"
"ㄏㄨㄢˊ","鬟","","1","待補充","https://dict.concised.moe.edu.tw/searchP.jsp?SN=%E3%84%8F&SN2=%E3%84%8F%E3%84%A8%E3%84%A2%CB%8A&word=%E9%AC%9F"
"ㄏㄨㄢˋ","幻","","13","待補充","https://dict.concised.moe.edu.tw/searchP.jsp?SN=%E3%84%8F&SN2=%E3%84%8F%E3%84%A8%E3%84%A2%CB%8B&word=%E5%B9%BB"
"ㄏㄨㄢˋ","奐","","1","待補充","https://dict.concised.moe.edu.tw/searchP.jsp?SN=%E3%84%8F&SN2=%E3%84%8F%E3%84%A8%E3%84%A2%CB%8B&word=%E5%A5%90"
"ㄏㄨㄢˋ","宦","","5","待補充","https://dict.concised.moe.edu.tw/searchP.jsp?SN=%E3%84%8F&SN2=%E3%84%8F%E3%84%A8%E3%84%A2%CB%8B&word=%E5%AE%A6"
"ㄏㄨㄢˋ","患","","8","待補充","https://dict.concised.moe.edu.tw/searchP.jsp?SN=%E3%84%8F&SN2=%E3%84%8F%E3%84%A8%E3%84%A2%CB%8B&word=%E6%82%A3"
"ㄏㄨㄢˋ","喚","","3","待補充","https://dict.concised.moe.edu.tw/searchP.jsp?SN=%E3%84%8F&SN2=%E3%84%8F%E3%84%A8%E3%84%A2%CB%8B&word=%E5%96%9A"
"ㄏㄨㄢˋ","換","","13","待補充","https://dict.concised.moe.edu.tw/searchP.jsp?SN=%E3%84%8F&SN2=%E3%84%8F%E3%84%A8%E3%84%A2%CB%8B&word=%E6%8F%9B"
"ㄏㄨㄢˋ","渙","","3","待補充","https://dict.concised.moe.edu.tw/searchP.jsp?SN=%E3%84%8F&SN2=%E3%84%8F%E3%84%A8%E3%84%A2%CB%8B&word=%E6%B8%99"
"ㄏㄨㄢˋ","逭","","1","待補充","https://dict.concised.moe.edu.tw/searchP.jsp?SN=%E3%84%8F&SN2=%E3%84%8F%E3%84%A8%E3%84%A2%CB%8B&word=%E9%80%AD"
"ㄏㄨㄢˋ","煥","","3","待補充","https://dict.concised.moe.edu.tw/searchP.jsp?SN=%E3%84%8F&SN2=%E3%84%8F%E3%84%A8%E3%84%A2%CB%8B&word=%E7%85%A5"
"ㄏㄨㄢˋ","豢","","2","待補充","https://dict.concised.moe.edu.tw/searchP.jsp?SN=%E3%84%8F&SN2=%E3%84%8F%E3%84%A8%E3%84%A2%CB%8B&word=%E8%B1%A2"
"ㄏㄨㄢˋ","漶","","1","待補充","https://dict.concised.moe.edu.tw/searchP.jsp?SN=%E3%84%8F&SN2=%E3%84%8F%E3%84%A8%E3%84%A2%CB%8B&word=%E6%BC%B6"
"ㄏㄨㄢˋ","瘓","","1","待補充","https://dict.concised.moe.edu.tw/searchP.jsp?SN=%E3%84%8F&SN2=%E3%84%8F%E3%84%A8%E3%84%A2%CB%8B&word=%E7%98%93"
"ㄏㄨㄢˋ","鯇","","1","待補充","https://dict.concised.moe.edu.tw/searchP.jsp?SN=%E3%84%8F&SN2=%E3%84%8F%E3%84%A8%E3%84%A2%CB%8B&word=%E9%AF%87"
"ㄏㄨㄣ","昏","","19","待補充","https://dict.concised.moe.edu.tw/searchP.jsp?SN=%E3%84%8F&SN2=%E3%84%8F%E3%84%A8%E3%84%A3&word=%E6%98%8F"
"ㄏㄨㄣ","婚","","14","待補充","https://dict.concised.moe.edu.tw/searchP.jsp?SN=%E3%84%8F&SN2=%E3%84%8F%E3%84%A8%E3%84%A3&word=%E5%A9%9A"
"ㄏㄨㄣ","葷","","4","待補充","https://dict.concised.moe.edu.tw/searchP.jsp?SN=%E3%84%8F&SN2=%E3%84%8F%E3%84%A8%E3%84%A3&word=%E8%91%B7"
"ㄏㄨㄣˊ","渾","","12","待補充","https://dict.concised.moe.edu.tw/searchP.jsp?SN=%E3%84%8F&SN2=%E3%84%8F%E3%84%A8%E3%84%A3%CB%8A&word=%E6%B8%BE"
"ㄏㄨㄣˊ","琿","","1","待補充","https://dict.concised.moe.edu.tw/searchP.jsp?SN=%E3%84%8F&SN2=%E3%84%8F%E3%84%A8%E3%84%A3%CB%8A&word=%E7%90%BF"
"ㄏㄨㄣˊ","魂","","6","待補充","https://dict.concised.moe.edu.tw/searchP.jsp?SN=%E3%84%8F&SN2=%E3%84%8F%E3%84%A8%E3%84%A3%CB%8A&word=%E9%AD%82"
"ㄏㄨㄣˊ","餛","","2","待補充","https://dict.concised.moe.edu.tw/searchP.jsp?SN=%E3%84%8F&SN2=%E3%84%8F%E3%84%A8%E3%84%A3%CB%8A&word=%E9%A4%9B"
"ㄏㄨㄣˋ","混","","20","待補充","https://dict.concised.moe.edu.tw/searchP.jsp?SN=%E3%84%8F&SN2=%E3%84%8F%E3%84%A8%E3%84%A3%CB%8B&word=%E6%B7%B7"
"ㄏㄨㄣˋ","渾","","4","待補充","https://dict.concised.moe.edu.tw/searchP.jsp?SN=%E3%84%8F&SN2=%E3%84%8F%E3%84%A8%E3%84%A3%CB%8B&word=%E6%B8%BE"
"ㄏㄨㄣˋ","諢","","2","待補充","https://dict.concised.moe.edu.tw/searchP.jsp?SN=%E3%84%8F&SN2=%E3%84%8F%E3%84%A8%E3%84%A3%CB%8B&word=%E8%AB%A2"
"ㄏㄨㄤ","肓","","1","待補充","https://dict.concised.moe.edu.tw/searchP.jsp?SN=%E3%84%8F&SN2=%E3%84%8F%E3%84%A8%E3%84%A4&word=%E8%82%93"
"ㄏㄨㄤ","荒","","17","待補充","https://dict.concised.moe.edu.tw/searchP.jsp?SN=%E3%84%8F&SN2=%E3%84%8F%E3%84%A8%E3%84%A4&word=%E8%8D%92"
"ㄏㄨㄤ","慌","","5","待補充","https://dict.concised.moe.edu.tw/searchP.jsp?SN=%E3%84%8F&SN2=%E3%84%8F%E3%84%A8%E3%84%A4&word=%E6%85%8C"
"ㄏㄨㄤˇ","恍","","7","待補充","https://dict.concised.moe.edu.tw/searchP.jsp?SN=%E3%84%8F&SN2=%E3%84%8F%E3%84%A8%E3%84%A4%CB%87&word=%E6%81%8D"
"ㄏㄨㄤˇ","晃","","1","待補充","https://dict.concised.moe.edu.tw/searchP.jsp?SN=%E3%84%8F&SN2=%E3%84%8F%E3%84%A8%E3%84%A4%CB%87&word=%E6%99%83"
"ㄏㄨㄤˇ","幌","","2","待補充","https://dict.concised.moe.edu.tw/searchP.jsp?SN=%E3%84%8F&SN2=%E3%84%8F%E3%84%A8%E3%84%A4%CB%87&word=%E5%B9%8C"
"ㄏㄨㄤˇ","謊","","4","待補充","https://dict.concised.moe.edu.tw/searchP.jsp?SN=%E3%84%8F&SN2=%E3%84%8F%E3%84%A8%E3%84%A4%CB%87&word=%E8%AC%8A"
"ㄏㄨㄤˊ","皇","","15","待補充","https://dict.concised.moe.edu.tw/searchP.jsp?SN=%E3%84%8F&SN2=%E3%84%8F%E3%84%A8%E3%84%A4%CB%8A&word=%E7%9A%87"
"ㄏㄨㄤˊ","凰","","1","待補充","https://dict.concised.moe.edu.tw/searchP.jsp?SN=%E3%84%8F&SN2=%E3%84%8F%E3%84%A8%E3%84%A4%CB%8A&word=%E5%87%B0"
"ㄏㄨㄤˊ","徨","","1","待補充","https://dict.concised.moe.edu.tw/searchP.jsp?SN=%E3%84%8F&SN2=%E3%84%8F%E3%84%A8%E3%84%A4%CB%8A&word=%E5%BE%A8"
"ㄏㄨㄤˊ","惶","","5","待補充","https://dict.concised.moe.edu.tw/searchP.jsp?SN=%E3%84%8F&SN2=%E3%84%8F%E3%84%A8%E3%84%A4%CB%8A&word=%E6%83%B6"
"ㄏㄨㄤˊ","隍","","1","待補充","https://dict.concised.moe.edu.tw/searchP.jsp?SN=%E3%84%8F&SN2=%E3%84%8F%E3%84%A8%E3%84%A4%CB%8A&word=%E9%9A%8D"
"ㄏㄨㄤˊ","黃","","20","待補充","https://dict.concised.moe.edu.tw/searchP.jsp?SN=%E3%84%8F&SN2=%E3%84%8F%E3%84%A8%E3%84%A4%CB%8A&word=%E9%BB%83"
"ㄏㄨㄤˊ","煌","","1","待補充","https://dict.concised.moe.edu.tw/searchP.jsp?SN=%E3%84%8F&SN2=%E3%84%8F%E3%84%A8%E3%84%A4%CB%8A&word=%E7%85%8C"
"ㄏㄨㄤˊ","遑","","2","待補充","https://dict.concised.moe.edu.tw/searchP.jsp?SN=%E3%84%8F&SN2=%E3%84%8F%E3%84%A8%E3%84%A4%CB%8A&word=%E9%81%91"
"ㄏㄨㄤˊ","潢","","1","待補充","https://dict.concised.moe.edu.tw/searchP.jsp?SN=%E3%84%8F&SN2=%E3%84%8F%E3%84%A8%E3%84%A4%CB%8A&word=%E6%BD%A2"
"ㄏㄨㄤˊ","篁","","1","待補充","https://dict.concised.moe.edu.tw/searchP.jsp?SN=%E3%84%8F&SN2=%E3%84%8F%E3%84%A8%E3%84%A4%CB%8A&word=%E7%AF%81"
"ㄏㄨㄤˊ","蝗","","4","待補充","https://dict.concised.moe.edu.tw/searchP.jsp?SN=%E3%84%8F&SN2=%E3%84%8F%E3%84%A8%E3%84%A4%CB%8A&word=%E8%9D%97"
"ㄏㄨㄤˊ","璜","","1","待補充","https://dict.concised.moe.edu.tw/searchP.jsp?SN=%E3%84%8F&SN2=%E3%84%8F%E3%84%A8%E3%84%A4%CB%8A&word=%E7%92%9C"
"ㄏㄨㄤˊ","磺","","2","待補充","https://dict.concised.moe.edu.tw/searchP.jsp?SN=%E3%84%8F&SN2=%E3%84%8F%E3%84%A8%E3%84%A4%CB%8A&word=%E7%A3%BA"
"ㄏㄨㄤˊ","簧","","2","待補充","https://dict.concised.moe.edu.tw/searchP.jsp?SN=%E3%84%8F&SN2=%E3%84%8F%E3%84%A8%E3%84%A4%CB%8A&word=%E7%B0%A7"
"ㄏㄨㄤˋ","晃","","3","待補充","https://dict.concised.moe.edu.tw/searchP.jsp?SN=%E3%84%8F&SN2=%E3%84%8F%E3%84%A8%E3%84%A4%CB%8B&word=%E6%99%83"
"ㄏㄨㄥ","吽","","1","待補充","https://dict.concised.moe.edu.tw/searchP.jsp?SN=%E3%84%8F&SN2=%E3%84%8F%E3%84%A8%E3%84%A5&word=%E5%90%BD"
"ㄏㄨㄥ","哄","","4","待補充","https://dict.concised.moe.edu.tw/searchP.jsp?SN=%E3%84%8F&SN2=%E3%84%8F%E3%84%A8%E3%84%A5&word=%E5%93%84"
"ㄏㄨㄥ","訇","","1","待補充","https://dict.concised.moe.edu.tw/searchP.jsp?SN=%E3%84%8F&SN2=%E3%84%8F%E3%84%A8%E3%84%A5&word=%E8%A8%87"
"ㄏㄨㄥ","烘","","7","待補充","https://dict.concised.moe.edu.tw/searchP.jsp?SN=%E3%84%8F&SN2=%E3%84%8F%E3%84%A8%E3%84%A5&word=%E7%83%98"
"ㄏㄨㄥ","薨","","1","待補充","https://dict.concised.moe.edu.tw/searchP.jsp?SN=%E3%84%8F&SN2=%E3%84%8F%E3%84%A8%E3%84%A5&word=%E8%96%A8"
"ㄏㄨㄥ","轟","","6","待補充","https://dict.concised.moe.edu.tw/searchP.jsp?SN=%E3%84%8F&SN2=%E3%84%8F%E3%84%A8%E3%84%A5&word=%E8%BD%9F"
"ㄏㄨㄥˇ","哄","","2","待補充","https://dict.concised.moe.edu.tw/searchP.jsp?SN=%E3%84%8F&SN2=%E3%84%8F%E3%84%A8%E3%84%A5%CB%87&word=%E5%93%84"
"ㄏㄨㄥˊ","弘","","5","待補充","https://dict.concised.moe.edu.tw/searchP.jsp?SN=%E3%84%8F&SN2=%E3%84%8F%E3%84%A8%E3%84%A5%CB%8A&word=%E5%BC%98"
"ㄏㄨㄥˊ","宏","","11","待補充","https://dict.concised.moe.edu.tw/searchP.jsp?SN=%E3%84%8F&SN2=%E3%84%8F%E3%84%A8%E3%84%A5%CB%8A&word=%E5%AE%8F"
"ㄏㄨㄥˊ","泓","","1","待補充","https://dict.concised.moe.edu.tw/searchP.jsp?SN=%E3%84%8F&SN2=%E3%84%8F%E3%84%A8%E3%84%A5%CB%8A&word=%E6%B3%93"
"ㄏㄨㄥˊ","洪","","14","待補充","https://dict.concised.moe.edu.tw/searchP.jsp?SN=%E3%84%8F&SN2=%E3%84%8F%E3%84%A8%E3%84%A5%CB%8A&word=%E6%B4%AA"
"ㄏㄨㄥˊ","紅","","20","待補充","https://dict.concised.moe.edu.tw/searchP.jsp?SN=%E3%84%8F&SN2=%E3%84%8F%E3%84%A8%E3%84%A5%CB%8A&word=%E7%B4%85"
"ㄏㄨㄥˊ","虹","","4","待補充","https://dict.concised.moe.edu.tw/searchP.jsp?SN=%E3%84%8F&SN2=%E3%84%8F%E3%84%A8%E3%84%A5%CB%8A&word=%E8%99%B9"
"ㄏㄨㄥˊ","紘","","1","待補充","https://dict.concised.moe.edu.tw/searchP.jsp?SN=%E3%84%8F&SN2=%E3%84%8F%E3%84%A8%E3%84%A5%CB%8A&word=%E7%B4%98"
"ㄏㄨㄥˊ","訌","","1","待補充","https://dict.concised.moe.edu.tw/searchP.jsp?SN=%E3%84%8F&SN2=%E3%84%8F%E3%84%A8%E3%84%A5%CB%8A&word=%E8%A8%8C"
"ㄏㄨㄥˊ","閎","","1","待補充","https://dict.concised.moe.edu.tw/searchP.jsp?SN=%E3%84%8F&SN2=%E3%84%8F%E3%84%A8%E3%84%A5%CB%8A&word=%E9%96%8E"
"ㄏㄨㄥˊ","鴻","","11","待補充","https://dict.concised.moe.edu.tw/searchP.jsp?SN=%E3%84%8F&SN2=%E3%84%8F%E3%84%A8%E3%84%A5%CB%8A&word=%E9%B4%BB"
"ㄏㄨㄥˊ","黌","","2","待補充","https://dict.concised.moe.edu.tw/searchP.jsp?SN=%E3%84%8F&SN2=%E3%84%8F%E3%84%A8%E3%84%A5%CB%8A&word=%E9%BB%8C"
"ㄏㄨㄥˋ","鬨","","1","待補充","https://dict.concised.moe.edu.tw/searchP.jsp?SN=%E3%84%8F&SN2=%E3%84%8F%E3%84%A8%E3%84%A5%CB%8B&word=%E9%AC%A8"
"ㄐㄧ","几","","2","待補充","https://dict.concised.moe.edu.tw/searchP.jsp?SN=%E3%84%90&SN2=%E3%84%90%E3%84%A7&word=%E5%87%A0"
"ㄐㄧ","乩","","2","待補充","https://dict.concised.moe.edu.tw/searchP.jsp?SN=%E3%84%90&SN2=%E3%84%90%E3%84%A7&word=%E4%B9%A9"
"ㄐㄧ","肌","","5","待補充","https://dict.concised.moe.edu.tw/searchP.jsp?SN=%E3%84%90&SN2=%E3%84%90%E3%84%A7&word=%E8%82%8C"
"ㄐㄧ","其","","2","待補充","https://dict.concised.moe.edu.tw/searchP.jsp?SN=%E3%84%90&SN2=%E3%84%90%E3%84%A7&word=%E5%85%B6"
"ㄐㄧ","奇","","3","待補充","https://dict.concised.moe.edu.tw/searchP.jsp?SN=%E3%84%90&SN2=%E3%84%90%E3%84%A7&word=%E5%A5%87"
"ㄐㄧ","姬","","1","待補充","https://dict.concised.moe.edu.tw/searchP.jsp?SN=%E3%84%90&SN2=%E3%84%90%E3%84%A7&word=%E5%A7%AC"
"ㄐㄧ","屐","","1","待補充","https://dict.concised.moe.edu.tw/searchP.jsp?SN=%E3%84%90&SN2=%E3%84%90%E3%84%A7&word=%E5%B1%90"
"ㄐㄧ","笄","","1","待補充","https://dict.concised.moe.edu.tw/searchP.jsp?SN=%E3%84%90&SN2=%E3%84%90%E3%84%A7&word=%E7%AC%84"
"ㄐㄧ","飢","","8","待補充","https://dict.concised.moe.edu.tw/searchP.jsp?SN=%E3%84%90&SN2=%E3%84%90%E3%84%A7&word=%E9%A3%A2"
"ㄐㄧ","基","","18","待補充","https://dict.concised.moe.edu.tw/searchP.jsp?SN=%E3%84%90&SN2=%E3%84%90%E3%84%A7&word=%E5%9F%BA"
"ㄐㄧ","嵇","","1","待補充","https://dict.concised.moe.edu.tw/searchP.jsp?SN=%E3%84%90&SN2=%E3%84%90%E3%84%A7&word=%E5%B5%87"
"ㄐㄧ","幾","","6","待補充","https://dict.concised.moe.edu.tw/searchP.jsp?SN=%E3%84%90&SN2=%E3%84%90%E3%84%A7&word=%E5%B9%BE"
"ㄐㄧ","期","","2","待補充","https://dict.concised.moe.edu.tw/searchP.jsp?SN=%E3%84%90&SN2=%E3%84%90%E3%84%A7&word=%E6%9C%9F"
"ㄐㄧ","棋","","1","待補充","https://dict.concised.moe.edu.tw/searchP.jsp?SN=%E3%84%90&SN2=%E3%84%90%E3%84%A7&word=%E6%A3%8B"
"ㄐㄧ","犄","","2","待補充","https://dict.concised.moe.edu.tw/searchP.jsp?SN=%E3%84%90&SN2=%E3%84%90%E3%84%A7&word=%E7%8A%84"
"ㄐㄧ","畸","","4","待補充","https://dict.concised.moe.edu.tw/searchP.jsp?SN=%E3%84%90&SN2=%E3%84%90%E3%84%A7&word=%E7%95%B8"
"ㄐㄧ","跡","","2","待補充","https://dict.concised.moe.edu.tw/searchP.jsp?SN=%E3%84%90&SN2=%E3%84%90%E3%84%A7&word=%E8%B7%A1"
"ㄐㄧ","箕","","1","待補充","https://dict.concised.moe.edu.tw/searchP.jsp?SN=%E3%84%90&SN2=%E3%84%90%E3%84%A7&word=%E7%AE%95"
"ㄐㄧ","嘰","","3","待補充","https://dict.concised.moe.edu.tw/searchP.jsp?SN=%E3%84%90&SN2=%E3%84%90%E3%84%A7&word=%E5%98%B0"
"ㄐㄧ","畿","","1","待補充","https://dict.concised.moe.edu.tw/searchP.jsp?SN=%E3%84%90&SN2=%E3%84%90%E3%84%A7&word=%E7%95%BF"
"ㄐㄧ","稽","","5","待補充","https://dict.concised.moe.edu.tw/searchP.jsp?SN=%E3%84%90&SN2=%E3%84%90%E3%84%A7&word=%E7%A8%BD"
"ㄐㄧ","機","","20","待補充","https://dict.concised.moe.edu.tw/searchP.jsp?SN=%E3%84%90&SN2=%E3%84%90%E3%84%A7&word=%E6%A9%9F"
"ㄐㄧ","激","","20","待補充","https://dict.concised.moe.edu.tw/searchP.jsp?SN=%E3%84%90&SN2=%E3%84%90%E3%84%A7&word=%E6%BF%80"
"ㄐㄧ","璣","","1","待補充","https://dict.concised.moe.edu.tw/searchP.jsp?SN=%E3%84%90&SN2=%E3%84%90%E3%84%A7&word=%E7%92%A3"
"ㄐㄧ","積","積木","19","已有可用詞","https://dict.concised.moe.edu.tw/searchP.jsp?SN=%E3%84%90&SN2=%E3%84%90%E3%84%A7&word=%E7%A9%8D"
"ㄐㄧ","磯","","2","待補充","https://dict.concised.moe.edu.tw/searchP.jsp?SN=%E3%84%90&SN2=%E3%84%90%E3%84%A7&word=%E7%A3%AF"
"ㄐㄧ","禨","","2","待補充","https://dict.concised.moe.edu.tw/searchP.jsp?SN=%E3%84%90&SN2=%E3%84%90%E3%84%A7&word=%E7%A6%A8"
"ㄐㄧ","績","","4","待補充","https://dict.concised.moe.edu.tw/searchP.jsp?SN=%E3%84%90&SN2=%E3%84%90%E3%84%A7&word=%E7%B8%BE"
"ㄐㄧ","蹟","","1","待補充","https://dict.concised.moe.edu.tw/searchP.jsp?SN=%E3%84%90&SN2=%E3%84%90%E3%84%A7&word=%E8%B9%9F"
"ㄐㄧ","雞","","19","待補充","https://dict.concised.moe.edu.tw/searchP.jsp?SN=%E3%84%90&SN2=%E3%84%90%E3%84%A7&word=%E9%9B%9E"
"ㄐㄧ","譏","","4","待補充","https://dict.concised.moe.edu.tw/searchP.jsp?SN=%E3%84%90&SN2=%E3%84%90%E3%84%A7&word=%E8%AD%8F"
"ㄐㄧ","饑","","2","待補充","https://dict.concised.moe.edu.tw/searchP.jsp?SN=%E3%84%90&SN2=%E3%84%90%E3%84%A7&word=%E9%A5%91"
"ㄐㄧ","躋","","2","待補充","https://dict.concised.moe.edu.tw/searchP.jsp?SN=%E3%84%90&SN2=%E3%84%90%E3%84%A7&word=%E8%BA%8B"
"ㄐㄧ","齎","","1","待補充","https://dict.concised.moe.edu.tw/searchP.jsp?SN=%E3%84%90&SN2=%E3%84%90%E3%84%A7&word=%E9%BD%8E"
"ㄐㄧ","齏","","1","待補充","https://dict.concised.moe.edu.tw/searchP.jsp?SN=%E3%84%90&SN2=%E3%84%90%E3%84%A7&word=%E9%BD%8F"
"ㄐㄧ","羈","","5","待補充","https://dict.concised.moe.edu.tw/searchP.jsp?SN=%E3%84%90&SN2=%E3%84%90%E3%84%A7&word=%E7%BE%88"
"ㄐㄧˇ","己","","3","待補充","https://dict.concised.moe.edu.tw/searchP.jsp?SN=%E3%84%90&SN2=%E3%84%90%E3%84%A7%CB%87&word=%E5%B7%B1"
"ㄐㄧˇ","脊","","6","待補充","https://dict.concised.moe.edu.tw/searchP.jsp?SN=%E3%84%90&SN2=%E3%84%90%E3%84%A7%CB%87&word=%E8%84%8A"
"ㄐㄧˇ","幾","","5","待補充","https://dict.concised.moe.edu.tw/searchP.jsp?SN=%E3%84%90&SN2=%E3%84%90%E3%84%A7%CB%87&word=%E5%B9%BE"
"ㄐㄧˇ","戟","","1","待補充","https://dict.concised.moe.edu.tw/searchP.jsp?SN=%E3%84%90&SN2=%E3%84%90%E3%84%A7%CB%87&word=%E6%88%9F"
"ㄐㄧˇ","給","","5","待補充","https://dict.concised.moe.edu.tw/searchP.jsp?SN=%E3%84%90&SN2=%E3%84%90%E3%84%A7%CB%87&word=%E7%B5%A6"
"ㄐㄧˇ","麂","","1","待補充","https://dict.concised.moe.edu.tw/searchP.jsp?SN=%E3%84%90&SN2=%E3%84%90%E3%84%A7%CB%87&word=%E9%BA%82"
"ㄐㄧˇ","踦","","1","待補充","https://dict.concised.moe.edu.tw/searchP.jsp?SN=%E3%84%90&SN2=%E3%84%90%E3%84%A7%CB%87&word=%E8%B8%A6"
"ㄐㄧˇ","擠","","6","待補充","https://dict.concised.moe.edu.tw/searchP.jsp?SN=%E3%84%90&SN2=%E3%84%90%E3%84%A7%CB%87&word=%E6%93%A0"
"ㄐㄧˇ","濟","","3","待補充","https://dict.concised.moe.edu.tw/searchP.jsp?SN=%E3%84%90&SN2=%E3%84%90%E3%84%A7%CB%87&word=%E6%BF%9F"
"ㄐㄧˊ","及","","5","待補充","https://dict.concised.moe.edu.tw/searchP.jsp?SN=%E3%84%90&SN2=%E3%84%90%E3%84%A7%CB%8A&word=%E5%8F%8A"
"ㄐㄧˊ","伋","","1","待補充","https://dict.concised.moe.edu.tw/searchP.jsp?SN=%E3%84%90&SN2=%E3%84%90%E3%84%A7%CB%8A&word=%E4%BC%8B"
"ㄐㄧˊ","吃","","1","待補充","https://dict.concised.moe.edu.tw/searchP.jsp?SN=%E3%84%90&SN2=%E3%84%90%E3%84%A7%CB%8A&word=%E5%90%83"
"ㄐㄧˊ","吉","","12","待補充","https://dict.concised.moe.edu.tw/searchP.jsp?SN=%E3%84%90&SN2=%E3%84%90%E3%84%A7%CB%8A&word=%E5%90%89"
"ㄐㄧˊ","即","","11","待補充","https://dict.concised.moe.edu.tw/searchP.jsp?SN=%E3%84%90&SN2=%E3%84%90%E3%84%A7%CB%8A&word=%E5%8D%B3"
"ㄐㄧˊ","岌","","3","待補充","https://dict.concised.moe.edu.tw/searchP.jsp?SN=%E3%84%90&SN2=%E3%84%90%E3%84%A7%CB%8A&word=%E5%B2%8C"
"ㄐㄧˊ","汲","","6","待補充","https://dict.concised.moe.edu.tw/searchP.jsp?SN=%E3%84%90&SN2=%E3%84%90%E3%84%A7%CB%8A&word=%E6%B1%B2"
"ㄐㄧˊ","亟","","5","待補充","https://dict.concised.moe.edu.tw/searchP.jsp?SN=%E3%84%90&SN2=%E3%84%90%E3%84%A7%CB%8A&word=%E4%BA%9F"
"ㄐㄧˊ","佶","","2","待補充","https://dict.concised.moe.edu.tw/searchP.jsp?SN=%E3%84%90&SN2=%E3%84%90%E3%84%A7%CB%8A&word=%E4%BD%B6"
"ㄐㄧˊ","急","","20","待補充","https://dict.concised.moe.edu.tw/searchP.jsp?SN=%E3%84%90&SN2=%E3%84%90%E3%84%A7%CB%8A&word=%E6%80%A5"
"ㄐㄧˊ","革","","1","待補充","https://dict.concised.moe.edu.tw/searchP.jsp?SN=%E3%84%90&SN2=%E3%84%90%E3%84%A7%CB%8A&word=%E9%9D%A9"
"ㄐㄧˊ","唧","","2","待補充","https://dict.concised.moe.edu.tw/searchP.jsp?SN=%E3%84%90&SN2=%E3%84%90%E3%84%A7%CB%8A&word=%E5%94%A7"
"ㄐㄧˊ","疾","","12","待補充","https://dict.concised.moe.edu.tw/searchP.jsp?SN=%E3%84%90&SN2=%E3%84%90%E3%84%A7%CB%8A&word=%E7%96%BE"
"ㄐㄧˊ","笈","","1","待補充","https://dict.concised.moe.edu.tw/searchP.jsp?SN=%E3%84%90&SN2=%E3%84%90%E3%84%A7%CB%8A&word=%E7%AC%88"
"ㄐㄧˊ","級","","10","待補充","https://dict.concised.moe.edu.tw/searchP.jsp?SN=%E3%84%90&SN2=%E3%84%90%E3%84%A7%CB%8A&word=%E7%B4%9A"
"ㄐㄧˊ","寂","","5","待補充","https://dict.concised.moe.edu.tw/searchP.jsp?SN=%E3%84%90&SN2=%E3%84%90%E3%84%A7%CB%8A&word=%E5%AF%82"
"ㄐㄧˊ","棘","","3","待補充","https://dict.concised.moe.edu.tw/searchP.jsp?SN=%E3%84%90&SN2=%E3%84%90%E3%84%A7%CB%8A&word=%E6%A3%98"
"ㄐㄧˊ","集","","17","待補充","https://dict.concised.moe.edu.tw/searchP.jsp?SN=%E3%84%90&SN2=%E3%84%90%E3%84%A7%CB%8A&word=%E9%9B%86"
"ㄐㄧˊ","嫉","","3","待補充","https://dict.concised.moe.edu.tw/searchP.jsp?SN=%E3%84%90&SN2=%E3%84%90%E3%84%A7%CB%8A&word=%E5%AB%89"
"ㄐㄧˊ","戢","","1","待補充","https://dict.concised.moe.edu.tw/searchP.jsp?SN=%E3%84%90&SN2=%E3%84%90%E3%84%A7%CB%8A&word=%E6%88%A2"
"ㄐㄧˊ","楫","","1","待補充","https://dict.concised.moe.edu.tw/searchP.jsp?SN=%E3%84%90&SN2=%E3%84%90%E3%84%A7%CB%8A&word=%E6%A5%AB"
"ㄐㄧˊ","極","","15","待補充","https://dict.concised.moe.edu.tw/searchP.jsp?SN=%E3%84%90&SN2=%E3%84%90%E3%84%A7%CB%8A&word=%E6%A5%B5"
"ㄐㄧˊ","殛","","1","待補充","https://dict.concised.moe.edu.tw/searchP.jsp?SN=%E3%84%90&SN2=%E3%84%90%E3%84%A7%CB%8A&word=%E6%AE%9B"
"ㄐㄧˊ","蒺","","2","待補充","https://dict.concised.moe.edu.tw/searchP.jsp?SN=%E3%84%90&SN2=%E3%84%90%E3%84%A7%CB%8A&word=%E8%92%BA"
"ㄐㄧˊ","瘠","","1","待補充","https://dict.concised.moe.edu.tw/searchP.jsp?SN=%E3%84%90&SN2=%E3%84%90%E3%84%A7%CB%8A&word=%E7%98%A0"
"ㄐㄧˊ","輯","","3","待補充","https://dict.concised.moe.edu.tw/searchP.jsp?SN=%E3%84%90&SN2=%E3%84%90%E3%84%A7%CB%8A&word=%E8%BC%AF"
"ㄐㄧˊ","擊","","15","待補充","https://dict.concised.moe.edu.tw/searchP.jsp?SN=%E3%84%90&SN2=%E3%84%90%E3%84%A7%CB%8A&word=%E6%93%8A"
"ㄐㄧˊ","蹐","","1","待補充","https://dict.concised.moe.edu.tw/searchP.jsp?SN=%E3%84%90&SN2=%E3%84%90%E3%84%A7%CB%8A&word=%E8%B9%90"
"ㄐㄧˊ","藉","","1","待補充","https://dict.concised.moe.edu.tw/searchP.jsp?SN=%E3%84%90&SN2=%E3%84%90%E3%84%A7%CB%8A&word=%E8%97%89"
"ㄐㄧˊ","籍","","3","待補充","https://dict.concised.moe.edu.tw/searchP.jsp?SN=%E3%84%90&SN2=%E3%84%90%E3%84%A7%CB%8A&word=%E7%B1%8D"
"ㄐㄧˊ","鶺","","2","待補充","https://dict.concised.moe.edu.tw/searchP.jsp?SN=%E3%84%90&SN2=%E3%84%90%E3%84%A7%CB%8A&word=%E9%B6%BA"
"ㄐㄧˋ","伎","","2","待補充","https://dict.concised.moe.edu.tw/searchP.jsp?SN=%E3%84%90&SN2=%E3%84%90%E3%84%A7%CB%8B&word=%E4%BC%8E"
"ㄐㄧˋ","妓","","3","待補充","https://dict.concised.moe.edu.tw/searchP.jsp?SN=%E3%84%90&SN2=%E3%84%90%E3%84%A7%CB%8B&word=%E5%A6%93"
"ㄐㄧˋ","忌","","5","待補充","https://dict.concised.moe.edu.tw/searchP.jsp?SN=%E3%84%90&SN2=%E3%84%90%E3%84%A7%CB%8B&word=%E5%BF%8C"
"ㄐㄧˋ","技","","14","待補充","https://dict.concised.moe.edu.tw/searchP.jsp?SN=%E3%84%90&SN2=%E3%84%90%E3%84%A7%CB%8B&word=%E6%8A%80"
"ㄐㄧˋ","季","","6","待補充","https://dict.concised.moe.edu.tw/searchP.jsp?SN=%E3%84%90&SN2=%E3%84%90%E3%84%A7%CB%8B&word=%E5%AD%A3"
"ㄐㄧˋ","芰","","1","待補充","https://dict.concised.moe.edu.tw/searchP.jsp?SN=%E3%84%90&SN2=%E3%84%90%E3%84%A7%CB%8B&word=%E8%8A%B0"
"ㄐㄧˋ","既","","6","待補充","https://dict.concised.moe.edu.tw/searchP.jsp?SN=%E3%84%90&SN2=%E3%84%90%E3%84%A7%CB%8B&word=%E6%97%A2"
"ㄐㄧˋ","洎","","1","待補充","https://dict.concised.moe.edu.tw/searchP.jsp?SN=%E3%84%90&SN2=%E3%84%90%E3%84%A7%CB%8B&word=%E6%B4%8E"
"ㄐㄧˋ","紀","","17","待補充","https://dict.concised.moe.edu.tw/searchP.jsp?SN=%E3%84%90&SN2=%E3%84%90%E3%84%A7%CB%8B&word=%E7%B4%80"
"ㄐㄧˋ","計","","16","待補充","https://dict.concised.moe.edu.tw/searchP.jsp?SN=%E3%84%90&SN2=%E3%84%90%E3%84%A7%CB%8B&word=%E8%A8%88"
"ㄐㄧˋ","記","","20","待補充","https://dict.concised.moe.edu.tw/searchP.jsp?SN=%E3%84%90&SN2=%E3%84%90%E3%84%A7%CB%8B&word=%E8%A8%98"
"ㄐㄧˋ","偈","","1","待補充","https://dict.concised.moe.edu.tw/searchP.jsp?SN=%E3%84%90&SN2=%E3%84%90%E3%84%A7%CB%8B&word=%E5%81%88"
"ㄐㄧˋ","寄","","20","待補充","https://dict.concised.moe.edu.tw/searchP.jsp?SN=%E3%84%90&SN2=%E3%84%90%E3%84%A7%CB%8B&word=%E5%AF%84"
"ㄐㄧˋ","悸","","2","待補充","https://dict.concised.moe.edu.tw/searchP.jsp?SN=%E3%84%90&SN2=%E3%84%90%E3%84%A7%CB%8B&word=%E6%82%B8"
"ㄐㄧˋ","祭","","14","待補充","https://dict.concised.moe.edu.tw/searchP.jsp?SN=%E3%84%90&SN2=%E3%84%90%E3%84%A7%CB%8B&word=%E7%A5%AD"
"ㄐㄧˋ","暨","","1","待補充","https://dict.concised.moe.edu.tw/searchP.jsp?SN=%E3%84%90&SN2=%E3%84%90%E3%84%A7%CB%8B&word=%E6%9A%A8"
"ㄐㄧˋ","跽","","1","待補充","https://dict.concised.moe.edu.tw/searchP.jsp?SN=%E3%84%90&SN2=%E3%84%90%E3%84%A7%CB%8B&word=%E8%B7%BD"
"ㄐㄧˋ","際","","3","待補充","https://dict.concised.moe.edu.tw/searchP.jsp?SN=%E3%84%90&SN2=%E3%84%90%E3%84%A7%CB%8B&word=%E9%9A%9B"
"ㄐㄧˋ","齊","","1","待補充","https://dict.concised.moe.edu.tw/searchP.jsp?SN=%E3%84%90&SN2=%E3%84%90%E3%84%A7%CB%8B&word=%E9%BD%8A"
"ㄐㄧˋ","稷","","1","待補充","https://dict.concised.moe.edu.tw/searchP.jsp?SN=%E3%84%90&SN2=%E3%84%90%E3%84%A7%CB%8B&word=%E7%A8%B7"
"ㄐㄧˋ","冀","","4","待補充","https://dict.concised.moe.edu.tw/searchP.jsp?SN=%E3%84%90&SN2=%E3%84%90%E3%84%A7%CB%8B&word=%E5%86%80"
"ㄐㄧˋ","劑","","1","待補充","https://dict.concised.moe.edu.tw/searchP.jsp?SN=%E3%84%90&SN2=%E3%84%90%E3%84%A7%CB%8B&word=%E5%8A%91"
"ㄐㄧˋ","髻","","1","待補充","https://dict.concised.moe.edu.tw/searchP.jsp?SN=%E3%84%90&SN2=%E3%84%90%E3%84%A7%CB%8B&word=%E9%AB%BB"
"ㄐㄧˋ","濟","","6","待補充","https://dict.concised.moe.edu.tw/searchP.jsp?SN=%E3%84%90&SN2=%E3%84%90%E3%84%A7%CB%8B&word=%E6%BF%9F"
"ㄐㄧˋ","薊","","1","待補充","https://dict.concised.moe.edu.tw/searchP.jsp?SN=%E3%84%90&SN2=%E3%84%90%E3%84%A7%CB%8B&word=%E8%96%8A"
"ㄐㄧˋ","覬","","2","待補充","https://dict.concised.moe.edu.tw/searchP.jsp?SN=%E3%84%90&SN2=%E3%84%90%E3%84%A7%CB%8B&word=%E8%A6%AC"
"ㄐㄧˋ","薺","","1","待補充","https://dict.concised.moe.edu.tw/searchP.jsp?SN=%E3%84%90&SN2=%E3%84%90%E3%84%A7%CB%8B&word=%E8%96%BA"
"ㄐㄧˋ","鯽","","1","待補充","https://dict.concised.moe.edu.tw/searchP.jsp?SN=%E3%84%90&SN2=%E3%84%90%E3%84%A7%CB%8B&word=%E9%AF%BD"
"ㄐㄧˋ","繫","","1","待補充","https://dict.concised.moe.edu.tw/searchP.jsp?SN=%E3%84%90&SN2=%E3%84%90%E3%84%A7%CB%8B&word=%E7%B9%AB"
"ㄐㄧˋ","繼","","11","待補充","https://dict.concised.moe.edu.tw/searchP.jsp?SN=%E3%84%90&SN2=%E3%84%90%E3%84%A7%CB%8B&word=%E7%B9%BC"
"ㄐㄧˋ","霽","","1","待補充","https://dict.concised.moe.edu.tw/searchP.jsp?SN=%E3%84%90&SN2=%E3%84%90%E3%84%A7%CB%8B&word=%E9%9C%BD"
"ㄐㄧˋ","驥","","1","待補充","https://dict.concised.moe.edu.tw/searchP.jsp?SN=%E3%84%90&SN2=%E3%84%90%E3%84%A7%CB%8B&word=%E9%A9%A5"
"ㄐㄧㄚ","加","","20","待補充","https://dict.concised.moe.edu.tw/searchP.jsp?SN=%E3%84%90&SN2=%E3%84%90%E3%84%A7%E3%84%9A&word=%E5%8A%A0"
"ㄐㄧㄚ","伽","","1","待補充","https://dict.concised.moe.edu.tw/searchP.jsp?SN=%E3%84%90&SN2=%E3%84%90%E3%84%A7%E3%84%9A&word=%E4%BC%BD"
"ㄐㄧㄚ","佳","","17","待補充","https://dict.concised.moe.edu.tw/searchP.jsp?SN=%E3%84%90&SN2=%E3%84%90%E3%84%A7%E3%84%9A&word=%E4%BD%B3"
"ㄐㄧㄚ","枷","","2","待補充","https://dict.concised.moe.edu.tw/searchP.jsp?SN=%E3%84%90&SN2=%E3%84%90%E3%84%A7%E3%84%9A&word=%E6%9E%B7"
"ㄐㄧㄚ","珈","","1","待補充","https://dict.concised.moe.edu.tw/searchP.jsp?SN=%E3%84%90&SN2=%E3%84%90%E3%84%A7%E3%84%9A&word=%E7%8F%88"
"ㄐㄧㄚ","茄","","1","待補充","https://dict.concised.moe.edu.tw/searchP.jsp?SN=%E3%84%90&SN2=%E3%84%90%E3%84%A7%E3%84%9A&word=%E8%8C%84"
"ㄐㄧㄚ","迦","","2","待補充","https://dict.concised.moe.edu.tw/searchP.jsp?SN=%E3%84%90&SN2=%E3%84%90%E3%84%A7%E3%84%9A&word=%E8%BF%A6"
"ㄐㄧㄚ","家","家人","20","已有可用詞","https://dict.concised.moe.edu.tw/searchP.jsp?SN=%E3%84%90&SN2=%E3%84%90%E3%84%A7%E3%84%9A&word=%E5%AE%B6"
"ㄐㄧㄚ","痂","","1","待補充","https://dict.concised.moe.edu.tw/searchP.jsp?SN=%E3%84%90&SN2=%E3%84%90%E3%84%A7%E3%84%9A&word=%E7%97%82"
"ㄐㄧㄚ","笳","","1","待補充","https://dict.concised.moe.edu.tw/searchP.jsp?SN=%E3%84%90&SN2=%E3%84%90%E3%84%A7%E3%84%9A&word=%E7%AC%B3"
"ㄐㄧㄚ","袈","","2","待補充","https://dict.concised.moe.edu.tw/searchP.jsp?SN=%E3%84%90&SN2=%E3%84%90%E3%84%A7%E3%84%9A&word=%E8%A2%88"
"ㄐㄧㄚ","傢","","2","待補充","https://dict.concised.moe.edu.tw/searchP.jsp?SN=%E3%84%90&SN2=%E3%84%90%E3%84%A7%E3%84%9A&word=%E5%82%A2"
"ㄐㄧㄚ","跏","","2","待補充","https://dict.concised.moe.edu.tw/searchP.jsp?SN=%E3%84%90&SN2=%E3%84%90%E3%84%A7%E3%84%9A&word=%E8%B7%8F"
"ㄐㄧㄚ","葭","","1","待補充","https://dict.concised.moe.edu.tw/searchP.jsp?SN=%E3%84%90&SN2=%E3%84%90%E3%84%A7%E3%84%9A&word=%E8%91%AD"
"ㄐㄧㄚ","嘉","","8","待補充","https://dict.concised.moe.edu.tw/searchP.jsp?SN=%E3%84%90&SN2=%E3%84%90%E3%84%A7%E3%84%9A&word=%E5%98%89"
"ㄐㄧㄚˇ","甲","","10","待補充","https://dict.concised.moe.edu.tw/searchP.jsp?SN=%E3%84%90&SN2=%E3%84%90%E3%84%A7%E3%84%9A%CB%87&word=%E7%94%B2"
"ㄐㄧㄚˇ","岬","","1","待補充","https://dict.concised.moe.edu.tw/searchP.jsp?SN=%E3%84%90&SN2=%E3%84%90%E3%84%A7%E3%84%9A%CB%87&word=%E5%B2%AC"
"ㄐㄧㄚˇ","胛","","1","待補充","https://dict.concised.moe.edu.tw/searchP.jsp?SN=%E3%84%90&SN2=%E3%84%90%E3%84%A7%E3%84%9A%CB%87&word=%E8%83%9B"
"ㄐㄧㄚˇ","夏","","2","待補充","https://dict.concised.moe.edu.tw/searchP.jsp?SN=%E3%84%90&SN2=%E3%84%90%E3%84%A7%E3%84%9A%CB%87&word=%E5%A4%8F"
"ㄐㄧㄚˇ","假","","20","待補充","https://dict.concised.moe.edu.tw/searchP.jsp?SN=%E3%84%90&SN2=%E3%84%90%E3%84%A7%E3%84%9A%CB%87&word=%E5%81%87"
"ㄐㄧㄚˇ","舺","","1","待補充","https://dict.concised.moe.edu.tw/searchP.jsp?SN=%E3%84%90&SN2=%E3%84%90%E3%84%A7%E3%84%9A%CB%87&word=%E8%88%BA"
"ㄐㄧㄚˇ","賈","","1","待補充","https://dict.concised.moe.edu.tw/searchP.jsp?SN=%E3%84%90&SN2=%E3%84%90%E3%84%A7%E3%84%9A%CB%87&word=%E8%B3%88"
"ㄐㄧㄚˇ","鉀","","1","待補充","https://dict.concised.moe.edu.tw/searchP.jsp?SN=%E3%84%90&SN2=%E3%84%90%E3%84%A7%E3%84%9A%CB%87&word=%E9%89%80"
"ㄐㄧㄚˊ","夾","","15","待補充","https://dict.concised.moe.edu.tw/searchP.jsp?SN=%E3%84%90&SN2=%E3%84%90%E3%84%A7%E3%84%9A%CB%8A&word=%E5%A4%BE"
"ㄐㄧㄚˊ","浹","","1","待補充","https://dict.concised.moe.edu.tw/searchP.jsp?SN=%E3%84%90&SN2=%E3%84%90%E3%84%A7%E3%84%9A%CB%8A&word=%E6%B5%B9"
"ㄐㄧㄚˊ","戛","","2","待補充","https://dict.concised.moe.edu.tw/searchP.jsp?SN=%E3%84%90&SN2=%E3%84%90%E3%84%A7%E3%84%9A%CB%8A&word=%E6%88%9B"
"ㄐㄧㄚˊ","莢","","1","待補充","https://dict.concised.moe.edu.tw/searchP.jsp?SN=%E3%84%90&SN2=%E3%84%90%E3%84%A7%E3%84%9A%CB%8A&word=%E8%8E%A2"
"ㄐㄧㄚˊ","蛺","","2","待補充","https://dict.concised.moe.edu.tw/searchP.jsp?SN=%E3%84%90&SN2=%E3%84%90%E3%84%A7%E3%84%9A%CB%8A&word=%E8%9B%BA"
"ㄐㄧㄚˊ","鋏","","1","待補充","https://dict.concised.moe.edu.tw/searchP.jsp?SN=%E3%84%90&SN2=%E3%84%90%E3%84%A7%E3%84%9A%CB%8A&word=%E9%8B%8F"
"ㄐㄧㄚˊ","頰","","1","待補充","https://dict.concised.moe.edu.tw/searchP.jsp?SN=%E3%84%90&SN2=%E3%84%90%E3%84%A7%E3%84%9A%CB%8A&word=%E9%A0%B0"
"ㄐㄧㄚˋ","架","","8","待補充","https://dict.concised.moe.edu.tw/searchP.jsp?SN=%E3%84%90&SN2=%E3%84%90%E3%84%A7%E3%84%9A%CB%8B&word=%E6%9E%B6"
"ㄐㄧㄚˋ","假","","4","待補充","https://dict.concised.moe.edu.tw/searchP.jsp?SN=%E3%84%90&SN2=%E3%84%90%E3%84%A7%E3%84%9A%CB%8B&word=%E5%81%87"
"ㄐㄧㄚˋ","嫁","","7","待補充","https://dict.concised.moe.edu.tw/searchP.jsp?SN=%E3%84%90&SN2=%E3%84%90%E3%84%A7%E3%84%9A%CB%8B&word=%E5%AB%81"
"ㄐㄧㄚˋ","價","","11","待補充","https://dict.concised.moe.edu.tw/searchP.jsp?SN=%E3%84%90&SN2=%E3%84%90%E3%84%A7%E3%84%9A%CB%8B&word=%E5%83%B9"
"ㄐㄧㄚˋ","稼","","1","待補充","https://dict.concised.moe.edu.tw/searchP.jsp?SN=%E3%84%90&SN2=%E3%84%90%E3%84%A7%E3%84%9A%CB%8B&word=%E7%A8%BC"
"ㄐㄧㄚˋ","駕","","9","待補充","https://dict.concised.moe.edu.tw/searchP.jsp?SN=%E3%84%90&SN2=%E3%84%90%E3%84%A7%E3%84%9A%CB%8B&word=%E9%A7%95"
"ㄐㄧㄝ","皆","","2","待補充","https://dict.concised.moe.edu.tw/searchP.jsp?SN=%E3%84%90&SN2=%E3%84%90%E3%84%A7%E3%84%9D&word=%E7%9A%86"
"ㄐㄧㄝ","接","","20","待補充","https://dict.concised.moe.edu.tw/searchP.jsp?SN=%E3%84%90&SN2=%E3%84%90%E3%84%A7%E3%84%9D&word=%E6%8E%A5"
"ㄐㄧㄝ","揭","","10","待補充","https://dict.concised.moe.edu.tw/searchP.jsp?SN=%E3%84%90&SN2=%E3%84%90%E3%84%A7%E3%84%9D&word=%E6%8F%AD"
"ㄐㄧㄝ","結","","19","待補充","https://dict.concised.moe.edu.tw/searchP.jsp?SN=%E3%84%90&SN2=%E3%84%90%E3%84%A7%E3%84%9D&word=%E7%B5%90"
"ㄐㄧㄝ","街","","10","待補充","https://dict.concised.moe.edu.tw/searchP.jsp?SN=%E3%84%90&SN2=%E3%84%90%E3%84%A7%E3%84%9D&word=%E8%A1%97"
"ㄐㄧㄝ","階","","7","待補充","https://dict.concised.moe.edu.tw/searchP.jsp?SN=%E3%84%90&SN2=%E3%84%90%E3%84%A7%E3%84%9D&word=%E9%9A%8E"
"ㄐㄧㄝ","嗟","","3","待補充","https://dict.concised.moe.edu.tw/searchP.jsp?SN=%E3%84%90&SN2=%E3%84%90%E3%84%A7%E3%84%9D&word=%E5%97%9F"
"ㄐㄧㄝˇ","姊","","5","待補充","https://dict.concised.moe.edu.tw/searchP.jsp?SN=%E3%84%90&SN2=%E3%84%90%E3%84%A7%E3%84%9D%CB%87&word=%E5%A7%8A"
"ㄐㄧㄝˇ","姐","姐姐","5","已有可用詞","https://dict.concised.moe.edu.tw/searchP.jsp?SN=%E3%84%90&SN2=%E3%84%90%E3%84%A7%E3%84%9D%CB%87&word=%E5%A7%90"
"ㄐㄧㄝˇ","解","","20","待補充","https://dict.concised.moe.edu.tw/searchP.jsp?SN=%E3%84%90&SN2=%E3%84%90%E3%84%A7%E3%84%9D%CB%87&word=%E8%A7%A3"
"ㄐㄧㄝˊ","孑","","3","待補充","https://dict.concised.moe.edu.tw/searchP.jsp?SN=%E3%84%90&SN2=%E3%84%90%E3%84%A7%E3%84%9D%CB%8A&word=%E5%AD%91"
"ㄐㄧㄝˊ","劫","","9","待補充","https://dict.concised.moe.edu.tw/searchP.jsp?SN=%E3%84%90&SN2=%E3%84%90%E3%84%A7%E3%84%9D%CB%8A&word=%E5%8A%AB"
"ㄐㄧㄝˊ","杰","","1","待補充","https://dict.concised.moe.edu.tw/searchP.jsp?SN=%E3%84%90&SN2=%E3%84%90%E3%84%A7%E3%84%9D%CB%8A&word=%E6%9D%B0"
"ㄐㄧㄝˊ","拮","","2","待補充","https://dict.concised.moe.edu.tw/searchP.jsp?SN=%E3%84%90&SN2=%E3%84%90%E3%84%A7%E3%84%9D%CB%8A&word=%E6%8B%AE"
"ㄐㄧㄝˊ","桀","","3","待補充","https://dict.concised.moe.edu.tw/searchP.jsp?SN=%E3%84%90&SN2=%E3%84%90%E3%84%A7%E3%84%9D%CB%8A&word=%E6%A1%80"
"ㄐㄧㄝˊ","桔","","2","待補充","https://dict.concised.moe.edu.tw/searchP.jsp?SN=%E3%84%90&SN2=%E3%84%90%E3%84%A7%E3%84%9D%CB%8A&word=%E6%A1%94"
"ㄐㄧㄝˊ","訐","","1","待補充","https://dict.concised.moe.edu.tw/searchP.jsp?SN=%E3%84%90&SN2=%E3%84%90%E3%84%A7%E3%84%9D%CB%8A&word=%E8%A8%90"
"ㄐㄧㄝˊ","偈","","1","待補充","https://dict.concised.moe.edu.tw/searchP.jsp?SN=%E3%84%90&SN2=%E3%84%90%E3%84%A7%E3%84%9D%CB%8A&word=%E5%81%88"
"ㄐㄧㄝˊ","婕","","2","待補充","https://dict.concised.moe.edu.tw/searchP.jsp?SN=%E3%84%90&SN2=%E3%84%90%E3%84%A7%E3%84%9D%CB%8A&word=%E5%A9%95"
"ㄐㄧㄝˊ","捷","","5","待補充","https://dict.concised.moe.edu.tw/searchP.jsp?SN=%E3%84%90&SN2=%E3%84%90%E3%84%A7%E3%84%9D%CB%8A&word=%E6%8D%B7"
"ㄐㄧㄝˊ","傑","","3","待補充","https://dict.concised.moe.edu.tw/searchP.jsp?SN=%E3%84%90&SN2=%E3%84%90%E3%84%A7%E3%84%9D%CB%8A&word=%E5%82%91"
"ㄐㄧㄝˊ","結","","20","待補充","https://dict.concised.moe.edu.tw/searchP.jsp?SN=%E3%84%90&SN2=%E3%84%90%E3%84%A7%E3%84%9D%CB%8A&word=%E7%B5%90"
"ㄐㄧㄝˊ","睫","","2","待補充","https://dict.concised.moe.edu.tw/searchP.jsp?SN=%E3%84%90&SN2=%E3%84%90%E3%84%A7%E3%84%9D%CB%8A&word=%E7%9D%AB"
"ㄐㄧㄝˊ","節","","20","待補充","https://dict.concised.moe.edu.tw/searchP.jsp?SN=%E3%84%90&SN2=%E3%84%90%E3%84%A7%E3%84%9D%CB%8A&word=%E7%AF%80"
"ㄐㄧㄝˊ","詰","","3","待補充","https://dict.concised.moe.edu.tw/searchP.jsp?SN=%E3%84%90&SN2=%E3%84%90%E3%84%A7%E3%84%9D%CB%8A&word=%E8%A9%B0"
"ㄐㄧㄝˊ","截","","9","待補充","https://dict.concised.moe.edu.tw/searchP.jsp?SN=%E3%84%90&SN2=%E3%84%90%E3%84%A7%E3%84%9D%CB%8A&word=%E6%88%AA"
"ㄐㄧㄝˊ","碣","","1","待補充","https://dict.concised.moe.edu.tw/searchP.jsp?SN=%E3%84%90&SN2=%E3%84%90%E3%84%A7%E3%84%9D%CB%8A&word=%E7%A2%A3"
"ㄐㄧㄝˊ","竭","","4","待補充","https://dict.concised.moe.edu.tw/searchP.jsp?SN=%E3%84%90&SN2=%E3%84%90%E3%84%A7%E3%84%9D%CB%8A&word=%E7%AB%AD"
"ㄐㄧㄝˊ","潔","","6","待補充","https://dict.concised.moe.edu.tw/searchP.jsp?SN=%E3%84%90&SN2=%E3%84%90%E3%84%A7%E3%84%9D%CB%8A&word=%E6%BD%94"
"ㄐㄧㄝˊ","羯","","1","待補充","https://dict.concised.moe.edu.tw/searchP.jsp?SN=%E3%84%90&SN2=%E3%84%90%E3%84%A7%E3%84%9D%CB%8A&word=%E7%BE%AF"
"ㄐㄧㄝˊ","頡","","1","待補充","https://dict.concised.moe.edu.tw/searchP.jsp?SN=%E3%84%90&SN2=%E3%84%90%E3%84%A7%E3%84%9D%CB%8A&word=%E9%A0%A1"
"ㄐㄧㄝˊ","櫛","","3","待補充","https://dict.concised.moe.edu.tw/searchP.jsp?SN=%E3%84%90&SN2=%E3%84%90%E3%84%A7%E3%84%9D%CB%8A&word=%E6%AB%9B"
"ㄐㄧㄝˊ","擷","","2","待補充","https://dict.concised.moe.edu.tw/searchP.jsp?SN=%E3%84%90&SN2=%E3%84%90%E3%84%A7%E3%84%9D%CB%8A&word=%E6%93%B7"
"ㄐㄧㄝˊ","癤","","2","待補充","https://dict.concised.moe.edu.tw/searchP.jsp?SN=%E3%84%90&SN2=%E3%84%90%E3%84%A7%E3%84%9D%CB%8A&word=%E7%99%A4"
"ㄐㄧㄝˋ","介","","7","待補充","https://dict.concised.moe.edu.tw/searchP.jsp?SN=%E3%84%90&SN2=%E3%84%90%E3%84%A7%E3%84%9D%CB%8B&word=%E4%BB%8B"
"ㄐㄧㄝˋ","戒","","11","待補充","https://dict.concised.moe.edu.tw/searchP.jsp?SN=%E3%84%90&SN2=%E3%84%90%E3%84%A7%E3%84%9D%CB%8B&word=%E6%88%92"
"ㄐㄧㄝˋ","屆","","5","待補充","https://dict.concised.moe.edu.tw/searchP.jsp?SN=%E3%84%90&SN2=%E3%84%90%E3%84%A7%E3%84%9D%CB%8B&word=%E5%B1%86"
"ㄐㄧㄝˋ","芥","","4","待補充","https://dict.concised.moe.edu.tw/searchP.jsp?SN=%E3%84%90&SN2=%E3%84%90%E3%84%A7%E3%84%9D%CB%8B&word=%E8%8A%A5"
"ㄐㄧㄝˋ","界","","9","待補充","https://dict.concised.moe.edu.tw/searchP.jsp?SN=%E3%84%90&SN2=%E3%84%90%E3%84%A7%E3%84%9D%CB%8B&word=%E7%95%8C"
"ㄐㄧㄝˋ","疥","","2","待補充","https://dict.concised.moe.edu.tw/searchP.jsp?SN=%E3%84%90&SN2=%E3%84%90%E3%84%A7%E3%84%9D%CB%8B&word=%E7%96%A5"
"ㄐㄧㄝˋ","借","","18","待補充","https://dict.concised.moe.edu.tw/searchP.jsp?SN=%E3%84%90&SN2=%E3%84%90%E3%84%A7%E3%84%9D%CB%8B&word=%E5%80%9F"
"ㄐㄧㄝˋ","蚧","","1","待補充","https://dict.concised.moe.edu.tw/searchP.jsp?SN=%E3%84%90&SN2=%E3%84%90%E3%84%A7%E3%84%9D%CB%8B&word=%E8%9A%A7"
"ㄐㄧㄝˋ","解","","3","待補充","https://dict.concised.moe.edu.tw/searchP.jsp?SN=%E3%84%90&SN2=%E3%84%90%E3%84%A7%E3%84%9D%CB%8B&word=%E8%A7%A3"
"ㄐㄧㄝˋ","誡","","1","待補充","https://dict.concised.moe.edu.tw/searchP.jsp?SN=%E3%84%90&SN2=%E3%84%90%E3%84%A7%E3%84%9D%CB%8B&word=%E8%AA%A1"
"ㄐㄧㄝˋ","藉","","7","待補充","https://dict.concised.moe.edu.tw/searchP.jsp?SN=%E3%84%90&SN2=%E3%84%90%E3%84%A7%E3%84%9D%CB%8B&word=%E8%97%89"
"ㄐㄧㄠ","交","","20","待補充","https://dict.concised.moe.edu.tw/searchP.jsp?SN=%E3%84%90&SN2=%E3%84%90%E3%84%A7%E3%84%A0&word=%E4%BA%A4"
"ㄐㄧㄠ","郊","","5","待補充","https://dict.concised.moe.edu.tw/searchP.jsp?SN=%E3%84%90&SN2=%E3%84%90%E3%84%A7%E3%84%A0&word=%E9%83%8A"
"ㄐㄧㄠ","茭","","2","待補充","https://dict.concised.moe.edu.tw/searchP.jsp?SN=%E3%84%90&SN2=%E3%84%90%E3%84%A7%E3%84%A0&word=%E8%8C%AD"
"ㄐㄧㄠ","教","","19","待補充","https://dict.concised.moe.edu.tw/searchP.jsp?SN=%E3%84%90&SN2=%E3%84%90%E3%84%A7%E3%84%A0&word=%E6%95%99"
"ㄐㄧㄠ","椒","","1","待補充","https://dict.concised.moe.edu.tw/searchP.jsp?SN=%E3%84%90&SN2=%E3%84%90%E3%84%A7%E3%84%A0&word=%E6%A4%92"
"ㄐㄧㄠ","焦","","14","待補充","https://dict.concised.moe.edu.tw/searchP.jsp?SN=%E3%84%90&SN2=%E3%84%90%E3%84%A7%E3%84%A0&word=%E7%84%A6"
"ㄐㄧㄠ","蛟","","2","待補充","https://dict.concised.moe.edu.tw/searchP.jsp?SN=%E3%84%90&SN2=%E3%84%90%E3%84%A7%E3%84%A0&word=%E8%9B%9F"
"ㄐㄧㄠ","跤","","1","待補充","https://dict.concised.moe.edu.tw/searchP.jsp?SN=%E3%84%90&SN2=%E3%84%90%E3%84%A7%E3%84%A0&word=%E8%B7%A4"
"ㄐㄧㄠ","嬌","","19","待補充","https://dict.concised.moe.edu.tw/searchP.jsp?SN=%E3%84%90&SN2=%E3%84%90%E3%84%A7%E3%84%A0&word=%E5%AC%8C"
"ㄐㄧㄠ","澆","","6","待補充","https://dict.concised.moe.edu.tw/searchP.jsp?SN=%E3%84%90&SN2=%E3%84%90%E3%84%A7%E3%84%A0&word=%E6%BE%86"
"ㄐㄧㄠ","膠","膠水","11","已有可用詞","https://dict.concised.moe.edu.tw/searchP.jsp?SN=%E3%84%90&SN2=%E3%84%90%E3%84%A7%E3%84%A0&word=%E8%86%A0"
"ㄐㄧㄠ","徼","","1","待補充","https://dict.concised.moe.edu.tw/searchP.jsp?SN=%E3%84%90&SN2=%E3%84%90%E3%84%A7%E3%84%A0&word=%E5%BE%BC"
"ㄐㄧㄠ","蕉","","2","待補充","https://dict.concised.moe.edu.tw/searchP.jsp?SN=%E3%84%90&SN2=%E3%84%90%E3%84%A7%E3%84%A0&word=%E8%95%89"
"ㄐㄧㄠ","礁","","3","待補充","https://dict.concised.moe.edu.tw/searchP.jsp?SN=%E3%84%90&SN2=%E3%84%90%E3%84%A7%E3%84%A0&word=%E7%A4%81"
"ㄐㄧㄠ","鮫","","1","待補充","https://dict.concised.moe.edu.tw/searchP.jsp?SN=%E3%84%90&SN2=%E3%84%90%E3%84%A7%E3%84%A0&word=%E9%AE%AB"
"ㄐㄧㄠ","驕","","10","待補充","https://dict.concised.moe.edu.tw/searchP.jsp?SN=%E3%84%90&SN2=%E3%84%90%E3%84%A7%E3%84%A0&word=%E9%A9%95"
"ㄐㄧㄠ","鷦","","2","待補充","https://dict.concised.moe.edu.tw/searchP.jsp?SN=%E3%84%90&SN2=%E3%84%90%E3%84%A7%E3%84%A0&word=%E9%B7%A6"
"ㄐㄧㄠˇ","角","","9","待補充","https://dict.concised.moe.edu.tw/searchP.jsp?SN=%E3%84%90&SN2=%E3%84%90%E3%84%A7%E3%84%A0%CB%87&word=%E8%A7%92"
"ㄐㄧㄠˇ","佼","","2","待補充","https://dict.concised.moe.edu.tw/searchP.jsp?SN=%E3%84%90&SN2=%E3%84%90%E3%84%A7%E3%84%A0%CB%87&word=%E4%BD%BC"
"ㄐㄧㄠˇ","姣","","1","待補充","https://dict.concised.moe.edu.tw/searchP.jsp?SN=%E3%84%90&SN2=%E3%84%90%E3%84%A7%E3%84%A0%CB%87&word=%E5%A7%A3"
"ㄐㄧㄠˇ","狡","","7","待補充","https://dict.concised.moe.edu.tw/searchP.jsp?SN=%E3%84%90&SN2=%E3%84%90%E3%84%A7%E3%84%A0%CB%87&word=%E7%8B%A1"
"ㄐㄧㄠˇ","皎","","2","待補充","https://dict.concised.moe.edu.tw/searchP.jsp?SN=%E3%84%90&SN2=%E3%84%90%E3%84%A7%E3%84%A0%CB%87&word=%E7%9A%8E"
"ㄐㄧㄠˇ","筊","","2","待補充","https://dict.concised.moe.edu.tw/searchP.jsp?SN=%E3%84%90&SN2=%E3%84%90%E3%84%A7%E3%84%A0%CB%87&word=%E7%AD%8A"
"ㄐㄧㄠˇ","絞","","5","待補充","https://dict.concised.moe.edu.tw/searchP.jsp?SN=%E3%84%90&SN2=%E3%84%90%E3%84%A7%E3%84%A0%CB%87&word=%E7%B5%9E"
"ㄐㄧㄠˇ","剿","","2","待補充","https://dict.concised.moe.edu.tw/searchP.jsp?SN=%E3%84%90&SN2=%E3%84%90%E3%84%A7%E3%84%A0%CB%87&word=%E5%89%BF"
"ㄐㄧㄠˇ","勦","","1","待補充","https://dict.concised.moe.edu.tw/searchP.jsp?SN=%E3%84%90&SN2=%E3%84%90%E3%84%A7%E3%84%A0%CB%87&word=%E5%8B%A6"
"ㄐㄧㄠˇ","腳","腳趾","14","已有可用詞","https://dict.concised.moe.edu.tw/searchP.jsp?SN=%E3%84%90&SN2=%E3%84%90%E3%84%A7%E3%84%A0%CB%87&word=%E8%85%B3"
"ㄐㄧㄠˇ","僥","","2","待補充","https://dict.concised.moe.edu.tw/searchP.jsp?SN=%E3%84%90&SN2=%E3%84%90%E3%84%A7%E3%84%A0%CB%87&word=%E5%83%A5"
"ㄐㄧㄠˇ","鉸","","1","待補充","https://dict.concised.moe.edu.tw/searchP.jsp?SN=%E3%84%90&SN2=%E3%84%90%E3%84%A7%E3%84%A0%CB%87&word=%E9%89%B8"
"ㄐㄧㄠˇ","餃","","2","待補充","https://dict.concised.moe.edu.tw/searchP.jsp?SN=%E3%84%90&SN2=%E3%84%90%E3%84%A7%E3%84%A0%CB%87&word=%E9%A4%83"
"ㄐㄧㄠˇ","矯","","9","待補充","https://dict.concised.moe.edu.tw/searchP.jsp?SN=%E3%84%90&SN2=%E3%84%90%E3%84%A7%E3%84%A0%CB%87&word=%E7%9F%AF"
"ㄐㄧㄠˇ","繳","","9","待補充","https://dict.concised.moe.edu.tw/searchP.jsp?SN=%E3%84%90&SN2=%E3%84%90%E3%84%A7%E3%84%A0%CB%87&word=%E7%B9%B3"
"ㄐㄧㄠˇ","攪","","6","待補充","https://dict.concised.moe.edu.tw/searchP.jsp?SN=%E3%84%90&SN2=%E3%84%90%E3%84%A7%E3%84%A0%CB%87&word=%E6%94%AA"
"ㄐㄧㄠˊ","嚼","","2","待補充","https://dict.concised.moe.edu.tw/searchP.jsp?SN=%E3%84%90&SN2=%E3%84%90%E3%84%A7%E3%84%A0%CB%8A&word=%E5%9A%BC"
"ㄐㄧㄠˋ","叫","","16","待補充","https://dict.concised.moe.edu.tw/searchP.jsp?SN=%E3%84%90&SN2=%E3%84%90%E3%84%A7%E3%84%A0%CB%8B&word=%E5%8F%AB"
"ㄐㄧㄠˋ","校","","8","待補充","https://dict.concised.moe.edu.tw/searchP.jsp?SN=%E3%84%90&SN2=%E3%84%90%E3%84%A7%E3%84%A0%CB%8B&word=%E6%A0%A1"
"ㄐㄧㄠˋ","教","","20","待補充","https://dict.concised.moe.edu.tw/searchP.jsp?SN=%E3%84%90&SN2=%E3%84%90%E3%84%A7%E3%84%A0%CB%8B&word=%E6%95%99"
"ㄐㄧㄠˋ","窖","","1","待補充","https://dict.concised.moe.edu.tw/searchP.jsp?SN=%E3%84%90&SN2=%E3%84%90%E3%84%A7%E3%84%A0%CB%8B&word=%E7%AA%96"
"ㄐㄧㄠˋ","較","","3","待補充","https://dict.concised.moe.edu.tw/searchP.jsp?SN=%E3%84%90&SN2=%E3%84%90%E3%84%A7%E3%84%A0%CB%8B&word=%E8%BC%83"
"ㄐㄧㄠˋ","嶠","","1","待補充","https://dict.concised.moe.edu.tw/searchP.jsp?SN=%E3%84%90&SN2=%E3%84%90%E3%84%A7%E3%84%A0%CB%8B&word=%E5%B6%A0"
"ㄐㄧㄠˋ","徼","","1","待補充","https://dict.concised.moe.edu.tw/searchP.jsp?SN=%E3%84%90&SN2=%E3%84%90%E3%84%A7%E3%84%A0%CB%8B&word=%E5%BE%BC"
"ㄐㄧㄠˋ","轎","","4","待補充","https://dict.concised.moe.edu.tw/searchP.jsp?SN=%E3%84%90&SN2=%E3%84%90%E3%84%A7%E3%84%A0%CB%8B&word=%E8%BD%8E"
"ㄐㄧㄠˋ","醮","","1","待補充","https://dict.concised.moe.edu.tw/searchP.jsp?SN=%E3%84%90&SN2=%E3%84%90%E3%84%A7%E3%84%A0%CB%8B&word=%E9%86%AE"
"ㄐㄧㄠˋ","覺","","1","待補充","https://dict.concised.moe.edu.tw/searchP.jsp?SN=%E3%84%90&SN2=%E3%84%90%E3%84%A7%E3%84%A0%CB%8B&word=%E8%A6%BA"
"ㄐㄧㄡ","糾","","13","待補充","https://dict.concised.moe.edu.tw/searchP.jsp?SN=%E3%84%90&SN2=%E3%84%90%E3%84%A7%E3%84%A1&word=%E7%B3%BE"
"ㄐㄧㄡ","赳","","1","待補充","https://dict.concised.moe.edu.tw/searchP.jsp?SN=%E3%84%90&SN2=%E3%84%90%E3%84%A7%E3%84%A1&word=%E8%B5%B3"
"ㄐㄧㄡ","啾","","2","待補充","https://dict.concised.moe.edu.tw/searchP.jsp?SN=%E3%84%90&SN2=%E3%84%90%E3%84%A7%E3%84%A1&word=%E5%95%BE"
"ㄐㄧㄡ","揪","","2","待補充","https://dict.concised.moe.edu.tw/searchP.jsp?SN=%E3%84%90&SN2=%E3%84%90%E3%84%A7%E3%84%A1&word=%E6%8F%AA"
"ㄐㄧㄡ","鳩","","2","待補充","https://dict.concised.moe.edu.tw/searchP.jsp?SN=%E3%84%90&SN2=%E3%84%90%E3%84%A7%E3%84%A1&word=%E9%B3%A9"
"ㄐㄧㄡ","鬮","","1","待補充","https://dict.concised.moe.edu.tw/searchP.jsp?SN=%E3%84%90&SN2=%E3%84%90%E3%84%A7%E3%84%A1&word=%E9%AC%AE"
"ㄐㄧㄡˇ","九","","13","待補充","https://dict.concised.moe.edu.tw/searchP.jsp?SN=%E3%84%90&SN2=%E3%84%90%E3%84%A7%E3%84%A1%CB%87&word=%E4%B9%9D"
"ㄐㄧㄡˇ","久","","13","待補充","https://dict.concised.moe.edu.tw/searchP.jsp?SN=%E3%84%90&SN2=%E3%84%90%E3%84%A7%E3%84%A1%CB%87&word=%E4%B9%85"
"ㄐㄧㄡˇ","灸","","1","待補充","https://dict.concised.moe.edu.tw/searchP.jsp?SN=%E3%84%90&SN2=%E3%84%90%E3%84%A7%E3%84%A1%CB%87&word=%E7%81%B8"
"ㄐㄧㄡˇ","玖","","1","待補充","https://dict.concised.moe.edu.tw/searchP.jsp?SN=%E3%84%90&SN2=%E3%84%90%E3%84%A7%E3%84%A1%CB%87&word=%E7%8E%96"
"ㄐㄧㄡˇ","韭","","3","待補充","https://dict.concised.moe.edu.tw/searchP.jsp?SN=%E3%84%90&SN2=%E3%84%90%E3%84%A7%E3%84%A1%CB%87&word=%E9%9F%AD"
"ㄐㄧㄡˇ","酒","","20","待補充","https://dict.concised.moe.edu.tw/searchP.jsp?SN=%E3%84%90&SN2=%E3%84%90%E3%84%A7%E3%84%A1%CB%87&word=%E9%85%92"
"ㄐㄧㄡˋ","臼","","1","待補充","https://dict.concised.moe.edu.tw/searchP.jsp?SN=%E3%84%90&SN2=%E3%84%90%E3%84%A7%E3%84%A1%CB%8B&word=%E8%87%BC"
"ㄐㄧㄡˋ","究","","3","待補充","https://dict.concised.moe.edu.tw/searchP.jsp?SN=%E3%84%90&SN2=%E3%84%90%E3%84%A7%E3%84%A1%CB%8B&word=%E7%A9%B6"
"ㄐㄧㄡˋ","咎","","2","待補充","https://dict.concised.moe.edu.tw/searchP.jsp?SN=%E3%84%90&SN2=%E3%84%90%E3%84%A7%E3%84%A1%CB%8B&word=%E5%92%8E"
"ㄐㄧㄡˋ","疚","","1","待補充","https://dict.concised.moe.edu.tw/searchP.jsp?SN=%E3%84%90&SN2=%E3%84%90%E3%84%A7%E3%84%A1%CB%8B&word=%E7%96%9A"
"ㄐㄧㄡˋ","柩","","1","待補充","https://dict.concised.moe.edu.tw/searchP.jsp?SN=%E3%84%90&SN2=%E3%84%90%E3%84%A7%E3%84%A1%CB%8B&word=%E6%9F%A9"
"ㄐㄧㄡˋ","救","","20","待補充","https://dict.concised.moe.edu.tw/searchP.jsp?SN=%E3%84%90&SN2=%E3%84%90%E3%84%A7%E3%84%A1%CB%8B&word=%E6%95%91"
"ㄐㄧㄡˋ","就","","20","待補充","https://dict.concised.moe.edu.tw/searchP.jsp?SN=%E3%84%90&SN2=%E3%84%90%E3%84%A7%E3%84%A1%CB%8B&word=%E5%B0%B1"
"ㄐㄧㄡˋ","廄","","1","待補充","https://dict.concised.moe.edu.tw/searchP.jsp?SN=%E3%84%90&SN2=%E3%84%90%E3%84%A7%E3%84%A1%CB%8B&word=%E5%BB%84"
"ㄐㄧㄡˋ","舅","","6","待補充","https://dict.concised.moe.edu.tw/searchP.jsp?SN=%E3%84%90&SN2=%E3%84%90%E3%84%A7%E3%84%A1%CB%8B&word=%E8%88%85"
"ㄐㄧㄡˋ","舊","","20","待補充","https://dict.concised.moe.edu.tw/searchP.jsp?SN=%E3%84%90&SN2=%E3%84%90%E3%84%A7%E3%84%A1%CB%8B&word=%E8%88%8A"
"ㄐㄧㄡˋ","鷲","","1","待補充","https://dict.concised.moe.edu.tw/searchP.jsp?SN=%E3%84%90&SN2=%E3%84%90%E3%84%A7%E3%84%A1%CB%8B&word=%E9%B7%B2"
"ㄐㄧㄢ","奸","","9","待補充","https://dict.concised.moe.edu.tw/searchP.jsp?SN=%E3%84%90&SN2=%E3%84%90%E3%84%A7%E3%84%A2&word=%E5%A5%B8"
"ㄐㄧㄢ","尖","","12","待補充","https://dict.concised.moe.edu.tw/searchP.jsp?SN=%E3%84%90&SN2=%E3%84%90%E3%84%A7%E3%84%A2&word=%E5%B0%96"
"ㄐㄧㄢ","肩","","6","待補充","https://dict.concised.moe.edu.tw/searchP.jsp?SN=%E3%84%90&SN2=%E3%84%90%E3%84%A7%E3%84%A2&word=%E8%82%A9"
"ㄐㄧㄢ","姦","","4","待補充","https://dict.concised.moe.edu.tw/searchP.jsp?SN=%E3%84%90&SN2=%E3%84%90%E3%84%A7%E3%84%A2&word=%E5%A7%A6"
"ㄐㄧㄢ","兼","","16","待補充","https://dict.concised.moe.edu.tw/searchP.jsp?SN=%E3%84%90&SN2=%E3%84%90%E3%84%A7%E3%84%A2&word=%E5%85%BC"
"ㄐㄧㄢ","堅","","20","待補充","https://dict.concised.moe.edu.tw/searchP.jsp?SN=%E3%84%90&SN2=%E3%84%90%E3%84%A7%E3%84%A2&word=%E5%A0%85"
"ㄐㄧㄢ","湔","","2","待補充","https://dict.concised.moe.edu.tw/searchP.jsp?SN=%E3%84%90&SN2=%E3%84%90%E3%84%A7%E3%84%A2&word=%E6%B9%94"
"ㄐㄧㄢ","牋","","1","待補充","https://dict.concised.moe.edu.tw/searchP.jsp?SN=%E3%84%90&SN2=%E3%84%90%E3%84%A7%E3%84%A2&word=%E7%89%8B"
"ㄐㄧㄢ","菅","","1","待補充","https://dict.concised.moe.edu.tw/searchP.jsp?SN=%E3%84%90&SN2=%E3%84%90%E3%84%A7%E3%84%A2&word=%E8%8F%85"
"ㄐㄧㄢ","間","","10","待補充","https://dict.concised.moe.edu.tw/searchP.jsp?SN=%E3%84%90&SN2=%E3%84%90%E3%84%A7%E3%84%A2&word=%E9%96%93"
"ㄐㄧㄢ","煎","","3","待補充","https://dict.concised.moe.edu.tw/searchP.jsp?SN=%E3%84%90&SN2=%E3%84%90%E3%84%A7%E3%84%A2&word=%E7%85%8E"
"ㄐㄧㄢ","犍","","2","待補充","https://dict.concised.moe.edu.tw/searchP.jsp?SN=%E3%84%90&SN2=%E3%84%90%E3%84%A7%E3%84%A2&word=%E7%8A%8D"
"ㄐㄧㄢ","監","","19","待補充","https://dict.concised.moe.edu.tw/searchP.jsp?SN=%E3%84%90&SN2=%E3%84%90%E3%84%A7%E3%84%A2&word=%E7%9B%A3"
"ㄐㄧㄢ","箋","","1","待補充","https://dict.concised.moe.edu.tw/searchP.jsp?SN=%E3%84%90&SN2=%E3%84%90%E3%84%A7%E3%84%A2&word=%E7%AE%8B"
"ㄐㄧㄢ","蒹","","1","待補充","https://dict.concised.moe.edu.tw/searchP.jsp?SN=%E3%84%90&SN2=%E3%84%90%E3%84%A7%E3%84%A2&word=%E8%92%B9"
"ㄐㄧㄢ","緘","","2","待補充","https://dict.concised.moe.edu.tw/searchP.jsp?SN=%E3%84%90&SN2=%E3%84%90%E3%84%A7%E3%84%A2&word=%E7%B7%98"
"ㄐㄧㄢ","縑","","1","待補充","https://dict.concised.moe.edu.tw/searchP.jsp?SN=%E3%84%90&SN2=%E3%84%90%E3%84%A7%E3%84%A2&word=%E7%B8%91"
"ㄐㄧㄢ","艱","","10","待補充","https://dict.concised.moe.edu.tw/searchP.jsp?SN=%E3%84%90&SN2=%E3%84%90%E3%84%A7%E3%84%A2&word=%E8%89%B1"
"ㄐㄧㄢ","濺","","2","待補充","https://dict.concised.moe.edu.tw/searchP.jsp?SN=%E3%84%90&SN2=%E3%84%90%E3%84%A7%E3%84%A2&word=%E6%BF%BA"
"ㄐㄧㄢ","殲","","2","待補充","https://dict.concised.moe.edu.tw/searchP.jsp?SN=%E3%84%90&SN2=%E3%84%90%E3%84%A7%E3%84%A2&word=%E6%AE%B2"
"ㄐㄧㄢ","鶼","","3","待補充","https://dict.concised.moe.edu.tw/searchP.jsp?SN=%E3%84%90&SN2=%E3%84%90%E3%84%A7%E3%84%A2&word=%E9%B6%BC"
"ㄐㄧㄢ","鰹","","1","待補充","https://dict.concised.moe.edu.tw/searchP.jsp?SN=%E3%84%90&SN2=%E3%84%90%E3%84%A7%E3%84%A2&word=%E9%B0%B9"
"ㄐㄧㄢˇ","柬","","1","待補充","https://dict.concised.moe.edu.tw/searchP.jsp?SN=%E3%84%90&SN2=%E3%84%90%E3%84%A7%E3%84%A2%CB%87&word=%E6%9F%AC"
"ㄐㄧㄢˇ","剪","剪刀","12","已有可用詞","https://dict.concised.moe.edu.tw/searchP.jsp?SN=%E3%84%90&SN2=%E3%84%90%E3%84%A7%E3%84%A2%CB%87&word=%E5%89%AA"
"ㄐㄧㄢˇ","揀","","3","待補充","https://dict.concised.moe.edu.tw/searchP.jsp?SN=%E3%84%90&SN2=%E3%84%90%E3%84%A7%E3%84%A2%CB%87&word=%E6%8F%80"
"ㄐㄧㄢˇ","減","","20","待補充","https://dict.concised.moe.edu.tw/searchP.jsp?SN=%E3%84%90&SN2=%E3%84%90%E3%84%A7%E3%84%A2%CB%87&word=%E6%B8%9B"
"ㄐㄧㄢˇ","筧","","1","待補充","https://dict.concised.moe.edu.tw/searchP.jsp?SN=%E3%84%90&SN2=%E3%84%90%E3%84%A7%E3%84%A2%CB%87&word=%E7%AD%A7"
"ㄐㄧㄢˇ","戩","","1","待補充","https://dict.concised.moe.edu.tw/searchP.jsp?SN=%E3%84%90&SN2=%E3%84%90%E3%84%A7%E3%84%A2%CB%87&word=%E6%88%A9"
"ㄐㄧㄢˇ","儉","","3","待補充","https://dict.concised.moe.edu.tw/searchP.jsp?SN=%E3%84%90&SN2=%E3%84%90%E3%84%A7%E3%84%A2%CB%87&word=%E5%84%89"
"ㄐㄧㄢˇ","翦","","1","待補充","https://dict.concised.moe.edu.tw/searchP.jsp?SN=%E3%84%90&SN2=%E3%84%90%E3%84%A7%E3%84%A2%CB%87&word=%E7%BF%A6"
"ㄐㄧㄢˇ","撿","","6","待補充","https://dict.concised.moe.edu.tw/searchP.jsp?SN=%E3%84%90&SN2=%E3%84%90%E3%84%A7%E3%84%A2%CB%87&word=%E6%92%BF"
"ㄐㄧㄢˇ","檢","","20","待補充","https://dict.concised.moe.edu.tw/searchP.jsp?SN=%E3%84%90&SN2=%E3%84%90%E3%84%A7%E3%84%A2%CB%87&word=%E6%AA%A2"
"ㄐㄧㄢˇ","蹇","","1","待補充","https://dict.concised.moe.edu.tw/searchP.jsp?SN=%E3%84%90&SN2=%E3%84%90%E3%84%A7%E3%84%A2%CB%87&word=%E8%B9%87"
"ㄐㄧㄢˇ","瞼","","1","待補充","https://dict.concised.moe.edu.tw/searchP.jsp?SN=%E3%84%90&SN2=%E3%84%90%E3%84%A7%E3%84%A2%CB%87&word=%E7%9E%BC"
"ㄐㄧㄢˇ","簡","","20","待補充","https://dict.concised.moe.edu.tw/searchP.jsp?SN=%E3%84%90&SN2=%E3%84%90%E3%84%A7%E3%84%A2%CB%87&word=%E7%B0%A1"
"ㄐㄧㄢˇ","繭","","1","待補充","https://dict.concised.moe.edu.tw/searchP.jsp?SN=%E3%84%90&SN2=%E3%84%90%E3%84%A7%E3%84%A2%CB%87&word=%E7%B9%AD"
"ㄐㄧㄢˇ","鹼","","2","待補充","https://dict.concised.moe.edu.tw/searchP.jsp?SN=%E3%84%90&SN2=%E3%84%90%E3%84%A7%E3%84%A2%CB%87&word=%E9%B9%BC"
"ㄐㄧㄢˋ","件","","2","待補充","https://dict.concised.moe.edu.tw/searchP.jsp?SN=%E3%84%90&SN2=%E3%84%90%E3%84%A7%E3%84%A2%CB%8B&word=%E4%BB%B6"
"ㄐㄧㄢˋ","見","","20","待補充","https://dict.concised.moe.edu.tw/searchP.jsp?SN=%E3%84%90&SN2=%E3%84%90%E3%84%A7%E3%84%A2%CB%8B&word=%E8%A6%8B"
"ㄐㄧㄢˋ","建","","20","待補充","https://dict.concised.moe.edu.tw/searchP.jsp?SN=%E3%84%90&SN2=%E3%84%90%E3%84%A7%E3%84%A2%CB%8B&word=%E5%BB%BA"
"ㄐㄧㄢˋ","荐","","1","待補充","https://dict.concised.moe.edu.tw/searchP.jsp?SN=%E3%84%90&SN2=%E3%84%90%E3%84%A7%E3%84%A2%CB%8B&word=%E8%8D%90"
"ㄐㄧㄢˋ","健","","20","待補充","https://dict.concised.moe.edu.tw/searchP.jsp?SN=%E3%84%90&SN2=%E3%84%90%E3%84%A7%E3%84%A2%CB%8B&word=%E5%81%A5"
"ㄐㄧㄢˋ","間","","9","待補充","https://dict.concised.moe.edu.tw/searchP.jsp?SN=%E3%84%90&SN2=%E3%84%90%E3%84%A7%E3%84%A2%CB%8B&word=%E9%96%93"
"ㄐㄧㄢˋ","毽","","2","待補充","https://dict.concised.moe.edu.tw/searchP.jsp?SN=%E3%84%90&SN2=%E3%84%90%E3%84%A7%E3%84%A2%CB%8B&word=%E6%AF%BD"
"ㄐㄧㄢˋ","腱","","1","待補充","https://dict.concised.moe.edu.tw/searchP.jsp?SN=%E3%84%90&SN2=%E3%84%90%E3%84%A7%E3%84%A2%CB%8B&word=%E8%85%B1"
"ㄐㄧㄢˋ","僭","","2","待補充","https://dict.concised.moe.edu.tw/searchP.jsp?SN=%E3%84%90&SN2=%E3%84%90%E3%84%A7%E3%84%A2%CB%8B&word=%E5%83%AD"
"ㄐㄧㄢˋ","漸","","6","待補充","https://dict.concised.moe.edu.tw/searchP.jsp?SN=%E3%84%90&SN2=%E3%84%90%E3%84%A7%E3%84%A2%CB%8B&word=%E6%BC%B8"
"ㄐㄧㄢˋ","監","","1","待補充","https://dict.concised.moe.edu.tw/searchP.jsp?SN=%E3%84%90&SN2=%E3%84%90%E3%84%A7%E3%84%A2%CB%8B&word=%E7%9B%A3"
"ㄐㄧㄢˋ","劍","","5","待補充","https://dict.concised.moe.edu.tw/searchP.jsp?SN=%E3%84%90&SN2=%E3%84%90%E3%84%A7%E3%84%A2%CB%8B&word=%E5%8A%8D"
"ㄐㄧㄢˋ","澗","","1","待補充","https://dict.concised.moe.edu.tw/searchP.jsp?SN=%E3%84%90&SN2=%E3%84%90%E3%84%A7%E3%84%A2%CB%8B&word=%E6%BE%97"
"ㄐㄧㄢˋ","箭","","8","待補充","https://dict.concised.moe.edu.tw/searchP.jsp?SN=%E3%84%90&SN2=%E3%84%90%E3%84%A7%E3%84%A2%CB%8B&word=%E7%AE%AD"
"ㄐㄧㄢˋ","賤","","4","待補充","https://dict.concised.moe.edu.tw/searchP.jsp?SN=%E3%84%90&SN2=%E3%84%90%E3%84%A7%E3%84%A2%CB%8B&word=%E8%B3%A4"
"ㄐㄧㄢˋ","踐","","4","待補充","https://dict.concised.moe.edu.tw/searchP.jsp?SN=%E3%84%90&SN2=%E3%84%90%E3%84%A7%E3%84%A2%CB%8B&word=%E8%B8%90"
"ㄐㄧㄢˋ","諫","","3","待補充","https://dict.concised.moe.edu.tw/searchP.jsp?SN=%E3%84%90&SN2=%E3%84%90%E3%84%A7%E3%84%A2%CB%8B&word=%E8%AB%AB"
"ㄐㄧㄢˋ","餞","","3","待補充","https://dict.concised.moe.edu.tw/searchP.jsp?SN=%E3%84%90&SN2=%E3%84%90%E3%84%A7%E3%84%A2%CB%8B&word=%E9%A4%9E"
"ㄐㄧㄢˋ","瞷","","1","待補充","https://dict.concised.moe.edu.tw/searchP.jsp?SN=%E3%84%90&SN2=%E3%84%90%E3%84%A7%E3%84%A2%CB%8B&word=%E7%9E%B7"
"ㄐㄧㄢˋ","薦","","2","待補充","https://dict.concised.moe.edu.tw/searchP.jsp?SN=%E3%84%90&SN2=%E3%84%90%E3%84%A7%E3%84%A2%CB%8B&word=%E8%96%A6"
"ㄐㄧㄢˋ","鍵","","2","待補充","https://dict.concised.moe.edu.tw/searchP.jsp?SN=%E3%84%90&SN2=%E3%84%90%E3%84%A7%E3%84%A2%CB%8B&word=%E9%8D%B5"
"ㄐㄧㄢˋ","檻","","1","待補充","https://dict.concised.moe.edu.tw/searchP.jsp?SN=%E3%84%90&SN2=%E3%84%90%E3%84%A7%E3%84%A2%CB%8B&word=%E6%AA%BB"
"ㄐㄧㄢˋ","濺","","1","待補充","https://dict.concised.moe.edu.tw/searchP.jsp?SN=%E3%84%90&SN2=%E3%84%90%E3%84%A7%E3%84%A2%CB%8B&word=%E6%BF%BA"
"ㄐㄧㄢˋ","艦","","5","待補充","https://dict.concised.moe.edu.tw/searchP.jsp?SN=%E3%84%90&SN2=%E3%84%90%E3%84%A7%E3%84%A2%CB%8B&word=%E8%89%A6"
"ㄐㄧㄢˋ","鑑","","6","待補充","https://dict.concised.moe.edu.tw/searchP.jsp?SN=%E3%84%90&SN2=%E3%84%90%E3%84%A7%E3%84%A2%CB%8B&word=%E9%91%91"
"ㄐㄧㄢˋ","鑒","","3","待補充","https://dict.concised.moe.edu.tw/searchP.jsp?SN=%E3%84%90&SN2=%E3%84%90%E3%84%A7%E3%84%A2%CB%8B&word=%E9%91%92"
"ㄐㄧㄣ","巾","","3","待補充","https://dict.concised.moe.edu.tw/searchP.jsp?SN=%E3%84%90&SN2=%E3%84%90%E3%84%A7%E3%84%A3&word=%E5%B7%BE"
"ㄐㄧㄣ","今","","11","待補充","https://dict.concised.moe.edu.tw/searchP.jsp?SN=%E3%84%90&SN2=%E3%84%90%E3%84%A7%E3%84%A3&word=%E4%BB%8A"
"ㄐㄧㄣ","斤","","3","待補充","https://dict.concised.moe.edu.tw/searchP.jsp?SN=%E3%84%90&SN2=%E3%84%90%E3%84%A7%E3%84%A3&word=%E6%96%A4"
"ㄐㄧㄣ","金","","20","待補充","https://dict.concised.moe.edu.tw/searchP.jsp?SN=%E3%84%90&SN2=%E3%84%90%E3%84%A7%E3%84%A3&word=%E9%87%91"
"ㄐㄧㄣ","津","","6","待補充","https://dict.concised.moe.edu.tw/searchP.jsp?SN=%E3%84%90&SN2=%E3%84%90%E3%84%A7%E3%84%A3&word=%E6%B4%A5"
"ㄐㄧㄣ","矜","","2","待補充","https://dict.concised.moe.edu.tw/searchP.jsp?SN=%E3%84%90&SN2=%E3%84%90%E3%84%A7%E3%84%A3&word=%E7%9F%9C"
"ㄐㄧㄣ","觔","","2","待補充","https://dict.concised.moe.edu.tw/searchP.jsp?SN=%E3%84%90&SN2=%E3%84%90%E3%84%A7%E3%84%A3&word=%E8%A7%94"
"ㄐㄧㄣ","衿","","1","待補充","https://dict.concised.moe.edu.tw/searchP.jsp?SN=%E3%84%90&SN2=%E3%84%90%E3%84%A7%E3%84%A3&word=%E8%A1%BF"
"ㄐㄧㄣ","筋","","7","待補充","https://dict.concised.moe.edu.tw/searchP.jsp?SN=%E3%84%90&SN2=%E3%84%90%E3%84%A7%E3%84%A3&word=%E7%AD%8B"
"ㄐㄧㄣ","禁","","19","待補充","https://dict.concised.moe.edu.tw/searchP.jsp?SN=%E3%84%90&SN2=%E3%84%90%E3%84%A7%E3%84%A3&word=%E7%A6%81"
"ㄐㄧㄣ","襟","","2","待補充","https://dict.concised.moe.edu.tw/searchP.jsp?SN=%E3%84%90&SN2=%E3%84%90%E3%84%A7%E3%84%A3&word=%E8%A5%9F"
"ㄐㄧㄣˇ","巹","","1","待補充","https://dict.concised.moe.edu.tw/searchP.jsp?SN=%E3%84%90&SN2=%E3%84%90%E3%84%A7%E3%84%A3%CB%87&word=%E5%B7%B9"
"ㄐㄧㄣˇ","堇","","1","待補充","https://dict.concised.moe.edu.tw/searchP.jsp?SN=%E3%84%90&SN2=%E3%84%90%E3%84%A7%E3%84%A3%CB%87&word=%E5%A0%87"
"ㄐㄧㄣˇ","菫","","1","待補充","https://dict.concised.moe.edu.tw/searchP.jsp?SN=%E3%84%90&SN2=%E3%84%90%E3%84%A7%E3%84%A3%CB%87&word=%E8%8F%AB"
"ㄐㄧㄣˇ","僅","","3","待補充","https://dict.concised.moe.edu.tw/searchP.jsp?SN=%E3%84%90&SN2=%E3%84%90%E3%84%A7%E3%84%A3%CB%87&word=%E5%83%85"
"ㄐㄧㄣˇ","緊","","20","待補充","https://dict.concised.moe.edu.tw/searchP.jsp?SN=%E3%84%90&SN2=%E3%84%90%E3%84%A7%E3%84%A3%CB%87&word=%E7%B7%8A"
"ㄐㄧㄣˇ","槿","","1","待補充","https://dict.concised.moe.edu.tw/searchP.jsp?SN=%E3%84%90&SN2=%E3%84%90%E3%84%A7%E3%84%A3%CB%87&word=%E6%A7%BF"
"ㄐㄧㄣˇ","瑾","","2","待補充","https://dict.concised.moe.edu.tw/searchP.jsp?SN=%E3%84%90&SN2=%E3%84%90%E3%84%A7%E3%84%A3%CB%87&word=%E7%91%BE"
"ㄐㄧㄣˇ","儘","","5","待補充","https://dict.concised.moe.edu.tw/searchP.jsp?SN=%E3%84%90&SN2=%E3%84%90%E3%84%A7%E3%84%A3%CB%87&word=%E5%84%98"
"ㄐㄧㄣˇ","錦","","9","待補充","https://dict.concised.moe.edu.tw/searchP.jsp?SN=%E3%84%90&SN2=%E3%84%90%E3%84%A7%E3%84%A3%CB%87&word=%E9%8C%A6"
"ㄐㄧㄣˇ","謹","","8","待補充","https://dict.concised.moe.edu.tw/searchP.jsp?SN=%E3%84%90&SN2=%E3%84%90%E3%84%A7%E3%84%A3%CB%87&word=%E8%AC%B9"
"ㄐㄧㄣˇ","饉","","1","待補充","https://dict.concised.moe.edu.tw/searchP.jsp?SN=%E3%84%90&SN2=%E3%84%90%E3%84%A7%E3%84%A3%CB%87&word=%E9%A5%89"
"ㄐㄧㄣˋ","近","","20","待補充","https://dict.concised.moe.edu.tw/searchP.jsp?SN=%E3%84%90&SN2=%E3%84%90%E3%84%A7%E3%84%A3%CB%8B&word=%E8%BF%91"
"ㄐㄧㄣˋ","晉","","6","待補充","https://dict.concised.moe.edu.tw/searchP.jsp?SN=%E3%84%90&SN2=%E3%84%90%E3%84%A7%E3%84%A3%CB%8B&word=%E6%99%89"
"ㄐㄧㄣˋ","浸","","9","待補充","https://dict.concised.moe.edu.tw/searchP.jsp?SN=%E3%84%90&SN2=%E3%84%90%E3%84%A7%E3%84%A3%CB%8B&word=%E6%B5%B8"
"ㄐㄧㄣˋ","進","","20","待補充","https://dict.concised.moe.edu.tw/searchP.jsp?SN=%E3%84%90&SN2=%E3%84%90%E3%84%A7%E3%84%A3%CB%8B&word=%E9%80%B2"
"ㄐㄧㄣˋ","搢","","2","待補充","https://dict.concised.moe.edu.tw/searchP.jsp?SN=%E3%84%90&SN2=%E3%84%90%E3%84%A7%E3%84%A3%CB%8B&word=%E6%90%A2"
"ㄐㄧㄣˋ","禁","","19","待補充","https://dict.concised.moe.edu.tw/searchP.jsp?SN=%E3%84%90&SN2=%E3%84%90%E3%84%A7%E3%84%A3%CB%8B&word=%E7%A6%81"
"ㄐㄧㄣˋ","靳","","1","待補充","https://dict.concised.moe.edu.tw/searchP.jsp?SN=%E3%84%90&SN2=%E3%84%90%E3%84%A7%E3%84%A3%CB%8B&word=%E9%9D%B3"
"ㄐㄧㄣˋ","盡","","20","待補充","https://dict.concised.moe.edu.tw/searchP.jsp?SN=%E3%84%90&SN2=%E3%84%90%E3%84%A7%E3%84%A3%CB%8B&word=%E7%9B%A1"
"ㄐㄧㄣˋ","噤","","2","待補充","https://dict.concised.moe.edu.tw/searchP.jsp?SN=%E3%84%90&SN2=%E3%84%90%E3%84%A7%E3%84%A3%CB%8B&word=%E5%99%A4"
"ㄐㄧㄣˋ","燼","","1","待補充","https://dict.concised.moe.edu.tw/searchP.jsp?SN=%E3%84%90&SN2=%E3%84%90%E3%84%A7%E3%84%A3%CB%8B&word=%E7%87%BC"
"ㄐㄧㄣˋ","覲","","2","待補充","https://dict.concised.moe.edu.tw/searchP.jsp?SN=%E3%84%90&SN2=%E3%84%90%E3%84%A7%E3%84%A3%CB%8B&word=%E8%A6%B2"
"ㄐㄧㄣˋ","贐","","1","待補充","https://dict.concised.moe.edu.tw/searchP.jsp?SN=%E3%84%90&SN2=%E3%84%90%E3%84%A7%E3%84%A3%CB%8B&word=%E8%B4%90"
"ㄐㄧㄤ","江","","10","待補充","https://dict.concised.moe.edu.tw/searchP.jsp?SN=%E3%84%90&SN2=%E3%84%90%E3%84%A7%E3%84%A4&word=%E6%B1%9F"
"ㄐㄧㄤ","姜","","1","待補充","https://dict.concised.moe.edu.tw/searchP.jsp?SN=%E3%84%90&SN2=%E3%84%90%E3%84%A7%E3%84%A4&word=%E5%A7%9C"
"ㄐㄧㄤ","豇","","2","待補充","https://dict.concised.moe.edu.tw/searchP.jsp?SN=%E3%84%90&SN2=%E3%84%90%E3%84%A7%E3%84%A4&word=%E8%B1%87"
"ㄐㄧㄤ","將","","19","待補充","https://dict.concised.moe.edu.tw/searchP.jsp?SN=%E3%84%90&SN2=%E3%84%90%E3%84%A7%E3%84%A4&word=%E5%B0%87"
"ㄐㄧㄤ","僵","","9","待補充","https://dict.concised.moe.edu.tw/searchP.jsp?SN=%E3%84%90&SN2=%E3%84%90%E3%84%A7%E3%84%A4&word=%E5%83%B5"
"ㄐㄧㄤ","漿","","2","待補充","https://dict.concised.moe.edu.tw/searchP.jsp?SN=%E3%84%90&SN2=%E3%84%90%E3%84%A7%E3%84%A4&word=%E6%BC%BF"
"ㄐㄧㄤ","殭","","2","待補充","https://dict.concised.moe.edu.tw/searchP.jsp?SN=%E3%84%90&SN2=%E3%84%90%E3%84%A7%E3%84%A4&word=%E6%AE%AD"
"ㄐㄧㄤ","薑","","5","待補充","https://dict.concised.moe.edu.tw/searchP.jsp?SN=%E3%84%90&SN2=%E3%84%90%E3%84%A7%E3%84%A4&word=%E8%96%91"
"ㄐㄧㄤ","疆","","6","待補充","https://dict.concised.moe.edu.tw/searchP.jsp?SN=%E3%84%90&SN2=%E3%84%90%E3%84%A7%E3%84%A4&word=%E7%96%86"
"ㄐㄧㄤ","韁","","2","待補充","https://dict.concised.moe.edu.tw/searchP.jsp?SN=%E3%84%90&SN2=%E3%84%90%E3%84%A7%E3%84%A4&word=%E9%9F%81"
"ㄐㄧㄤˇ","槳","","1","待補充","https://dict.concised.moe.edu.tw/searchP.jsp?SN=%E3%84%90&SN2=%E3%84%90%E3%84%A7%E3%84%A4%CB%87&word=%E6%A7%B3"
"ㄐㄧㄤˇ","獎","","15","待補充","https://dict.concised.moe.edu.tw/searchP.jsp?SN=%E3%84%90&SN2=%E3%84%90%E3%84%A7%E3%84%A4%CB%87&word=%E7%8D%8E"
"ㄐㄧㄤˇ","蔣","","1","待補充","https://dict.concised.moe.edu.tw/searchP.jsp?SN=%E3%84%90&SN2=%E3%84%90%E3%84%A7%E3%84%A4%CB%87&word=%E8%94%A3"
"ㄐㄧㄤˇ","講","","20","待補充","https://dict.concised.moe.edu.tw/searchP.jsp?SN=%E3%84%90&SN2=%E3%84%90%E3%84%A7%E3%84%A4%CB%87&word=%E8%AC%9B"
"ㄐㄧㄤˋ","匠","","4","待補充","https://dict.concised.moe.edu.tw/searchP.jsp?SN=%E3%84%90&SN2=%E3%84%90%E3%84%A7%E3%84%A4%CB%8B&word=%E5%8C%A0"
"ㄐㄧㄤˋ","降","","20","待補充","https://dict.concised.moe.edu.tw/searchP.jsp?SN=%E3%84%90&SN2=%E3%84%90%E3%84%A7%E3%84%A4%CB%8B&word=%E9%99%8D"
"ㄐㄧㄤˋ","將","","8","待補充","https://dict.concised.moe.edu.tw/searchP.jsp?SN=%E3%84%90&SN2=%E3%84%90%E3%84%A7%E3%84%A4%CB%8B&word=%E5%B0%87"
"ㄐㄧㄤˋ","強","","2","待補充","https://dict.concised.moe.edu.tw/searchP.jsp?SN=%E3%84%90&SN2=%E3%84%90%E3%84%A7%E3%84%A4%CB%8B&word=%E5%BC%B7"
"ㄐㄧㄤˋ","絳","","1","待補充","https://dict.concised.moe.edu.tw/searchP.jsp?SN=%E3%84%90&SN2=%E3%84%90%E3%84%A7%E3%84%A4%CB%8B&word=%E7%B5%B3"
"ㄐㄧㄤˋ","漿","","2","待補充","https://dict.concised.moe.edu.tw/searchP.jsp?SN=%E3%84%90&SN2=%E3%84%90%E3%84%A7%E3%84%A4%CB%8B&word=%E6%BC%BF"
"ㄐㄧㄤˋ","糨","","2","待補充","https://dict.concised.moe.edu.tw/searchP.jsp?SN=%E3%84%90&SN2=%E3%84%90%E3%84%A7%E3%84%A4%CB%8B&word=%E7%B3%A8"
"ㄐㄧㄤˋ","醬","","6","待補充","https://dict.concised.moe.edu.tw/searchP.jsp?SN=%E3%84%90&SN2=%E3%84%90%E3%84%A7%E3%84%A4%CB%8B&word=%E9%86%AC"
"ㄐㄧㄥ","京","","8","待補充","https://dict.concised.moe.edu.tw/searchP.jsp?SN=%E3%84%90&SN2=%E3%84%90%E3%84%A7%E3%84%A5&word=%E4%BA%AC"
"ㄐㄧㄥ","青","","1","待補充","https://dict.concised.moe.edu.tw/searchP.jsp?SN=%E3%84%90&SN2=%E3%84%90%E3%84%A7%E3%84%A5&word=%E9%9D%92"
"ㄐㄧㄥ","涇","","2","待補充","https://dict.concised.moe.edu.tw/searchP.jsp?SN=%E3%84%90&SN2=%E3%84%90%E3%84%A7%E3%84%A5&word=%E6%B6%87"
"ㄐㄧㄥ","荊","","2","待補充","https://dict.concised.moe.edu.tw/searchP.jsp?SN=%E3%84%90&SN2=%E3%84%90%E3%84%A7%E3%84%A5&word=%E8%8D%8A"
"ㄐㄧㄥ","旌","","1","待補充","https://dict.concised.moe.edu.tw/searchP.jsp?SN=%E3%84%90&SN2=%E3%84%90%E3%84%A7%E3%84%A5&word=%E6%97%8C"
"ㄐㄧㄥ","莖","","1","待補充","https://dict.concised.moe.edu.tw/searchP.jsp?SN=%E3%84%90&SN2=%E3%84%90%E3%84%A7%E3%84%A5&word=%E8%8E%96"
"ㄐㄧㄥ","晶","","6","待補充","https://dict.concised.moe.edu.tw/searchP.jsp?SN=%E3%84%90&SN2=%E3%84%90%E3%84%A7%E3%84%A5&word=%E6%99%B6"
"ㄐㄧㄥ","菁","","4","待補充","https://dict.concised.moe.edu.tw/searchP.jsp?SN=%E3%84%90&SN2=%E3%84%90%E3%84%A7%E3%84%A5&word=%E8%8F%81"
"ㄐㄧㄥ","睛","","1","待補充","https://dict.concised.moe.edu.tw/searchP.jsp?SN=%E3%84%90&SN2=%E3%84%90%E3%84%A7%E3%84%A5&word=%E7%9D%9B"
"ㄐㄧㄥ","經","","20","待補充","https://dict.concised.moe.edu.tw/searchP.jsp?SN=%E3%84%90&SN2=%E3%84%90%E3%84%A7%E3%84%A5&word=%E7%B6%93"
"ㄐㄧㄥ","兢","","2","待補充","https://dict.concised.moe.edu.tw/searchP.jsp?SN=%E3%84%90&SN2=%E3%84%90%E3%84%A7%E3%84%A5&word=%E5%85%A2"
"ㄐㄧㄥ","精","","20","待補充","https://dict.concised.moe.edu.tw/searchP.jsp?SN=%E3%84%90&SN2=%E3%84%90%E3%84%A7%E3%84%A5&word=%E7%B2%BE"
"ㄐㄧㄥ","鯨","","4","待補充","https://dict.concised.moe.edu.tw/searchP.jsp?SN=%E3%84%90&SN2=%E3%84%90%E3%84%A7%E3%84%A5&word=%E9%AF%A8"
"ㄐㄧㄥ","驚","","20","待補充","https://dict.concised.moe.edu.tw/searchP.jsp?SN=%E3%84%90&SN2=%E3%84%90%E3%84%A7%E3%84%A5&word=%E9%A9%9A"
"ㄐㄧㄥˇ","井","","5","待補充","https://dict.concised.moe.edu.tw/searchP.jsp?SN=%E3%84%90&SN2=%E3%84%90%E3%84%A7%E3%84%A5%CB%87&word=%E4%BA%95"
"ㄐㄧㄥˇ","阱","","1","待補充","https://dict.concised.moe.edu.tw/searchP.jsp?SN=%E3%84%90&SN2=%E3%84%90%E3%84%A7%E3%84%A5%CB%87&word=%E9%98%B1"
"ㄐㄧㄥˇ","景","","10","待補充","https://dict.concised.moe.edu.tw/searchP.jsp?SN=%E3%84%90&SN2=%E3%84%90%E3%84%A7%E3%84%A5%CB%87&word=%E6%99%AF"
"ㄐㄧㄥˇ","儆","","1","待補充","https://dict.concised.moe.edu.tw/searchP.jsp?SN=%E3%84%90&SN2=%E3%84%90%E3%84%A7%E3%84%A5%CB%87&word=%E5%84%86"
"ㄐㄧㄥˇ","憬","","1","待補充","https://dict.concised.moe.edu.tw/searchP.jsp?SN=%E3%84%90&SN2=%E3%84%90%E3%84%A7%E3%84%A5%CB%87&word=%E6%86%AC"
"ㄐㄧㄥˇ","頸","","3","待補充","https://dict.concised.moe.edu.tw/searchP.jsp?SN=%E3%84%90&SN2=%E3%84%90%E3%84%A7%E3%84%A5%CB%87&word=%E9%A0%B8"
"ㄐㄧㄥˇ","警","","20","待補充","https://dict.concised.moe.edu.tw/searchP.jsp?SN=%E3%84%90&SN2=%E3%84%90%E3%84%A7%E3%84%A5%CB%87&word=%E8%AD%A6"
"ㄐㄧㄥˋ","勁","","6","待補充","https://dict.concised.moe.edu.tw/searchP.jsp?SN=%E3%84%90&SN2=%E3%84%90%E3%84%A7%E3%84%A5%CB%8B&word=%E5%8B%81"
"ㄐㄧㄥˋ","徑","","2","待補充","https://dict.concised.moe.edu.tw/searchP.jsp?SN=%E3%84%90&SN2=%E3%84%90%E3%84%A7%E3%84%A5%CB%8B&word=%E5%BE%91"
"ㄐㄧㄥˋ","淨","","11","待補充","https://dict.concised.moe.edu.tw/searchP.jsp?SN=%E3%84%90&SN2=%E3%84%90%E3%84%A7%E3%84%A5%CB%8B&word=%E6%B7%A8"
"ㄐㄧㄥˋ","脛","","2","待補充","https://dict.concised.moe.edu.tw/searchP.jsp?SN=%E3%84%90&SN2=%E3%84%90%E3%84%A7%E3%84%A5%CB%8B&word=%E8%84%9B"
"ㄐㄧㄥˋ","逕","","3","待補充","https://dict.concised.moe.edu.tw/searchP.jsp?SN=%E3%84%90&SN2=%E3%84%90%E3%84%A7%E3%84%A5%CB%8B&word=%E9%80%95"
"ㄐㄧㄥˋ","竟","","4","待補充","https://dict.concised.moe.edu.tw/searchP.jsp?SN=%E3%84%90&SN2=%E3%84%90%E3%84%A7%E3%84%A5%CB%8B&word=%E7%AB%9F"
"ㄐㄧㄥˋ","痙","","2","待補充","https://dict.concised.moe.edu.tw/searchP.jsp?SN=%E3%84%90&SN2=%E3%84%90%E3%84%A7%E3%84%A5%CB%8B&word=%E7%97%99"
"ㄐㄧㄥˋ","敬","","20","待補充","https://dict.concised.moe.edu.tw/searchP.jsp?SN=%E3%84%90&SN2=%E3%84%90%E3%84%A7%E3%84%A5%CB%8B&word=%E6%95%AC"
"ㄐㄧㄥˋ","靖","","1","待補充","https://dict.concised.moe.edu.tw/searchP.jsp?SN=%E3%84%90&SN2=%E3%84%90%E3%84%A7%E3%84%A5%CB%8B&word=%E9%9D%96"
"ㄐㄧㄥˋ","境","","5","待補充","https://dict.concised.moe.edu.tw/searchP.jsp?SN=%E3%84%90&SN2=%E3%84%90%E3%84%A7%E3%84%A5%CB%8B&word=%E5%A2%83"
"ㄐㄧㄥˋ","請","","1","待補充","https://dict.concised.moe.edu.tw/searchP.jsp?SN=%E3%84%90&SN2=%E3%84%90%E3%84%A7%E3%84%A5%CB%8B&word=%E8%AB%8B"
"ㄐㄧㄥˋ","靚","","1","待補充","https://dict.concised.moe.edu.tw/searchP.jsp?SN=%E3%84%90&SN2=%E3%84%90%E3%84%A7%E3%84%A5%CB%8B&word=%E9%9D%9A"
"ㄐㄧㄥˋ","靜","","13","待補充","https://dict.concised.moe.edu.tw/searchP.jsp?SN=%E3%84%90&SN2=%E3%84%90%E3%84%A7%E3%84%A5%CB%8B&word=%E9%9D%9C"
"ㄐㄧㄥˋ","鏡","","6","待補充","https://dict.concised.moe.edu.tw/searchP.jsp?SN=%E3%84%90&SN2=%E3%84%90%E3%84%A7%E3%84%A5%CB%8B&word=%E9%8F%A1"
"ㄐㄧㄥˋ","競","","11","待補充","https://dict.concised.moe.edu.tw/searchP.jsp?SN=%E3%84%90&SN2=%E3%84%90%E3%84%A7%E3%84%A5%CB%8B&word=%E7%AB%B6"
"ㄐㄩ","且","","1","待補充","https://dict.concised.moe.edu.tw/searchP.jsp?SN=%E3%84%90&SN2=%E3%84%90%E3%84%A9&word=%E4%B8%94"
"ㄐㄩ","車","","1","待補充","https://dict.concised.moe.edu.tw/searchP.jsp?SN=%E3%84%90&SN2=%E3%84%90%E3%84%A9&word=%E8%BB%8A"
"ㄐㄩ","居","","20","待補充","https://dict.concised.moe.edu.tw/searchP.jsp?SN=%E3%84%90&SN2=%E3%84%90%E3%84%A9&word=%E5%B1%85"
"ㄐㄩ","拘","","13","待補充","https://dict.concised.moe.edu.tw/searchP.jsp?SN=%E3%84%90&SN2=%E3%84%90%E3%84%A9&word=%E6%8B%98"
"ㄐㄩ","沮","","2","待補充","https://dict.concised.moe.edu.tw/searchP.jsp?SN=%E3%84%90&SN2=%E3%84%90%E3%84%A9&word=%E6%B2%AE"
"ㄐㄩ","狙","","2","待補充","https://dict.concised.moe.edu.tw/searchP.jsp?SN=%E3%84%90&SN2=%E3%84%90%E3%84%A9&word=%E7%8B%99"
"ㄐㄩ","疽","","1","待補充","https://dict.concised.moe.edu.tw/searchP.jsp?SN=%E3%84%90&SN2=%E3%84%90%E3%84%A9&word=%E7%96%BD"
"ㄐㄩ","痀","","2","待補充","https://dict.concised.moe.edu.tw/searchP.jsp?SN=%E3%84%90&SN2=%E3%84%90%E3%84%A9&word=%E7%97%80"
"ㄐㄩ","据","","1","待補充","https://dict.concised.moe.edu.tw/searchP.jsp?SN=%E3%84%90&SN2=%E3%84%90%E3%84%A9&word=%E6%8D%AE"
"ㄐㄩ","趄","","1","待補充","https://dict.concised.moe.edu.tw/searchP.jsp?SN=%E3%84%90&SN2=%E3%84%90%E3%84%A9&word=%E8%B6%84"
"ㄐㄩ","雎","","2","待補充","https://dict.concised.moe.edu.tw/searchP.jsp?SN=%E3%84%90&SN2=%E3%84%90%E3%84%A9&word=%E9%9B%8E"
"ㄐㄩ","裾","","1","待補充","https://dict.concised.moe.edu.tw/searchP.jsp?SN=%E3%84%90&SN2=%E3%84%90%E3%84%A9&word=%E8%A3%BE"
"ㄐㄩ","駒","","1","待補充","https://dict.concised.moe.edu.tw/searchP.jsp?SN=%E3%84%90&SN2=%E3%84%90%E3%84%A9&word=%E9%A7%92"
"ㄐㄩˇ","咀","","2","待補充","https://dict.concised.moe.edu.tw/searchP.jsp?SN=%E3%84%90&SN2=%E3%84%90%E3%84%A9%CB%87&word=%E5%92%80"
"ㄐㄩˇ","沮","","2","待補充","https://dict.concised.moe.edu.tw/searchP.jsp?SN=%E3%84%90&SN2=%E3%84%90%E3%84%A9%CB%87&word=%E6%B2%AE"
"ㄐㄩˇ","枸","","2","待補充","https://dict.concised.moe.edu.tw/searchP.jsp?SN=%E3%84%90&SN2=%E3%84%90%E3%84%A9%CB%87&word=%E6%9E%B8"
"ㄐㄩˇ","矩","","3","待補充","https://dict.concised.moe.edu.tw/searchP.jsp?SN=%E3%84%90&SN2=%E3%84%90%E3%84%A9%CB%87&word=%E7%9F%A9"
"ㄐㄩˇ","莒","","3","待補充","https://dict.concised.moe.edu.tw/searchP.jsp?SN=%E3%84%90&SN2=%E3%84%90%E3%84%A9%CB%87&word=%E8%8E%92"
"ㄐㄩˇ","蒟","","2","待補充","https://dict.concised.moe.edu.tw/searchP.jsp?SN=%E3%84%90&SN2=%E3%84%90%E3%84%A9%CB%87&word=%E8%92%9F"
"ㄐㄩˇ","舉","","20","待補充","https://dict.concised.moe.edu.tw/searchP.jsp?SN=%E3%84%90&SN2=%E3%84%90%E3%84%A9%CB%87&word=%E8%88%89"
"ㄐㄩˇ","踽","","2","待補充","https://dict.concised.moe.edu.tw/searchP.jsp?SN=%E3%84%90&SN2=%E3%84%90%E3%84%A9%CB%87&word=%E8%B8%BD"
"ㄐㄩˇ","齟","","2","待補充","https://dict.concised.moe.edu.tw/searchP.jsp?SN=%E3%84%90&SN2=%E3%84%90%E3%84%A9%CB%87&word=%E9%BD%9F"
"ㄐㄩˇ","櫸","","1","待補充","https://dict.concised.moe.edu.tw/searchP.jsp?SN=%E3%84%90&SN2=%E3%84%90%E3%84%A9%CB%87&word=%E6%AB%B8"
"ㄐㄩˊ","局","","7","待補充","https://dict.concised.moe.edu.tw/searchP.jsp?SN=%E3%84%90&SN2=%E3%84%90%E3%84%A9%CB%8A&word=%E5%B1%80"
"ㄐㄩˊ","侷","","3","待補充","https://dict.concised.moe.edu.tw/searchP.jsp?SN=%E3%84%90&SN2=%E3%84%90%E3%84%A9%CB%8A&word=%E4%BE%B7"
"ㄐㄩˊ","桔","","1","待補充","https://dict.concised.moe.edu.tw/searchP.jsp?SN=%E3%84%90&SN2=%E3%84%90%E3%84%A9%CB%8A&word=%E6%A1%94"
"ㄐㄩˊ","掬","","1","待補充","https://dict.concised.moe.edu.tw/searchP.jsp?SN=%E3%84%90&SN2=%E3%84%90%E3%84%A9%CB%8A&word=%E6%8E%AC"
"ㄐㄩˊ","菊","","3","待補充","https://dict.concised.moe.edu.tw/searchP.jsp?SN=%E3%84%90&SN2=%E3%84%90%E3%84%A9%CB%8A&word=%E8%8F%8A"
"ㄐㄩˊ","跼","","2","待補充","https://dict.concised.moe.edu.tw/searchP.jsp?SN=%E3%84%90&SN2=%E3%84%90%E3%84%A9%CB%8A&word=%E8%B7%BC"
"ㄐㄩˊ","踘","","1","待補充","https://dict.concised.moe.edu.tw/searchP.jsp?SN=%E3%84%90&SN2=%E3%84%90%E3%84%A9%CB%8A&word=%E8%B8%98"
"ㄐㄩˊ","橘","","2","待補充","https://dict.concised.moe.edu.tw/searchP.jsp?SN=%E3%84%90&SN2=%E3%84%90%E3%84%A9%CB%8A&word=%E6%A9%98"
"ㄐㄩˊ","鞠","","3","待補充","https://dict.concised.moe.edu.tw/searchP.jsp?SN=%E3%84%90&SN2=%E3%84%90%E3%84%A9%CB%8A&word=%E9%9E%A0"
"ㄐㄩˋ","句","","7","待補充","https://dict.concised.moe.edu.tw/searchP.jsp?SN=%E3%84%90&SN2=%E3%84%90%E3%84%A9%CB%8B&word=%E5%8F%A5"
"ㄐㄩˋ","巨","","20","待補充","https://dict.concised.moe.edu.tw/searchP.jsp?SN=%E3%84%90&SN2=%E3%84%90%E3%84%A9%CB%8B&word=%E5%B7%A8"
"ㄐㄩˋ","足","","1","待補充","https://dict.concised.moe.edu.tw/searchP.jsp?SN=%E3%84%90&SN2=%E3%84%90%E3%84%A9%CB%8B&word=%E8%B6%B3"
"ㄐㄩˋ","具","","9","待補充","https://dict.concised.moe.edu.tw/searchP.jsp?SN=%E3%84%90&SN2=%E3%84%90%E3%84%A9%CB%8B&word=%E5%85%B7"
"ㄐㄩˋ","拒","","9","待補充","https://dict.concised.moe.edu.tw/searchP.jsp?SN=%E3%84%90&SN2=%E3%84%90%E3%84%A9%CB%8B&word=%E6%8B%92"
"ㄐㄩˋ","炬","","1","待補充","https://dict.concised.moe.edu.tw/searchP.jsp?SN=%E3%84%90&SN2=%E3%84%90%E3%84%A9%CB%8B&word=%E7%82%AC"
"ㄐㄩˋ","苣","","1","待補充","https://dict.concised.moe.edu.tw/searchP.jsp?SN=%E3%84%90&SN2=%E3%84%90%E3%84%A9%CB%8B&word=%E8%8B%A3"
"ㄐㄩˋ","俱","","2","待補充","https://dict.concised.moe.edu.tw/searchP.jsp?SN=%E3%84%90&SN2=%E3%84%90%E3%84%A9%CB%8B&word=%E4%BF%B1"
"ㄐㄩˋ","倨","","3","待補充","https://dict.concised.moe.edu.tw/searchP.jsp?SN=%E3%84%90&SN2=%E3%84%90%E3%84%A9%CB%8B&word=%E5%80%A8"
"ㄐㄩˋ","詎","","2","待補充","https://dict.concised.moe.edu.tw/searchP.jsp?SN=%E3%84%90&SN2=%E3%84%90%E3%84%A9%CB%8B&word=%E8%A9%8E"
"ㄐㄩˋ","距","","2","待補充","https://dict.concised.moe.edu.tw/searchP.jsp?SN=%E3%84%90&SN2=%E3%84%90%E3%84%A9%CB%8B&word=%E8%B7%9D"
"ㄐㄩˋ","鉅","","8","待補充","https://dict.concised.moe.edu.tw/searchP.jsp?SN=%E3%84%90&SN2=%E3%84%90%E3%84%A9%CB%8B&word=%E9%89%85"
"ㄐㄩˋ","聚","","18","待補充","https://dict.concised.moe.edu.tw/searchP.jsp?SN=%E3%84%90&SN2=%E3%84%90%E3%84%A9%CB%8B&word=%E8%81%9A"
"ㄐㄩˋ","劇","","16","待補充","https://dict.concised.moe.edu.tw/searchP.jsp?SN=%E3%84%90&SN2=%E3%84%90%E3%84%A9%CB%8B&word=%E5%8A%87"
"ㄐㄩˋ","踞","","1","待補充","https://dict.concised.moe.edu.tw/searchP.jsp?SN=%E3%84%90&SN2=%E3%84%90%E3%84%A9%CB%8B&word=%E8%B8%9E"
"ㄐㄩˋ","據","","11","待補充","https://dict.concised.moe.edu.tw/searchP.jsp?SN=%E3%84%90&SN2=%E3%84%90%E3%84%A9%CB%8B&word=%E6%93%9A"
"ㄐㄩˋ","鋸","","7","待補充","https://dict.concised.moe.edu.tw/searchP.jsp?SN=%E3%84%90&SN2=%E3%84%90%E3%84%A9%CB%8B&word=%E9%8B%B8"
"ㄐㄩˋ","屨","","1","待補充","https://dict.concised.moe.edu.tw/searchP.jsp?SN=%E3%84%90&SN2=%E3%84%90%E3%84%A9%CB%8B&word=%E5%B1%A8"
"ㄐㄩˋ","遽","","2","待補充","https://dict.concised.moe.edu.tw/searchP.jsp?SN=%E3%84%90&SN2=%E3%84%90%E3%84%A9%CB%8B&word=%E9%81%BD"
"ㄐㄩˋ","颶","","2","待補充","https://dict.concised.moe.edu.tw/searchP.jsp?SN=%E3%84%90&SN2=%E3%84%90%E3%84%A9%CB%8B&word=%E9%A2%B6"
"ㄐㄩˋ","瞿","","2","待補充","https://dict.concised.moe.edu.tw/searchP.jsp?SN=%E3%84%90&SN2=%E3%84%90%E3%84%A9%CB%8B&word=%E7%9E%BF"
"ㄐㄩˋ","懼","","3","待補充","https://dict.concised.moe.edu.tw/searchP.jsp?SN=%E3%84%90&SN2=%E3%84%90%E3%84%A9%CB%8B&word=%E6%87%BC"
"ㄐㄩㄝ","噘","","1","待補充","https://dict.concised.moe.edu.tw/searchP.jsp?SN=%E3%84%90&SN2=%E3%84%90%E3%84%A9%E3%84%9D&word=%E5%99%98"
"ㄐㄩㄝ","撅","","1","待補充","https://dict.concised.moe.edu.tw/searchP.jsp?SN=%E3%84%90&SN2=%E3%84%90%E3%84%A9%E3%84%9D&word=%E6%92%85"
"ㄐㄩㄝˊ","孓","","1","待補充","https://dict.concised.moe.edu.tw/searchP.jsp?SN=%E3%84%90&SN2=%E3%84%90%E3%84%A9%E3%84%9D%CB%8A&word=%E5%AD%93"
"ㄐㄩㄝˊ","抉","","2","待補充","https://dict.concised.moe.edu.tw/searchP.jsp?SN=%E3%84%90&SN2=%E3%84%90%E3%84%A9%E3%84%9D%CB%8A&word=%E6%8A%89"
"ㄐㄩㄝˊ","決","","19","待補充","https://dict.concised.moe.edu.tw/searchP.jsp?SN=%E3%84%90&SN2=%E3%84%90%E3%84%A9%E3%84%9D%CB%8A&word=%E6%B1%BA"
"ㄐㄩㄝˊ","角","","2","待補充","https://dict.concised.moe.edu.tw/searchP.jsp?SN=%E3%84%90&SN2=%E3%84%90%E3%84%A9%E3%84%9D%CB%8A&word=%E8%A7%92"
"ㄐㄩㄝˊ","玦","","1","待補充","https://dict.concised.moe.edu.tw/searchP.jsp?SN=%E3%84%90&SN2=%E3%84%90%E3%84%A9%E3%84%9D%CB%8A&word=%E7%8E%A6"
"ㄐㄩㄝˊ","倔","","2","待補充","https://dict.concised.moe.edu.tw/searchP.jsp?SN=%E3%84%90&SN2=%E3%84%90%E3%84%A9%E3%84%9D%CB%8A&word=%E5%80%94"
"ㄐㄩㄝˊ","崛","","2","待補充","https://dict.concised.moe.edu.tw/searchP.jsp?SN=%E3%84%90&SN2=%E3%84%90%E3%84%A9%E3%84%9D%CB%8A&word=%E5%B4%9B"
"ㄐㄩㄝˊ","掘","","6","待補充","https://dict.concised.moe.edu.tw/searchP.jsp?SN=%E3%84%90&SN2=%E3%84%90%E3%84%A9%E3%84%9D%CB%8A&word=%E6%8E%98"
"ㄐㄩㄝˊ","訣","","3","待補充","https://dict.concised.moe.edu.tw/searchP.jsp?SN=%E3%84%90&SN2=%E3%84%90%E3%84%A9%E3%84%9D%CB%8A&word=%E8%A8%A3"
"ㄐㄩㄝˊ","厥","","2","待補充","https://dict.concised.moe.edu.tw/searchP.jsp?SN=%E3%84%90&SN2=%E3%84%90%E3%84%A9%E3%84%9D%CB%8A&word=%E5%8E%A5"
"ㄐㄩㄝˊ","絕","","20","待補充","https://dict.concised.moe.edu.tw/searchP.jsp?SN=%E3%84%90&SN2=%E3%84%90%E3%84%A9%E3%84%9D%CB%8A&word=%E7%B5%95"
"ㄐㄩㄝˊ","獗","","1","待補充","https://dict.concised.moe.edu.tw/searchP.jsp?SN=%E3%84%90&SN2=%E3%84%90%E3%84%A9%E3%84%9D%CB%8A&word=%E7%8D%97"
"ㄐㄩㄝˊ","噱","","1","待補充","https://dict.concised.moe.edu.tw/searchP.jsp?SN=%E3%84%90&SN2=%E3%84%90%E3%84%A9%E3%84%9D%CB%8A&word=%E5%99%B1"
"ㄐㄩㄝˊ","蕨","","2","待補充","https://dict.concised.moe.edu.tw/searchP.jsp?SN=%E3%84%90&SN2=%E3%84%90%E3%84%A9%E3%84%9D%CB%8A&word=%E8%95%A8"
"ㄐㄩㄝˊ","爵","","4","待補充","https://dict.concised.moe.edu.tw/searchP.jsp?SN=%E3%84%90&SN2=%E3%84%90%E3%84%A9%E3%84%9D%CB%8A&word=%E7%88%B5"
"ㄐㄩㄝˊ","譎","","1","待補充","https://dict.concised.moe.edu.tw/searchP.jsp?SN=%E3%84%90&SN2=%E3%84%90%E3%84%A9%E3%84%9D%CB%8A&word=%E8%AD%8E"
"ㄐㄩㄝˊ","蹶","","1","待補充","https://dict.concised.moe.edu.tw/searchP.jsp?SN=%E3%84%90&SN2=%E3%84%90%E3%84%A9%E3%84%9D%CB%8A&word=%E8%B9%B6"
"ㄐㄩㄝˊ","嚼","","2","待補充","https://dict.concised.moe.edu.tw/searchP.jsp?SN=%E3%84%90&SN2=%E3%84%90%E3%84%A9%E3%84%9D%CB%8A&word=%E5%9A%BC"
"ㄐㄩㄝˊ","矍","","1","待補充","https://dict.concised.moe.edu.tw/searchP.jsp?SN=%E3%84%90&SN2=%E3%84%90%E3%84%A9%E3%84%9D%CB%8A&word=%E7%9F%8D"
"ㄐㄩㄝˊ","覺","","5","待補充","https://dict.concised.moe.edu.tw/searchP.jsp?SN=%E3%84%90&SN2=%E3%84%90%E3%84%A9%E3%84%9D%CB%8A&word=%E8%A6%BA"
"ㄐㄩㄝˊ","攫","","3","待補充","https://dict.concised.moe.edu.tw/searchP.jsp?SN=%E3%84%90&SN2=%E3%84%90%E3%84%A9%E3%84%9D%CB%8A&word=%E6%94%AB"
"ㄐㄩㄝˊ","蠼","","1","待補充","https://dict.concised.moe.edu.tw/searchP.jsp?SN=%E3%84%90&SN2=%E3%84%90%E3%84%A9%E3%84%9D%CB%8A&word=%E8%A0%BC"
"ㄐㄩㄝˋ","倔","","1","待補充","https://dict.concised.moe.edu.tw/searchP.jsp?SN=%E3%84%90&SN2=%E3%84%90%E3%84%A9%E3%84%9D%CB%8B&word=%E5%80%94"
"ㄐㄩㄢ","身","","2","待補充","https://dict.concised.moe.edu.tw/searchP.jsp?SN=%E3%84%90&SN2=%E3%84%90%E3%84%A9%E3%84%A2&word=%E8%BA%AB"
"ㄐㄩㄢ","娟","","3","待補充","https://dict.concised.moe.edu.tw/searchP.jsp?SN=%E3%84%90&SN2=%E3%84%90%E3%84%A9%E3%84%A2&word=%E5%A8%9F"
"ㄐㄩㄢ","捐","","8","待補充","https://dict.concised.moe.edu.tw/searchP.jsp?SN=%E3%84%90&SN2=%E3%84%90%E3%84%A9%E3%84%A2&word=%E6%8D%90"
"ㄐㄩㄢ","涓","","4","待補充","https://dict.concised.moe.edu.tw/searchP.jsp?SN=%E3%84%90&SN2=%E3%84%90%E3%84%A9%E3%84%A2&word=%E6%B6%93"
"ㄐㄩㄢ","鵑","","1","待補充","https://dict.concised.moe.edu.tw/searchP.jsp?SN=%E3%84%90&SN2=%E3%84%90%E3%84%A9%E3%84%A2&word=%E9%B5%91"
"ㄐㄩㄢ","鐫","","2","待補充","https://dict.concised.moe.edu.tw/searchP.jsp?SN=%E3%84%90&SN2=%E3%84%90%E3%84%A9%E3%84%A2&word=%E9%90%AB"
"ㄐㄩㄢˇ","卷","","2","待補充","https://dict.concised.moe.edu.tw/searchP.jsp?SN=%E3%84%90&SN2=%E3%84%90%E3%84%A9%E3%84%A2%CB%87&word=%E5%8D%B7"
"ㄐㄩㄢˇ","捲","","8","待補充","https://dict.concised.moe.edu.tw/searchP.jsp?SN=%E3%84%90&SN2=%E3%84%90%E3%84%A9%E3%84%A2%CB%87&word=%E6%8D%B2"
"ㄐㄩㄢˋ","卷","","3","待補充","https://dict.concised.moe.edu.tw/searchP.jsp?SN=%E3%84%90&SN2=%E3%84%90%E3%84%A9%E3%84%A2%CB%8B&word=%E5%8D%B7"
"ㄐㄩㄢˋ","倦","","6","待補充","https://dict.concised.moe.edu.tw/searchP.jsp?SN=%E3%84%90&SN2=%E3%84%90%E3%84%A9%E3%84%A2%CB%8B&word=%E5%80%A6"
"ㄐㄩㄢˋ","狷","","1","待補充","https://dict.concised.moe.edu.tw/searchP.jsp?SN=%E3%84%90&SN2=%E3%84%90%E3%84%A9%E3%84%A2%CB%8B&word=%E7%8B%B7"
"ㄐㄩㄢˋ","圈","","1","待補充","https://dict.concised.moe.edu.tw/searchP.jsp?SN=%E3%84%90&SN2=%E3%84%90%E3%84%A9%E3%84%A2%CB%8B&word=%E5%9C%88"
"ㄐㄩㄢˋ","眷","","8","待補充","https://dict.concised.moe.edu.tw/searchP.jsp?SN=%E3%84%90&SN2=%E3%84%90%E3%84%A9%E3%84%A2%CB%8B&word=%E7%9C%B7"
"ㄐㄩㄢˋ","絹","","2","待補充","https://dict.concised.moe.edu.tw/searchP.jsp?SN=%E3%84%90&SN2=%E3%84%90%E3%84%A9%E3%84%A2%CB%8B&word=%E7%B5%B9"
"ㄐㄩㄢˋ","雋","","4","待補充","https://dict.concised.moe.edu.tw/searchP.jsp?SN=%E3%84%90&SN2=%E3%84%90%E3%84%A9%E3%84%A2%CB%8B&word=%E9%9B%8B"
"ㄐㄩㄣ","君","","5","待補充","https://dict.concised.moe.edu.tw/searchP.jsp?SN=%E3%84%90&SN2=%E3%84%90%E3%84%A9%E3%84%A3&word=%E5%90%9B"
"ㄐㄩㄣ","均","","9","待補充","https://dict.concised.moe.edu.tw/searchP.jsp?SN=%E3%84%90&SN2=%E3%84%90%E3%84%A9%E3%84%A3&word=%E5%9D%87"
"ㄐㄩㄣ","囷","","1","待補充","https://dict.concised.moe.edu.tw/searchP.jsp?SN=%E3%84%90&SN2=%E3%84%90%E3%84%A9%E3%84%A3&word=%E5%9B%B7"
"ㄐㄩㄣ","軍","","20","待補充","https://dict.concised.moe.edu.tw/searchP.jsp?SN=%E3%84%90&SN2=%E3%84%90%E3%84%A9%E3%84%A3&word=%E8%BB%8D"
"ㄐㄩㄣ","鈞","","3","待補充","https://dict.concised.moe.edu.tw/searchP.jsp?SN=%E3%84%90&SN2=%E3%84%90%E3%84%A9%E3%84%A3&word=%E9%88%9E"
"ㄐㄩㄣ","皸","","2","待補充","https://dict.concised.moe.edu.tw/searchP.jsp?SN=%E3%84%90&SN2=%E3%84%90%E3%84%A9%E3%84%A3&word=%E7%9A%B8"
"ㄐㄩㄣ","麇","","1","待補充","https://dict.concised.moe.edu.tw/searchP.jsp?SN=%E3%84%90&SN2=%E3%84%90%E3%84%A9%E3%84%A3&word=%E9%BA%87"
"ㄐㄩㄣ","龜","","2","待補充","https://dict.concised.moe.edu.tw/searchP.jsp?SN=%E3%84%90&SN2=%E3%84%90%E3%84%A9%E3%84%A3&word=%E9%BE%9C"
"ㄐㄩㄣˋ","俊","","7","待補充","https://dict.concised.moe.edu.tw/searchP.jsp?SN=%E3%84%90&SN2=%E3%84%90%E3%84%A9%E3%84%A3%CB%8B&word=%E4%BF%8A"
"ㄐㄩㄣˋ","峻","","3","待補充","https://dict.concised.moe.edu.tw/searchP.jsp?SN=%E3%84%90&SN2=%E3%84%90%E3%84%A9%E3%84%A3%CB%8B&word=%E5%B3%BB"
"ㄐㄩㄣˋ","浚","","1","待補充","https://dict.concised.moe.edu.tw/searchP.jsp?SN=%E3%84%90&SN2=%E3%84%90%E3%84%A9%E3%84%A3%CB%8B&word=%E6%B5%9A"
"ㄐㄩㄣˋ","郡","","2","待補充","https://dict.concised.moe.edu.tw/searchP.jsp?SN=%E3%84%90&SN2=%E3%84%90%E3%84%A9%E3%84%A3%CB%8B&word=%E9%83%A1"
"ㄐㄩㄣˋ","竣","","2","待補充","https://dict.concised.moe.edu.tw/searchP.jsp?SN=%E3%84%90&SN2=%E3%84%90%E3%84%A9%E3%84%A3%CB%8B&word=%E7%AB%A3"
"ㄐㄩㄣˋ","菌","","2","待補充","https://dict.concised.moe.edu.tw/searchP.jsp?SN=%E3%84%90&SN2=%E3%84%90%E3%84%A9%E3%84%A3%CB%8B&word=%E8%8F%8C"
"ㄐㄩㄣˋ","雋","","2","待補充","https://dict.concised.moe.edu.tw/searchP.jsp?SN=%E3%84%90&SN2=%E3%84%90%E3%84%A9%E3%84%A3%CB%8B&word=%E9%9B%8B"
"ㄐㄩㄣˋ","濬","","1","待補充","https://dict.concised.moe.edu.tw/searchP.jsp?SN=%E3%84%90&SN2=%E3%84%90%E3%84%A9%E3%84%A3%CB%8B&word=%E6%BF%AC"
"ㄐㄩㄣˋ","駿","","2","待補充","https://dict.concised.moe.edu.tw/searchP.jsp?SN=%E3%84%90&SN2=%E3%84%90%E3%84%A9%E3%84%A3%CB%8B&word=%E9%A7%BF"
"ㄐㄩㄥˇ","炯","","2","待補充","https://dict.concised.moe.edu.tw/searchP.jsp?SN=%E3%84%90&SN2=%E3%84%90%E3%84%A9%E3%84%A5%CB%87&word=%E7%82%AF"
"ㄐㄩㄥˇ","迥","","3","待補充","https://dict.concised.moe.edu.tw/searchP.jsp?SN=%E3%84%90&SN2=%E3%84%90%E3%84%A9%E3%84%A5%CB%87&word=%E8%BF%A5"
"ㄐㄩㄥˇ","窘","","5","待補充","https://dict.concised.moe.edu.tw/searchP.jsp?SN=%E3%84%90&SN2=%E3%84%90%E3%84%A9%E3%84%A5%CB%87&word=%E7%AA%98"
"ㄑㄧ","七","","20","待補充","https://dict.concised.moe.edu.tw/searchP.jsp?SN=%E3%84%91&SN2=%E3%84%91%E3%84%A7&word=%E4%B8%83"
"ㄑㄧ","沏","","1","待補充","https://dict.concised.moe.edu.tw/searchP.jsp?SN=%E3%84%91&SN2=%E3%84%91%E3%84%A7&word=%E6%B2%8F"
"ㄑㄧ","妻","","5","待補充","https://dict.concised.moe.edu.tw/searchP.jsp?SN=%E3%84%91&SN2=%E3%84%91%E3%84%A7&word=%E5%A6%BB"
"ㄑㄧ","柒","","1","待補充","https://dict.concised.moe.edu.tw/searchP.jsp?SN=%E3%84%91&SN2=%E3%84%91%E3%84%A7&word=%E6%9F%92"
"ㄑㄧ","栖","","1","待補充","https://dict.concised.moe.edu.tw/searchP.jsp?SN=%E3%84%91&SN2=%E3%84%91%E3%84%A7&word=%E6%A0%96"
"ㄑㄧ","悽","","6","待補充","https://dict.concised.moe.edu.tw/searchP.jsp?SN=%E3%84%91&SN2=%E3%84%91%E3%84%A7&word=%E6%82%BD"
"ㄑㄧ","戚","","2","待補充","https://dict.concised.moe.edu.tw/searchP.jsp?SN=%E3%84%91&SN2=%E3%84%91%E3%84%A7&word=%E6%88%9A"
"ㄑㄧ","淒","","11","待補充","https://dict.concised.moe.edu.tw/searchP.jsp?SN=%E3%84%91&SN2=%E3%84%91%E3%84%A7&word=%E6%B7%92"
"ㄑㄧ","棲","","3","待補充","https://dict.concised.moe.edu.tw/searchP.jsp?SN=%E3%84%91&SN2=%E3%84%91%E3%84%A7&word=%E6%A3%B2"
"ㄑㄧ","欺","","12","待補充","https://dict.concised.moe.edu.tw/searchP.jsp?SN=%E3%84%91&SN2=%E3%84%91%E3%84%A7&word=%E6%AC%BA"
"ㄑㄧ","萋","","2","待補充","https://dict.concised.moe.edu.tw/searchP.jsp?SN=%E3%84%91&SN2=%E3%84%91%E3%84%A7&word=%E8%90%8B"
"ㄑㄧ","漆","","5","待補充","https://dict.concised.moe.edu.tw/searchP.jsp?SN=%E3%84%91&SN2=%E3%84%91%E3%84%A7&word=%E6%BC%86"
"ㄑㄧ","慼","","1","待補充","https://dict.concised.moe.edu.tw/searchP.jsp?SN=%E3%84%91&SN2=%E3%84%91%E3%84%A7&word=%E6%85%BC"
"ㄑㄧˇ","乞","","8","待補充","https://dict.concised.moe.edu.tw/searchP.jsp?SN=%E3%84%91&SN2=%E3%84%91%E3%84%A7%CB%87&word=%E4%B9%9E"
"ㄑㄧˇ","杞","","2","待補充","https://dict.concised.moe.edu.tw/searchP.jsp?SN=%E3%84%91&SN2=%E3%84%91%E3%84%A7%CB%87&word=%E6%9D%9E"
"ㄑㄧˇ","豈","","5","待補充","https://dict.concised.moe.edu.tw/searchP.jsp?SN=%E3%84%91&SN2=%E3%84%91%E3%84%A7%CB%87&word=%E8%B1%88"
"ㄑㄧˇ","起","","20","待補充","https://dict.concised.moe.edu.tw/searchP.jsp?SN=%E3%84%91&SN2=%E3%84%91%E3%84%A7%CB%87&word=%E8%B5%B7"
"ㄑㄧˇ","啟","","15","待補充","https://dict.concised.moe.edu.tw/searchP.jsp?SN=%E3%84%91&SN2=%E3%84%91%E3%84%A7%CB%87&word=%E5%95%9F"
"ㄑㄧˇ","綺","","4","待補充","https://dict.concised.moe.edu.tw/searchP.jsp?SN=%E3%84%91&SN2=%E3%84%91%E3%84%A7%CB%87&word=%E7%B6%BA"
"ㄑㄧˇ","稽","","2","待補充","https://dict.concised.moe.edu.tw/searchP.jsp?SN=%E3%84%91&SN2=%E3%84%91%E3%84%A7%CB%87&word=%E7%A8%BD"
"ㄑㄧˊ","圻","","1","待補充","https://dict.concised.moe.edu.tw/searchP.jsp?SN=%E3%84%91&SN2=%E3%84%91%E3%84%A7%CB%8A&word=%E5%9C%BB"
"ㄑㄧˊ","岐","","2","待補充","https://dict.concised.moe.edu.tw/searchP.jsp?SN=%E3%84%91&SN2=%E3%84%91%E3%84%A7%CB%8A&word=%E5%B2%90"
"ㄑㄧˊ","其","","10","待補充","https://dict.concised.moe.edu.tw/searchP.jsp?SN=%E3%84%91&SN2=%E3%84%91%E3%84%A7%CB%8A&word=%E5%85%B6"
"ㄑㄧˊ","奇","","20","待補充","https://dict.concised.moe.edu.tw/searchP.jsp?SN=%E3%84%91&SN2=%E3%84%91%E3%84%A7%CB%8A&word=%E5%A5%87"
"ㄑㄧˊ","枝","","1","待補充","https://dict.concised.moe.edu.tw/searchP.jsp?SN=%E3%84%91&SN2=%E3%84%91%E3%84%A7%CB%8A&word=%E6%9E%9D"
"ㄑㄧˊ","歧","","7","待補充","https://dict.concised.moe.edu.tw/searchP.jsp?SN=%E3%84%91&SN2=%E3%84%91%E3%84%A7%CB%8A&word=%E6%AD%A7"
"ㄑㄧˊ","祁","","1","待補充","https://dict.concised.moe.edu.tw/searchP.jsp?SN=%E3%84%91&SN2=%E3%84%91%E3%84%A7%CB%8A&word=%E7%A5%81"
"ㄑㄧˊ","俟","","1","待補充","https://dict.concised.moe.edu.tw/searchP.jsp?SN=%E3%84%91&SN2=%E3%84%91%E3%84%A7%CB%8A&word=%E4%BF%9F"
"ㄑㄧˊ","祇","","1","待補充","https://dict.concised.moe.edu.tw/searchP.jsp?SN=%E3%84%91&SN2=%E3%84%91%E3%84%A7%CB%8A&word=%E7%A5%87"
"ㄑㄧˊ","祈","","8","待補充","https://dict.concised.moe.edu.tw/searchP.jsp?SN=%E3%84%91&SN2=%E3%84%91%E3%84%A7%CB%8A&word=%E7%A5%88"
"ㄑㄧˊ","耆","","4","待補充","https://dict.concised.moe.edu.tw/searchP.jsp?SN=%E3%84%91&SN2=%E3%84%91%E3%84%A7%CB%8A&word=%E8%80%86"
"ㄑㄧˊ","衹","","1","待補充","https://dict.concised.moe.edu.tw/searchP.jsp?SN=%E3%84%91&SN2=%E3%84%91%E3%84%A7%CB%8A&word=%E8%A1%B9"
"ㄑㄧˊ","崎","","2","待補充","https://dict.concised.moe.edu.tw/searchP.jsp?SN=%E3%84%91&SN2=%E3%84%91%E3%84%A7%CB%8A&word=%E5%B4%8E"
"ㄑㄧˊ","淇","","1","待補充","https://dict.concised.moe.edu.tw/searchP.jsp?SN=%E3%84%91&SN2=%E3%84%91%E3%84%A7%CB%8A&word=%E6%B7%87"
"ㄑㄧˊ","畦","","1","待補充","https://dict.concised.moe.edu.tw/searchP.jsp?SN=%E3%84%91&SN2=%E3%84%91%E3%84%A7%CB%8A&word=%E7%95%A6"
"ㄑㄧˊ","跂","","1","待補充","https://dict.concised.moe.edu.tw/searchP.jsp?SN=%E3%84%91&SN2=%E3%84%91%E3%84%A7%CB%8A&word=%E8%B7%82"
"ㄑㄧˊ","期","","14","待補充","https://dict.concised.moe.edu.tw/searchP.jsp?SN=%E3%84%91&SN2=%E3%84%91%E3%84%A7%CB%8A&word=%E6%9C%9F"
"ㄑㄧˊ","棋","","10","待補充","https://dict.concised.moe.edu.tw/searchP.jsp?SN=%E3%84%91&SN2=%E3%84%91%E3%84%A7%CB%8A&word=%E6%A3%8B"
"ㄑㄧˊ","琦","","1","待補充","https://dict.concised.moe.edu.tw/searchP.jsp?SN=%E3%84%91&SN2=%E3%84%91%E3%84%A7%CB%8A&word=%E7%90%A6"
"ㄑㄧˊ","琪","","1","待補充","https://dict.concised.moe.edu.tw/searchP.jsp?SN=%E3%84%91&SN2=%E3%84%91%E3%84%A7%CB%8A&word=%E7%90%AA"
"ㄑㄧˊ","祺","","1","待補充","https://dict.concised.moe.edu.tw/searchP.jsp?SN=%E3%84%91&SN2=%E3%84%91%E3%84%A7%CB%8A&word=%E7%A5%BA"
"ㄑㄧˊ","頎","","1","待補充","https://dict.concised.moe.edu.tw/searchP.jsp?SN=%E3%84%91&SN2=%E3%84%91%E3%84%A7%CB%8A&word=%E9%A0%8E"
"ㄑㄧˊ","旗","","10","待補充","https://dict.concised.moe.edu.tw/searchP.jsp?SN=%E3%84%91&SN2=%E3%84%91%E3%84%A7%CB%8A&word=%E6%97%97"
"ㄑㄧˊ","齊","","11","待補充","https://dict.concised.moe.edu.tw/searchP.jsp?SN=%E3%84%91&SN2=%E3%84%91%E3%84%A7%CB%8A&word=%E9%BD%8A"
"ㄑㄧˊ","錡","","1","待補充","https://dict.concised.moe.edu.tw/searchP.jsp?SN=%E3%84%91&SN2=%E3%84%91%E3%84%A7%CB%8A&word=%E9%8C%A1"
"ㄑㄧˊ","臍","","2","待補充","https://dict.concised.moe.edu.tw/searchP.jsp?SN=%E3%84%91&SN2=%E3%84%91%E3%84%A7%CB%8A&word=%E8%87%8D"
"ㄑㄧˊ","薺","","1","待補充","https://dict.concised.moe.edu.tw/searchP.jsp?SN=%E3%84%91&SN2=%E3%84%91%E3%84%A7%CB%8A&word=%E8%96%BA"
"ㄑㄧˊ","騎","","10","待補充","https://dict.concised.moe.edu.tw/searchP.jsp?SN=%E3%84%91&SN2=%E3%84%91%E3%84%A7%CB%8A&word=%E9%A8%8E"
"ㄑㄧˊ","騏","","1","待補充","https://dict.concised.moe.edu.tw/searchP.jsp?SN=%E3%84%91&SN2=%E3%84%91%E3%84%A7%CB%8A&word=%E9%A8%8F"
"ㄑㄧˊ","麒","","2","待補充","https://dict.concised.moe.edu.tw/searchP.jsp?SN=%E3%84%91&SN2=%E3%84%91%E3%84%A7%CB%8A&word=%E9%BA%92"
"ㄑㄧˊ","蘄","","1","待補充","https://dict.concised.moe.edu.tw/searchP.jsp?SN=%E3%84%91&SN2=%E3%84%91%E3%84%A7%CB%8A&word=%E8%98%84"
"ㄑㄧˊ","鰭","","1","待補充","https://dict.concised.moe.edu.tw/searchP.jsp?SN=%E3%84%91&SN2=%E3%84%91%E3%84%A7%CB%8A&word=%E9%B0%AD"
"ㄑㄧˋ","企","","10","待補充","https://dict.concised.moe.edu.tw/searchP.jsp?SN=%E3%84%91&SN2=%E3%84%91%E3%84%A7%CB%8B&word=%E4%BC%81"
"ㄑㄧˋ","汽","汽車","13","已有可用詞","https://dict.concised.moe.edu.tw/searchP.jsp?SN=%E3%84%91&SN2=%E3%84%91%E3%84%A7%CB%8B&word=%E6%B1%BD"
"ㄑㄧˋ","迄","","2","待補充","https://dict.concised.moe.edu.tw/searchP.jsp?SN=%E3%84%91&SN2=%E3%84%91%E3%84%A7%CB%8B&word=%E8%BF%84"
"ㄑㄧˋ","亟","","1","待補充","https://dict.concised.moe.edu.tw/searchP.jsp?SN=%E3%84%91&SN2=%E3%84%91%E3%84%A7%CB%8B&word=%E4%BA%9F"
"ㄑㄧˋ","妻","","1","待補充","https://dict.concised.moe.edu.tw/searchP.jsp?SN=%E3%84%91&SN2=%E3%84%91%E3%84%A7%CB%8B&word=%E5%A6%BB"
"ㄑㄧˋ","泣","","4","待補充","https://dict.concised.moe.edu.tw/searchP.jsp?SN=%E3%84%91&SN2=%E3%84%91%E3%84%A7%CB%8B&word=%E6%B3%A3"
"ㄑㄧˋ","契","","6","待補充","https://dict.concised.moe.edu.tw/searchP.jsp?SN=%E3%84%91&SN2=%E3%84%91%E3%84%A7%CB%8B&word=%E5%A5%91"
"ㄑㄧˋ","砌","","2","待補充","https://dict.concised.moe.edu.tw/searchP.jsp?SN=%E3%84%91&SN2=%E3%84%91%E3%84%A7%CB%8B&word=%E7%A0%8C"
"ㄑㄧˋ","氣","","20","待補充","https://dict.concised.moe.edu.tw/searchP.jsp?SN=%E3%84%91&SN2=%E3%84%91%E3%84%A7%CB%8B&word=%E6%B0%A3"
"ㄑㄧˋ","訖","","1","待補充","https://dict.concised.moe.edu.tw/searchP.jsp?SN=%E3%84%91&SN2=%E3%84%91%E3%84%A7%CB%8B&word=%E8%A8%96"
"ㄑㄧˋ","棄","","13","待補充","https://dict.concised.moe.edu.tw/searchP.jsp?SN=%E3%84%91&SN2=%E3%84%91%E3%84%A7%CB%8B&word=%E6%A3%84"
"ㄑㄧˋ","葺","","1","待補充","https://dict.concised.moe.edu.tw/searchP.jsp?SN=%E3%84%91&SN2=%E3%84%91%E3%84%A7%CB%8B&word=%E8%91%BA"
"ㄑㄧˋ","緝","","7","待補充","https://dict.concised.moe.edu.tw/searchP.jsp?SN=%E3%84%91&SN2=%E3%84%91%E3%84%A7%CB%8B&word=%E7%B7%9D"
"ㄑㄧˋ","器","","13","待補充","https://dict.concised.moe.edu.tw/searchP.jsp?SN=%E3%84%91&SN2=%E3%84%91%E3%84%A7%CB%8B&word=%E5%99%A8"
"ㄑㄧˋ","憩","","1","待補充","https://dict.concised.moe.edu.tw/searchP.jsp?SN=%E3%84%91&SN2=%E3%84%91%E3%84%A7%CB%8B&word=%E6%86%A9"
"ㄑㄧˋ","磧","","1","待補充","https://dict.concised.moe.edu.tw/searchP.jsp?SN=%E3%84%91&SN2=%E3%84%91%E3%84%A7%CB%8B&word=%E7%A3%A7"
"ㄑㄧㄚ","掐","","3","待補充","https://dict.concised.moe.edu.tw/searchP.jsp?SN=%E3%84%91&SN2=%E3%84%91%E3%84%A7%E3%84%9A&word=%E6%8E%90"
"ㄑㄧㄚˇ","卡","","1","待補充","https://dict.concised.moe.edu.tw/searchP.jsp?SN=%E3%84%91&SN2=%E3%84%91%E3%84%A7%E3%84%9A%CB%87&word=%E5%8D%A1"
"ㄑㄧㄚˋ","恰","","7","待補充","https://dict.concised.moe.edu.tw/searchP.jsp?SN=%E3%84%91&SN2=%E3%84%91%E3%84%A7%E3%84%9A%CB%8B&word=%E6%81%B0"
"ㄑㄧㄚˋ","洽","","6","待補充","https://dict.concised.moe.edu.tw/searchP.jsp?SN=%E3%84%91&SN2=%E3%84%91%E3%84%A7%E3%84%9A%CB%8B&word=%E6%B4%BD"
"ㄑㄧㄝ","切","","18","待補充","https://dict.concised.moe.edu.tw/searchP.jsp?SN=%E3%84%91&SN2=%E3%84%91%E3%84%A7%E3%84%9D&word=%E5%88%87"
"ㄑㄧㄝˇ","且","","2","待補充","https://dict.concised.moe.edu.tw/searchP.jsp?SN=%E3%84%91&SN2=%E3%84%91%E3%84%A7%E3%84%9D%CB%87&word=%E4%B8%94"
"ㄑㄧㄝˊ","伽","","2","待補充","https://dict.concised.moe.edu.tw/searchP.jsp?SN=%E3%84%91&SN2=%E3%84%91%E3%84%A7%E3%84%9D%CB%8A&word=%E4%BC%BD"
"ㄑㄧㄝˊ","茄","","3","待補充","https://dict.concised.moe.edu.tw/searchP.jsp?SN=%E3%84%91&SN2=%E3%84%91%E3%84%A7%E3%84%9D%CB%8A&word=%E8%8C%84"
"ㄑㄧㄝˋ","切","","16","待補充","https://dict.concised.moe.edu.tw/searchP.jsp?SN=%E3%84%91&SN2=%E3%84%91%E3%84%A7%E3%84%9D%CB%8B&word=%E5%88%87"
"ㄑㄧㄝˋ","妾","","2","待補充","https://dict.concised.moe.edu.tw/searchP.jsp?SN=%E3%84%91&SN2=%E3%84%91%E3%84%A7%E3%84%9D%CB%8B&word=%E5%A6%BE"
"ㄑㄧㄝˋ","挈","","1","待補充","https://dict.concised.moe.edu.tw/searchP.jsp?SN=%E3%84%91&SN2=%E3%84%91%E3%84%A7%E3%84%9D%CB%8B&word=%E6%8C%88"
"ㄑㄧㄝˋ","愜","","2","待補充","https://dict.concised.moe.edu.tw/searchP.jsp?SN=%E3%84%91&SN2=%E3%84%91%E3%84%A7%E3%84%9D%CB%8B&word=%E6%84%9C"
"ㄑㄧㄝˋ","慊","","1","待補充","https://dict.concised.moe.edu.tw/searchP.jsp?SN=%E3%84%91&SN2=%E3%84%91%E3%84%A7%E3%84%9D%CB%8B&word=%E6%85%8A"
"ㄑㄧㄝˋ","篋","","1","待補充","https://dict.concised.moe.edu.tw/searchP.jsp?SN=%E3%84%91&SN2=%E3%84%91%E3%84%A7%E3%84%9D%CB%8B&word=%E7%AF%8B"
"ㄑㄧㄝˋ","鍥","","2","待補充","https://dict.concised.moe.edu.tw/searchP.jsp?SN=%E3%84%91&SN2=%E3%84%91%E3%84%A7%E3%84%9D%CB%8B&word=%E9%8D%A5"
"ㄑㄧㄝˋ","竊","","14","待補充","https://dict.concised.moe.edu.tw/searchP.jsp?SN=%E3%84%91&SN2=%E3%84%91%E3%84%A7%E3%84%9D%CB%8B&word=%E7%AB%8A"
"ㄑㄧㄠ","敲","","12","待補充","https://dict.concised.moe.edu.tw/searchP.jsp?SN=%E3%84%91&SN2=%E3%84%91%E3%84%A7%E3%84%A0&word=%E6%95%B2"
"ㄑㄧㄠ","橇","","1","待補充","https://dict.concised.moe.edu.tw/searchP.jsp?SN=%E3%84%91&SN2=%E3%84%91%E3%84%A7%E3%84%A0&word=%E6%A9%87"
"ㄑㄧㄠ","鍬","","1","待補充","https://dict.concised.moe.edu.tw/searchP.jsp?SN=%E3%84%91&SN2=%E3%84%91%E3%84%A7%E3%84%A0&word=%E9%8D%AC"
"ㄑㄧㄠ","蹺","","4","待補充","https://dict.concised.moe.edu.tw/searchP.jsp?SN=%E3%84%91&SN2=%E3%84%91%E3%84%A7%E3%84%A0&word=%E8%B9%BA"
"ㄑㄧㄠˇ","巧","","16","待補充","https://dict.concised.moe.edu.tw/searchP.jsp?SN=%E3%84%91&SN2=%E3%84%91%E3%84%A7%E3%84%A0%CB%87&word=%E5%B7%A7"
"ㄑㄧㄠˇ","悄","","4","待補充","https://dict.concised.moe.edu.tw/searchP.jsp?SN=%E3%84%91&SN2=%E3%84%91%E3%84%A7%E3%84%A0%CB%87&word=%E6%82%84"
"ㄑㄧㄠˇ","愀","","1","待補充","https://dict.concised.moe.edu.tw/searchP.jsp?SN=%E3%84%91&SN2=%E3%84%91%E3%84%A7%E3%84%A0%CB%87&word=%E6%84%80"
"ㄑㄧㄠˊ","喬","","4","待補充","https://dict.concised.moe.edu.tw/searchP.jsp?SN=%E3%84%91&SN2=%E3%84%91%E3%84%A7%E3%84%A0%CB%8A&word=%E5%96%AC"
"ㄑㄧㄠˊ","僑","","9","待補充","https://dict.concised.moe.edu.tw/searchP.jsp?SN=%E3%84%91&SN2=%E3%84%91%E3%84%A7%E3%84%A0%CB%8A&word=%E5%83%91"
"ㄑㄧㄠˊ","憔","","2","待補充","https://dict.concised.moe.edu.tw/searchP.jsp?SN=%E3%84%91&SN2=%E3%84%91%E3%84%A7%E3%84%A0%CB%8A&word=%E6%86%94"
"ㄑㄧㄠˊ","樵","","2","待補充","https://dict.concised.moe.edu.tw/searchP.jsp?SN=%E3%84%91&SN2=%E3%84%91%E3%84%A7%E3%84%A0%CB%8A&word=%E6%A8%B5"
"ㄑㄧㄠˊ","橋","","6","待補充","https://dict.concised.moe.edu.tw/searchP.jsp?SN=%E3%84%91&SN2=%E3%84%91%E3%84%A7%E3%84%A0%CB%8A&word=%E6%A9%8B"
"ㄑㄧㄠˊ","蕎","","2","待補充","https://dict.concised.moe.edu.tw/searchP.jsp?SN=%E3%84%91&SN2=%E3%84%91%E3%84%A7%E3%84%A0%CB%8A&word=%E8%95%8E"
"ㄑㄧㄠˊ","瞧","","4","待補充","https://dict.concised.moe.edu.tw/searchP.jsp?SN=%E3%84%91&SN2=%E3%84%91%E3%84%A7%E3%84%A0%CB%8A&word=%E7%9E%A7"
"ㄑㄧㄠˊ","翹","","4","待補充","https://dict.concised.moe.edu.tw/searchP.jsp?SN=%E3%84%91&SN2=%E3%84%91%E3%84%A7%E3%84%A0%CB%8A&word=%E7%BF%B9"
"ㄑㄧㄠˋ","俏","","4","待補充","https://dict.concised.moe.edu.tw/searchP.jsp?SN=%E3%84%91&SN2=%E3%84%91%E3%84%A7%E3%84%A0%CB%8B&word=%E4%BF%8F"
"ㄑㄧㄠˋ","峭","","4","待補充","https://dict.concised.moe.edu.tw/searchP.jsp?SN=%E3%84%91&SN2=%E3%84%91%E3%84%A7%E3%84%A0%CB%8B&word=%E5%B3%AD"
"ㄑㄧㄠˋ","撬","","2","待補充","https://dict.concised.moe.edu.tw/searchP.jsp?SN=%E3%84%91&SN2=%E3%84%91%E3%84%A7%E3%84%A0%CB%8B&word=%E6%92%AC"
"ㄑㄧㄠˋ","鞘","","1","待補充","https://dict.concised.moe.edu.tw/searchP.jsp?SN=%E3%84%91&SN2=%E3%84%91%E3%84%A7%E3%84%A0%CB%8B&word=%E9%9E%98"
"ㄑㄧㄠˋ","竅","","2","待補充","https://dict.concised.moe.edu.tw/searchP.jsp?SN=%E3%84%91&SN2=%E3%84%91%E3%84%A7%E3%84%A0%CB%8B&word=%E7%AB%85"
"ㄑㄧㄠˋ","翹","","3","待補充","https://dict.concised.moe.edu.tw/searchP.jsp?SN=%E3%84%91&SN2=%E3%84%91%E3%84%A7%E3%84%A0%CB%8B&word=%E7%BF%B9"
"ㄑㄧㄡ","丘","","3","待補充","https://dict.concised.moe.edu.tw/searchP.jsp?SN=%E3%84%91&SN2=%E3%84%91%E3%84%A7%E3%84%A1&word=%E4%B8%98"
"ㄑㄧㄡ","坵","","1","待補充","https://dict.concised.moe.edu.tw/searchP.jsp?SN=%E3%84%91&SN2=%E3%84%91%E3%84%A7%E3%84%A1&word=%E5%9D%B5"
"ㄑㄧㄡ","邱","","1","待補充","https://dict.concised.moe.edu.tw/searchP.jsp?SN=%E3%84%91&SN2=%E3%84%91%E3%84%A7%E3%84%A1&word=%E9%82%B1"
"ㄑㄧㄡ","秋","","17","待補充","https://dict.concised.moe.edu.tw/searchP.jsp?SN=%E3%84%91&SN2=%E3%84%91%E3%84%A7%E3%84%A1&word=%E7%A7%8B"
"ㄑㄧㄡ","蚯","","2","待補充","https://dict.concised.moe.edu.tw/searchP.jsp?SN=%E3%84%91&SN2=%E3%84%91%E3%84%A7%E3%84%A1&word=%E8%9A%AF"
"ㄑㄧㄡ","龜","","2","待補充","https://dict.concised.moe.edu.tw/searchP.jsp?SN=%E3%84%91&SN2=%E3%84%91%E3%84%A7%E3%84%A1&word=%E9%BE%9C"
"ㄑㄧㄡ","鞦","","2","待補充","https://dict.concised.moe.edu.tw/searchP.jsp?SN=%E3%84%91&SN2=%E3%84%91%E3%84%A7%E3%84%A1&word=%E9%9E%A6"
"ㄑㄧㄡ","鰍","","1","待補充","https://dict.concised.moe.edu.tw/searchP.jsp?SN=%E3%84%91&SN2=%E3%84%91%E3%84%A7%E3%84%A1&word=%E9%B0%8D"
"ㄑㄧㄡˇ","糗","","2","待補充","https://dict.concised.moe.edu.tw/searchP.jsp?SN=%E3%84%91&SN2=%E3%84%91%E3%84%A7%E3%84%A1%CB%87&word=%E7%B3%97"
"ㄑㄧㄡˊ","仇","","1","待補充","https://dict.concised.moe.edu.tw/searchP.jsp?SN=%E3%84%91&SN2=%E3%84%91%E3%84%A7%E3%84%A1%CB%8A&word=%E4%BB%87"
"ㄑㄧㄡˊ","囚","","6","待補充","https://dict.concised.moe.edu.tw/searchP.jsp?SN=%E3%84%91&SN2=%E3%84%91%E3%84%A7%E3%84%A1%CB%8A&word=%E5%9B%9A"
"ㄑㄧㄡˊ","犰","","2","待補充","https://dict.concised.moe.edu.tw/searchP.jsp?SN=%E3%84%91&SN2=%E3%84%91%E3%84%A7%E3%84%A1%CB%8A&word=%E7%8A%B0"
"ㄑㄧㄡˊ","求","","20","待補充","https://dict.concised.moe.edu.tw/searchP.jsp?SN=%E3%84%91&SN2=%E3%84%91%E3%84%A7%E3%84%A1%CB%8A&word=%E6%B1%82"
"ㄑㄧㄡˊ","泅","","1","待補充","https://dict.concised.moe.edu.tw/searchP.jsp?SN=%E3%84%91&SN2=%E3%84%91%E3%84%A7%E3%84%A1%CB%8A&word=%E6%B3%85"
"ㄑㄧㄡˊ","虯","","1","待補充","https://dict.concised.moe.edu.tw/searchP.jsp?SN=%E3%84%91&SN2=%E3%84%91%E3%84%A7%E3%84%A1%CB%8A&word=%E8%99%AF"
"ㄑㄧㄡˊ","酋","","2","待補充","https://dict.concised.moe.edu.tw/searchP.jsp?SN=%E3%84%91&SN2=%E3%84%91%E3%84%A7%E3%84%A1%CB%8A&word=%E9%85%8B"
"ㄑㄧㄡˊ","毬","","2","待補充","https://dict.concised.moe.edu.tw/searchP.jsp?SN=%E3%84%91&SN2=%E3%84%91%E3%84%A7%E3%84%A1%CB%8A&word=%E6%AF%AC"
"ㄑㄧㄡˊ","球","","19","待補充","https://dict.concised.moe.edu.tw/searchP.jsp?SN=%E3%84%91&SN2=%E3%84%91%E3%84%A7%E3%84%A1%CB%8A&word=%E7%90%83"
"ㄑㄧㄡˊ","逑","","1","待補充","https://dict.concised.moe.edu.tw/searchP.jsp?SN=%E3%84%91&SN2=%E3%84%91%E3%84%A7%E3%84%A1%CB%8A&word=%E9%80%91"
"ㄑㄧㄡˊ","裘","","1","待補充","https://dict.concised.moe.edu.tw/searchP.jsp?SN=%E3%84%91&SN2=%E3%84%91%E3%84%A7%E3%84%A1%CB%8A&word=%E8%A3%98"
"ㄑㄧㄡˊ","遒","","2","待補充","https://dict.concised.moe.edu.tw/searchP.jsp?SN=%E3%84%91&SN2=%E3%84%91%E3%84%A7%E3%84%A1%CB%8A&word=%E9%81%92"
"ㄑㄧㄢ","千","","20","待補充","https://dict.concised.moe.edu.tw/searchP.jsp?SN=%E3%84%91&SN2=%E3%84%91%E3%84%A7%E3%84%A2&word=%E5%8D%83"
"ㄑㄧㄢ","仟","","1","待補充","https://dict.concised.moe.edu.tw/searchP.jsp?SN=%E3%84%91&SN2=%E3%84%91%E3%84%A7%E3%84%A2&word=%E4%BB%9F"
"ㄑㄧㄢ","扦","","1","待補充","https://dict.concised.moe.edu.tw/searchP.jsp?SN=%E3%84%91&SN2=%E3%84%91%E3%84%A7%E3%84%A2&word=%E6%89%A6"
"ㄑㄧㄢ","阡","","2","待補充","https://dict.concised.moe.edu.tw/searchP.jsp?SN=%E3%84%91&SN2=%E3%84%91%E3%84%A7%E3%84%A2&word=%E9%98%A1"
"ㄑㄧㄢ","芊","","2","待補充","https://dict.concised.moe.edu.tw/searchP.jsp?SN=%E3%84%91&SN2=%E3%84%91%E3%84%A7%E3%84%A2&word=%E8%8A%8A"
"ㄑㄧㄢ","牽","","20","待補充","https://dict.concised.moe.edu.tw/searchP.jsp?SN=%E3%84%91&SN2=%E3%84%91%E3%84%A7%E3%84%A2&word=%E7%89%BD"
"ㄑㄧㄢ","嵌","","2","待補充","https://dict.concised.moe.edu.tw/searchP.jsp?SN=%E3%84%91&SN2=%E3%84%91%E3%84%A7%E3%84%A2&word=%E5%B5%8C"
"ㄑㄧㄢ","僉","","1","待補充","https://dict.concised.moe.edu.tw/searchP.jsp?SN=%E3%84%91&SN2=%E3%84%91%E3%84%A7%E3%84%A2&word=%E5%83%89"
"ㄑㄧㄢ","愆","","1","待補充","https://dict.concised.moe.edu.tw/searchP.jsp?SN=%E3%84%91&SN2=%E3%84%91%E3%84%A7%E3%84%A2&word=%E6%84%86"
"ㄑㄧㄢ","鉛","鉛筆","11","已有可用詞","https://dict.concised.moe.edu.tw/searchP.jsp?SN=%E3%84%91&SN2=%E3%84%91%E3%84%A7%E3%84%A2&word=%E9%89%9B"
"ㄑㄧㄢ","慳","","2","待補充","https://dict.concised.moe.edu.tw/searchP.jsp?SN=%E3%84%91&SN2=%E3%84%91%E3%84%A7%E3%84%A2&word=%E6%85%B3"
"ㄑㄧㄢ","遷","","10","待補充","https://dict.concised.moe.edu.tw/searchP.jsp?SN=%E3%84%91&SN2=%E3%84%91%E3%84%A7%E3%84%A2&word=%E9%81%B7"
"ㄑㄧㄢ","謙","","8","待補充","https://dict.concised.moe.edu.tw/searchP.jsp?SN=%E3%84%91&SN2=%E3%84%91%E3%84%A7%E3%84%A2&word=%E8%AC%99"
"ㄑㄧㄢ","簽","","13","待補充","https://dict.concised.moe.edu.tw/searchP.jsp?SN=%E3%84%91&SN2=%E3%84%91%E3%84%A7%E3%84%A2&word=%E7%B0%BD"
"ㄑㄧㄢ","騫","","1","待補充","https://dict.concised.moe.edu.tw/searchP.jsp?SN=%E3%84%91&SN2=%E3%84%91%E3%84%A7%E3%84%A2&word=%E9%A8%AB"
"ㄑㄧㄢ","籤","","2","待補充","https://dict.concised.moe.edu.tw/searchP.jsp?SN=%E3%84%91&SN2=%E3%84%91%E3%84%A7%E3%84%A2&word=%E7%B1%A4"
"ㄑㄧㄢ","韆","","1","待補充","https://dict.concised.moe.edu.tw/searchP.jsp?SN=%E3%84%91&SN2=%E3%84%91%E3%84%A7%E3%84%A2&word=%E9%9F%86"
"ㄑㄧㄢˇ","淺","","14","待補充","https://dict.concised.moe.edu.tw/searchP.jsp?SN=%E3%84%91&SN2=%E3%84%91%E3%84%A7%E3%84%A2%CB%87&word=%E6%B7%BA"
"ㄑㄧㄢˇ","遣","","6","待補充","https://dict.concised.moe.edu.tw/searchP.jsp?SN=%E3%84%91&SN2=%E3%84%91%E3%84%A7%E3%84%A2%CB%87&word=%E9%81%A3"
"ㄑㄧㄢˇ","繾","","2","待補充","https://dict.concised.moe.edu.tw/searchP.jsp?SN=%E3%84%91&SN2=%E3%84%91%E3%84%A7%E3%84%A2%CB%87&word=%E7%B9%BE"
"ㄑㄧㄢˇ","譴","","2","待補充","https://dict.concised.moe.edu.tw/searchP.jsp?SN=%E3%84%91&SN2=%E3%84%91%E3%84%A7%E3%84%A2%CB%87&word=%E8%AD%B4"
"ㄑㄧㄢˊ","前","","20","待補充","https://dict.concised.moe.edu.tw/searchP.jsp?SN=%E3%84%91&SN2=%E3%84%91%E3%84%A7%E3%84%A2%CB%8A&word=%E5%89%8D"
"ㄑㄧㄢˊ","虔","","3","待補充","https://dict.concised.moe.edu.tw/searchP.jsp?SN=%E3%84%91&SN2=%E3%84%91%E3%84%A7%E3%84%A2%CB%8A&word=%E8%99%94"
"ㄑㄧㄢˊ","乾","","2","待補充","https://dict.concised.moe.edu.tw/searchP.jsp?SN=%E3%84%91&SN2=%E3%84%91%E3%84%A7%E3%84%A2%CB%8A&word=%E4%B9%BE"
"ㄑㄧㄢˊ","掮","","2","待補充","https://dict.concised.moe.edu.tw/searchP.jsp?SN=%E3%84%91&SN2=%E3%84%91%E3%84%A7%E3%84%A2%CB%8A&word=%E6%8E%AE"
"ㄑㄧㄢˊ","鉗","","3","待補充","https://dict.concised.moe.edu.tw/searchP.jsp?SN=%E3%84%91&SN2=%E3%84%91%E3%84%A7%E3%84%A2%CB%8A&word=%E9%89%97"
"ㄑㄧㄢˊ","墘","","1","待補充","https://dict.concised.moe.edu.tw/searchP.jsp?SN=%E3%84%91&SN2=%E3%84%91%E3%84%A7%E3%84%A2%CB%8A&word=%E5%A2%98"
"ㄑㄧㄢˊ","箝","","2","待補充","https://dict.concised.moe.edu.tw/searchP.jsp?SN=%E3%84%91&SN2=%E3%84%91%E3%84%A7%E3%84%A2%CB%8A&word=%E7%AE%9D"
"ㄑㄧㄢˊ","潛","","20","待補充","https://dict.concised.moe.edu.tw/searchP.jsp?SN=%E3%84%91&SN2=%E3%84%91%E3%84%A7%E3%84%A2%CB%8A&word=%E6%BD%9B"
"ㄑㄧㄢˊ","錢","錢包","7","已有可用詞","https://dict.concised.moe.edu.tw/searchP.jsp?SN=%E3%84%91&SN2=%E3%84%91%E3%84%A7%E3%84%A2%CB%8A&word=%E9%8C%A2"
"ㄑㄧㄢˊ","黔","","2","待補充","https://dict.concised.moe.edu.tw/searchP.jsp?SN=%E3%84%91&SN2=%E3%84%91%E3%84%A7%E3%84%A2%CB%8A&word=%E9%BB%94"
"ㄑㄧㄢˋ","欠","","15","待補充","https://dict.concised.moe.edu.tw/searchP.jsp?SN=%E3%84%91&SN2=%E3%84%91%E3%84%A7%E3%84%A2%CB%8B&word=%E6%AC%A0"
"ㄑㄧㄢˋ","芡","","1","待補充","https://dict.concised.moe.edu.tw/searchP.jsp?SN=%E3%84%91&SN2=%E3%84%91%E3%84%A7%E3%84%A2%CB%8B&word=%E8%8A%A1"
"ㄑㄧㄢˋ","倩","","3","待補充","https://dict.concised.moe.edu.tw/searchP.jsp?SN=%E3%84%91&SN2=%E3%84%91%E3%84%A7%E3%84%A2%CB%8B&word=%E5%80%A9"
"ㄑㄧㄢˋ","茜","","1","待補充","https://dict.concised.moe.edu.tw/searchP.jsp?SN=%E3%84%91&SN2=%E3%84%91%E3%84%A7%E3%84%A2%CB%8B&word=%E8%8C%9C"
"ㄑㄧㄢˋ","慊","","1","待補充","https://dict.concised.moe.edu.tw/searchP.jsp?SN=%E3%84%91&SN2=%E3%84%91%E3%84%A7%E3%84%A2%CB%8B&word=%E6%85%8A"
"ㄑㄧㄢˋ","塹","","1","待補充","https://dict.concised.moe.edu.tw/searchP.jsp?SN=%E3%84%91&SN2=%E3%84%91%E3%84%A7%E3%84%A2%CB%8B&word=%E5%A1%B9"
"ㄑㄧㄢˋ","歉","","5","待補充","https://dict.concised.moe.edu.tw/searchP.jsp?SN=%E3%84%91&SN2=%E3%84%91%E3%84%A7%E3%84%A2%CB%8B&word=%E6%AD%89"
"ㄑㄧㄢˋ","縴","","1","待補充","https://dict.concised.moe.edu.tw/searchP.jsp?SN=%E3%84%91&SN2=%E3%84%91%E3%84%A7%E3%84%A2%CB%8B&word=%E7%B8%B4"
"ㄑㄧㄣ","侵","","11","待補充","https://dict.concised.moe.edu.tw/searchP.jsp?SN=%E3%84%91&SN2=%E3%84%91%E3%84%A7%E3%84%A3&word=%E4%BE%B5"
"ㄑㄧㄣ","衾","","1","待補充","https://dict.concised.moe.edu.tw/searchP.jsp?SN=%E3%84%91&SN2=%E3%84%91%E3%84%A7%E3%84%A3&word=%E8%A1%BE"
"ㄑㄧㄣ","欽","","8","待補充","https://dict.concised.moe.edu.tw/searchP.jsp?SN=%E3%84%91&SN2=%E3%84%91%E3%84%A7%E3%84%A3&word=%E6%AC%BD"
"ㄑㄧㄣ","嶔","","2","待補充","https://dict.concised.moe.edu.tw/searchP.jsp?SN=%E3%84%91&SN2=%E3%84%91%E3%84%A7%E3%84%A3&word=%E5%B6%94"
"ㄑㄧㄣ","親","","20","待補充","https://dict.concised.moe.edu.tw/searchP.jsp?SN=%E3%84%91&SN2=%E3%84%91%E3%84%A7%E3%84%A3&word=%E8%A6%AA"
"ㄑㄧㄣ","駸","","2","待補充","https://dict.concised.moe.edu.tw/searchP.jsp?SN=%E3%84%91&SN2=%E3%84%91%E3%84%A7%E3%84%A3&word=%E9%A7%B8"
"ㄑㄧㄣˇ","寢","","5","待補充","https://dict.concised.moe.edu.tw/searchP.jsp?SN=%E3%84%91&SN2=%E3%84%91%E3%84%A7%E3%84%A3%CB%87&word=%E5%AF%A2"
"ㄑㄧㄣˊ","芹","","2","待補充","https://dict.concised.moe.edu.tw/searchP.jsp?SN=%E3%84%91&SN2=%E3%84%91%E3%84%A7%E3%84%A3%CB%8A&word=%E8%8A%B9"
"ㄑㄧㄣˊ","秦","","3","待補充","https://dict.concised.moe.edu.tw/searchP.jsp?SN=%E3%84%91&SN2=%E3%84%91%E3%84%A7%E3%84%A3%CB%8A&word=%E7%A7%A6"
"ㄑㄧㄣˊ","琴","","7","待補充","https://dict.concised.moe.edu.tw/searchP.jsp?SN=%E3%84%91&SN2=%E3%84%91%E3%84%A7%E3%84%A3%CB%8A&word=%E7%90%B4"
"ㄑㄧㄣˊ","覃","","1","待補充","https://dict.concised.moe.edu.tw/searchP.jsp?SN=%E3%84%91&SN2=%E3%84%91%E3%84%A7%E3%84%A3%CB%8A&word=%E8%A6%83"
"ㄑㄧㄣˊ","勤","","12","待補充","https://dict.concised.moe.edu.tw/searchP.jsp?SN=%E3%84%91&SN2=%E3%84%91%E3%84%A7%E3%84%A3%CB%8A&word=%E5%8B%A4"
"ㄑㄧㄣˊ","禽","","2","待補充","https://dict.concised.moe.edu.tw/searchP.jsp?SN=%E3%84%91&SN2=%E3%84%91%E3%84%A7%E3%84%A3%CB%8A&word=%E7%A6%BD"
"ㄑㄧㄣˊ","噙","","1","待補充","https://dict.concised.moe.edu.tw/searchP.jsp?SN=%E3%84%91&SN2=%E3%84%91%E3%84%A7%E3%84%A3%CB%8A&word=%E5%99%99"
"ㄑㄧㄣˊ","擒","","5","待補充","https://dict.concised.moe.edu.tw/searchP.jsp?SN=%E3%84%91&SN2=%E3%84%91%E3%84%A7%E3%84%A3%CB%8A&word=%E6%93%92"
"ㄑㄧㄣˊ","懃","","1","待補充","https://dict.concised.moe.edu.tw/searchP.jsp?SN=%E3%84%91&SN2=%E3%84%91%E3%84%A7%E3%84%A3%CB%8A&word=%E6%87%83"
"ㄑㄧㄣˋ","沁","","4","待補充","https://dict.concised.moe.edu.tw/searchP.jsp?SN=%E3%84%91&SN2=%E3%84%91%E3%84%A7%E3%84%A3%CB%8B&word=%E6%B2%81"
"ㄑㄧㄤ","羌","","1","待補充","https://dict.concised.moe.edu.tw/searchP.jsp?SN=%E3%84%91&SN2=%E3%84%91%E3%84%A7%E3%84%A4&word=%E7%BE%8C"
"ㄑㄧㄤ","將","","1","待補充","https://dict.concised.moe.edu.tw/searchP.jsp?SN=%E3%84%91&SN2=%E3%84%91%E3%84%A7%E3%84%A4&word=%E5%B0%87"
"ㄑㄧㄤ","腔","","2","待補充","https://dict.concised.moe.edu.tw/searchP.jsp?SN=%E3%84%91&SN2=%E3%84%91%E3%84%A7%E3%84%A4&word=%E8%85%94"
"ㄑㄧㄤ","搶","","19","待補充","https://dict.concised.moe.edu.tw/searchP.jsp?SN=%E3%84%91&SN2=%E3%84%91%E3%84%A7%E3%84%A4&word=%E6%90%B6"
"ㄑㄧㄤ","槍","","17","待補充","https://dict.concised.moe.edu.tw/searchP.jsp?SN=%E3%84%91&SN2=%E3%84%91%E3%84%A7%E3%84%A4&word=%E6%A7%8D"
"ㄑㄧㄤ","蹌","","1","待補充","https://dict.concised.moe.edu.tw/searchP.jsp?SN=%E3%84%91&SN2=%E3%84%91%E3%84%A7%E3%84%A4&word=%E8%B9%8C"
"ㄑㄧㄤ","鎗","","1","待補充","https://dict.concised.moe.edu.tw/searchP.jsp?SN=%E3%84%91&SN2=%E3%84%91%E3%84%A7%E3%84%A4&word=%E9%8E%97"
"ㄑㄧㄤ","鏘","","1","待補充","https://dict.concised.moe.edu.tw/searchP.jsp?SN=%E3%84%91&SN2=%E3%84%91%E3%84%A7%E3%84%A4&word=%E9%8F%98"
"ㄑㄧㄤ","鏹","","2","待補充","https://dict.concised.moe.edu.tw/searchP.jsp?SN=%E3%84%91&SN2=%E3%84%91%E3%84%A7%E3%84%A4&word=%E9%8F%B9"
"ㄑㄧㄤˇ","強","","14","待補充","https://dict.concised.moe.edu.tw/searchP.jsp?SN=%E3%84%91&SN2=%E3%84%91%E3%84%A7%E3%84%A4%CB%87&word=%E5%BC%B7"
"ㄑㄧㄤˇ","搶","","20","待補充","https://dict.concised.moe.edu.tw/searchP.jsp?SN=%E3%84%91&SN2=%E3%84%91%E3%84%A7%E3%84%A4%CB%87&word=%E6%90%B6"
"ㄑㄧㄤˇ","彊","","1","待補充","https://dict.concised.moe.edu.tw/searchP.jsp?SN=%E3%84%91&SN2=%E3%84%91%E3%84%A7%E3%84%A4%CB%87&word=%E5%BD%8A"
"ㄑㄧㄤˇ","襁","","2","待補充","https://dict.concised.moe.edu.tw/searchP.jsp?SN=%E3%84%91&SN2=%E3%84%91%E3%84%A7%E3%84%A4%CB%87&word=%E8%A5%81"
"ㄑㄧㄤˇ","鏹","","1","待補充","https://dict.concised.moe.edu.tw/searchP.jsp?SN=%E3%84%91&SN2=%E3%84%91%E3%84%A7%E3%84%A4%CB%87&word=%E9%8F%B9"
"ㄑㄧㄤˊ","戕","","2","待補充","https://dict.concised.moe.edu.tw/searchP.jsp?SN=%E3%84%91&SN2=%E3%84%91%E3%84%A7%E3%84%A4%CB%8A&word=%E6%88%95"
"ㄑㄧㄤˊ","強","","20","待補充","https://dict.concised.moe.edu.tw/searchP.jsp?SN=%E3%84%91&SN2=%E3%84%91%E3%84%A7%E3%84%A4%CB%8A&word=%E5%BC%B7"
"ㄑㄧㄤˊ","嬙","","1","待補充","https://dict.concised.moe.edu.tw/searchP.jsp?SN=%E3%84%91&SN2=%E3%84%91%E3%84%A7%E3%84%A4%CB%8A&word=%E5%AC%99"
"ㄑㄧㄤˊ","彊","","1","待補充","https://dict.concised.moe.edu.tw/searchP.jsp?SN=%E3%84%91&SN2=%E3%84%91%E3%84%A7%E3%84%A4%CB%8A&word=%E5%BD%8A"
"ㄑㄧㄤˊ","檣","","2","待補充","https://dict.concised.moe.edu.tw/searchP.jsp?SN=%E3%84%91&SN2=%E3%84%91%E3%84%A7%E3%84%A4%CB%8A&word=%E6%AA%A3"
"ㄑㄧㄤˊ","牆","","6","待補充","https://dict.concised.moe.edu.tw/searchP.jsp?SN=%E3%84%91&SN2=%E3%84%91%E3%84%A7%E3%84%A4%CB%8A&word=%E7%89%86"
"ㄑㄧㄤˊ","薔","","2","待補充","https://dict.concised.moe.edu.tw/searchP.jsp?SN=%E3%84%91&SN2=%E3%84%91%E3%84%A7%E3%84%A4%CB%8A&word=%E8%96%94"
"ㄑㄧㄤˋ","嗆","","3","待補充","https://dict.concised.moe.edu.tw/searchP.jsp?SN=%E3%84%91&SN2=%E3%84%91%E3%84%A7%E3%84%A4%CB%8B&word=%E5%97%86"
"ㄑㄧㄤˋ","蹌","","1","待補充","https://dict.concised.moe.edu.tw/searchP.jsp?SN=%E3%84%91&SN2=%E3%84%91%E3%84%A7%E3%84%A4%CB%8B&word=%E8%B9%8C"
"ㄑㄧㄥ","青","","20","待補充","https://dict.concised.moe.edu.tw/searchP.jsp?SN=%E3%84%91&SN2=%E3%84%91%E3%84%A7%E3%84%A5&word=%E9%9D%92"
"ㄑㄧㄥ","卿","","3","待補充","https://dict.concised.moe.edu.tw/searchP.jsp?SN=%E3%84%91&SN2=%E3%84%91%E3%84%A7%E3%84%A5&word=%E5%8D%BF"
"ㄑㄧㄥ","氫","","3","待補充","https://dict.concised.moe.edu.tw/searchP.jsp?SN=%E3%84%91&SN2=%E3%84%91%E3%84%A7%E3%84%A5&word=%E6%B0%AB"
"ㄑㄧㄥ","清","","20","待補充","https://dict.concised.moe.edu.tw/searchP.jsp?SN=%E3%84%91&SN2=%E3%84%91%E3%84%A7%E3%84%A5&word=%E6%B8%85"
"ㄑㄧㄥ","氰","","2","待補充","https://dict.concised.moe.edu.tw/searchP.jsp?SN=%E3%84%91&SN2=%E3%84%91%E3%84%A7%E3%84%A5&word=%E6%B0%B0"
"ㄑㄧㄥ","傾","","19","待補充","https://dict.concised.moe.edu.tw/searchP.jsp?SN=%E3%84%91&SN2=%E3%84%91%E3%84%A7%E3%84%A5&word=%E5%82%BE"
"ㄑㄧㄥ","蜻","","3","待補充","https://dict.concised.moe.edu.tw/searchP.jsp?SN=%E3%84%91&SN2=%E3%84%91%E3%84%A7%E3%84%A5&word=%E8%9C%BB"
"ㄑㄧㄥ","輕","","20","待補充","https://dict.concised.moe.edu.tw/searchP.jsp?SN=%E3%84%91&SN2=%E3%84%91%E3%84%A7%E3%84%A5&word=%E8%BC%95"
"ㄑㄧㄥ","鯖","","1","待補充","https://dict.concised.moe.edu.tw/searchP.jsp?SN=%E3%84%91&SN2=%E3%84%91%E3%84%A7%E3%84%A5&word=%E9%AF%96"
"ㄑㄧㄥˇ","頃","","2","待補充","https://dict.concised.moe.edu.tw/searchP.jsp?SN=%E3%84%91&SN2=%E3%84%91%E3%84%A7%E3%84%A5%CB%87&word=%E9%A0%83"
"ㄑㄧㄥˇ","請","","19","待補充","https://dict.concised.moe.edu.tw/searchP.jsp?SN=%E3%84%91&SN2=%E3%84%91%E3%84%A7%E3%84%A5%CB%87&word=%E8%AB%8B"
"ㄑㄧㄥˊ","情","","20","待補充","https://dict.concised.moe.edu.tw/searchP.jsp?SN=%E3%84%91&SN2=%E3%84%91%E3%84%A7%E3%84%A5%CB%8A&word=%E6%83%85"
"ㄑㄧㄥˊ","晴","","7","待補充","https://dict.concised.moe.edu.tw/searchP.jsp?SN=%E3%84%91&SN2=%E3%84%91%E3%84%A7%E3%84%A5%CB%8A&word=%E6%99%B4"
"ㄑㄧㄥˊ","擎","","2","待補充","https://dict.concised.moe.edu.tw/searchP.jsp?SN=%E3%84%91&SN2=%E3%84%91%E3%84%A7%E3%84%A5%CB%8A&word=%E6%93%8E"
"ㄑㄧㄥˊ","檠","","1","待補充","https://dict.concised.moe.edu.tw/searchP.jsp?SN=%E3%84%91&SN2=%E3%84%91%E3%84%A7%E3%84%A5%CB%8A&word=%E6%AA%A0"
"ㄑㄧㄥˊ","黥","","1","待補充","https://dict.concised.moe.edu.tw/searchP.jsp?SN=%E3%84%91&SN2=%E3%84%91%E3%84%A7%E3%84%A5%CB%8A&word=%E9%BB%A5"
"ㄑㄧㄥˋ","慶","","9","待補充","https://dict.concised.moe.edu.tw/searchP.jsp?SN=%E3%84%91&SN2=%E3%84%91%E3%84%A7%E3%84%A5%CB%8B&word=%E6%85%B6"
"ㄑㄧㄥˋ","磬","","1","待補充","https://dict.concised.moe.edu.tw/searchP.jsp?SN=%E3%84%91&SN2=%E3%84%91%E3%84%A7%E3%84%A5%CB%8B&word=%E7%A3%AC"
"ㄑㄧㄥˋ","親","","2","待補充","https://dict.concised.moe.edu.tw/searchP.jsp?SN=%E3%84%91&SN2=%E3%84%91%E3%84%A7%E3%84%A5%CB%8B&word=%E8%A6%AA"
"ㄑㄧㄥˋ","罄","","2","待補充","https://dict.concised.moe.edu.tw/searchP.jsp?SN=%E3%84%91&SN2=%E3%84%91%E3%84%A7%E3%84%A5%CB%8B&word=%E7%BD%84"
"ㄑㄩ","曲","","19","待補充","https://dict.concised.moe.edu.tw/searchP.jsp?SN=%E3%84%91&SN2=%E3%84%91%E3%84%A9&word=%E6%9B%B2"
"ㄑㄩ","屈","","11","待補充","https://dict.concised.moe.edu.tw/searchP.jsp?SN=%E3%84%91&SN2=%E3%84%91%E3%84%A9&word=%E5%B1%88"
"ㄑㄩ","祛","","6","待補充","https://dict.concised.moe.edu.tw/searchP.jsp?SN=%E3%84%91&SN2=%E3%84%91%E3%84%A9&word=%E7%A5%9B"
"ㄑㄩ","區","","13","待補充","https://dict.concised.moe.edu.tw/searchP.jsp?SN=%E3%84%91&SN2=%E3%84%91%E3%84%A9&word=%E5%8D%80"
"ㄑㄩ","蛆","","1","待補充","https://dict.concised.moe.edu.tw/searchP.jsp?SN=%E3%84%91&SN2=%E3%84%91%E3%84%A9&word=%E8%9B%86"
"ㄑㄩ","袪","","1","待補充","https://dict.concised.moe.edu.tw/searchP.jsp?SN=%E3%84%91&SN2=%E3%84%91%E3%84%A9&word=%E8%A2%AA"
"ㄑㄩ","蛐","","2","待補充","https://dict.concised.moe.edu.tw/searchP.jsp?SN=%E3%84%91&SN2=%E3%84%91%E3%84%A9&word=%E8%9B%90"
"ㄑㄩ","嶇","","1","待補充","https://dict.concised.moe.edu.tw/searchP.jsp?SN=%E3%84%91&SN2=%E3%84%91%E3%84%A9&word=%E5%B6%87"
"ㄑㄩ","趨","","7","待補充","https://dict.concised.moe.edu.tw/searchP.jsp?SN=%E3%84%91&SN2=%E3%84%91%E3%84%A9&word=%E8%B6%A8"
"ㄑㄩ","軀","","4","待補充","https://dict.concised.moe.edu.tw/searchP.jsp?SN=%E3%84%91&SN2=%E3%84%91%E3%84%A9&word=%E8%BB%80"
"ㄑㄩ","驅","","10","待補充","https://dict.concised.moe.edu.tw/searchP.jsp?SN=%E3%84%91&SN2=%E3%84%91%E3%84%A9&word=%E9%A9%85"
"ㄑㄩˇ","曲","","8","待補充","https://dict.concised.moe.edu.tw/searchP.jsp?SN=%E3%84%91&SN2=%E3%84%91%E3%84%A9%CB%87&word=%E6%9B%B2"
"ㄑㄩˇ","取","","20","待補充","https://dict.concised.moe.edu.tw/searchP.jsp?SN=%E3%84%91&SN2=%E3%84%91%E3%84%A9%CB%87&word=%E5%8F%96"
"ㄑㄩˇ","娶","","4","待補充","https://dict.concised.moe.edu.tw/searchP.jsp?SN=%E3%84%91&SN2=%E3%84%91%E3%84%A9%CB%87&word=%E5%A8%B6"
"ㄑㄩˇ","齲","","2","待補充","https://dict.concised.moe.edu.tw/searchP.jsp?SN=%E3%84%91&SN2=%E3%84%91%E3%84%A9%CB%87&word=%E9%BD%B2"
"ㄑㄩˊ","劬","","1","待補充","https://dict.concised.moe.edu.tw/searchP.jsp?SN=%E3%84%91&SN2=%E3%84%91%E3%84%A9%CB%8A&word=%E5%8A%AC"
"ㄑㄩˊ","渠","","2","待補充","https://dict.concised.moe.edu.tw/searchP.jsp?SN=%E3%84%91&SN2=%E3%84%91%E3%84%A9%CB%8A&word=%E6%B8%A0"
"ㄑㄩˊ","鴝","","1","待補充","https://dict.concised.moe.edu.tw/searchP.jsp?SN=%E3%84%91&SN2=%E3%84%91%E3%84%A9%CB%8A&word=%E9%B4%9D"
"ㄑㄩˊ","璩","","1","待補充","https://dict.concised.moe.edu.tw/searchP.jsp?SN=%E3%84%91&SN2=%E3%84%91%E3%84%A9%CB%8A&word=%E7%92%A9"
"ㄑㄩˊ","瞿","","1","待補充","https://dict.concised.moe.edu.tw/searchP.jsp?SN=%E3%84%91&SN2=%E3%84%91%E3%84%A9%CB%8A&word=%E7%9E%BF"
"ㄑㄩˊ","麴","","1","待補充","https://dict.concised.moe.edu.tw/searchP.jsp?SN=%E3%84%91&SN2=%E3%84%91%E3%84%A9%CB%8A&word=%E9%BA%B4"
"ㄑㄩˊ","臞","","1","待補充","https://dict.concised.moe.edu.tw/searchP.jsp?SN=%E3%84%91&SN2=%E3%84%91%E3%84%A9%CB%8A&word=%E8%87%9E"
"ㄑㄩˊ","衢","","1","待補充","https://dict.concised.moe.edu.tw/searchP.jsp?SN=%E3%84%91&SN2=%E3%84%91%E3%84%A9%CB%8A&word=%E8%A1%A2"
"ㄑㄩˋ","去","","14","待補充","https://dict.concised.moe.edu.tw/searchP.jsp?SN=%E3%84%91&SN2=%E3%84%91%E3%84%A9%CB%8B&word=%E5%8E%BB"
"ㄑㄩˋ","趣","","5","待補充","https://dict.concised.moe.edu.tw/searchP.jsp?SN=%E3%84%91&SN2=%E3%84%91%E3%84%A9%CB%8B&word=%E8%B6%A3"
"ㄑㄩˋ","闃","","1","待補充","https://dict.concised.moe.edu.tw/searchP.jsp?SN=%E3%84%91&SN2=%E3%84%91%E3%84%A9%CB%8B&word=%E9%97%83"
"ㄑㄩˋ","覷","","1","待補充","https://dict.concised.moe.edu.tw/searchP.jsp?SN=%E3%84%91&SN2=%E3%84%91%E3%84%A9%CB%8B&word=%E8%A6%B7"
"ㄑㄩㄝ","炔","","1","待補充","https://dict.concised.moe.edu.tw/searchP.jsp?SN=%E3%84%91&SN2=%E3%84%91%E3%84%A9%E3%84%9D&word=%E7%82%94"
"ㄑㄩㄝ","缺","","14","待補充","https://dict.concised.moe.edu.tw/searchP.jsp?SN=%E3%84%91&SN2=%E3%84%91%E3%84%A9%E3%84%9D&word=%E7%BC%BA"
"ㄑㄩㄝ","闕","","2","待補充","https://dict.concised.moe.edu.tw/searchP.jsp?SN=%E3%84%91&SN2=%E3%84%91%E3%84%A9%E3%84%9D&word=%E9%97%95"
"ㄑㄩㄝˊ","瘸","","1","待補充","https://dict.concised.moe.edu.tw/searchP.jsp?SN=%E3%84%91&SN2=%E3%84%91%E3%84%A9%E3%84%9D%CB%8A&word=%E7%98%B8"
"ㄑㄩㄝˋ","怯","","6","待補充","https://dict.concised.moe.edu.tw/searchP.jsp?SN=%E3%84%91&SN2=%E3%84%91%E3%84%A9%E3%84%9D%CB%8B&word=%E6%80%AF"
"ㄑㄩㄝˋ","卻","","3","待補充","https://dict.concised.moe.edu.tw/searchP.jsp?SN=%E3%84%91&SN2=%E3%84%91%E3%84%A9%E3%84%9D%CB%8B&word=%E5%8D%BB"
"ㄑㄩㄝˋ","雀","","4","待補充","https://dict.concised.moe.edu.tw/searchP.jsp?SN=%E3%84%91&SN2=%E3%84%91%E3%84%A9%E3%84%9D%CB%8B&word=%E9%9B%80"
"ㄑㄩㄝˋ","确","","1","待補充","https://dict.concised.moe.edu.tw/searchP.jsp?SN=%E3%84%91&SN2=%E3%84%91%E3%84%A9%E3%84%9D%CB%8B&word=%E7%A1%AE"
"ㄑㄩㄝˋ","愨","","1","待補充","https://dict.concised.moe.edu.tw/searchP.jsp?SN=%E3%84%91&SN2=%E3%84%91%E3%84%A9%E3%84%9D%CB%8B&word=%E6%84%A8"
"ㄑㄩㄝˋ","榷","","1","待補充","https://dict.concised.moe.edu.tw/searchP.jsp?SN=%E3%84%91&SN2=%E3%84%91%E3%84%A9%E3%84%9D%CB%8B&word=%E6%A6%B7"
"ㄑㄩㄝˋ","確","","13","待補充","https://dict.concised.moe.edu.tw/searchP.jsp?SN=%E3%84%91&SN2=%E3%84%91%E3%84%A9%E3%84%9D%CB%8B&word=%E7%A2%BA"
"ㄑㄩㄝˋ","闋","","1","待補充","https://dict.concised.moe.edu.tw/searchP.jsp?SN=%E3%84%91&SN2=%E3%84%91%E3%84%A9%E3%84%9D%CB%8B&word=%E9%97%8B"
"ㄑㄩㄝˋ","闕","","1","待補充","https://dict.concised.moe.edu.tw/searchP.jsp?SN=%E3%84%91&SN2=%E3%84%91%E3%84%A9%E3%84%9D%CB%8B&word=%E9%97%95"
"ㄑㄩㄝˋ","鵲","","2","待補充","https://dict.concised.moe.edu.tw/searchP.jsp?SN=%E3%84%91&SN2=%E3%84%91%E3%84%A9%E3%84%9D%CB%8B&word=%E9%B5%B2"
"ㄑㄩㄢ","圈","","6","待補充","https://dict.concised.moe.edu.tw/searchP.jsp?SN=%E3%84%91&SN2=%E3%84%91%E3%84%A9%E3%84%A2&word=%E5%9C%88"
"ㄑㄩㄢˇ","犬","","5","待補充","https://dict.concised.moe.edu.tw/searchP.jsp?SN=%E3%84%91&SN2=%E3%84%91%E3%84%A9%E3%84%A2%CB%87&word=%E7%8A%AC"
"ㄑㄩㄢˇ","畎","","1","待補充","https://dict.concised.moe.edu.tw/searchP.jsp?SN=%E3%84%91&SN2=%E3%84%91%E3%84%A9%E3%84%A2%CB%87&word=%E7%95%8E"
"ㄑㄩㄢˇ","綣","","1","待補充","https://dict.concised.moe.edu.tw/searchP.jsp?SN=%E3%84%91&SN2=%E3%84%91%E3%84%A9%E3%84%A2%CB%87&word=%E7%B6%A3"
"ㄑㄩㄢˊ","全","","20","待補充","https://dict.concised.moe.edu.tw/searchP.jsp?SN=%E3%84%91&SN2=%E3%84%91%E3%84%A9%E3%84%A2%CB%8A&word=%E5%85%A8"
"ㄑㄩㄢˊ","卷","","1","待補充","https://dict.concised.moe.edu.tw/searchP.jsp?SN=%E3%84%91&SN2=%E3%84%91%E3%84%A9%E3%84%A2%CB%8A&word=%E5%8D%B7"
"ㄑㄩㄢˊ","泉","","4","待補充","https://dict.concised.moe.edu.tw/searchP.jsp?SN=%E3%84%91&SN2=%E3%84%91%E3%84%A9%E3%84%A2%CB%8A&word=%E6%B3%89"
"ㄑㄩㄢˊ","拳","","9","待補充","https://dict.concised.moe.edu.tw/searchP.jsp?SN=%E3%84%91&SN2=%E3%84%91%E3%84%A9%E3%84%A2%CB%8A&word=%E6%8B%B3"
"ㄑㄩㄢˊ","牷","","1","待補充","https://dict.concised.moe.edu.tw/searchP.jsp?SN=%E3%84%91&SN2=%E3%84%91%E3%84%A9%E3%84%A2%CB%8A&word=%E7%89%B7"
"ㄑㄩㄢˊ","荃","","1","待補充","https://dict.concised.moe.edu.tw/searchP.jsp?SN=%E3%84%91&SN2=%E3%84%91%E3%84%A9%E3%84%A2%CB%8A&word=%E8%8D%83"
"ㄑㄩㄢˊ","痊","","2","待補充","https://dict.concised.moe.edu.tw/searchP.jsp?SN=%E3%84%91&SN2=%E3%84%91%E3%84%A9%E3%84%A2%CB%8A&word=%E7%97%8A"
"ㄑㄩㄢˊ","筌","","1","待補充","https://dict.concised.moe.edu.tw/searchP.jsp?SN=%E3%84%91&SN2=%E3%84%91%E3%84%A9%E3%84%A2%CB%8A&word=%E7%AD%8C"
"ㄑㄩㄢˊ","詮","","2","待補充","https://dict.concised.moe.edu.tw/searchP.jsp?SN=%E3%84%91&SN2=%E3%84%91%E3%84%A9%E3%84%A2%CB%8A&word=%E8%A9%AE"
"ㄑㄩㄢˊ","蜷","","4","待補充","https://dict.concised.moe.edu.tw/searchP.jsp?SN=%E3%84%91&SN2=%E3%84%91%E3%84%A9%E3%84%A2%CB%8A&word=%E8%9C%B7"
"ㄑㄩㄢˊ","銓","","1","待補充","https://dict.concised.moe.edu.tw/searchP.jsp?SN=%E3%84%91&SN2=%E3%84%91%E3%84%A9%E3%84%A2%CB%8A&word=%E9%8A%93"
"ㄑㄩㄢˊ","醛","","1","待補充","https://dict.concised.moe.edu.tw/searchP.jsp?SN=%E3%84%91&SN2=%E3%84%91%E3%84%A9%E3%84%A2%CB%8A&word=%E9%86%9B"
"ㄑㄩㄢˊ","鬈","","2","待補充","https://dict.concised.moe.edu.tw/searchP.jsp?SN=%E3%84%91&SN2=%E3%84%91%E3%84%A9%E3%84%A2%CB%8A&word=%E9%AC%88"
"ㄑㄩㄢˊ","權","","18","待補充","https://dict.concised.moe.edu.tw/searchP.jsp?SN=%E3%84%91&SN2=%E3%84%91%E3%84%A9%E3%84%A2%CB%8A&word=%E6%AC%8A"
"ㄑㄩㄢˊ","顴","","1","待補充","https://dict.concised.moe.edu.tw/searchP.jsp?SN=%E3%84%91&SN2=%E3%84%91%E3%84%A9%E3%84%A2%CB%8A&word=%E9%A1%B4"
"ㄑㄩㄢˋ","券","","2","待補充","https://dict.concised.moe.edu.tw/searchP.jsp?SN=%E3%84%91&SN2=%E3%84%91%E3%84%A9%E3%84%A2%CB%8B&word=%E5%88%B8"
"ㄑㄩㄢˋ","勸","","17","待補充","https://dict.concised.moe.edu.tw/searchP.jsp?SN=%E3%84%91&SN2=%E3%84%91%E3%84%A9%E3%84%A2%CB%8B&word=%E5%8B%B8"
"ㄑㄩㄣ","逡","","1","待補充","https://dict.concised.moe.edu.tw/searchP.jsp?SN=%E3%84%91&SN2=%E3%84%91%E3%84%A9%E3%84%A3&word=%E9%80%A1"
"ㄑㄩㄣˊ","群","","17","待補充","https://dict.concised.moe.edu.tw/searchP.jsp?SN=%E3%84%91&SN2=%E3%84%91%E3%84%A9%E3%84%A3%CB%8A&word=%E7%BE%A4"
"ㄑㄩㄣˊ","裙","裙子","4","已有可用詞","https://dict.concised.moe.edu.tw/searchP.jsp?SN=%E3%84%91&SN2=%E3%84%91%E3%84%A9%E3%84%A3%CB%8A&word=%E8%A3%99"
"ㄑㄩㄥ","芎","","1","待補充","https://dict.concised.moe.edu.tw/searchP.jsp?SN=%E3%84%91&SN2=%E3%84%91%E3%84%A9%E3%84%A5&word=%E8%8A%8E"
"ㄑㄩㄥ","穹","","3","待補充","https://dict.concised.moe.edu.tw/searchP.jsp?SN=%E3%84%91&SN2=%E3%84%91%E3%84%A9%E3%84%A5&word=%E7%A9%B9"
"ㄑㄩㄥˊ","蛩","","1","待補充","https://dict.concised.moe.edu.tw/searchP.jsp?SN=%E3%84%91&SN2=%E3%84%91%E3%84%A9%E3%84%A5%CB%8A&word=%E8%9B%A9"
"ㄑㄩㄥˊ","煢","","1","待補充","https://dict.concised.moe.edu.tw/searchP.jsp?SN=%E3%84%91&SN2=%E3%84%91%E3%84%A9%E3%84%A5%CB%8A&word=%E7%85%A2"
"ㄑㄩㄥˊ","跫","","1","待補充","https://dict.concised.moe.edu.tw/searchP.jsp?SN=%E3%84%91&SN2=%E3%84%91%E3%84%A9%E3%84%A5%CB%8A&word=%E8%B7%AB"
"ㄑㄩㄥˊ","窮","","16","待補充","https://dict.concised.moe.edu.tw/searchP.jsp?SN=%E3%84%91&SN2=%E3%84%91%E3%84%A9%E3%84%A5%CB%8A&word=%E7%AA%AE"
"ㄑㄩㄥˊ","瓊","","5","待補充","https://dict.concised.moe.edu.tw/searchP.jsp?SN=%E3%84%91&SN2=%E3%84%91%E3%84%A9%E3%84%A5%CB%8A&word=%E7%93%8A"
"ㄒㄧ","兮","","1","待補充","https://dict.concised.moe.edu.tw/searchP.jsp?SN=%E3%84%92&SN2=%E3%84%92%E3%84%A7&word=%E5%85%AE"
"ㄒㄧ","西","西瓜","20","已有可用詞","https://dict.concised.moe.edu.tw/searchP.jsp?SN=%E3%84%92&SN2=%E3%84%92%E3%84%A7&word=%E8%A5%BF"
"ㄒㄧ","吸","","16","待補充","https://dict.concised.moe.edu.tw/searchP.jsp?SN=%E3%84%92&SN2=%E3%84%92%E3%84%A7&word=%E5%90%B8"
"ㄒㄧ","希","","5","待補充","https://dict.concised.moe.edu.tw/searchP.jsp?SN=%E3%84%92&SN2=%E3%84%92%E3%84%A7&word=%E5%B8%8C"
"ㄒㄧ","析","","4","待補充","https://dict.concised.moe.edu.tw/searchP.jsp?SN=%E3%84%92&SN2=%E3%84%92%E3%84%A7&word=%E6%9E%90"
"ㄒㄧ","唏","","2","待補充","https://dict.concised.moe.edu.tw/searchP.jsp?SN=%E3%84%92&SN2=%E3%84%92%E3%84%A7&word=%E5%94%8F"
"ㄒㄧ","奚","","2","待補充","https://dict.concised.moe.edu.tw/searchP.jsp?SN=%E3%84%92&SN2=%E3%84%92%E3%84%A7&word=%E5%A5%9A"
"ㄒㄧ","栖","","2","待補充","https://dict.concised.moe.edu.tw/searchP.jsp?SN=%E3%84%92&SN2=%E3%84%92%E3%84%A7&word=%E6%A0%96"
"ㄒㄧ","悉","","3","待補充","https://dict.concised.moe.edu.tw/searchP.jsp?SN=%E3%84%92&SN2=%E3%84%92%E3%84%A7&word=%E6%82%89"
"ㄒㄧ","晞","","1","待補充","https://dict.concised.moe.edu.tw/searchP.jsp?SN=%E3%84%92&SN2=%E3%84%92%E3%84%A7&word=%E6%99%9E"
"ㄒㄧ","欷","","1","待補充","https://dict.concised.moe.edu.tw/searchP.jsp?SN=%E3%84%92&SN2=%E3%84%92%E3%84%A7&word=%E6%AC%B7"
"ㄒㄧ","淅","","2","待補充","https://dict.concised.moe.edu.tw/searchP.jsp?SN=%E3%84%92&SN2=%E3%84%92%E3%84%A7&word=%E6%B7%85"
"ㄒㄧ","烯","","1","待補充","https://dict.concised.moe.edu.tw/searchP.jsp?SN=%E3%84%92&SN2=%E3%84%92%E3%84%A7&word=%E7%83%AF"
"ㄒㄧ","晰","","1","待補充","https://dict.concised.moe.edu.tw/searchP.jsp?SN=%E3%84%92&SN2=%E3%84%92%E3%84%A7&word=%E6%99%B0"
"ㄒㄧ","棲","","2","待補充","https://dict.concised.moe.edu.tw/searchP.jsp?SN=%E3%84%92&SN2=%E3%84%92%E3%84%A7&word=%E6%A3%B2"
"ㄒㄧ","犀","","3","待補充","https://dict.concised.moe.edu.tw/searchP.jsp?SN=%E3%84%92&SN2=%E3%84%92%E3%84%A7&word=%E7%8A%80"
"ㄒㄧ","稀","","15","待補充","https://dict.concised.moe.edu.tw/searchP.jsp?SN=%E3%84%92&SN2=%E3%84%92%E3%84%A7&word=%E7%A8%80"
"ㄒㄧ","溪","","5","待補充","https://dict.concised.moe.edu.tw/searchP.jsp?SN=%E3%84%92&SN2=%E3%84%92%E3%84%A7&word=%E6%BA%AA"
"ㄒㄧ","皙","","1","待補充","https://dict.concised.moe.edu.tw/searchP.jsp?SN=%E3%84%92&SN2=%E3%84%92%E3%84%A7&word=%E7%9A%99"
"ㄒㄧ","僖","","1","待補充","https://dict.concised.moe.edu.tw/searchP.jsp?SN=%E3%84%92&SN2=%E3%84%92%E3%84%A7&word=%E5%83%96"
"ㄒㄧ","熙","","4","待補充","https://dict.concised.moe.edu.tw/searchP.jsp?SN=%E3%84%92&SN2=%E3%84%92%E3%84%A7&word=%E7%86%99"
"ㄒㄧ","蜥","","1","待補充","https://dict.concised.moe.edu.tw/searchP.jsp?SN=%E3%84%92&SN2=%E3%84%92%E3%84%A7&word=%E8%9C%A5"
"ㄒㄧ","嘻","","4","待補充","https://dict.concised.moe.edu.tw/searchP.jsp?SN=%E3%84%92&SN2=%E3%84%92%E3%84%A7&word=%E5%98%BB"
"ㄒㄧ","嬉","","5","待補充","https://dict.concised.moe.edu.tw/searchP.jsp?SN=%E3%84%92&SN2=%E3%84%92%E3%84%A7&word=%E5%AC%89"
"ㄒㄧ","撕","","1","待補充","https://dict.concised.moe.edu.tw/searchP.jsp?SN=%E3%84%92&SN2=%E3%84%92%E3%84%A7&word=%E6%92%95"
"ㄒㄧ","膝","","4","待補充","https://dict.concised.moe.edu.tw/searchP.jsp?SN=%E3%84%92&SN2=%E3%84%92%E3%84%A7&word=%E8%86%9D"
"ㄒㄧ","樨","","1","待補充","https://dict.concised.moe.edu.tw/searchP.jsp?SN=%E3%84%92&SN2=%E3%84%92%E3%84%A7&word=%E6%A8%A8"
"ㄒㄧ","熹","","1","待補充","https://dict.concised.moe.edu.tw/searchP.jsp?SN=%E3%84%92&SN2=%E3%84%92%E3%84%A7&word=%E7%86%B9"
"ㄒㄧ","窸","","2","待補充","https://dict.concised.moe.edu.tw/searchP.jsp?SN=%E3%84%92&SN2=%E3%84%92%E3%84%A7&word=%E7%AA%B8"
"ㄒㄧ","羲","","1","待補充","https://dict.concised.moe.edu.tw/searchP.jsp?SN=%E3%84%92&SN2=%E3%84%92%E3%84%A7&word=%E7%BE%B2"
"ㄒㄧ","螅","","1","待補充","https://dict.concised.moe.edu.tw/searchP.jsp?SN=%E3%84%92&SN2=%E3%84%92%E3%84%A7&word=%E8%9E%85"
"ㄒㄧ","禧","","1","待補充","https://dict.concised.moe.edu.tw/searchP.jsp?SN=%E3%84%92&SN2=%E3%84%92%E3%84%A7&word=%E7%A6%A7"
"ㄒㄧ","蟋","","2","待補充","https://dict.concised.moe.edu.tw/searchP.jsp?SN=%E3%84%92&SN2=%E3%84%92%E3%84%A7&word=%E8%9F%8B"
"ㄒㄧ","谿","","1","待補充","https://dict.concised.moe.edu.tw/searchP.jsp?SN=%E3%84%92&SN2=%E3%84%92%E3%84%A7&word=%E8%B0%BF"
"ㄒㄧ","蹊","","3","待補充","https://dict.concised.moe.edu.tw/searchP.jsp?SN=%E3%84%92&SN2=%E3%84%92%E3%84%A7&word=%E8%B9%8A"
"ㄒㄧ","釐","","1","待補充","https://dict.concised.moe.edu.tw/searchP.jsp?SN=%E3%84%92&SN2=%E3%84%92%E3%84%A7&word=%E9%87%90"
"ㄒㄧ","醯","","1","待補充","https://dict.concised.moe.edu.tw/searchP.jsp?SN=%E3%84%92&SN2=%E3%84%92%E3%84%A7&word=%E9%86%AF"
"ㄒㄧ","曦","","1","待補充","https://dict.concised.moe.edu.tw/searchP.jsp?SN=%E3%84%92&SN2=%E3%84%92%E3%84%A7&word=%E6%9B%A6"
"ㄒㄧ","犧","","4","待補充","https://dict.concised.moe.edu.tw/searchP.jsp?SN=%E3%84%92&SN2=%E3%84%92%E3%84%A7&word=%E7%8A%A7"
"ㄒㄧ","攜","","5","待補充","https://dict.concised.moe.edu.tw/searchP.jsp?SN=%E3%84%92&SN2=%E3%84%92%E3%84%A7&word=%E6%94%9C"
"ㄒㄧ","觿","","1","待補充","https://dict.concised.moe.edu.tw/searchP.jsp?SN=%E3%84%92&SN2=%E3%84%92%E3%84%A7&word=%E8%A7%BF"
"ㄒㄧˇ","洒","","1","待補充","https://dict.concised.moe.edu.tw/searchP.jsp?SN=%E3%84%92&SN2=%E3%84%92%E3%84%A7%CB%87&word=%E6%B4%92"
"ㄒㄧˇ","洗","洗手","20","已有可用詞","https://dict.concised.moe.edu.tw/searchP.jsp?SN=%E3%84%92&SN2=%E3%84%92%E3%84%A7%CB%87&word=%E6%B4%97"
"ㄒㄧˇ","徙","","2","待補充","https://dict.concised.moe.edu.tw/searchP.jsp?SN=%E3%84%92&SN2=%E3%84%92%E3%84%A7%CB%87&word=%E5%BE%99"
"ㄒㄧˇ","喜","","20","待補充","https://dict.concised.moe.edu.tw/searchP.jsp?SN=%E3%84%92&SN2=%E3%84%92%E3%84%A7%CB%87&word=%E5%96%9C"
"ㄒㄧˇ","屣","","1","待補充","https://dict.concised.moe.edu.tw/searchP.jsp?SN=%E3%84%92&SN2=%E3%84%92%E3%84%A7%CB%87&word=%E5%B1%A3"
"ㄒㄧˇ","璽","","1","待補充","https://dict.concised.moe.edu.tw/searchP.jsp?SN=%E3%84%92&SN2=%E3%84%92%E3%84%A7%CB%87&word=%E7%92%BD"
"ㄒㄧˇ","囍","","1","待補充","https://dict.concised.moe.edu.tw/searchP.jsp?SN=%E3%84%92&SN2=%E3%84%92%E3%84%A7%CB%87&word=%E5%9B%8D"
"ㄒㄧˊ","昔","","3","待補充","https://dict.concised.moe.edu.tw/searchP.jsp?SN=%E3%84%92&SN2=%E3%84%92%E3%84%A7%CB%8A&word=%E6%98%94"
"ㄒㄧˊ","席","","6","待補充","https://dict.concised.moe.edu.tw/searchP.jsp?SN=%E3%84%92&SN2=%E3%84%92%E3%84%A7%CB%8A&word=%E5%B8%AD"
"ㄒㄧˊ","息","","5","待補充","https://dict.concised.moe.edu.tw/searchP.jsp?SN=%E3%84%92&SN2=%E3%84%92%E3%84%A7%CB%8A&word=%E6%81%AF"
"ㄒㄧˊ","惜","","7","待補充","https://dict.concised.moe.edu.tw/searchP.jsp?SN=%E3%84%92&SN2=%E3%84%92%E3%84%A7%CB%8A&word=%E6%83%9C"
"ㄒㄧˊ","習","","11","待補充","https://dict.concised.moe.edu.tw/searchP.jsp?SN=%E3%84%92&SN2=%E3%84%92%E3%84%A7%CB%8A&word=%E7%BF%92"
"ㄒㄧˊ","媳","","2","待補充","https://dict.concised.moe.edu.tw/searchP.jsp?SN=%E3%84%92&SN2=%E3%84%92%E3%84%A7%CB%8A&word=%E5%AA%B3"
"ㄒㄧˊ","熄","","4","待補充","https://dict.concised.moe.edu.tw/searchP.jsp?SN=%E3%84%92&SN2=%E3%84%92%E3%84%A7%CB%8A&word=%E7%86%84"
"ㄒㄧˊ","蓆","","2","待補充","https://dict.concised.moe.edu.tw/searchP.jsp?SN=%E3%84%92&SN2=%E3%84%92%E3%84%A7%CB%8A&word=%E8%93%86"
"ㄒㄧˊ","裼","","1","待補充","https://dict.concised.moe.edu.tw/searchP.jsp?SN=%E3%84%92&SN2=%E3%84%92%E3%84%A7%CB%8A&word=%E8%A3%BC"
"ㄒㄧˊ","錫","","2","待補充","https://dict.concised.moe.edu.tw/searchP.jsp?SN=%E3%84%92&SN2=%E3%84%92%E3%84%A7%CB%8A&word=%E9%8C%AB"
"ㄒㄧˊ","檄","","1","待補充","https://dict.concised.moe.edu.tw/searchP.jsp?SN=%E3%84%92&SN2=%E3%84%92%E3%84%A7%CB%8A&word=%E6%AA%84"
"ㄒㄧˊ","隰","","1","待補充","https://dict.concised.moe.edu.tw/searchP.jsp?SN=%E3%84%92&SN2=%E3%84%92%E3%84%A7%CB%8A&word=%E9%9A%B0"
"ㄒㄧˊ","襲","","4","待補充","https://dict.concised.moe.edu.tw/searchP.jsp?SN=%E3%84%92&SN2=%E3%84%92%E3%84%A7%CB%8A&word=%E8%A5%B2"
"ㄒㄧˋ","夕","","4","待補充","https://dict.concised.moe.edu.tw/searchP.jsp?SN=%E3%84%92&SN2=%E3%84%92%E3%84%A7%CB%8B&word=%E5%A4%95"
"ㄒㄧˋ","汐","","1","待補充","https://dict.concised.moe.edu.tw/searchP.jsp?SN=%E3%84%92&SN2=%E3%84%92%E3%84%A7%CB%8B&word=%E6%B1%90"
"ㄒㄧˋ","系","","3","待補充","https://dict.concised.moe.edu.tw/searchP.jsp?SN=%E3%84%92&SN2=%E3%84%92%E3%84%A7%CB%8B&word=%E7%B3%BB"
"ㄒㄧˋ","矽","","3","待補充","https://dict.concised.moe.edu.tw/searchP.jsp?SN=%E3%84%92&SN2=%E3%84%92%E3%84%A7%CB%8B&word=%E7%9F%BD"
"ㄒㄧˋ","係","","2","待補充","https://dict.concised.moe.edu.tw/searchP.jsp?SN=%E3%84%92&SN2=%E3%84%92%E3%84%A7%CB%8B&word=%E4%BF%82"
"ㄒㄧˋ","細","","20","待補充","https://dict.concised.moe.edu.tw/searchP.jsp?SN=%E3%84%92&SN2=%E3%84%92%E3%84%A7%CB%8B&word=%E7%B4%B0"
"ㄒㄧˋ","翕","","1","待補充","https://dict.concised.moe.edu.tw/searchP.jsp?SN=%E3%84%92&SN2=%E3%84%92%E3%84%A7%CB%8B&word=%E7%BF%95"
"ㄒㄧˋ","隙","","2","待補充","https://dict.concised.moe.edu.tw/searchP.jsp?SN=%E3%84%92&SN2=%E3%84%92%E3%84%A7%CB%8B&word=%E9%9A%99"
"ㄒㄧˋ","潟","","1","待補充","https://dict.concised.moe.edu.tw/searchP.jsp?SN=%E3%84%92&SN2=%E3%84%92%E3%84%A7%CB%8B&word=%E6%BD%9F"
"ㄒㄧˋ","戲","","19","待補充","https://dict.concised.moe.edu.tw/searchP.jsp?SN=%E3%84%92&SN2=%E3%84%92%E3%84%A7%CB%8B&word=%E6%88%B2"
"ㄒㄧˋ","鬩","","2","待補充","https://dict.concised.moe.edu.tw/searchP.jsp?SN=%E3%84%92&SN2=%E3%84%92%E3%84%A7%CB%8B&word=%E9%AC%A9"
"ㄒㄧˋ","繫","","2","待補充","https://dict.concised.moe.edu.tw/searchP.jsp?SN=%E3%84%92&SN2=%E3%84%92%E3%84%A7%CB%8B&word=%E7%B9%AB"
"ㄒㄧㄚ","瞎","","10","待補充","https://dict.concised.moe.edu.tw/searchP.jsp?SN=%E3%84%92&SN2=%E3%84%92%E3%84%A7%E3%84%9A&word=%E7%9E%8E"
"ㄒㄧㄚ","蝦","","4","待補充","https://dict.concised.moe.edu.tw/searchP.jsp?SN=%E3%84%92&SN2=%E3%84%92%E3%84%A7%E3%84%9A&word=%E8%9D%A6"
"ㄒㄧㄚˊ","匣","","2","待補充","https://dict.concised.moe.edu.tw/searchP.jsp?SN=%E3%84%92&SN2=%E3%84%92%E3%84%A7%E3%84%9A%CB%8A&word=%E5%8C%A3"
"ㄒㄧㄚˊ","呷","","1","待補充","https://dict.concised.moe.edu.tw/searchP.jsp?SN=%E3%84%92&SN2=%E3%84%92%E3%84%A7%E3%84%9A%CB%8A&word=%E5%91%B7"
"ㄒㄧㄚˊ","狎","","1","待補充","https://dict.concised.moe.edu.tw/searchP.jsp?SN=%E3%84%92&SN2=%E3%84%92%E3%84%A7%E3%84%9A%CB%8A&word=%E7%8B%8E"
"ㄒㄧㄚˊ","俠","","7","待補充","https://dict.concised.moe.edu.tw/searchP.jsp?SN=%E3%84%92&SN2=%E3%84%92%E3%84%A7%E3%84%9A%CB%8A&word=%E4%BF%A0"
"ㄒㄧㄚˊ","柙","","1","待補充","https://dict.concised.moe.edu.tw/searchP.jsp?SN=%E3%84%92&SN2=%E3%84%92%E3%84%A7%E3%84%9A%CB%8A&word=%E6%9F%99"
"ㄒㄧㄚˊ","峽","","2","待補充","https://dict.concised.moe.edu.tw/searchP.jsp?SN=%E3%84%92&SN2=%E3%84%92%E3%84%A7%E3%84%9A%CB%8A&word=%E5%B3%BD"
"ㄒㄧㄚˊ","挾","","4","待補充","https://dict.concised.moe.edu.tw/searchP.jsp?SN=%E3%84%92&SN2=%E3%84%92%E3%84%A7%E3%84%9A%CB%8A&word=%E6%8C%BE"
"ㄒㄧㄚˊ","狹","","8","待補充","https://dict.concised.moe.edu.tw/searchP.jsp?SN=%E3%84%92&SN2=%E3%84%92%E3%84%A7%E3%84%9A%CB%8A&word=%E7%8B%B9"
"ㄒㄧㄚˊ","暇","","1","待補充","https://dict.concised.moe.edu.tw/searchP.jsp?SN=%E3%84%92&SN2=%E3%84%92%E3%84%A7%E3%84%9A%CB%8A&word=%E6%9A%87"
"ㄒㄧㄚˊ","瑕","","3","待補充","https://dict.concised.moe.edu.tw/searchP.jsp?SN=%E3%84%92&SN2=%E3%84%92%E3%84%A7%E3%84%9A%CB%8A&word=%E7%91%95"
"ㄒㄧㄚˊ","遐","","4","待補充","https://dict.concised.moe.edu.tw/searchP.jsp?SN=%E3%84%92&SN2=%E3%84%92%E3%84%A7%E3%84%9A%CB%8A&word=%E9%81%90"
"ㄒㄧㄚˊ","轄","","3","待補充","https://dict.concised.moe.edu.tw/searchP.jsp?SN=%E3%84%92&SN2=%E3%84%92%E3%84%A7%E3%84%9A%CB%8A&word=%E8%BD%84"
"ㄒㄧㄚˊ","霞","","2","待補充","https://dict.concised.moe.edu.tw/searchP.jsp?SN=%E3%84%92&SN2=%E3%84%92%E3%84%A7%E3%84%9A%CB%8A&word=%E9%9C%9E"
"ㄒㄧㄚˊ","黠","","1","待補充","https://dict.concised.moe.edu.tw/searchP.jsp?SN=%E3%84%92&SN2=%E3%84%92%E3%84%A7%E3%84%9A%CB%8A&word=%E9%BB%A0"
"ㄒㄧㄚˋ","下","","20","待補充","https://dict.concised.moe.edu.tw/searchP.jsp?SN=%E3%84%92&SN2=%E3%84%92%E3%84%A7%E3%84%9A%CB%8B&word=%E4%B8%8B"
"ㄒㄧㄚˋ","夏","","9","待補充","https://dict.concised.moe.edu.tw/searchP.jsp?SN=%E3%84%92&SN2=%E3%84%92%E3%84%A7%E3%84%9A%CB%8B&word=%E5%A4%8F"
"ㄒㄧㄚˋ","廈","","1","待補充","https://dict.concised.moe.edu.tw/searchP.jsp?SN=%E3%84%92&SN2=%E3%84%92%E3%84%A7%E3%84%9A%CB%8B&word=%E5%BB%88"
"ㄒㄧㄚˋ","諕","","1","待補充","https://dict.concised.moe.edu.tw/searchP.jsp?SN=%E3%84%92&SN2=%E3%84%92%E3%84%A7%E3%84%9A%CB%8B&word=%E8%AB%95"
"ㄒㄧㄚˋ","嚇","","4","待補充","https://dict.concised.moe.edu.tw/searchP.jsp?SN=%E3%84%92&SN2=%E3%84%92%E3%84%A7%E3%84%9A%CB%8B&word=%E5%9A%87"
"ㄒㄧㄚˋ","罅","","1","待補充","https://dict.concised.moe.edu.tw/searchP.jsp?SN=%E3%84%92&SN2=%E3%84%92%E3%84%A7%E3%84%9A%CB%8B&word=%E7%BD%85"
"ㄒㄧㄝ","些","","4","待補充","https://dict.concised.moe.edu.tw/searchP.jsp?SN=%E3%84%92&SN2=%E3%84%92%E3%84%A7%E3%84%9D&word=%E4%BA%9B"
"ㄒㄧㄝ","楔","","2","待補充","https://dict.concised.moe.edu.tw/searchP.jsp?SN=%E3%84%92&SN2=%E3%84%92%E3%84%A7%E3%84%9D&word=%E6%A5%94"
"ㄒㄧㄝ","歇","","7","待補充","https://dict.concised.moe.edu.tw/searchP.jsp?SN=%E3%84%92&SN2=%E3%84%92%E3%84%A7%E3%84%9D&word=%E6%AD%87"
"ㄒㄧㄝ","蠍","","1","待補充","https://dict.concised.moe.edu.tw/searchP.jsp?SN=%E3%84%92&SN2=%E3%84%92%E3%84%A7%E3%84%9D&word=%E8%A0%8D"
"ㄒㄧㄝˇ","血","","20","待補充","https://dict.concised.moe.edu.tw/searchP.jsp?SN=%E3%84%92&SN2=%E3%84%92%E3%84%A7%E3%84%9D%CB%87&word=%E8%A1%80"
"ㄒㄧㄝˇ","寫","","11","待補充","https://dict.concised.moe.edu.tw/searchP.jsp?SN=%E3%84%92&SN2=%E3%84%92%E3%84%A7%E3%84%9D%CB%87&word=%E5%AF%AB"
"ㄒㄧㄝˊ","邪","","10","待補充","https://dict.concised.moe.edu.tw/searchP.jsp?SN=%E3%84%92&SN2=%E3%84%92%E3%84%A7%E3%84%9D%CB%8A&word=%E9%82%AA"
"ㄒㄧㄝˊ","協","","15","待補充","https://dict.concised.moe.edu.tw/searchP.jsp?SN=%E3%84%92&SN2=%E3%84%92%E3%84%A7%E3%84%9D%CB%8A&word=%E5%8D%94"
"ㄒㄧㄝˊ","脅","","4","待補充","https://dict.concised.moe.edu.tw/searchP.jsp?SN=%E3%84%92&SN2=%E3%84%92%E3%84%A7%E3%84%9D%CB%8A&word=%E8%84%85"
"ㄒㄧㄝˊ","偕","","2","待補充","https://dict.concised.moe.edu.tw/searchP.jsp?SN=%E3%84%92&SN2=%E3%84%92%E3%84%A7%E3%84%9D%CB%8A&word=%E5%81%95"
"ㄒㄧㄝˊ","斜","","11","待補充","https://dict.concised.moe.edu.tw/searchP.jsp?SN=%E3%84%92&SN2=%E3%84%92%E3%84%A7%E3%84%9D%CB%8A&word=%E6%96%9C"
"ㄒㄧㄝˊ","絜","","1","待補充","https://dict.concised.moe.edu.tw/searchP.jsp?SN=%E3%84%92&SN2=%E3%84%92%E3%84%A7%E3%84%9D%CB%8A&word=%E7%B5%9C"
"ㄒㄧㄝˊ","勰","","1","待補充","https://dict.concised.moe.edu.tw/searchP.jsp?SN=%E3%84%92&SN2=%E3%84%92%E3%84%A7%E3%84%9D%CB%8A&word=%E5%8B%B0"
"ㄒㄧㄝˊ","鞋","鞋子","8","已有可用詞","https://dict.concised.moe.edu.tw/searchP.jsp?SN=%E3%84%92&SN2=%E3%84%92%E3%84%A7%E3%84%9D%CB%8A&word=%E9%9E%8B"
"ㄒㄧㄝˊ","頡","","2","待補充","https://dict.concised.moe.edu.tw/searchP.jsp?SN=%E3%84%92&SN2=%E3%84%92%E3%84%A7%E3%84%9D%CB%8A&word=%E9%A0%A1"
"ㄒㄧㄝˊ","諧","","4","待補充","https://dict.concised.moe.edu.tw/searchP.jsp?SN=%E3%84%92&SN2=%E3%84%92%E3%84%A7%E3%84%9D%CB%8A&word=%E8%AB%A7"
"ㄒㄧㄝˋ","卸","","7","待補充","https://dict.concised.moe.edu.tw/searchP.jsp?SN=%E3%84%92&SN2=%E3%84%92%E3%84%A7%E3%84%9D%CB%8B&word=%E5%8D%B8"
"ㄒㄧㄝˋ","泄","","3","待補充","https://dict.concised.moe.edu.tw/searchP.jsp?SN=%E3%84%92&SN2=%E3%84%92%E3%84%A7%E3%84%9D%CB%8B&word=%E6%B3%84"
"ㄒㄧㄝˋ","契","","1","待補充","https://dict.concised.moe.edu.tw/searchP.jsp?SN=%E3%84%92&SN2=%E3%84%92%E3%84%A7%E3%84%9D%CB%8B&word=%E5%A5%91"
"ㄒㄧㄝˋ","洩","","9","待補充","https://dict.concised.moe.edu.tw/searchP.jsp?SN=%E3%84%92&SN2=%E3%84%92%E3%84%A7%E3%84%9D%CB%8B&word=%E6%B4%A9"
"ㄒㄧㄝˋ","屑","","1","待補充","https://dict.concised.moe.edu.tw/searchP.jsp?SN=%E3%84%92&SN2=%E3%84%92%E3%84%A7%E3%84%9D%CB%8B&word=%E5%B1%91"
"ㄒㄧㄝˋ","械","","3","待補充","https://dict.concised.moe.edu.tw/searchP.jsp?SN=%E3%84%92&SN2=%E3%84%92%E3%84%A7%E3%84%9D%CB%8B&word=%E6%A2%B0"
"ㄒㄧㄝˋ","渫","","1","待補充","https://dict.concised.moe.edu.tw/searchP.jsp?SN=%E3%84%92&SN2=%E3%84%92%E3%84%A7%E3%84%9D%CB%8B&word=%E6%B8%AB"
"ㄒㄧㄝˋ","解","","2","待補充","https://dict.concised.moe.edu.tw/searchP.jsp?SN=%E3%84%92&SN2=%E3%84%92%E3%84%A7%E3%84%9D%CB%8B&word=%E8%A7%A3"
"ㄒㄧㄝˋ","榭","","1","待補充","https://dict.concised.moe.edu.tw/searchP.jsp?SN=%E3%84%92&SN2=%E3%84%92%E3%84%A7%E3%84%9D%CB%8B&word=%E6%A6%AD"
"ㄒㄧㄝˋ","懈","","2","待補充","https://dict.concised.moe.edu.tw/searchP.jsp?SN=%E3%84%92&SN2=%E3%84%92%E3%84%A7%E3%84%9D%CB%8B&word=%E6%87%88"
"ㄒㄧㄝˋ","燮","","1","待補充","https://dict.concised.moe.edu.tw/searchP.jsp?SN=%E3%84%92&SN2=%E3%84%92%E3%84%A7%E3%84%9D%CB%8B&word=%E7%87%AE"
"ㄒㄧㄝˋ","薤","","1","待補充","https://dict.concised.moe.edu.tw/searchP.jsp?SN=%E3%84%92&SN2=%E3%84%92%E3%84%A7%E3%84%9D%CB%8B&word=%E8%96%A4"
"ㄒㄧㄝˋ","褻","","3","待補充","https://dict.concised.moe.edu.tw/searchP.jsp?SN=%E3%84%92&SN2=%E3%84%92%E3%84%A7%E3%84%9D%CB%8B&word=%E8%A4%BB"
"ㄒㄧㄝˋ","謝","","14","待補充","https://dict.concised.moe.edu.tw/searchP.jsp?SN=%E3%84%92&SN2=%E3%84%92%E3%84%A7%E3%84%9D%CB%8B&word=%E8%AC%9D"
"ㄒㄧㄝˋ","邂","","2","待補充","https://dict.concised.moe.edu.tw/searchP.jsp?SN=%E3%84%92&SN2=%E3%84%92%E3%84%A7%E3%84%9D%CB%8B&word=%E9%82%82"
"ㄒㄧㄝˋ","瀉","","1","待補充","https://dict.concised.moe.edu.tw/searchP.jsp?SN=%E3%84%92&SN2=%E3%84%92%E3%84%A7%E3%84%9D%CB%8B&word=%E7%80%89"
"ㄒㄧㄝˋ","瀣","","1","待補充","https://dict.concised.moe.edu.tw/searchP.jsp?SN=%E3%84%92&SN2=%E3%84%92%E3%84%A7%E3%84%9D%CB%8B&word=%E7%80%A3"
"ㄒㄧㄝˋ","蟹","","2","待補充","https://dict.concised.moe.edu.tw/searchP.jsp?SN=%E3%84%92&SN2=%E3%84%92%E3%84%A7%E3%84%9D%CB%8B&word=%E8%9F%B9"
"ㄒㄧㄠ","削","","2","待補充","https://dict.concised.moe.edu.tw/searchP.jsp?SN=%E3%84%92&SN2=%E3%84%92%E3%84%A7%E3%84%A0&word=%E5%89%8A"
"ㄒㄧㄠ","哮","","2","待補充","https://dict.concised.moe.edu.tw/searchP.jsp?SN=%E3%84%92&SN2=%E3%84%92%E3%84%A7%E3%84%A0&word=%E5%93%AE"
"ㄒㄧㄠ","宵","","4","待補充","https://dict.concised.moe.edu.tw/searchP.jsp?SN=%E3%84%92&SN2=%E3%84%92%E3%84%A7%E3%84%A0&word=%E5%AE%B5"
"ㄒㄧㄠ","消","","20","待補充","https://dict.concised.moe.edu.tw/searchP.jsp?SN=%E3%84%92&SN2=%E3%84%92%E3%84%A7%E3%84%A0&word=%E6%B6%88"
"ㄒㄧㄠ","梟","","3","待補充","https://dict.concised.moe.edu.tw/searchP.jsp?SN=%E3%84%92&SN2=%E3%84%92%E3%84%A7%E3%84%A0&word=%E6%A2%9F"
"ㄒㄧㄠ","逍","","4","待補充","https://dict.concised.moe.edu.tw/searchP.jsp?SN=%E3%84%92&SN2=%E3%84%92%E3%84%A7%E3%84%A0&word=%E9%80%8D"
"ㄒㄧㄠ","硝","","2","待補充","https://dict.concised.moe.edu.tw/searchP.jsp?SN=%E3%84%92&SN2=%E3%84%92%E3%84%A7%E3%84%A0&word=%E7%A1%9D"
"ㄒㄧㄠ","綃","","1","待補充","https://dict.concised.moe.edu.tw/searchP.jsp?SN=%E3%84%92&SN2=%E3%84%92%E3%84%A7%E3%84%A0&word=%E7%B6%83"
"ㄒㄧㄠ","銷","","10","待補充","https://dict.concised.moe.edu.tw/searchP.jsp?SN=%E3%84%92&SN2=%E3%84%92%E3%84%A7%E3%84%A0&word=%E9%8A%B7"
"ㄒㄧㄠ","霄","","3","待補充","https://dict.concised.moe.edu.tw/searchP.jsp?SN=%E3%84%92&SN2=%E3%84%92%E3%84%A7%E3%84%A0&word=%E9%9C%84"
"ㄒㄧㄠ","蕭","","6","待補充","https://dict.concised.moe.edu.tw/searchP.jsp?SN=%E3%84%92&SN2=%E3%84%92%E3%84%A7%E3%84%A0&word=%E8%95%AD"
"ㄒㄧㄠ","鴞","","1","待補充","https://dict.concised.moe.edu.tw/searchP.jsp?SN=%E3%84%92&SN2=%E3%84%92%E3%84%A7%E3%84%A0&word=%E9%B4%9E"
"ㄒㄧㄠ","簫","","1","待補充","https://dict.concised.moe.edu.tw/searchP.jsp?SN=%E3%84%92&SN2=%E3%84%92%E3%84%A7%E3%84%A0&word=%E7%B0%AB"
"ㄒㄧㄠ","瀟","","2","待補充","https://dict.concised.moe.edu.tw/searchP.jsp?SN=%E3%84%92&SN2=%E3%84%92%E3%84%A7%E3%84%A0&word=%E7%80%9F"
"ㄒㄧㄠ","囂","","2","待補充","https://dict.concised.moe.edu.tw/searchP.jsp?SN=%E3%84%92&SN2=%E3%84%92%E3%84%A7%E3%84%A0&word=%E5%9B%82"
"ㄒㄧㄠ","驍","","2","待補充","https://dict.concised.moe.edu.tw/searchP.jsp?SN=%E3%84%92&SN2=%E3%84%92%E3%84%A7%E3%84%A0&word=%E9%A9%8D"
"ㄒㄧㄠˇ","小","","20","待補充","https://dict.concised.moe.edu.tw/searchP.jsp?SN=%E3%84%92&SN2=%E3%84%92%E3%84%A7%E3%84%A0%CB%87&word=%E5%B0%8F"
"ㄒㄧㄠˇ","筱","","1","待補充","https://dict.concised.moe.edu.tw/searchP.jsp?SN=%E3%84%92&SN2=%E3%84%92%E3%84%A7%E3%84%A0%CB%87&word=%E7%AD%B1"
"ㄒㄧㄠˇ","曉","","3","待補充","https://dict.concised.moe.edu.tw/searchP.jsp?SN=%E3%84%92&SN2=%E3%84%92%E3%84%A7%E3%84%A0%CB%87&word=%E6%9B%89"
"ㄒㄧㄠˇ","篠","","1","待補充","https://dict.concised.moe.edu.tw/searchP.jsp?SN=%E3%84%92&SN2=%E3%84%92%E3%84%A7%E3%84%A0%CB%87&word=%E7%AF%A0"
"ㄒㄧㄠˇ","謏","","1","待補充","https://dict.concised.moe.edu.tw/searchP.jsp?SN=%E3%84%92&SN2=%E3%84%92%E3%84%A7%E3%84%A0%CB%87&word=%E8%AC%8F"
"ㄒㄧㄠˋ","孝","","10","待補充","https://dict.concised.moe.edu.tw/searchP.jsp?SN=%E3%84%92&SN2=%E3%84%92%E3%84%A7%E3%84%A0%CB%8B&word=%E5%AD%9D"
"ㄒㄧㄠˋ","肖","","2","待補充","https://dict.concised.moe.edu.tw/searchP.jsp?SN=%E3%84%92&SN2=%E3%84%92%E3%84%A7%E3%84%A0%CB%8B&word=%E8%82%96"
"ㄒㄧㄠˋ","效","","14","待補充","https://dict.concised.moe.edu.tw/searchP.jsp?SN=%E3%84%92&SN2=%E3%84%92%E3%84%A7%E3%84%A0%CB%8B&word=%E6%95%88"
"ㄒㄧㄠˋ","校","","20","待補充","https://dict.concised.moe.edu.tw/searchP.jsp?SN=%E3%84%92&SN2=%E3%84%92%E3%84%A7%E3%84%A0%CB%8B&word=%E6%A0%A1"
"ㄒㄧㄠˋ","笑","","20","待補充","https://dict.concised.moe.edu.tw/searchP.jsp?SN=%E3%84%92&SN2=%E3%84%92%E3%84%A7%E3%84%A0%CB%8B&word=%E7%AC%91"
"ㄒㄧㄠˋ","傚","","1","待補充","https://dict.concised.moe.edu.tw/searchP.jsp?SN=%E3%84%92&SN2=%E3%84%92%E3%84%A7%E3%84%A0%CB%8B&word=%E5%82%9A"
"ㄒㄧㄠˋ","酵","","4","待補充","https://dict.concised.moe.edu.tw/searchP.jsp?SN=%E3%84%92&SN2=%E3%84%92%E3%84%A7%E3%84%A0%CB%8B&word=%E9%85%B5"
"ㄒㄧㄠˋ","嘯","","1","待補充","https://dict.concised.moe.edu.tw/searchP.jsp?SN=%E3%84%92&SN2=%E3%84%92%E3%84%A7%E3%84%A0%CB%8B&word=%E5%98%AF"
"ㄒㄧㄡ","休","","20","待補充","https://dict.concised.moe.edu.tw/searchP.jsp?SN=%E3%84%92&SN2=%E3%84%92%E3%84%A7%E3%84%A1&word=%E4%BC%91"
"ㄒㄧㄡ","咻","","1","待補充","https://dict.concised.moe.edu.tw/searchP.jsp?SN=%E3%84%92&SN2=%E3%84%92%E3%84%A7%E3%84%A1&word=%E5%92%BB"
"ㄒㄧㄡ","修","","20","待補充","https://dict.concised.moe.edu.tw/searchP.jsp?SN=%E3%84%92&SN2=%E3%84%92%E3%84%A7%E3%84%A1&word=%E4%BF%AE"
"ㄒㄧㄡ","羞","","9","待補充","https://dict.concised.moe.edu.tw/searchP.jsp?SN=%E3%84%92&SN2=%E3%84%92%E3%84%A7%E3%84%A1&word=%E7%BE%9E"
"ㄒㄧㄡ","脩","","1","待補充","https://dict.concised.moe.edu.tw/searchP.jsp?SN=%E3%84%92&SN2=%E3%84%92%E3%84%A7%E3%84%A1&word=%E8%84%A9"
"ㄒㄧㄡ","髹","","2","待補充","https://dict.concised.moe.edu.tw/searchP.jsp?SN=%E3%84%92&SN2=%E3%84%92%E3%84%A7%E3%84%A1&word=%E9%AB%B9"
"ㄒㄧㄡ","饈","","1","待補充","https://dict.concised.moe.edu.tw/searchP.jsp?SN=%E3%84%92&SN2=%E3%84%92%E3%84%A7%E3%84%A1&word=%E9%A5%88"
"ㄒㄧㄡˇ","朽","","4","待補充","https://dict.concised.moe.edu.tw/searchP.jsp?SN=%E3%84%92&SN2=%E3%84%92%E3%84%A7%E3%84%A1%CB%87&word=%E6%9C%BD"
"ㄒㄧㄡˇ","宿","","1","待補充","https://dict.concised.moe.edu.tw/searchP.jsp?SN=%E3%84%92&SN2=%E3%84%92%E3%84%A7%E3%84%A1%CB%87&word=%E5%AE%BF"
"ㄒㄧㄡˇ","滫","","1","待補充","https://dict.concised.moe.edu.tw/searchP.jsp?SN=%E3%84%92&SN2=%E3%84%92%E3%84%A7%E3%84%A1%CB%87&word=%E6%BB%AB"
"ㄒㄧㄡˋ","秀","","9","待補充","https://dict.concised.moe.edu.tw/searchP.jsp?SN=%E3%84%92&SN2=%E3%84%92%E3%84%A7%E3%84%A1%CB%8B&word=%E7%A7%80"
"ㄒㄧㄡˋ","岫","","1","待補充","https://dict.concised.moe.edu.tw/searchP.jsp?SN=%E3%84%92&SN2=%E3%84%92%E3%84%A7%E3%84%A1%CB%8B&word=%E5%B2%AB"
"ㄒㄧㄡˋ","臭","","2","待補充","https://dict.concised.moe.edu.tw/searchP.jsp?SN=%E3%84%92&SN2=%E3%84%92%E3%84%A7%E3%84%A1%CB%8B&word=%E8%87%AD"
"ㄒㄧㄡˋ","宿","","1","待補充","https://dict.concised.moe.edu.tw/searchP.jsp?SN=%E3%84%92&SN2=%E3%84%92%E3%84%A7%E3%84%A1%CB%8B&word=%E5%AE%BF"
"ㄒㄧㄡˋ","琇","","1","待補充","https://dict.concised.moe.edu.tw/searchP.jsp?SN=%E3%84%92&SN2=%E3%84%92%E3%84%A7%E3%84%A1%CB%8B&word=%E7%90%87"
"ㄒㄧㄡˋ","袖","","8","待補充","https://dict.concised.moe.edu.tw/searchP.jsp?SN=%E3%84%92&SN2=%E3%84%92%E3%84%A7%E3%84%A1%CB%8B&word=%E8%A2%96"
"ㄒㄧㄡˋ","嗅","","2","待補充","https://dict.concised.moe.edu.tw/searchP.jsp?SN=%E3%84%92&SN2=%E3%84%92%E3%84%A7%E3%84%A1%CB%8B&word=%E5%97%85"
"ㄒㄧㄡˋ","溴","","1","待補充","https://dict.concised.moe.edu.tw/searchP.jsp?SN=%E3%84%92&SN2=%E3%84%92%E3%84%A7%E3%84%A1%CB%8B&word=%E6%BA%B4"
"ㄒㄧㄡˋ","繡","","5","待補充","https://dict.concised.moe.edu.tw/searchP.jsp?SN=%E3%84%92&SN2=%E3%84%92%E3%84%A7%E3%84%A1%CB%8B&word=%E7%B9%A1"
"ㄒㄧㄡˋ","鏽","","1","待補充","https://dict.concised.moe.edu.tw/searchP.jsp?SN=%E3%84%92&SN2=%E3%84%92%E3%84%A7%E3%84%A1%CB%8B&word=%E9%8F%BD"
"ㄒㄧㄢ","仙","","17","待補充","https://dict.concised.moe.edu.tw/searchP.jsp?SN=%E3%84%92&SN2=%E3%84%92%E3%84%A7%E3%84%A2&word=%E4%BB%99"
"ㄒㄧㄢ","先","","20","待補充","https://dict.concised.moe.edu.tw/searchP.jsp?SN=%E3%84%92&SN2=%E3%84%92%E3%84%A7%E3%84%A2&word=%E5%85%88"
"ㄒㄧㄢ","秈","","1","待補充","https://dict.concised.moe.edu.tw/searchP.jsp?SN=%E3%84%92&SN2=%E3%84%92%E3%84%A7%E3%84%A2&word=%E7%A7%88"
"ㄒㄧㄢ","祆","","2","待補充","https://dict.concised.moe.edu.tw/searchP.jsp?SN=%E3%84%92&SN2=%E3%84%92%E3%84%A7%E3%84%A2&word=%E7%A5%86"
"ㄒㄧㄢ","掀","","3","待補充","https://dict.concised.moe.edu.tw/searchP.jsp?SN=%E3%84%92&SN2=%E3%84%92%E3%84%A7%E3%84%A2&word=%E6%8E%80"
"ㄒㄧㄢ","暹","","2","待補充","https://dict.concised.moe.edu.tw/searchP.jsp?SN=%E3%84%92&SN2=%E3%84%92%E3%84%A7%E3%84%A2&word=%E6%9A%B9"
"ㄒㄧㄢ","鮮","","15","待補充","https://dict.concised.moe.edu.tw/searchP.jsp?SN=%E3%84%92&SN2=%E3%84%92%E3%84%A7%E3%84%A2&word=%E9%AE%AE"
"ㄒㄧㄢ","纖","","11","待補充","https://dict.concised.moe.edu.tw/searchP.jsp?SN=%E3%84%92&SN2=%E3%84%92%E3%84%A7%E3%84%A2&word=%E7%BA%96"
"ㄒㄧㄢˇ","洗","","1","待補充","https://dict.concised.moe.edu.tw/searchP.jsp?SN=%E3%84%92&SN2=%E3%84%92%E3%84%A7%E3%84%A2%CB%87&word=%E6%B4%97"
"ㄒㄧㄢˇ","尟","","1","待補充","https://dict.concised.moe.edu.tw/searchP.jsp?SN=%E3%84%92&SN2=%E3%84%92%E3%84%A7%E3%84%A2%CB%87&word=%E5%B0%9F"
"ㄒㄧㄢˇ","蜆","","1","待補充","https://dict.concised.moe.edu.tw/searchP.jsp?SN=%E3%84%92&SN2=%E3%84%92%E3%84%A7%E3%84%A2%CB%87&word=%E8%9C%86"
"ㄒㄧㄢˇ","銑","","2","待補充","https://dict.concised.moe.edu.tw/searchP.jsp?SN=%E3%84%92&SN2=%E3%84%92%E3%84%A7%E3%84%A2%CB%87&word=%E9%8A%91"
"ㄒㄧㄢˇ","險","","13","待補充","https://dict.concised.moe.edu.tw/searchP.jsp?SN=%E3%84%92&SN2=%E3%84%92%E3%84%A7%E3%84%A2%CB%87&word=%E9%9A%AA"
"ㄒㄧㄢˇ","鮮","","3","待補充","https://dict.concised.moe.edu.tw/searchP.jsp?SN=%E3%84%92&SN2=%E3%84%92%E3%84%A7%E3%84%A2%CB%87&word=%E9%AE%AE"
"ㄒㄧㄢˇ","燹","","1","待補充","https://dict.concised.moe.edu.tw/searchP.jsp?SN=%E3%84%92&SN2=%E3%84%92%E3%84%A7%E3%84%A2%CB%87&word=%E7%87%B9"
"ㄒㄧㄢˇ","蘚","","1","待補充","https://dict.concised.moe.edu.tw/searchP.jsp?SN=%E3%84%92&SN2=%E3%84%92%E3%84%A7%E3%84%A2%CB%87&word=%E8%98%9A"
"ㄒㄧㄢˇ","癬","","2","待補充","https://dict.concised.moe.edu.tw/searchP.jsp?SN=%E3%84%92&SN2=%E3%84%92%E3%84%A7%E3%84%A2%CB%87&word=%E7%99%AC"
"ㄒㄧㄢˇ","玁","","1","待補充","https://dict.concised.moe.edu.tw/searchP.jsp?SN=%E3%84%92&SN2=%E3%84%92%E3%84%A7%E3%84%A2%CB%87&word=%E7%8E%81"
"ㄒㄧㄢˇ","顯","","20","待補充","https://dict.concised.moe.edu.tw/searchP.jsp?SN=%E3%84%92&SN2=%E3%84%92%E3%84%A7%E3%84%A2%CB%87&word=%E9%A1%AF"
"ㄒㄧㄢˊ","弦","","5","待補充","https://dict.concised.moe.edu.tw/searchP.jsp?SN=%E3%84%92&SN2=%E3%84%92%E3%84%A7%E3%84%A2%CB%8A&word=%E5%BC%A6"
"ㄒㄧㄢˊ","咸","","1","待補充","https://dict.concised.moe.edu.tw/searchP.jsp?SN=%E3%84%92&SN2=%E3%84%92%E3%84%A7%E3%84%A2%CB%8A&word=%E5%92%B8"
"ㄒㄧㄢˊ","啣","","1","待補充","https://dict.concised.moe.edu.tw/searchP.jsp?SN=%E3%84%92&SN2=%E3%84%92%E3%84%A7%E3%84%A2%CB%8A&word=%E5%95%A3"
"ㄒㄧㄢˊ","涎","","1","待補充","https://dict.concised.moe.edu.tw/searchP.jsp?SN=%E3%84%92&SN2=%E3%84%92%E3%84%A7%E3%84%A2%CB%8A&word=%E6%B6%8E"
"ㄒㄧㄢˊ","絃","","1","待補充","https://dict.concised.moe.edu.tw/searchP.jsp?SN=%E3%84%92&SN2=%E3%84%92%E3%84%A7%E3%84%A2%CB%8A&word=%E7%B5%83"
"ㄒㄧㄢˊ","舷","","1","待補充","https://dict.concised.moe.edu.tw/searchP.jsp?SN=%E3%84%92&SN2=%E3%84%92%E3%84%A7%E3%84%A2%CB%8A&word=%E8%88%B7"
"ㄒㄧㄢˊ","閑","","2","待補充","https://dict.concised.moe.edu.tw/searchP.jsp?SN=%E3%84%92&SN2=%E3%84%92%E3%84%A7%E3%84%A2%CB%8A&word=%E9%96%91"
"ㄒㄧㄢˊ","閒","","19","待補充","https://dict.concised.moe.edu.tw/searchP.jsp?SN=%E3%84%92&SN2=%E3%84%92%E3%84%A7%E3%84%A2%CB%8A&word=%E9%96%92"
"ㄒㄧㄢˊ","嫌","","7","待補充","https://dict.concised.moe.edu.tw/searchP.jsp?SN=%E3%84%92&SN2=%E3%84%92%E3%84%A7%E3%84%A2%CB%8A&word=%E5%AB%8C"
"ㄒㄧㄢˊ","銜","","4","待補充","https://dict.concised.moe.edu.tw/searchP.jsp?SN=%E3%84%92&SN2=%E3%84%92%E3%84%A7%E3%84%A2%CB%8A&word=%E9%8A%9C"
"ㄒㄧㄢˊ","嫻","","4","待補充","https://dict.concised.moe.edu.tw/searchP.jsp?SN=%E3%84%92&SN2=%E3%84%92%E3%84%A7%E3%84%A2%CB%8A&word=%E5%AB%BB"
"ㄒㄧㄢˊ","賢","","13","待補充","https://dict.concised.moe.edu.tw/searchP.jsp?SN=%E3%84%92&SN2=%E3%84%92%E3%84%A7%E3%84%A2%CB%8A&word=%E8%B3%A2"
"ㄒㄧㄢˊ","癇","","1","待補充","https://dict.concised.moe.edu.tw/searchP.jsp?SN=%E3%84%92&SN2=%E3%84%92%E3%84%A7%E3%84%A2%CB%8A&word=%E7%99%87"
"ㄒㄧㄢˊ","鹹","","6","待補充","https://dict.concised.moe.edu.tw/searchP.jsp?SN=%E3%84%92&SN2=%E3%84%92%E3%84%A7%E3%84%A2%CB%8A&word=%E9%B9%B9"
"ㄒㄧㄢˋ","見","","1","待補充","https://dict.concised.moe.edu.tw/searchP.jsp?SN=%E3%84%92&SN2=%E3%84%92%E3%84%A7%E3%84%A2%CB%8B&word=%E8%A6%8B"
"ㄒㄧㄢˋ","限","","13","待補充","https://dict.concised.moe.edu.tw/searchP.jsp?SN=%E3%84%92&SN2=%E3%84%92%E3%84%A7%E3%84%A2%CB%8B&word=%E9%99%90"
"ㄒㄧㄢˋ","現","","20","待補充","https://dict.concised.moe.edu.tw/searchP.jsp?SN=%E3%84%92&SN2=%E3%84%92%E3%84%A7%E3%84%A2%CB%8B&word=%E7%8F%BE"
"ㄒㄧㄢˋ","莧","","2","待補充","https://dict.concised.moe.edu.tw/searchP.jsp?SN=%E3%84%92&SN2=%E3%84%92%E3%84%A7%E3%84%A2%CB%8B&word=%E8%8E%A7"
"ㄒㄧㄢˋ","陷","","8","待補充","https://dict.concised.moe.edu.tw/searchP.jsp?SN=%E3%84%92&SN2=%E3%84%92%E3%84%A7%E3%84%A2%CB%8B&word=%E9%99%B7"
"ㄒㄧㄢˋ","羨","","2","待補充","https://dict.concised.moe.edu.tw/searchP.jsp?SN=%E3%84%92&SN2=%E3%84%92%E3%84%A7%E3%84%A2%CB%8B&word=%E7%BE%A8"
"ㄒㄧㄢˋ","腺","","1","待補充","https://dict.concised.moe.edu.tw/searchP.jsp?SN=%E3%84%92&SN2=%E3%84%92%E3%84%A7%E3%84%A2%CB%8B&word=%E8%85%BA"
"ㄒㄧㄢˋ","線","","13","待補充","https://dict.concised.moe.edu.tw/searchP.jsp?SN=%E3%84%92&SN2=%E3%84%92%E3%84%A7%E3%84%A2%CB%8B&word=%E7%B7%9A"
"ㄒㄧㄢˋ","憲","","5","待補充","https://dict.concised.moe.edu.tw/searchP.jsp?SN=%E3%84%92&SN2=%E3%84%92%E3%84%A7%E3%84%A2%CB%8B&word=%E6%86%B2"
"ㄒㄧㄢˋ","縣","","15","待補充","https://dict.concised.moe.edu.tw/searchP.jsp?SN=%E3%84%92&SN2=%E3%84%92%E3%84%A7%E3%84%A2%CB%8B&word=%E7%B8%A3"
"ㄒㄧㄢˋ","餡","","2","待補充","https://dict.concised.moe.edu.tw/searchP.jsp?SN=%E3%84%92&SN2=%E3%84%92%E3%84%A7%E3%84%A2%CB%8B&word=%E9%A4%A1"
"ㄒㄧㄢˋ","獻","","12","待補充","https://dict.concised.moe.edu.tw/searchP.jsp?SN=%E3%84%92&SN2=%E3%84%92%E3%84%A7%E3%84%A2%CB%8B&word=%E7%8D%BB"
"ㄒㄧㄢˋ","霰","","2","待補充","https://dict.concised.moe.edu.tw/searchP.jsp?SN=%E3%84%92&SN2=%E3%84%92%E3%84%A7%E3%84%A2%CB%8B&word=%E9%9C%B0"
"ㄒㄧㄣ","心","","20","待補充","https://dict.concised.moe.edu.tw/searchP.jsp?SN=%E3%84%92&SN2=%E3%84%92%E3%84%A7%E3%84%A3&word=%E5%BF%83"
"ㄒㄧㄣ","忻","","1","待補充","https://dict.concised.moe.edu.tw/searchP.jsp?SN=%E3%84%92&SN2=%E3%84%92%E3%84%A7%E3%84%A3&word=%E5%BF%BB"
"ㄒㄧㄣ","辛","","6","待補充","https://dict.concised.moe.edu.tw/searchP.jsp?SN=%E3%84%92&SN2=%E3%84%92%E3%84%A7%E3%84%A3&word=%E8%BE%9B"
"ㄒㄧㄣ","欣","","8","待補充","https://dict.concised.moe.edu.tw/searchP.jsp?SN=%E3%84%92&SN2=%E3%84%92%E3%84%A7%E3%84%A3&word=%E6%AC%A3"
"ㄒㄧㄣ","芯","","1","待補充","https://dict.concised.moe.edu.tw/searchP.jsp?SN=%E3%84%92&SN2=%E3%84%92%E3%84%A7%E3%84%A3&word=%E8%8A%AF"
"ㄒㄧㄣ","莘","","1","待補充","https://dict.concised.moe.edu.tw/searchP.jsp?SN=%E3%84%92&SN2=%E3%84%92%E3%84%A7%E3%84%A3&word=%E8%8E%98"
"ㄒㄧㄣ","新","","20","待補充","https://dict.concised.moe.edu.tw/searchP.jsp?SN=%E3%84%92&SN2=%E3%84%92%E3%84%A7%E3%84%A3&word=%E6%96%B0"
"ㄒㄧㄣ","歆","","1","待補充","https://dict.concised.moe.edu.tw/searchP.jsp?SN=%E3%84%92&SN2=%E3%84%92%E3%84%A7%E3%84%A3&word=%E6%AD%86"
"ㄒㄧㄣ","鋅","","2","待補充","https://dict.concised.moe.edu.tw/searchP.jsp?SN=%E3%84%92&SN2=%E3%84%92%E3%84%A7%E3%84%A3&word=%E9%8B%85"
"ㄒㄧㄣ","薪","","10","待補充","https://dict.concised.moe.edu.tw/searchP.jsp?SN=%E3%84%92&SN2=%E3%84%92%E3%84%A7%E3%84%A3&word=%E8%96%AA"
"ㄒㄧㄣ","馨","","2","待補充","https://dict.concised.moe.edu.tw/searchP.jsp?SN=%E3%84%92&SN2=%E3%84%92%E3%84%A7%E3%84%A3&word=%E9%A6%A8"
"ㄒㄧㄣ","鑫","","1","待補充","https://dict.concised.moe.edu.tw/searchP.jsp?SN=%E3%84%92&SN2=%E3%84%92%E3%84%A7%E3%84%A3&word=%E9%91%AB"
"ㄒㄧㄣˋ","囟","","1","待補充","https://dict.concised.moe.edu.tw/searchP.jsp?SN=%E3%84%92&SN2=%E3%84%92%E3%84%A7%E3%84%A3%CB%8B&word=%E5%9B%9F"
"ㄒㄧㄣˋ","信","","20","待補充","https://dict.concised.moe.edu.tw/searchP.jsp?SN=%E3%84%92&SN2=%E3%84%92%E3%84%A7%E3%84%A3%CB%8B&word=%E4%BF%A1"
"ㄒㄧㄣˋ","釁","","1","待補充","https://dict.concised.moe.edu.tw/searchP.jsp?SN=%E3%84%92&SN2=%E3%84%92%E3%84%A7%E3%84%A3%CB%8B&word=%E9%87%81"
"ㄒㄧㄤ","相","","19","待補充","https://dict.concised.moe.edu.tw/searchP.jsp?SN=%E3%84%92&SN2=%E3%84%92%E3%84%A7%E3%84%A4&word=%E7%9B%B8"
"ㄒㄧㄤ","香","香蕉","20","已有可用詞","https://dict.concised.moe.edu.tw/searchP.jsp?SN=%E3%84%92&SN2=%E3%84%92%E3%84%A7%E3%84%A4&word=%E9%A6%99"
"ㄒㄧㄤ","廂","","2","待補充","https://dict.concised.moe.edu.tw/searchP.jsp?SN=%E3%84%92&SN2=%E3%84%92%E3%84%A7%E3%84%A4&word=%E5%BB%82"
"ㄒㄧㄤ","湘","","1","待補充","https://dict.concised.moe.edu.tw/searchP.jsp?SN=%E3%84%92&SN2=%E3%84%92%E3%84%A7%E3%84%A4&word=%E6%B9%98"
"ㄒㄧㄤ","鄉","","20","待補充","https://dict.concised.moe.edu.tw/searchP.jsp?SN=%E3%84%92&SN2=%E3%84%92%E3%84%A7%E3%84%A4&word=%E9%84%89"
"ㄒㄧㄤ","箱","","4","待補充","https://dict.concised.moe.edu.tw/searchP.jsp?SN=%E3%84%92&SN2=%E3%84%92%E3%84%A7%E3%84%A4&word=%E7%AE%B1"
"ㄒㄧㄤ","薌","","1","待補充","https://dict.concised.moe.edu.tw/searchP.jsp?SN=%E3%84%92&SN2=%E3%84%92%E3%84%A7%E3%84%A4&word=%E8%96%8C"
"ㄒㄧㄤ","襄","","3","待補充","https://dict.concised.moe.edu.tw/searchP.jsp?SN=%E3%84%92&SN2=%E3%84%92%E3%84%A7%E3%84%A4&word=%E8%A5%84"
"ㄒㄧㄤ","鑲","","2","待補充","https://dict.concised.moe.edu.tw/searchP.jsp?SN=%E3%84%92&SN2=%E3%84%92%E3%84%A7%E3%84%A4&word=%E9%91%B2"
"ㄒㄧㄤ","驤","","1","待補充","https://dict.concised.moe.edu.tw/searchP.jsp?SN=%E3%84%92&SN2=%E3%84%92%E3%84%A7%E3%84%A4&word=%E9%A9%A4"
"ㄒㄧㄤˇ","享","","8","待補充","https://dict.concised.moe.edu.tw/searchP.jsp?SN=%E3%84%92&SN2=%E3%84%92%E3%84%A7%E3%84%A4%CB%87&word=%E4%BA%AB"
"ㄒㄧㄤˇ","想","","12","待補充","https://dict.concised.moe.edu.tw/searchP.jsp?SN=%E3%84%92&SN2=%E3%84%92%E3%84%A7%E3%84%A4%CB%87&word=%E6%83%B3"
"ㄒㄧㄤˇ","餉","","1","待補充","https://dict.concised.moe.edu.tw/searchP.jsp?SN=%E3%84%92&SN2=%E3%84%92%E3%84%A7%E3%84%A4%CB%87&word=%E9%A4%89"
"ㄒㄧㄤˇ","鯗","","1","待補充","https://dict.concised.moe.edu.tw/searchP.jsp?SN=%E3%84%92&SN2=%E3%84%92%E3%84%A7%E3%84%A4%CB%87&word=%E9%AF%97"
"ㄒㄧㄤˇ","響","","8","待補充","https://dict.concised.moe.edu.tw/searchP.jsp?SN=%E3%84%92&SN2=%E3%84%92%E3%84%A7%E3%84%A4%CB%87&word=%E9%9F%BF"
"ㄒㄧㄤˇ","饗","","1","待補充","https://dict.concised.moe.edu.tw/searchP.jsp?SN=%E3%84%92&SN2=%E3%84%92%E3%84%A7%E3%84%A4%CB%87&word=%E9%A5%97"
"ㄒㄧㄤˊ","羊","","1","待補充","https://dict.concised.moe.edu.tw/searchP.jsp?SN=%E3%84%92&SN2=%E3%84%92%E3%84%A7%E3%84%A4%CB%8A&word=%E7%BE%8A"
"ㄒㄧㄤˊ","庠","","1","待補充","https://dict.concised.moe.edu.tw/searchP.jsp?SN=%E3%84%92&SN2=%E3%84%92%E3%84%A7%E3%84%A4%CB%8A&word=%E5%BA%A0"
"ㄒㄧㄤˊ","降","","5","待補充","https://dict.concised.moe.edu.tw/searchP.jsp?SN=%E3%84%92&SN2=%E3%84%92%E3%84%A7%E3%84%A4%CB%8A&word=%E9%99%8D"
"ㄒㄧㄤˊ","祥","","4","待補充","https://dict.concised.moe.edu.tw/searchP.jsp?SN=%E3%84%92&SN2=%E3%84%92%E3%84%A7%E3%84%A4%CB%8A&word=%E7%A5%A5"
"ㄒㄧㄤˊ","翔","","1","待補充","https://dict.concised.moe.edu.tw/searchP.jsp?SN=%E3%84%92&SN2=%E3%84%92%E3%84%A7%E3%84%A4%CB%8A&word=%E7%BF%94"
"ㄒㄧㄤˊ","詳","","7","待補充","https://dict.concised.moe.edu.tw/searchP.jsp?SN=%E3%84%92&SN2=%E3%84%92%E3%84%A7%E3%84%A4%CB%8A&word=%E8%A9%B3"
"ㄒㄧㄤˋ","向","","14","待補充","https://dict.concised.moe.edu.tw/searchP.jsp?SN=%E3%84%92&SN2=%E3%84%92%E3%84%A7%E3%84%A4%CB%8B&word=%E5%90%91"
"ㄒㄧㄤˋ","巷","","6","待補充","https://dict.concised.moe.edu.tw/searchP.jsp?SN=%E3%84%92&SN2=%E3%84%92%E3%84%A7%E3%84%A4%CB%8B&word=%E5%B7%B7"
"ㄒㄧㄤˋ","相","","19","待補充","https://dict.concised.moe.edu.tw/searchP.jsp?SN=%E3%84%92&SN2=%E3%84%92%E3%84%A7%E3%84%A4%CB%8B&word=%E7%9B%B8"
"ㄒㄧㄤˋ","象","","8","待補充","https://dict.concised.moe.edu.tw/searchP.jsp?SN=%E3%84%92&SN2=%E3%84%92%E3%84%A7%E3%84%A4%CB%8B&word=%E8%B1%A1"
"ㄒㄧㄤˋ","項","","3","待補充","https://dict.concised.moe.edu.tw/searchP.jsp?SN=%E3%84%92&SN2=%E3%84%92%E3%84%A7%E3%84%A4%CB%8B&word=%E9%A0%85"
"ㄒㄧㄤˋ","像","","3","待補充","https://dict.concised.moe.edu.tw/searchP.jsp?SN=%E3%84%92&SN2=%E3%84%92%E3%84%A7%E3%84%A4%CB%8B&word=%E5%83%8F"
"ㄒㄧㄤˋ","橡","橡皮","8","已有可用詞","https://dict.concised.moe.edu.tw/searchP.jsp?SN=%E3%84%92&SN2=%E3%84%92%E3%84%A7%E3%84%A4%CB%8B&word=%E6%A9%A1"
"ㄒㄧㄤˋ","嚮","","3","待補充","https://dict.concised.moe.edu.tw/searchP.jsp?SN=%E3%84%92&SN2=%E3%84%92%E3%84%A7%E3%84%A4%CB%8B&word=%E5%9A%AE"
"ㄒㄧㄥ","星","星星","19","已有可用詞","https://dict.concised.moe.edu.tw/searchP.jsp?SN=%E3%84%92&SN2=%E3%84%92%E3%84%A7%E3%84%A5&word=%E6%98%9F"
"ㄒㄧㄥ","惺","","5","待補充","https://dict.concised.moe.edu.tw/searchP.jsp?SN=%E3%84%92&SN2=%E3%84%92%E3%84%A7%E3%84%A5&word=%E6%83%BA"
"ㄒㄧㄥ","猩","","3","待補充","https://dict.concised.moe.edu.tw/searchP.jsp?SN=%E3%84%92&SN2=%E3%84%92%E3%84%A7%E3%84%A5&word=%E7%8C%A9"
"ㄒㄧㄥ","腥","","5","待補充","https://dict.concised.moe.edu.tw/searchP.jsp?SN=%E3%84%92&SN2=%E3%84%92%E3%84%A7%E3%84%A5&word=%E8%85%A5"
"ㄒㄧㄥ","興","","18","待補充","https://dict.concised.moe.edu.tw/searchP.jsp?SN=%E3%84%92&SN2=%E3%84%92%E3%84%A7%E3%84%A5&word=%E8%88%88"
"ㄒㄧㄥ","騂","","1","待補充","https://dict.concised.moe.edu.tw/searchP.jsp?SN=%E3%84%92&SN2=%E3%84%92%E3%84%A7%E3%84%A5&word=%E9%A8%82"
"ㄒㄧㄥˇ","省","","5","待補充","https://dict.concised.moe.edu.tw/searchP.jsp?SN=%E3%84%92&SN2=%E3%84%92%E3%84%A7%E3%84%A5%CB%87&word=%E7%9C%81"
"ㄒㄧㄥˇ","醒","","4","待補充","https://dict.concised.moe.edu.tw/searchP.jsp?SN=%E3%84%92&SN2=%E3%84%92%E3%84%A7%E3%84%A5%CB%87&word=%E9%86%92"
"ㄒㄧㄥˇ","擤","","1","待補充","https://dict.concised.moe.edu.tw/searchP.jsp?SN=%E3%84%92&SN2=%E3%84%92%E3%84%A7%E3%84%A5%CB%87&word=%E6%93%A4"
"ㄒㄧㄥˊ","刑","","12","待補充","https://dict.concised.moe.edu.tw/searchP.jsp?SN=%E3%84%92&SN2=%E3%84%92%E3%84%A7%E3%84%A5%CB%8A&word=%E5%88%91"
"ㄒㄧㄥˊ","行","","20","待補充","https://dict.concised.moe.edu.tw/searchP.jsp?SN=%E3%84%92&SN2=%E3%84%92%E3%84%A7%E3%84%A5%CB%8A&word=%E8%A1%8C"
"ㄒㄧㄥˊ","形","","20","待補充","https://dict.concised.moe.edu.tw/searchP.jsp?SN=%E3%84%92&SN2=%E3%84%92%E3%84%A7%E3%84%A5%CB%8A&word=%E5%BD%A2"
"ㄒㄧㄥˊ","邢","","1","待補充","https://dict.concised.moe.edu.tw/searchP.jsp?SN=%E3%84%92&SN2=%E3%84%92%E3%84%A7%E3%84%A5%CB%8A&word=%E9%82%A2"
"ㄒㄧㄥˊ","型","","4","待補充","https://dict.concised.moe.edu.tw/searchP.jsp?SN=%E3%84%92&SN2=%E3%84%92%E3%84%A7%E3%84%A5%CB%8A&word=%E5%9E%8B"
"ㄒㄧㄥˊ","陘","","1","待補充","https://dict.concised.moe.edu.tw/searchP.jsp?SN=%E3%84%92&SN2=%E3%84%92%E3%84%A7%E3%84%A5%CB%8A&word=%E9%99%98"
"ㄒㄧㄥˊ","滎","","1","待補充","https://dict.concised.moe.edu.tw/searchP.jsp?SN=%E3%84%92&SN2=%E3%84%92%E3%84%A7%E3%84%A5%CB%8A&word=%E6%BB%8E"
"ㄒㄧㄥˊ","餳","","1","待補充","https://dict.concised.moe.edu.tw/searchP.jsp?SN=%E3%84%92&SN2=%E3%84%92%E3%84%A7%E3%84%A5%CB%8A&word=%E9%A4%B3"
"ㄒㄧㄥˋ","行","","1","待補充","https://dict.concised.moe.edu.tw/searchP.jsp?SN=%E3%84%92&SN2=%E3%84%92%E3%84%A7%E3%84%A5%CB%8B&word=%E8%A1%8C"
"ㄒㄧㄥˋ","杏","","5","待補充","https://dict.concised.moe.edu.tw/searchP.jsp?SN=%E3%84%92&SN2=%E3%84%92%E3%84%A7%E3%84%A5%CB%8B&word=%E6%9D%8F"
"ㄒㄧㄥˋ","姓","","3","待補充","https://dict.concised.moe.edu.tw/searchP.jsp?SN=%E3%84%92&SN2=%E3%84%92%E3%84%A7%E3%84%A5%CB%8B&word=%E5%A7%93"
"ㄒㄧㄥˋ","幸","","8","待補充","https://dict.concised.moe.edu.tw/searchP.jsp?SN=%E3%84%92&SN2=%E3%84%92%E3%84%A7%E3%84%A5%CB%8B&word=%E5%B9%B8"
"ㄒㄧㄥˋ","性","","20","待補充","https://dict.concised.moe.edu.tw/searchP.jsp?SN=%E3%84%92&SN2=%E3%84%92%E3%84%A7%E3%84%A5%CB%8B&word=%E6%80%A7"
"ㄒㄧㄥˋ","倖","","3","待補充","https://dict.concised.moe.edu.tw/searchP.jsp?SN=%E3%84%92&SN2=%E3%84%92%E3%84%A7%E3%84%A5%CB%8B&word=%E5%80%96"
"ㄒㄧㄥˋ","荇","","1","待補充","https://dict.concised.moe.edu.tw/searchP.jsp?SN=%E3%84%92&SN2=%E3%84%92%E3%84%A7%E3%84%A5%CB%8B&word=%E8%8D%87"
"ㄒㄧㄥˋ","悻","","2","待補充","https://dict.concised.moe.edu.tw/searchP.jsp?SN=%E3%84%92&SN2=%E3%84%92%E3%84%A7%E3%84%A5%CB%8B&word=%E6%82%BB"
"ㄒㄧㄥˋ","興","","11","待補充","https://dict.concised.moe.edu.tw/searchP.jsp?SN=%E3%84%92&SN2=%E3%84%92%E3%84%A7%E3%84%A5%CB%8B&word=%E8%88%88"
"ㄒㄩ","吁","","1","待補充","https://dict.concised.moe.edu.tw/searchP.jsp?SN=%E3%84%92&SN2=%E3%84%92%E3%84%A9&word=%E5%90%81"
"ㄒㄩ","戌","","1","待補充","https://dict.concised.moe.edu.tw/searchP.jsp?SN=%E3%84%92&SN2=%E3%84%92%E3%84%A9&word=%E6%88%8C"
"ㄒㄩ","胥","","1","待補充","https://dict.concised.moe.edu.tw/searchP.jsp?SN=%E3%84%92&SN2=%E3%84%92%E3%84%A9&word=%E8%83%A5"
"ㄒㄩ","訏","","1","待補充","https://dict.concised.moe.edu.tw/searchP.jsp?SN=%E3%84%92&SN2=%E3%84%92%E3%84%A9&word=%E8%A8%8F"
"ㄒㄩ","虛","","20","待補充","https://dict.concised.moe.edu.tw/searchP.jsp?SN=%E3%84%92&SN2=%E3%84%92%E3%84%A9&word=%E8%99%9B"
"ㄒㄩ","須","","2","待補充","https://dict.concised.moe.edu.tw/searchP.jsp?SN=%E3%84%92&SN2=%E3%84%92%E3%84%A9&word=%E9%A0%88"
"ㄒㄩ","需","","5","待補充","https://dict.concised.moe.edu.tw/searchP.jsp?SN=%E3%84%92&SN2=%E3%84%92%E3%84%A9&word=%E9%9C%80"
"ㄒㄩ","噓","","3","待補充","https://dict.concised.moe.edu.tw/searchP.jsp?SN=%E3%84%92&SN2=%E3%84%92%E3%84%A9&word=%E5%99%93"
"ㄒㄩ","墟","","1","待補充","https://dict.concised.moe.edu.tw/searchP.jsp?SN=%E3%84%92&SN2=%E3%84%92%E3%84%A9&word=%E5%A2%9F"
"ㄒㄩ","歔","","1","待補充","https://dict.concised.moe.edu.tw/searchP.jsp?SN=%E3%84%92&SN2=%E3%84%92%E3%84%A9&word=%E6%AD%94"
"ㄒㄩ","鬚","","2","待補充","https://dict.concised.moe.edu.tw/searchP.jsp?SN=%E3%84%92&SN2=%E3%84%92%E3%84%A9&word=%E9%AC%9A"
"ㄒㄩˇ","咻","","1","待補充","https://dict.concised.moe.edu.tw/searchP.jsp?SN=%E3%84%92&SN2=%E3%84%92%E3%84%A9%CB%87&word=%E5%92%BB"
"ㄒㄩˇ","栩","","2","待補充","https://dict.concised.moe.edu.tw/searchP.jsp?SN=%E3%84%92&SN2=%E3%84%92%E3%84%A9%CB%87&word=%E6%A0%A9"
"ㄒㄩˇ","許","","7","待補充","https://dict.concised.moe.edu.tw/searchP.jsp?SN=%E3%84%92&SN2=%E3%84%92%E3%84%A9%CB%87&word=%E8%A8%B1"
"ㄒㄩˇ","煦","","1","待補充","https://dict.concised.moe.edu.tw/searchP.jsp?SN=%E3%84%92&SN2=%E3%84%92%E3%84%A9%CB%87&word=%E7%85%A6"
"ㄒㄩˇ","詡","","1","待補充","https://dict.concised.moe.edu.tw/searchP.jsp?SN=%E3%84%92&SN2=%E3%84%92%E3%84%A9%CB%87&word=%E8%A9%A1"
"ㄒㄩˊ","徐","","3","待補充","https://dict.concised.moe.edu.tw/searchP.jsp?SN=%E3%84%92&SN2=%E3%84%92%E3%84%A9%CB%8A&word=%E5%BE%90"
"ㄒㄩˋ","旭","","2","待補充","https://dict.concised.moe.edu.tw/searchP.jsp?SN=%E3%84%92&SN2=%E3%84%92%E3%84%A9%CB%8B&word=%E6%97%AD"
"ㄒㄩˋ","序","","7","待補充","https://dict.concised.moe.edu.tw/searchP.jsp?SN=%E3%84%92&SN2=%E3%84%92%E3%84%A9%CB%8B&word=%E5%BA%8F"
"ㄒㄩˋ","卹","","1","待補充","https://dict.concised.moe.edu.tw/searchP.jsp?SN=%E3%84%92&SN2=%E3%84%92%E3%84%A9%CB%8B&word=%E5%8D%B9"
"ㄒㄩˋ","恤","","1","待補充","https://dict.concised.moe.edu.tw/searchP.jsp?SN=%E3%84%92&SN2=%E3%84%92%E3%84%A9%CB%8B&word=%E6%81%A4"
"ㄒㄩˋ","洫","","1","待補充","https://dict.concised.moe.edu.tw/searchP.jsp?SN=%E3%84%92&SN2=%E3%84%92%E3%84%A9%CB%8B&word=%E6%B4%AB"
"ㄒㄩˋ","畜","","4","待補充","https://dict.concised.moe.edu.tw/searchP.jsp?SN=%E3%84%92&SN2=%E3%84%92%E3%84%A9%CB%8B&word=%E7%95%9C"
"ㄒㄩˋ","勖","","1","待補充","https://dict.concised.moe.edu.tw/searchP.jsp?SN=%E3%84%92&SN2=%E3%84%92%E3%84%A9%CB%8B&word=%E5%8B%96"
"ㄒㄩˋ","敘","","6","待補充","https://dict.concised.moe.edu.tw/searchP.jsp?SN=%E3%84%92&SN2=%E3%84%92%E3%84%A9%CB%8B&word=%E6%95%98"
"ㄒㄩˋ","勗","","1","待補充","https://dict.concised.moe.edu.tw/searchP.jsp?SN=%E3%84%92&SN2=%E3%84%92%E3%84%A9%CB%8B&word=%E5%8B%97"
"ㄒㄩˋ","酗","","2","待補充","https://dict.concised.moe.edu.tw/searchP.jsp?SN=%E3%84%92&SN2=%E3%84%92%E3%84%A9%CB%8B&word=%E9%85%97"
"ㄒㄩˋ","婿","","1","待補充","https://dict.concised.moe.edu.tw/searchP.jsp?SN=%E3%84%92&SN2=%E3%84%92%E3%84%A9%CB%8B&word=%E5%A9%BF"
"ㄒㄩˋ","絮","","5","待補充","https://dict.concised.moe.edu.tw/searchP.jsp?SN=%E3%84%92&SN2=%E3%84%92%E3%84%A9%CB%8B&word=%E7%B5%AE"
"ㄒㄩˋ","頊","","1","待補充","https://dict.concised.moe.edu.tw/searchP.jsp?SN=%E3%84%92&SN2=%E3%84%92%E3%84%A9%CB%8B&word=%E9%A0%8A"
"ㄒㄩˋ","緒","","3","待補充","https://dict.concised.moe.edu.tw/searchP.jsp?SN=%E3%84%92&SN2=%E3%84%92%E3%84%A9%CB%8B&word=%E7%B7%92"
"ㄒㄩˋ","蓄","","6","待補充","https://dict.concised.moe.edu.tw/searchP.jsp?SN=%E3%84%92&SN2=%E3%84%92%E3%84%A9%CB%8B&word=%E8%93%84"
"ㄒㄩˋ","續","","8","待補充","https://dict.concised.moe.edu.tw/searchP.jsp?SN=%E3%84%92&SN2=%E3%84%92%E3%84%A9%CB%8B&word=%E7%BA%8C"
"ㄒㄩㄝ","靴","","2","待補充","https://dict.concised.moe.edu.tw/searchP.jsp?SN=%E3%84%92&SN2=%E3%84%92%E3%84%A9%E3%84%9D&word=%E9%9D%B4"
"ㄒㄩㄝ","噱","","2","待補充","https://dict.concised.moe.edu.tw/searchP.jsp?SN=%E3%84%92&SN2=%E3%84%92%E3%84%A9%E3%84%9D&word=%E5%99%B1"
"ㄒㄩㄝ","薛","","1","待補充","https://dict.concised.moe.edu.tw/searchP.jsp?SN=%E3%84%92&SN2=%E3%84%92%E3%84%A9%E3%84%9D&word=%E8%96%9B"
"ㄒㄩㄝˇ","雪","","19","待補充","https://dict.concised.moe.edu.tw/searchP.jsp?SN=%E3%84%92&SN2=%E3%84%92%E3%84%A9%E3%84%9D%CB%87&word=%E9%9B%AA"
"ㄒㄩㄝˇ","鱈","","1","待補充","https://dict.concised.moe.edu.tw/searchP.jsp?SN=%E3%84%92&SN2=%E3%84%92%E3%84%A9%E3%84%9D%CB%87&word=%E9%B1%88"
"ㄒㄩㄝˊ","踅","","1","待補充","https://dict.concised.moe.edu.tw/searchP.jsp?SN=%E3%84%92&SN2=%E3%84%92%E3%84%A9%E3%84%9D%CB%8A&word=%E8%B8%85"
"ㄒㄩㄝˊ","學","","20","待補充","https://dict.concised.moe.edu.tw/searchP.jsp?SN=%E3%84%92&SN2=%E3%84%92%E3%84%A9%E3%84%9D%CB%8A&word=%E5%AD%B8"
"ㄒㄩㄝˊ","褶","","2","待補充","https://dict.concised.moe.edu.tw/searchP.jsp?SN=%E3%84%92&SN2=%E3%84%92%E3%84%A9%E3%84%9D%CB%8A&word=%E8%A4%B6"
"ㄒㄩㄝˋ","穴","","2","待補充","https://dict.concised.moe.edu.tw/searchP.jsp?SN=%E3%84%92&SN2=%E3%84%92%E3%84%A9%E3%84%9D%CB%8B&word=%E7%A9%B4"
"ㄒㄩㄝˋ","削","","8","待補充","https://dict.concised.moe.edu.tw/searchP.jsp?SN=%E3%84%92&SN2=%E3%84%92%E3%84%A9%E3%84%9D%CB%8B&word=%E5%89%8A"
"ㄒㄩㄢ","宣","","19","待補充","https://dict.concised.moe.edu.tw/searchP.jsp?SN=%E3%84%92&SN2=%E3%84%92%E3%84%A9%E3%84%A2&word=%E5%AE%A3"
"ㄒㄩㄢ","軒","","5","待補充","https://dict.concised.moe.edu.tw/searchP.jsp?SN=%E3%84%92&SN2=%E3%84%92%E3%84%A9%E3%84%A2&word=%E8%BB%92"
"ㄒㄩㄢ","喧","","9","待補充","https://dict.concised.moe.edu.tw/searchP.jsp?SN=%E3%84%92&SN2=%E3%84%92%E3%84%A9%E3%84%A2&word=%E5%96%A7"
"ㄒㄩㄢ","暄","","1","待補充","https://dict.concised.moe.edu.tw/searchP.jsp?SN=%E3%84%92&SN2=%E3%84%92%E3%84%A9%E3%84%A2&word=%E6%9A%84"
"ㄒㄩㄢ","暖","","2","待補充","https://dict.concised.moe.edu.tw/searchP.jsp?SN=%E3%84%92&SN2=%E3%84%92%E3%84%A9%E3%84%A2&word=%E6%9A%96"
"ㄒㄩㄢ","瑄","","1","待補充","https://dict.concised.moe.edu.tw/searchP.jsp?SN=%E3%84%92&SN2=%E3%84%92%E3%84%A9%E3%84%A2&word=%E7%91%84"
"ㄒㄩㄢ","萱","","2","待補充","https://dict.concised.moe.edu.tw/searchP.jsp?SN=%E3%84%92&SN2=%E3%84%92%E3%84%A9%E3%84%A2&word=%E8%90%B1"
"ㄒㄩㄢ","諼","","1","待補充","https://dict.concised.moe.edu.tw/searchP.jsp?SN=%E3%84%92&SN2=%E3%84%92%E3%84%A9%E3%84%A2&word=%E8%AB%BC"
"ㄒㄩㄢˇ","選","","20","待補充","https://dict.concised.moe.edu.tw/searchP.jsp?SN=%E3%84%92&SN2=%E3%84%92%E3%84%A9%E3%84%A2%CB%87&word=%E9%81%B8"
"ㄒㄩㄢˊ","玄","","9","待補充","https://dict.concised.moe.edu.tw/searchP.jsp?SN=%E3%84%92&SN2=%E3%84%92%E3%84%A9%E3%84%A2%CB%8A&word=%E7%8E%84"
"ㄒㄩㄢˊ","旋","","7","待補充","https://dict.concised.moe.edu.tw/searchP.jsp?SN=%E3%84%92&SN2=%E3%84%92%E3%84%A9%E3%84%A2%CB%8A&word=%E6%97%8B"
"ㄒㄩㄢˊ","漩","","2","待補充","https://dict.concised.moe.edu.tw/searchP.jsp?SN=%E3%84%92&SN2=%E3%84%92%E3%84%A9%E3%84%A2%CB%8A&word=%E6%BC%A9"
"ㄒㄩㄢˊ","璇","","1","待補充","https://dict.concised.moe.edu.tw/searchP.jsp?SN=%E3%84%92&SN2=%E3%84%92%E3%84%A9%E3%84%A2%CB%8A&word=%E7%92%87"
"ㄒㄩㄢˊ","璿","","1","待補充","https://dict.concised.moe.edu.tw/searchP.jsp?SN=%E3%84%92&SN2=%E3%84%92%E3%84%A9%E3%84%A2%CB%8A&word=%E7%92%BF"
"ㄒㄩㄢˊ","懸","","18","待補充","https://dict.concised.moe.edu.tw/searchP.jsp?SN=%E3%84%92&SN2=%E3%84%92%E3%84%A9%E3%84%A2%CB%8A&word=%E6%87%B8"
"ㄒㄩㄢˋ","泫","","2","待補充","https://dict.concised.moe.edu.tw/searchP.jsp?SN=%E3%84%92&SN2=%E3%84%92%E3%84%A9%E3%84%A2%CB%8B&word=%E6%B3%AB"
"ㄒㄩㄢˋ","炫","","2","待補充","https://dict.concised.moe.edu.tw/searchP.jsp?SN=%E3%84%92&SN2=%E3%84%92%E3%84%A9%E3%84%A2%CB%8B&word=%E7%82%AB"
"ㄒㄩㄢˋ","眩","","3","待補充","https://dict.concised.moe.edu.tw/searchP.jsp?SN=%E3%84%92&SN2=%E3%84%92%E3%84%A9%E3%84%A2%CB%8B&word=%E7%9C%A9"
"ㄒㄩㄢˋ","旋","","2","待補充","https://dict.concised.moe.edu.tw/searchP.jsp?SN=%E3%84%92&SN2=%E3%84%92%E3%84%A9%E3%84%A2%CB%8B&word=%E6%97%8B"
"ㄒㄩㄢˋ","渲","","2","待補充","https://dict.concised.moe.edu.tw/searchP.jsp?SN=%E3%84%92&SN2=%E3%84%92%E3%84%A9%E3%84%A2%CB%8B&word=%E6%B8%B2"
"ㄒㄩㄢˋ","絢","","4","待補充","https://dict.concised.moe.edu.tw/searchP.jsp?SN=%E3%84%92&SN2=%E3%84%92%E3%84%A9%E3%84%A2%CB%8B&word=%E7%B5%A2"
"ㄒㄩㄢˋ","鏇","","1","待補充","https://dict.concised.moe.edu.tw/searchP.jsp?SN=%E3%84%92&SN2=%E3%84%92%E3%84%A9%E3%84%A2%CB%8B&word=%E9%8F%87"
"ㄒㄩㄣ","勛","","3","待補充","https://dict.concised.moe.edu.tw/searchP.jsp?SN=%E3%84%92&SN2=%E3%84%92%E3%84%A9%E3%84%A3&word=%E5%8B%9B"
"ㄒㄩㄣ","葷","","2","待補充","https://dict.concised.moe.edu.tw/searchP.jsp?SN=%E3%84%92&SN2=%E3%84%92%E3%84%A9%E3%84%A3&word=%E8%91%B7"
"ㄒㄩㄣ","熏","","1","待補充","https://dict.concised.moe.edu.tw/searchP.jsp?SN=%E3%84%92&SN2=%E3%84%92%E3%84%A9%E3%84%A3&word=%E7%86%8F"
"ㄒㄩㄣ","壎","","1","待補充","https://dict.concised.moe.edu.tw/searchP.jsp?SN=%E3%84%92&SN2=%E3%84%92%E3%84%A9%E3%84%A3&word=%E5%A3%8E"
"ㄒㄩㄣ","燻","","1","待補充","https://dict.concised.moe.edu.tw/searchP.jsp?SN=%E3%84%92&SN2=%E3%84%92%E3%84%A9%E3%84%A3&word=%E7%87%BB"
"ㄒㄩㄣ","薰","","5","待補充","https://dict.concised.moe.edu.tw/searchP.jsp?SN=%E3%84%92&SN2=%E3%84%92%E3%84%A9%E3%84%A3&word=%E8%96%B0"
"ㄒㄩㄣ","醺","","1","待補充","https://dict.concised.moe.edu.tw/searchP.jsp?SN=%E3%84%92&SN2=%E3%84%92%E3%84%A9%E3%84%A3&word=%E9%86%BA"
"ㄒㄩㄣˊ","旬","","1","待補充","https://dict.concised.moe.edu.tw/searchP.jsp?SN=%E3%84%92&SN2=%E3%84%92%E3%84%A9%E3%84%A3%CB%8A&word=%E6%97%AC"
"ㄒㄩㄣˊ","巡","","20","待補充","https://dict.concised.moe.edu.tw/searchP.jsp?SN=%E3%84%92&SN2=%E3%84%92%E3%84%A9%E3%84%A3%CB%8A&word=%E5%B7%A1"
"ㄒㄩㄣˊ","峋","","1","待補充","https://dict.concised.moe.edu.tw/searchP.jsp?SN=%E3%84%92&SN2=%E3%84%92%E3%84%A9%E3%84%A3%CB%8A&word=%E5%B3%8B"
"ㄒㄩㄣˊ","洵","","2","待補充","https://dict.concised.moe.edu.tw/searchP.jsp?SN=%E3%84%92&SN2=%E3%84%92%E3%84%A9%E3%84%A3%CB%8A&word=%E6%B4%B5"
"ㄒㄩㄣˊ","荀","","2","待補充","https://dict.concised.moe.edu.tw/searchP.jsp?SN=%E3%84%92&SN2=%E3%84%92%E3%84%A9%E3%84%A3%CB%8A&word=%E8%8D%80"
"ㄒㄩㄣˊ","尋","","19","待補充","https://dict.concised.moe.edu.tw/searchP.jsp?SN=%E3%84%92&SN2=%E3%84%92%E3%84%A9%E3%84%A3%CB%8A&word=%E5%B0%8B"
"ㄒㄩㄣˊ","循","","9","待補充","https://dict.concised.moe.edu.tw/searchP.jsp?SN=%E3%84%92&SN2=%E3%84%92%E3%84%A9%E3%84%A3%CB%8A&word=%E5%BE%AA"
"ㄒㄩㄣˊ","詢","","2","待補充","https://dict.concised.moe.edu.tw/searchP.jsp?SN=%E3%84%92&SN2=%E3%84%92%E3%84%A9%E3%84%A3%CB%8A&word=%E8%A9%A2"
"ㄒㄩㄣˊ","馴","","6","待補充","https://dict.concised.moe.edu.tw/searchP.jsp?SN=%E3%84%92&SN2=%E3%84%92%E3%84%A9%E3%84%A3%CB%8A&word=%E9%A6%B4"
"ㄒㄩㄣˊ","蕁","","3","待補充","https://dict.concised.moe.edu.tw/searchP.jsp?SN=%E3%84%92&SN2=%E3%84%92%E3%84%A9%E3%84%A3%CB%8A&word=%E8%95%81"
"ㄒㄩㄣˊ","蟳","","1","待補充","https://dict.concised.moe.edu.tw/searchP.jsp?SN=%E3%84%92&SN2=%E3%84%92%E3%84%A9%E3%84%A3%CB%8A&word=%E8%9F%B3"
"ㄒㄩㄣˋ","汛","","1","待補充","https://dict.concised.moe.edu.tw/searchP.jsp?SN=%E3%84%92&SN2=%E3%84%92%E3%84%A9%E3%84%A3%CB%8B&word=%E6%B1%9B"
"ㄒㄩㄣˋ","迅","","6","待補充","https://dict.concised.moe.edu.tw/searchP.jsp?SN=%E3%84%92&SN2=%E3%84%92%E3%84%A9%E3%84%A3%CB%8B&word=%E8%BF%85"
"ㄒㄩㄣˋ","徇","","2","待補充","https://dict.concised.moe.edu.tw/searchP.jsp?SN=%E3%84%92&SN2=%E3%84%92%E3%84%A9%E3%84%A3%CB%8B&word=%E5%BE%87"
"ㄒㄩㄣˋ","孫","","1","待補充","https://dict.concised.moe.edu.tw/searchP.jsp?SN=%E3%84%92&SN2=%E3%84%92%E3%84%A9%E3%84%A3%CB%8B&word=%E5%AD%AB"
"ㄒㄩㄣˋ","殉","","7","待補充","https://dict.concised.moe.edu.tw/searchP.jsp?SN=%E3%84%92&SN2=%E3%84%92%E3%84%A9%E3%84%A3%CB%8B&word=%E6%AE%89"
"ㄒㄩㄣˋ","訊","","4","待補充","https://dict.concised.moe.edu.tw/searchP.jsp?SN=%E3%84%92&SN2=%E3%84%92%E3%84%A9%E3%84%A3%CB%8B&word=%E8%A8%8A"
"ㄒㄩㄣˋ","訓","","11","待補充","https://dict.concised.moe.edu.tw/searchP.jsp?SN=%E3%84%92&SN2=%E3%84%92%E3%84%A9%E3%84%A3%CB%8B&word=%E8%A8%93"
"ㄒㄩㄣˋ","巽","","1","待補充","https://dict.concised.moe.edu.tw/searchP.jsp?SN=%E3%84%92&SN2=%E3%84%92%E3%84%A9%E3%84%A3%CB%8B&word=%E5%B7%BD"
"ㄒㄩㄣˋ","遜","","2","待補充","https://dict.concised.moe.edu.tw/searchP.jsp?SN=%E3%84%92&SN2=%E3%84%92%E3%84%A9%E3%84%A3%CB%8B&word=%E9%81%9C"
"ㄒㄩㄣˋ","蕈","","2","待補充","https://dict.concised.moe.edu.tw/searchP.jsp?SN=%E3%84%92&SN2=%E3%84%92%E3%84%A9%E3%84%A3%CB%8B&word=%E8%95%88"
"ㄒㄩㄥ","凶","","19","待補充","https://dict.concised.moe.edu.tw/searchP.jsp?SN=%E3%84%92&SN2=%E3%84%92%E3%84%A9%E3%84%A5&word=%E5%87%B6"
"ㄒㄩㄥ","兄","","8","待補充","https://dict.concised.moe.edu.tw/searchP.jsp?SN=%E3%84%92&SN2=%E3%84%92%E3%84%A9%E3%84%A5&word=%E5%85%84"
"ㄒㄩㄥ","兇","","1","待補充","https://dict.concised.moe.edu.tw/searchP.jsp?SN=%E3%84%92&SN2=%E3%84%92%E3%84%A9%E3%84%A5&word=%E5%85%87"
"ㄒㄩㄥ","匈","","2","待補充","https://dict.concised.moe.edu.tw/searchP.jsp?SN=%E3%84%92&SN2=%E3%84%92%E3%84%A9%E3%84%A5&word=%E5%8C%88"
"ㄒㄩㄥ","洶","","3","待補充","https://dict.concised.moe.edu.tw/searchP.jsp?SN=%E3%84%92&SN2=%E3%84%92%E3%84%A9%E3%84%A5&word=%E6%B4%B6"
"ㄒㄩㄥ","胸","","16","待補充","https://dict.concised.moe.edu.tw/searchP.jsp?SN=%E3%84%92&SN2=%E3%84%92%E3%84%A9%E3%84%A5&word=%E8%83%B8"
"ㄒㄩㄥˊ","雄","","20","待補充","https://dict.concised.moe.edu.tw/searchP.jsp?SN=%E3%84%92&SN2=%E3%84%92%E3%84%A9%E3%84%A5%CB%8A&word=%E9%9B%84"
"ㄒㄩㄥˊ","熊","熊貓","5","已有可用詞","https://dict.concised.moe.edu.tw/searchP.jsp?SN=%E3%84%92&SN2=%E3%84%92%E3%84%A9%E3%84%A5%CB%8A&word=%E7%86%8A"
"ㄒㄩㄥˋ","敻","","1","待補充","https://dict.concised.moe.edu.tw/searchP.jsp?SN=%E3%84%92&SN2=%E3%84%92%E3%84%A9%E3%84%A5%CB%8B&word=%E6%95%BB"
"ㄓ","之","","1","待補充","https://dict.concised.moe.edu.tw/searchP.jsp?SN=%E3%84%93&SN2=%E3%84%93&word=%E4%B9%8B"
"ㄓ","支","","20","待補充","https://dict.concised.moe.edu.tw/searchP.jsp?SN=%E3%84%93&SN2=%E3%84%93&word=%E6%94%AF"
"ㄓ","氏","","1","待補充","https://dict.concised.moe.edu.tw/searchP.jsp?SN=%E3%84%93&SN2=%E3%84%93&word=%E6%B0%8F"
"ㄓ","卮","","1","待補充","https://dict.concised.moe.edu.tw/searchP.jsp?SN=%E3%84%93&SN2=%E3%84%93&word=%E5%8D%AE"
"ㄓ","只","","14","待補充","https://dict.concised.moe.edu.tw/searchP.jsp?SN=%E3%84%93&SN2=%E3%84%93&word=%E5%8F%AA"
"ㄓ","汁","","1","待補充","https://dict.concised.moe.edu.tw/searchP.jsp?SN=%E3%84%93&SN2=%E3%84%93&word=%E6%B1%81"
"ㄓ","吱","","2","待補充","https://dict.concised.moe.edu.tw/searchP.jsp?SN=%E3%84%93&SN2=%E3%84%93&word=%E5%90%B1"
"ㄓ","枝","","8","待補充","https://dict.concised.moe.edu.tw/searchP.jsp?SN=%E3%84%93&SN2=%E3%84%93&word=%E6%9E%9D"
"ㄓ","知","","19","待補充","https://dict.concised.moe.edu.tw/searchP.jsp?SN=%E3%84%93&SN2=%E3%84%93&word=%E7%9F%A5"
"ㄓ","肢","","4","待補充","https://dict.concised.moe.edu.tw/searchP.jsp?SN=%E3%84%93&SN2=%E3%84%93&word=%E8%82%A2"
"ㄓ","芝","","5","待補充","https://dict.concised.moe.edu.tw/searchP.jsp?SN=%E3%84%93&SN2=%E3%84%93&word=%E8%8A%9D"
"ㄓ","胝","","1","待補充","https://dict.concised.moe.edu.tw/searchP.jsp?SN=%E3%84%93&SN2=%E3%84%93&word=%E8%83%9D"
"ㄓ","祗","","1","待補充","https://dict.concised.moe.edu.tw/searchP.jsp?SN=%E3%84%93&SN2=%E3%84%93&word=%E7%A5%97"
"ㄓ","脂","","4","待補充","https://dict.concised.moe.edu.tw/searchP.jsp?SN=%E3%84%93&SN2=%E3%84%93&word=%E8%84%82"
"ㄓ","隻","","7","待補充","https://dict.concised.moe.edu.tw/searchP.jsp?SN=%E3%84%93&SN2=%E3%84%93&word=%E9%9A%BB"
"ㄓ","梔","","2","待補充","https://dict.concised.moe.edu.tw/searchP.jsp?SN=%E3%84%93&SN2=%E3%84%93&word=%E6%A2%94"
"ㄓ","蜘","","2","待補充","https://dict.concised.moe.edu.tw/searchP.jsp?SN=%E3%84%93&SN2=%E3%84%93&word=%E8%9C%98"
"ㄓ","織","","3","待補充","https://dict.concised.moe.edu.tw/searchP.jsp?SN=%E3%84%93&SN2=%E3%84%93&word=%E7%B9%94"
"ㄓˇ","止","","12","待補充","https://dict.concised.moe.edu.tw/searchP.jsp?SN=%E3%84%93&SN2=%E3%84%93%CB%87&word=%E6%AD%A2"
"ㄓˇ","只","","14","待補充","https://dict.concised.moe.edu.tw/searchP.jsp?SN=%E3%84%93&SN2=%E3%84%93%CB%87&word=%E5%8F%AA"
"ㄓˇ","旨","","3","待補充","https://dict.concised.moe.edu.tw/searchP.jsp?SN=%E3%84%93&SN2=%E3%84%93%CB%87&word=%E6%97%A8"
"ㄓˇ","址","","1","待補充","https://dict.concised.moe.edu.tw/searchP.jsp?SN=%E3%84%93&SN2=%E3%84%93%CB%87&word=%E5%9D%80"
"ㄓˇ","芷","","1","待補充","https://dict.concised.moe.edu.tw/searchP.jsp?SN=%E3%84%93&SN2=%E3%84%93%CB%87&word=%E8%8A%B7"
"ㄓˇ","咫","","3","待補充","https://dict.concised.moe.edu.tw/searchP.jsp?SN=%E3%84%93&SN2=%E3%84%93%CB%87&word=%E5%92%AB"
"ㄓˇ","指","","20","待補充","https://dict.concised.moe.edu.tw/searchP.jsp?SN=%E3%84%93&SN2=%E3%84%93%CB%87&word=%E6%8C%87"
"ㄓˇ","祇","","1","待補充","https://dict.concised.moe.edu.tw/searchP.jsp?SN=%E3%84%93&SN2=%E3%84%93%CB%87&word=%E7%A5%87"
"ㄓˇ","祉","","1","待補充","https://dict.concised.moe.edu.tw/searchP.jsp?SN=%E3%84%93&SN2=%E3%84%93%CB%87&word=%E7%A5%89"
"ㄓˇ","紙","","20","待補充","https://dict.concised.moe.edu.tw/searchP.jsp?SN=%E3%84%93&SN2=%E3%84%93%CB%87&word=%E7%B4%99"
"ㄓˇ","趾","","2","待補充","https://dict.concised.moe.edu.tw/searchP.jsp?SN=%E3%84%93&SN2=%E3%84%93%CB%87&word=%E8%B6%BE"
"ㄓˇ","黹","","1","待補充","https://dict.concised.moe.edu.tw/searchP.jsp?SN=%E3%84%93&SN2=%E3%84%93%CB%87&word=%E9%BB%B9"
"ㄓˇ","酯","","1","待補充","https://dict.concised.moe.edu.tw/searchP.jsp?SN=%E3%84%93&SN2=%E3%84%93%CB%87&word=%E9%85%AF"
"ㄓˇ","徵","","1","待補充","https://dict.concised.moe.edu.tw/searchP.jsp?SN=%E3%84%93&SN2=%E3%84%93%CB%87&word=%E5%BE%B5"
"ㄓˊ","侄","","2","待補充","https://dict.concised.moe.edu.tw/searchP.jsp?SN=%E3%84%93&SN2=%E3%84%93%CB%8A&word=%E4%BE%84"
"ㄓˊ","直","","20","待補充","https://dict.concised.moe.edu.tw/searchP.jsp?SN=%E3%84%93&SN2=%E3%84%93%CB%8A&word=%E7%9B%B4"
"ㄓˊ","姪","","4","待補充","https://dict.concised.moe.edu.tw/searchP.jsp?SN=%E3%84%93&SN2=%E3%84%93%CB%8A&word=%E5%A7%AA"
"ㄓˊ","值","","8","待補充","https://dict.concised.moe.edu.tw/searchP.jsp?SN=%E3%84%93&SN2=%E3%84%93%CB%8A&word=%E5%80%BC"
"ㄓˊ","埴","","1","待補充","https://dict.concised.moe.edu.tw/searchP.jsp?SN=%E3%84%93&SN2=%E3%84%93%CB%8A&word=%E5%9F%B4"
"ㄓˊ","執","","16","待補充","https://dict.concised.moe.edu.tw/searchP.jsp?SN=%E3%84%93&SN2=%E3%84%93%CB%8A&word=%E5%9F%B7"
"ㄓˊ","植","","11","待補充","https://dict.concised.moe.edu.tw/searchP.jsp?SN=%E3%84%93&SN2=%E3%84%93%CB%8A&word=%E6%A4%8D"
"ㄓˊ","殖","","3","待補充","https://dict.concised.moe.edu.tw/searchP.jsp?SN=%E3%84%93&SN2=%E3%84%93%CB%8A&word=%E6%AE%96"
"ㄓˊ","跖","","1","待補充","https://dict.concised.moe.edu.tw/searchP.jsp?SN=%E3%84%93&SN2=%E3%84%93%CB%8A&word=%E8%B7%96"
"ㄓˊ","摭","","1","待補充","https://dict.concised.moe.edu.tw/searchP.jsp?SN=%E3%84%93&SN2=%E3%84%93%CB%8A&word=%E6%91%AD"
"ㄓˊ","質","","12","待補充","https://dict.concised.moe.edu.tw/searchP.jsp?SN=%E3%84%93&SN2=%E3%84%93%CB%8A&word=%E8%B3%AA"
"ㄓˊ","蟄","","2","待補充","https://dict.concised.moe.edu.tw/searchP.jsp?SN=%E3%84%93&SN2=%E3%84%93%CB%8A&word=%E8%9F%84"
"ㄓˊ","擲","","4","待補充","https://dict.concised.moe.edu.tw/searchP.jsp?SN=%E3%84%93&SN2=%E3%84%93%CB%8A&word=%E6%93%B2"
"ㄓˊ","職","","20","待補充","https://dict.concised.moe.edu.tw/searchP.jsp?SN=%E3%84%93&SN2=%E3%84%93%CB%8A&word=%E8%81%B7"
"ㄓˊ","蹠","","1","待補充","https://dict.concised.moe.edu.tw/searchP.jsp?SN=%E3%84%93&SN2=%E3%84%93%CB%8A&word=%E8%B9%A0"
"ㄓˊ","躑","","2","待補充","https://dict.concised.moe.edu.tw/searchP.jsp?SN=%E3%84%93&SN2=%E3%84%93%CB%8A&word=%E8%BA%91"
"ㄓˋ","至","","20","待補充","https://dict.concised.moe.edu.tw/searchP.jsp?SN=%E3%84%93&SN2=%E3%84%93%CB%8B&word=%E8%87%B3"
"ㄓˋ","志","","14","待補充","https://dict.concised.moe.edu.tw/searchP.jsp?SN=%E3%84%93&SN2=%E3%84%93%CB%8B&word=%E5%BF%97"
"ㄓˋ","忮","","1","待補充","https://dict.concised.moe.edu.tw/searchP.jsp?SN=%E3%84%93&SN2=%E3%84%93%CB%8B&word=%E5%BF%AE"
"ㄓˋ","制","","15","待補充","https://dict.concised.moe.edu.tw/searchP.jsp?SN=%E3%84%93&SN2=%E3%84%93%CB%8B&word=%E5%88%B6"
"ㄓˋ","帙","","1","待補充","https://dict.concised.moe.edu.tw/searchP.jsp?SN=%E3%84%93&SN2=%E3%84%93%CB%8B&word=%E5%B8%99"
"ㄓˋ","治","","20","待補充","https://dict.concised.moe.edu.tw/searchP.jsp?SN=%E3%84%93&SN2=%E3%84%93%CB%8B&word=%E6%B2%BB"
"ㄓˋ","炙","","3","待補充","https://dict.concised.moe.edu.tw/searchP.jsp?SN=%E3%84%93&SN2=%E3%84%93%CB%8B&word=%E7%82%99"
"ㄓˋ","知","","1","待補充","https://dict.concised.moe.edu.tw/searchP.jsp?SN=%E3%84%93&SN2=%E3%84%93%CB%8B&word=%E7%9F%A5"
"ㄓˋ","峙","","2","待補充","https://dict.concised.moe.edu.tw/searchP.jsp?SN=%E3%84%93&SN2=%E3%84%93%CB%8B&word=%E5%B3%99"
"ㄓˋ","致","","19","待補充","https://dict.concised.moe.edu.tw/searchP.jsp?SN=%E3%84%93&SN2=%E3%84%93%CB%8B&word=%E8%87%B4"
"ㄓˋ","桎","","2","待補充","https://dict.concised.moe.edu.tw/searchP.jsp?SN=%E3%84%93&SN2=%E3%84%93%CB%8B&word=%E6%A1%8E"
"ㄓˋ","秩","","2","待補充","https://dict.concised.moe.edu.tw/searchP.jsp?SN=%E3%84%93&SN2=%E3%84%93%CB%8B&word=%E7%A7%A9"
"ㄓˋ","陟","","2","待補充","https://dict.concised.moe.edu.tw/searchP.jsp?SN=%E3%84%93&SN2=%E3%84%93%CB%8B&word=%E9%99%9F"
"ㄓˋ","痔","","2","待補充","https://dict.concised.moe.edu.tw/searchP.jsp?SN=%E3%84%93&SN2=%E3%84%93%CB%8B&word=%E7%97%94"
"ㄓˋ","窒","","4","待補充","https://dict.concised.moe.edu.tw/searchP.jsp?SN=%E3%84%93&SN2=%E3%84%93%CB%8B&word=%E7%AA%92"
"ㄓˋ","彘","","1","待補充","https://dict.concised.moe.edu.tw/searchP.jsp?SN=%E3%84%93&SN2=%E3%84%93%CB%8B&word=%E5%BD%98"
"ㄓˋ","智","","20","待補充","https://dict.concised.moe.edu.tw/searchP.jsp?SN=%E3%84%93&SN2=%E3%84%93%CB%8B&word=%E6%99%BA"
"ㄓˋ","痣","","1","待補充","https://dict.concised.moe.edu.tw/searchP.jsp?SN=%E3%84%93&SN2=%E3%84%93%CB%8B&word=%E7%97%A3"
"ㄓˋ","蛭","","1","待補充","https://dict.concised.moe.edu.tw/searchP.jsp?SN=%E3%84%93&SN2=%E3%84%93%CB%8B&word=%E8%9B%AD"
"ㄓˋ","稚","","6","待補充","https://dict.concised.moe.edu.tw/searchP.jsp?SN=%E3%84%93&SN2=%E3%84%93%CB%8B&word=%E7%A8%9A"
"ㄓˋ","置","","11","待補充","https://dict.concised.moe.edu.tw/searchP.jsp?SN=%E3%84%93&SN2=%E3%84%93%CB%8B&word=%E7%BD%AE"
"ㄓˋ","輊","","1","待補充","https://dict.concised.moe.edu.tw/searchP.jsp?SN=%E3%84%93&SN2=%E3%84%93%CB%8B&word=%E8%BC%8A"
"ㄓˋ","雉","","2","待補充","https://dict.concised.moe.edu.tw/searchP.jsp?SN=%E3%84%93&SN2=%E3%84%93%CB%8B&word=%E9%9B%89"
"ㄓˋ","滯","","4","待補充","https://dict.concised.moe.edu.tw/searchP.jsp?SN=%E3%84%93&SN2=%E3%84%93%CB%8B&word=%E6%BB%AF"
"ㄓˋ","製","","9","待補充","https://dict.concised.moe.edu.tw/searchP.jsp?SN=%E3%84%93&SN2=%E3%84%93%CB%8B&word=%E8%A3%BD"
"ㄓˋ","誌","","4","待補充","https://dict.concised.moe.edu.tw/searchP.jsp?SN=%E3%84%93&SN2=%E3%84%93%CB%8B&word=%E8%AA%8C"
"ㄓˋ","幟","","1","待補充","https://dict.concised.moe.edu.tw/searchP.jsp?SN=%E3%84%93&SN2=%E3%84%93%CB%8B&word=%E5%B9%9F"
"ㄓˋ","摯","","4","待補充","https://dict.concised.moe.edu.tw/searchP.jsp?SN=%E3%84%93&SN2=%E3%84%93%CB%8B&word=%E6%91%AF"
"ㄓˋ","緻","","1","待補充","https://dict.concised.moe.edu.tw/searchP.jsp?SN=%E3%84%93&SN2=%E3%84%93%CB%8B&word=%E7%B7%BB"
"ㄓˋ","質","","1","待補充","https://dict.concised.moe.edu.tw/searchP.jsp?SN=%E3%84%93&SN2=%E3%84%93%CB%8B&word=%E8%B3%AA"
"ㄓˋ","遲","","2","待補充","https://dict.concised.moe.edu.tw/searchP.jsp?SN=%E3%84%93&SN2=%E3%84%93%CB%8B&word=%E9%81%B2"
"ㄓˋ","贄","","1","待補充","https://dict.concised.moe.edu.tw/searchP.jsp?SN=%E3%84%93&SN2=%E3%84%93%CB%8B&word=%E8%B4%84"
"ㄓˋ","識","","1","待補充","https://dict.concised.moe.edu.tw/searchP.jsp?SN=%E3%84%93&SN2=%E3%84%93%CB%8B&word=%E8%AD%98"
"ㄓˋ","躓","","1","待補充","https://dict.concised.moe.edu.tw/searchP.jsp?SN=%E3%84%93&SN2=%E3%84%93%CB%8B&word=%E8%BA%93"
"ㄓㄚ","扎","","5","待補充","https://dict.concised.moe.edu.tw/searchP.jsp?SN=%E3%84%93&SN2=%E3%84%93%E3%84%9A&word=%E6%89%8E"
"ㄓㄚ","查","","1","待補充","https://dict.concised.moe.edu.tw/searchP.jsp?SN=%E3%84%93&SN2=%E3%84%93%E3%84%9A&word=%E6%9F%A5"
"ㄓㄚ","喳","","1","待補充","https://dict.concised.moe.edu.tw/searchP.jsp?SN=%E3%84%93&SN2=%E3%84%93%E3%84%9A&word=%E5%96%B3"
"ㄓㄚ","渣","","2","待補充","https://dict.concised.moe.edu.tw/searchP.jsp?SN=%E3%84%93&SN2=%E3%84%93%E3%84%9A&word=%E6%B8%A3"
"ㄓㄚ","楂","","1","待補充","https://dict.concised.moe.edu.tw/searchP.jsp?SN=%E3%84%93&SN2=%E3%84%93%E3%84%9A&word=%E6%A5%82"
"ㄓㄚˇ","眨","","2","待補充","https://dict.concised.moe.edu.tw/searchP.jsp?SN=%E3%84%93&SN2=%E3%84%93%E3%84%9A%CB%87&word=%E7%9C%A8"
"ㄓㄚˊ","扎","","1","待補充","https://dict.concised.moe.edu.tw/searchP.jsp?SN=%E3%84%93&SN2=%E3%84%93%E3%84%9A%CB%8A&word=%E6%89%8E"
"ㄓㄚˊ","札","","2","待補充","https://dict.concised.moe.edu.tw/searchP.jsp?SN=%E3%84%93&SN2=%E3%84%93%E3%84%9A%CB%8A&word=%E6%9C%AD"
"ㄓㄚˊ","炸","","2","待補充","https://dict.concised.moe.edu.tw/searchP.jsp?SN=%E3%84%93&SN2=%E3%84%93%E3%84%9A%CB%8A&word=%E7%82%B8"
"ㄓㄚˊ","紮","","2","待補充","https://dict.concised.moe.edu.tw/searchP.jsp?SN=%E3%84%93&SN2=%E3%84%93%E3%84%9A%CB%8A&word=%E7%B4%AE"
"ㄓㄚˊ","煠","","1","待補充","https://dict.concised.moe.edu.tw/searchP.jsp?SN=%E3%84%93&SN2=%E3%84%93%E3%84%9A%CB%8A&word=%E7%85%A0"
"ㄓㄚˊ","閘","","3","待補充","https://dict.concised.moe.edu.tw/searchP.jsp?SN=%E3%84%93&SN2=%E3%84%93%E3%84%9A%CB%8A&word=%E9%96%98"
"ㄓㄚˊ","鍘","","1","待補充","https://dict.concised.moe.edu.tw/searchP.jsp?SN=%E3%84%93&SN2=%E3%84%93%E3%84%9A%CB%8A&word=%E9%8D%98"
"ㄓㄚˋ","乍","","4","待補充","https://dict.concised.moe.edu.tw/searchP.jsp?SN=%E3%84%93&SN2=%E3%84%93%E3%84%9A%CB%8B&word=%E4%B9%8D"
"ㄓㄚˋ","吒","","1","待補充","https://dict.concised.moe.edu.tw/searchP.jsp?SN=%E3%84%93&SN2=%E3%84%93%E3%84%9A%CB%8B&word=%E5%90%92"
"ㄓㄚˋ","柵","","3","待補充","https://dict.concised.moe.edu.tw/searchP.jsp?SN=%E3%84%93&SN2=%E3%84%93%E3%84%9A%CB%8B&word=%E6%9F%B5"
"ㄓㄚˋ","炸","","4","待補充","https://dict.concised.moe.edu.tw/searchP.jsp?SN=%E3%84%93&SN2=%E3%84%93%E3%84%9A%CB%8B&word=%E7%82%B8"
"ㄓㄚˋ","蚱","","1","待補充","https://dict.concised.moe.edu.tw/searchP.jsp?SN=%E3%84%93&SN2=%E3%84%93%E3%84%9A%CB%8B&word=%E8%9A%B1"
"ㄓㄚˋ","詐","","8","待補充","https://dict.concised.moe.edu.tw/searchP.jsp?SN=%E3%84%93&SN2=%E3%84%93%E3%84%9A%CB%8B&word=%E8%A9%90"
"ㄓㄚˋ","搾","","1","待補充","https://dict.concised.moe.edu.tw/searchP.jsp?SN=%E3%84%93&SN2=%E3%84%93%E3%84%9A%CB%8B&word=%E6%90%BE"
"ㄓㄚˋ","榨","","3","待補充","https://dict.concised.moe.edu.tw/searchP.jsp?SN=%E3%84%93&SN2=%E3%84%93%E3%84%9A%CB%8B&word=%E6%A6%A8"
"ㄓㄚˋ","蜡","","1","待補充","https://dict.concised.moe.edu.tw/searchP.jsp?SN=%E3%84%93&SN2=%E3%84%93%E3%84%9A%CB%8B&word=%E8%9C%A1"
"ㄓㄜ","折","","19","待補充","https://dict.concised.moe.edu.tw/searchP.jsp?SN=%E3%84%93&SN2=%E3%84%93%E3%84%9C&word=%E6%8A%98"
"ㄓㄜ","遮","","13","待補充","https://dict.concised.moe.edu.tw/searchP.jsp?SN=%E3%84%93&SN2=%E3%84%93%E3%84%9C&word=%E9%81%AE"
"ㄓㄜ","螫","","2","待補充","https://dict.concised.moe.edu.tw/searchP.jsp?SN=%E3%84%93&SN2=%E3%84%93%E3%84%9C&word=%E8%9E%AB"
"ㄓㄜˇ","者","","1","待補充","https://dict.concised.moe.edu.tw/searchP.jsp?SN=%E3%84%93&SN2=%E3%84%93%E3%84%9C%CB%87&word=%E8%80%85"
"ㄓㄜˇ","赭","","2","待補充","https://dict.concised.moe.edu.tw/searchP.jsp?SN=%E3%84%93&SN2=%E3%84%93%E3%84%9C%CB%87&word=%E8%B5%AD"
"ㄓㄜˇ","鍺","","1","待補充","https://dict.concised.moe.edu.tw/searchP.jsp?SN=%E3%84%93&SN2=%E3%84%93%E3%84%9C%CB%87&word=%E9%8D%BA"
"ㄓㄜˊ","折","","20","待補充","https://dict.concised.moe.edu.tw/searchP.jsp?SN=%E3%84%93&SN2=%E3%84%93%E3%84%9C%CB%8A&word=%E6%8A%98"
"ㄓㄜˊ","哲","","3","待補充","https://dict.concised.moe.edu.tw/searchP.jsp?SN=%E3%84%93&SN2=%E3%84%93%E3%84%9C%CB%8A&word=%E5%93%B2"
"ㄓㄜˊ","蜇","","1","待補充","https://dict.concised.moe.edu.tw/searchP.jsp?SN=%E3%84%93&SN2=%E3%84%93%E3%84%9C%CB%8A&word=%E8%9C%87"
"ㄓㄜˊ","摺","","6","待補充","https://dict.concised.moe.edu.tw/searchP.jsp?SN=%E3%84%93&SN2=%E3%84%93%E3%84%9C%CB%8A&word=%E6%91%BA"
"ㄓㄜˊ","輒","","1","待補充","https://dict.concised.moe.edu.tw/searchP.jsp?SN=%E3%84%93&SN2=%E3%84%93%E3%84%9C%CB%8A&word=%E8%BC%92"
"ㄓㄜˊ","磔","","1","待補充","https://dict.concised.moe.edu.tw/searchP.jsp?SN=%E3%84%93&SN2=%E3%84%93%E3%84%9C%CB%8A&word=%E7%A3%94"
"ㄓㄜˊ","褶","","3","待補充","https://dict.concised.moe.edu.tw/searchP.jsp?SN=%E3%84%93&SN2=%E3%84%93%E3%84%9C%CB%8A&word=%E8%A4%B6"
"ㄓㄜˊ","謫","","1","待補充","https://dict.concised.moe.edu.tw/searchP.jsp?SN=%E3%84%93&SN2=%E3%84%93%E3%84%9C%CB%8A&word=%E8%AC%AB"
"ㄓㄜˊ","轍","","1","待補充","https://dict.concised.moe.edu.tw/searchP.jsp?SN=%E3%84%93&SN2=%E3%84%93%E3%84%9C%CB%8A&word=%E8%BD%8D"
"ㄓㄜˊ","懾","","3","待補充","https://dict.concised.moe.edu.tw/searchP.jsp?SN=%E3%84%93&SN2=%E3%84%93%E3%84%9C%CB%8A&word=%E6%87%BE"
"ㄓㄜˊ","讋","","1","待補充","https://dict.concised.moe.edu.tw/searchP.jsp?SN=%E3%84%93&SN2=%E3%84%93%E3%84%9C%CB%8A&word=%E8%AE%8B"
"ㄓㄜˋ","浙","","1","待補充","https://dict.concised.moe.edu.tw/searchP.jsp?SN=%E3%84%93&SN2=%E3%84%93%E3%84%9C%CB%8B&word=%E6%B5%99"
"ㄓㄜˋ","這","","11","待補充","https://dict.concised.moe.edu.tw/searchP.jsp?SN=%E3%84%93&SN2=%E3%84%93%E3%84%9C%CB%8B&word=%E9%80%99"
"ㄓㄜˋ","蔗","","4","待補充","https://dict.concised.moe.edu.tw/searchP.jsp?SN=%E3%84%93&SN2=%E3%84%93%E3%84%9C%CB%8B&word=%E8%94%97"
"ㄓㄜˋ","鷓","","2","待補充","https://dict.concised.moe.edu.tw/searchP.jsp?SN=%E3%84%93&SN2=%E3%84%93%E3%84%9C%CB%8B&word=%E9%B7%93"
"ㄓㄞ","摘","","7","待補充","https://dict.concised.moe.edu.tw/searchP.jsp?SN=%E3%84%93&SN2=%E3%84%93%E3%84%9E&word=%E6%91%98"
"ㄓㄞ","齋","","3","待補充","https://dict.concised.moe.edu.tw/searchP.jsp?SN=%E3%84%93&SN2=%E3%84%93%E3%84%9E&word=%E9%BD%8B"
"ㄓㄞˇ","窄","","3","待補充","https://dict.concised.moe.edu.tw/searchP.jsp?SN=%E3%84%93&SN2=%E3%84%93%E3%84%9E%CB%87&word=%E7%AA%84"
"ㄓㄞˊ","宅","","5","待補充","https://dict.concised.moe.edu.tw/searchP.jsp?SN=%E3%84%93&SN2=%E3%84%93%E3%84%9E%CB%8A&word=%E5%AE%85"
"ㄓㄞˊ","翟","","1","待補充","https://dict.concised.moe.edu.tw/searchP.jsp?SN=%E3%84%93&SN2=%E3%84%93%E3%84%9E%CB%8A&word=%E7%BF%9F"
"ㄓㄞˋ","柴","","1","待補充","https://dict.concised.moe.edu.tw/searchP.jsp?SN=%E3%84%93&SN2=%E3%84%93%E3%84%9E%CB%8B&word=%E6%9F%B4"
"ㄓㄞˋ","債","","6","待補充","https://dict.concised.moe.edu.tw/searchP.jsp?SN=%E3%84%93&SN2=%E3%84%93%E3%84%9E%CB%8B&word=%E5%82%B5"
"ㄓㄞˋ","寨","","3","待補充","https://dict.concised.moe.edu.tw/searchP.jsp?SN=%E3%84%93&SN2=%E3%84%93%E3%84%9E%CB%8B&word=%E5%AF%A8"
"ㄓㄠ","招","","20","待補充","https://dict.concised.moe.edu.tw/searchP.jsp?SN=%E3%84%93&SN2=%E3%84%93%E3%84%A0&word=%E6%8B%9B"
"ㄓㄠ","昭","","7","待補充","https://dict.concised.moe.edu.tw/searchP.jsp?SN=%E3%84%93&SN2=%E3%84%93%E3%84%A0&word=%E6%98%AD"
"ㄓㄠ","釗","","1","待補充","https://dict.concised.moe.edu.tw/searchP.jsp?SN=%E3%84%93&SN2=%E3%84%93%E3%84%A0&word=%E9%87%97"
"ㄓㄠ","朝","","16","待補充","https://dict.concised.moe.edu.tw/searchP.jsp?SN=%E3%84%93&SN2=%E3%84%93%E3%84%A0&word=%E6%9C%9D"
"ㄓㄠ","著","","7","待補充","https://dict.concised.moe.edu.tw/searchP.jsp?SN=%E3%84%93&SN2=%E3%84%93%E3%84%A0&word=%E8%91%97"
"ㄓㄠˇ","爪","","4","待補充","https://dict.concised.moe.edu.tw/searchP.jsp?SN=%E3%84%93&SN2=%E3%84%93%E3%84%A0%CB%87&word=%E7%88%AA"
"ㄓㄠˇ","找","","8","待補充","https://dict.concised.moe.edu.tw/searchP.jsp?SN=%E3%84%93&SN2=%E3%84%93%E3%84%A0%CB%87&word=%E6%89%BE"
"ㄓㄠˇ","沼","","3","待補充","https://dict.concised.moe.edu.tw/searchP.jsp?SN=%E3%84%93&SN2=%E3%84%93%E3%84%A0%CB%87&word=%E6%B2%BC"
"ㄓㄠˊ","著","","5","待補充","https://dict.concised.moe.edu.tw/searchP.jsp?SN=%E3%84%93&SN2=%E3%84%93%E3%84%A0%CB%8A&word=%E8%91%97"
"ㄓㄠˋ","召","","7","待補充","https://dict.concised.moe.edu.tw/searchP.jsp?SN=%E3%84%93&SN2=%E3%84%93%E3%84%A0%CB%8B&word=%E5%8F%AC"
"ㄓㄠˋ","兆","","2","待補充","https://dict.concised.moe.edu.tw/searchP.jsp?SN=%E3%84%93&SN2=%E3%84%93%E3%84%A0%CB%8B&word=%E5%85%86"
"ㄓㄠˋ","炤","","1","待補充","https://dict.concised.moe.edu.tw/searchP.jsp?SN=%E3%84%93&SN2=%E3%84%93%E3%84%A0%CB%8B&word=%E7%82%A4"
"ㄓㄠˋ","棹","","1","待補充","https://dict.concised.moe.edu.tw/searchP.jsp?SN=%E3%84%93&SN2=%E3%84%93%E3%84%A0%CB%8B&word=%E6%A3%B9"
"ㄓㄠˋ","詔","","2","待補充","https://dict.concised.moe.edu.tw/searchP.jsp?SN=%E3%84%93&SN2=%E3%84%93%E3%84%A0%CB%8B&word=%E8%A9%94"
"ㄓㄠˋ","照","","20","待補充","https://dict.concised.moe.edu.tw/searchP.jsp?SN=%E3%84%93&SN2=%E3%84%93%E3%84%A0%CB%8B&word=%E7%85%A7"
"ㄓㄠˋ","罩","","4","待補充","https://dict.concised.moe.edu.tw/searchP.jsp?SN=%E3%84%93&SN2=%E3%84%93%E3%84%A0%CB%8B&word=%E7%BD%A9"
"ㄓㄠˋ","肇","","6","待補充","https://dict.concised.moe.edu.tw/searchP.jsp?SN=%E3%84%93&SN2=%E3%84%93%E3%84%A0%CB%8B&word=%E8%82%87"
"ㄓㄠˋ","趙","","1","待補充","https://dict.concised.moe.edu.tw/searchP.jsp?SN=%E3%84%93&SN2=%E3%84%93%E3%84%A0%CB%8B&word=%E8%B6%99"
"ㄓㄠˋ","櫂","","1","待補充","https://dict.concised.moe.edu.tw/searchP.jsp?SN=%E3%84%93&SN2=%E3%84%93%E3%84%A0%CB%8B&word=%E6%AB%82"
"ㄓㄡ","州","","2","待補充","https://dict.concised.moe.edu.tw/searchP.jsp?SN=%E3%84%93&SN2=%E3%84%93%E3%84%A1&word=%E5%B7%9E"
"ㄓㄡ","舟","","3","待補充","https://dict.concised.moe.edu.tw/searchP.jsp?SN=%E3%84%93&SN2=%E3%84%93%E3%84%A1&word=%E8%88%9F"
"ㄓㄡ","周","","20","待補充","https://dict.concised.moe.edu.tw/searchP.jsp?SN=%E3%84%93&SN2=%E3%84%93%E3%84%A1&word=%E5%91%A8"
"ㄓㄡ","洲","","2","待補充","https://dict.concised.moe.edu.tw/searchP.jsp?SN=%E3%84%93&SN2=%E3%84%93%E3%84%A1&word=%E6%B4%B2"
"ㄓㄡ","啁","","2","待補充","https://dict.concised.moe.edu.tw/searchP.jsp?SN=%E3%84%93&SN2=%E3%84%93%E3%84%A1&word=%E5%95%81"
"ㄓㄡ","粥","","2","待補充","https://dict.concised.moe.edu.tw/searchP.jsp?SN=%E3%84%93&SN2=%E3%84%93%E3%84%A1&word=%E7%B2%A5"
"ㄓㄡ","週","","11","待補充","https://dict.concised.moe.edu.tw/searchP.jsp?SN=%E3%84%93&SN2=%E3%84%93%E3%84%A1&word=%E9%80%B1"
"ㄓㄡˇ","肘","","2","待補充","https://dict.concised.moe.edu.tw/searchP.jsp?SN=%E3%84%93&SN2=%E3%84%93%E3%84%A1%CB%87&word=%E8%82%98"
"ㄓㄡˇ","帚","","1","待補充","https://dict.concised.moe.edu.tw/searchP.jsp?SN=%E3%84%93&SN2=%E3%84%93%E3%84%A1%CB%87&word=%E5%B8%9A"
"ㄓㄡˊ","妯","","2","待補充","https://dict.concised.moe.edu.tw/searchP.jsp?SN=%E3%84%93&SN2=%E3%84%93%E3%84%A1%CB%8A&word=%E5%A6%AF"
"ㄓㄡˊ","軸","","4","待補充","https://dict.concised.moe.edu.tw/searchP.jsp?SN=%E3%84%93&SN2=%E3%84%93%E3%84%A1%CB%8A&word=%E8%BB%B8"
"ㄓㄡˋ","咒","","3","待補充","https://dict.concised.moe.edu.tw/searchP.jsp?SN=%E3%84%93&SN2=%E3%84%93%E3%84%A1%CB%8B&word=%E5%92%92"
"ㄓㄡˋ","宙","","1","待補充","https://dict.concised.moe.edu.tw/searchP.jsp?SN=%E3%84%93&SN2=%E3%84%93%E3%84%A1%CB%8B&word=%E5%AE%99"
"ㄓㄡˋ","冑","","1","待補充","https://dict.concised.moe.edu.tw/searchP.jsp?SN=%E3%84%93&SN2=%E3%84%93%E3%84%A1%CB%8B&word=%E5%86%91"
"ㄓㄡˋ","紂","","1","待補充","https://dict.concised.moe.edu.tw/searchP.jsp?SN=%E3%84%93&SN2=%E3%84%93%E3%84%A1%CB%8B&word=%E7%B4%82"
"ㄓㄡˋ","胄","","1","待補充","https://dict.concised.moe.edu.tw/searchP.jsp?SN=%E3%84%93&SN2=%E3%84%93%E3%84%A1%CB%8B&word=%E8%83%84"
"ㄓㄡˋ","晝","","4","待補充","https://dict.concised.moe.edu.tw/searchP.jsp?SN=%E3%84%93&SN2=%E3%84%93%E3%84%A1%CB%8B&word=%E6%99%9D"
"ㄓㄡˋ","皺","","4","待補充","https://dict.concised.moe.edu.tw/searchP.jsp?SN=%E3%84%93&SN2=%E3%84%93%E3%84%A1%CB%8B&word=%E7%9A%BA"
"ㄓㄡˋ","縐","","1","待補充","https://dict.concised.moe.edu.tw/searchP.jsp?SN=%E3%84%93&SN2=%E3%84%93%E3%84%A1%CB%8B&word=%E7%B8%90"
"ㄓㄡˋ","籀","","1","待補充","https://dict.concised.moe.edu.tw/searchP.jsp?SN=%E3%84%93&SN2=%E3%84%93%E3%84%A1%CB%8B&word=%E7%B1%80"
"ㄓㄢ","占","","13","待補充","https://dict.concised.moe.edu.tw/searchP.jsp?SN=%E3%84%93&SN2=%E3%84%93%E3%84%A2&word=%E5%8D%A0"
"ㄓㄢ","沾","","7","待補充","https://dict.concised.moe.edu.tw/searchP.jsp?SN=%E3%84%93&SN2=%E3%84%93%E3%84%A2&word=%E6%B2%BE"
"ㄓㄢ","詹","","1","待補充","https://dict.concised.moe.edu.tw/searchP.jsp?SN=%E3%84%93&SN2=%E3%84%93%E3%84%A2&word=%E8%A9%B9"
"ㄓㄢ","霑","","1","待補充","https://dict.concised.moe.edu.tw/searchP.jsp?SN=%E3%84%93&SN2=%E3%84%93%E3%84%A2&word=%E9%9C%91"
"ㄓㄢ","氈","","2","待補充","https://dict.concised.moe.edu.tw/searchP.jsp?SN=%E3%84%93&SN2=%E3%84%93%E3%84%A2&word=%E6%B0%88"
"ㄓㄢ","邅","","1","待補充","https://dict.concised.moe.edu.tw/searchP.jsp?SN=%E3%84%93&SN2=%E3%84%93%E3%84%A2&word=%E9%82%85"
"ㄓㄢ","瞻","","3","待補充","https://dict.concised.moe.edu.tw/searchP.jsp?SN=%E3%84%93&SN2=%E3%84%93%E3%84%A2&word=%E7%9E%BB"
"ㄓㄢ","饘","","1","待補充","https://dict.concised.moe.edu.tw/searchP.jsp?SN=%E3%84%93&SN2=%E3%84%93%E3%84%A2&word=%E9%A5%98"
"ㄓㄢˇ","展","","17","待補充","https://dict.concised.moe.edu.tw/searchP.jsp?SN=%E3%84%93&SN2=%E3%84%93%E3%84%A2%CB%87&word=%E5%B1%95"
"ㄓㄢˇ","斬","","5","待補充","https://dict.concised.moe.edu.tw/searchP.jsp?SN=%E3%84%93&SN2=%E3%84%93%E3%84%A2%CB%87&word=%E6%96%AC"
"ㄓㄢˇ","盞","","1","待補充","https://dict.concised.moe.edu.tw/searchP.jsp?SN=%E3%84%93&SN2=%E3%84%93%E3%84%A2%CB%87&word=%E7%9B%9E"
"ㄓㄢˇ","嶄","","3","待補充","https://dict.concised.moe.edu.tw/searchP.jsp?SN=%E3%84%93&SN2=%E3%84%93%E3%84%A2%CB%87&word=%E5%B6%84"
"ㄓㄢˇ","颭","","1","待補充","https://dict.concised.moe.edu.tw/searchP.jsp?SN=%E3%84%93&SN2=%E3%84%93%E3%84%A2%CB%87&word=%E9%A2%AD"
"ㄓㄢˇ","輾","","2","待補充","https://dict.concised.moe.edu.tw/searchP.jsp?SN=%E3%84%93&SN2=%E3%84%93%E3%84%A2%CB%87&word=%E8%BC%BE"
"ㄓㄢˋ","占","","10","待補充","https://dict.concised.moe.edu.tw/searchP.jsp?SN=%E3%84%93&SN2=%E3%84%93%E3%84%A2%CB%8B&word=%E5%8D%A0"
"ㄓㄢˋ","佔","","1","待補充","https://dict.concised.moe.edu.tw/searchP.jsp?SN=%E3%84%93&SN2=%E3%84%93%E3%84%A2%CB%8B&word=%E4%BD%94"
"ㄓㄢˋ","站","","11","待補充","https://dict.concised.moe.edu.tw/searchP.jsp?SN=%E3%84%93&SN2=%E3%84%93%E3%84%A2%CB%8B&word=%E7%AB%99"
"ㄓㄢˋ","棧","","3","待補充","https://dict.concised.moe.edu.tw/searchP.jsp?SN=%E3%84%93&SN2=%E3%84%93%E3%84%A2%CB%8B&word=%E6%A3%A7"
"ㄓㄢˋ","湛","","2","待補充","https://dict.concised.moe.edu.tw/searchP.jsp?SN=%E3%84%93&SN2=%E3%84%93%E3%84%A2%CB%8B&word=%E6%B9%9B"
"ㄓㄢˋ","綻","","3","待補充","https://dict.concised.moe.edu.tw/searchP.jsp?SN=%E3%84%93&SN2=%E3%84%93%E3%84%A2%CB%8B&word=%E7%B6%BB"
"ㄓㄢˋ","暫","","5","待補充","https://dict.concised.moe.edu.tw/searchP.jsp?SN=%E3%84%93&SN2=%E3%84%93%E3%84%A2%CB%8B&word=%E6%9A%AB"
"ㄓㄢˋ","戰","","20","待補充","https://dict.concised.moe.edu.tw/searchP.jsp?SN=%E3%84%93&SN2=%E3%84%93%E3%84%A2%CB%8B&word=%E6%88%B0"
"ㄓㄢˋ","顫","","7","待補充","https://dict.concised.moe.edu.tw/searchP.jsp?SN=%E3%84%93&SN2=%E3%84%93%E3%84%A2%CB%8B&word=%E9%A1%AB"
"ㄓㄢˋ","蘸","","1","待補充","https://dict.concised.moe.edu.tw/searchP.jsp?SN=%E3%84%93&SN2=%E3%84%93%E3%84%A2%CB%8B&word=%E8%98%B8"
"ㄓㄣ","珍","","17","待補充","https://dict.concised.moe.edu.tw/searchP.jsp?SN=%E3%84%93&SN2=%E3%84%93%E3%84%A3&word=%E7%8F%8D"
"ㄓㄣ","貞","","4","待補充","https://dict.concised.moe.edu.tw/searchP.jsp?SN=%E3%84%93&SN2=%E3%84%93%E3%84%A3&word=%E8%B2%9E"
"ㄓㄣ","真","","20","待補充","https://dict.concised.moe.edu.tw/searchP.jsp?SN=%E3%84%93&SN2=%E3%84%93%E3%84%A3&word=%E7%9C%9F"
"ㄓㄣ","砧","","2","待補充","https://dict.concised.moe.edu.tw/searchP.jsp?SN=%E3%84%93&SN2=%E3%84%93%E3%84%A3&word=%E7%A0%A7"
"ㄓㄣ","針","","11","待補充","https://dict.concised.moe.edu.tw/searchP.jsp?SN=%E3%84%93&SN2=%E3%84%93%E3%84%A3&word=%E9%87%9D"
"ㄓㄣ","偵","","13","待補充","https://dict.concised.moe.edu.tw/searchP.jsp?SN=%E3%84%93&SN2=%E3%84%93%E3%84%A3&word=%E5%81%B5"
"ㄓㄣ","斟","","2","待補充","https://dict.concised.moe.edu.tw/searchP.jsp?SN=%E3%84%93&SN2=%E3%84%93%E3%84%A3&word=%E6%96%9F"
"ㄓㄣ","椹","","1","待補充","https://dict.concised.moe.edu.tw/searchP.jsp?SN=%E3%84%93&SN2=%E3%84%93%E3%84%A3&word=%E6%A4%B9"
"ㄓㄣ","楨","","1","待補充","https://dict.concised.moe.edu.tw/searchP.jsp?SN=%E3%84%93&SN2=%E3%84%93%E3%84%A3&word=%E6%A5%A8"
"ㄓㄣ","榛","","1","待補充","https://dict.concised.moe.edu.tw/searchP.jsp?SN=%E3%84%93&SN2=%E3%84%93%E3%84%A3&word=%E6%A6%9B"
"ㄓㄣ","甄","","6","待補充","https://dict.concised.moe.edu.tw/searchP.jsp?SN=%E3%84%93&SN2=%E3%84%93%E3%84%A3&word=%E7%94%84"
"ㄓㄣ","禎","","2","待補充","https://dict.concised.moe.edu.tw/searchP.jsp?SN=%E3%84%93&SN2=%E3%84%93%E3%84%A3&word=%E7%A6%8E"
"ㄓㄣ","蓁","","1","待補充","https://dict.concised.moe.edu.tw/searchP.jsp?SN=%E3%84%93&SN2=%E3%84%93%E3%84%A3&word=%E8%93%81"
"ㄓㄣ","箴","","2","待補充","https://dict.concised.moe.edu.tw/searchP.jsp?SN=%E3%84%93&SN2=%E3%84%93%E3%84%A3&word=%E7%AE%B4"
"ㄓㄣ","臻","","1","待補充","https://dict.concised.moe.edu.tw/searchP.jsp?SN=%E3%84%93&SN2=%E3%84%93%E3%84%A3&word=%E8%87%BB"
"ㄓㄣˇ","枕","","4","待補充","https://dict.concised.moe.edu.tw/searchP.jsp?SN=%E3%84%93&SN2=%E3%84%93%E3%84%A3%CB%87&word=%E6%9E%95"
"ㄓㄣˇ","畛","","2","待補充","https://dict.concised.moe.edu.tw/searchP.jsp?SN=%E3%84%93&SN2=%E3%84%93%E3%84%A3%CB%87&word=%E7%95%9B"
"ㄓㄣˇ","疹","","2","待補充","https://dict.concised.moe.edu.tw/searchP.jsp?SN=%E3%84%93&SN2=%E3%84%93%E3%84%A3%CB%87&word=%E7%96%B9"
"ㄓㄣˇ","診","","7","待補充","https://dict.concised.moe.edu.tw/searchP.jsp?SN=%E3%84%93&SN2=%E3%84%93%E3%84%A3%CB%87&word=%E8%A8%BA"
"ㄓㄣˇ","軫","","1","待補充","https://dict.concised.moe.edu.tw/searchP.jsp?SN=%E3%84%93&SN2=%E3%84%93%E3%84%A3%CB%87&word=%E8%BB%AB"
"ㄓㄣˇ","稹","","1","待補充","https://dict.concised.moe.edu.tw/searchP.jsp?SN=%E3%84%93&SN2=%E3%84%93%E3%84%A3%CB%87&word=%E7%A8%B9"
"ㄓㄣˇ","縝","","2","待補充","https://dict.concised.moe.edu.tw/searchP.jsp?SN=%E3%84%93&SN2=%E3%84%93%E3%84%A3%CB%87&word=%E7%B8%9D"
"ㄓㄣˋ","圳","","1","待補充","https://dict.concised.moe.edu.tw/searchP.jsp?SN=%E3%84%93&SN2=%E3%84%93%E3%84%A3%CB%8B&word=%E5%9C%B3"
"ㄓㄣˋ","枕","","3","待補充","https://dict.concised.moe.edu.tw/searchP.jsp?SN=%E3%84%93&SN2=%E3%84%93%E3%84%A3%CB%8B&word=%E6%9E%95"
"ㄓㄣˋ","振","","12","待補充","https://dict.concised.moe.edu.tw/searchP.jsp?SN=%E3%84%93&SN2=%E3%84%93%E3%84%A3%CB%8B&word=%E6%8C%AF"
"ㄓㄣˋ","朕","","2","待補充","https://dict.concised.moe.edu.tw/searchP.jsp?SN=%E3%84%93&SN2=%E3%84%93%E3%84%A3%CB%8B&word=%E6%9C%95"
"ㄓㄣˋ","陣","","14","待補充","https://dict.concised.moe.edu.tw/searchP.jsp?SN=%E3%84%93&SN2=%E3%84%93%E3%84%A3%CB%8B&word=%E9%99%A3"
"ㄓㄣˋ","賑","","4","待補充","https://dict.concised.moe.edu.tw/searchP.jsp?SN=%E3%84%93&SN2=%E3%84%93%E3%84%A3%CB%8B&word=%E8%B3%91"
"ㄓㄣˋ","震","","15","待補充","https://dict.concised.moe.edu.tw/searchP.jsp?SN=%E3%84%93&SN2=%E3%84%93%E3%84%A3%CB%8B&word=%E9%9C%87"
"ㄓㄣˋ","鴆","","1","待補充","https://dict.concised.moe.edu.tw/searchP.jsp?SN=%E3%84%93&SN2=%E3%84%93%E3%84%A3%CB%8B&word=%E9%B4%86"
"ㄓㄣˋ","鎮","","12","待補充","https://dict.concised.moe.edu.tw/searchP.jsp?SN=%E3%84%93&SN2=%E3%84%93%E3%84%A3%CB%8B&word=%E9%8E%AE"
"ㄓㄤ","張","","16","待補充","https://dict.concised.moe.edu.tw/searchP.jsp?SN=%E3%84%93&SN2=%E3%84%93%E3%84%A4&word=%E5%BC%B5"
"ㄓㄤ","章","","7","待補充","https://dict.concised.moe.edu.tw/searchP.jsp?SN=%E3%84%93&SN2=%E3%84%93%E3%84%A4&word=%E7%AB%A0"
"ㄓㄤ","彰","","2","待補充","https://dict.concised.moe.edu.tw/searchP.jsp?SN=%E3%84%93&SN2=%E3%84%93%E3%84%A4&word=%E5%BD%B0"
"ㄓㄤ","漳","","2","待補充","https://dict.concised.moe.edu.tw/searchP.jsp?SN=%E3%84%93&SN2=%E3%84%93%E3%84%A4&word=%E6%BC%B3"
"ㄓㄤ","獐","","2","待補充","https://dict.concised.moe.edu.tw/searchP.jsp?SN=%E3%84%93&SN2=%E3%84%93%E3%84%A4&word=%E7%8D%90"
"ㄓㄤ","樟","","4","待補充","https://dict.concised.moe.edu.tw/searchP.jsp?SN=%E3%84%93&SN2=%E3%84%93%E3%84%A4&word=%E6%A8%9F"
"ㄓㄤ","璋","","1","待補充","https://dict.concised.moe.edu.tw/searchP.jsp?SN=%E3%84%93&SN2=%E3%84%93%E3%84%A4&word=%E7%92%8B"
"ㄓㄤ","蟑","","2","待補充","https://dict.concised.moe.edu.tw/searchP.jsp?SN=%E3%84%93&SN2=%E3%84%93%E3%84%A4&word=%E8%9F%91"
"ㄓㄤˇ","仉","","1","待補充","https://dict.concised.moe.edu.tw/searchP.jsp?SN=%E3%84%93&SN2=%E3%84%93%E3%84%A4%CB%87&word=%E4%BB%89"
"ㄓㄤˇ","長","","10","待補充","https://dict.concised.moe.edu.tw/searchP.jsp?SN=%E3%84%93&SN2=%E3%84%93%E3%84%A4%CB%87&word=%E9%95%B7"
"ㄓㄤˇ","掌","","18","待補充","https://dict.concised.moe.edu.tw/searchP.jsp?SN=%E3%84%93&SN2=%E3%84%93%E3%84%A4%CB%87&word=%E6%8E%8C"
"ㄓㄤˇ","漲","","11","待補充","https://dict.concised.moe.edu.tw/searchP.jsp?SN=%E3%84%93&SN2=%E3%84%93%E3%84%A4%CB%87&word=%E6%BC%B2"
"ㄓㄤˋ","丈","","5","待補充","https://dict.concised.moe.edu.tw/searchP.jsp?SN=%E3%84%93&SN2=%E3%84%93%E3%84%A4%CB%8B&word=%E4%B8%88"
"ㄓㄤˋ","仗","","6","待補充","https://dict.concised.moe.edu.tw/searchP.jsp?SN=%E3%84%93&SN2=%E3%84%93%E3%84%A4%CB%8B&word=%E4%BB%97"
"ㄓㄤˋ","杖","","1","待補充","https://dict.concised.moe.edu.tw/searchP.jsp?SN=%E3%84%93&SN2=%E3%84%93%E3%84%A4%CB%8B&word=%E6%9D%96"
"ㄓㄤˋ","帳","","11","待補充","https://dict.concised.moe.edu.tw/searchP.jsp?SN=%E3%84%93&SN2=%E3%84%93%E3%84%A4%CB%8B&word=%E5%B8%B3"
"ㄓㄤˋ","脹","","1","待補充","https://dict.concised.moe.edu.tw/searchP.jsp?SN=%E3%84%93&SN2=%E3%84%93%E3%84%A4%CB%8B&word=%E8%84%B9"
"ㄓㄤˋ","嶂","","1","待補充","https://dict.concised.moe.edu.tw/searchP.jsp?SN=%E3%84%93&SN2=%E3%84%93%E3%84%A4%CB%8B&word=%E5%B6%82"
"ㄓㄤˋ","幛","","1","待補充","https://dict.concised.moe.edu.tw/searchP.jsp?SN=%E3%84%93&SN2=%E3%84%93%E3%84%A4%CB%8B&word=%E5%B9%9B"
"ㄓㄤˋ","漲","","1","待補充","https://dict.concised.moe.edu.tw/searchP.jsp?SN=%E3%84%93&SN2=%E3%84%93%E3%84%A4%CB%8B&word=%E6%BC%B2"
"ㄓㄤˋ","障","","4","待補充","https://dict.concised.moe.edu.tw/searchP.jsp?SN=%E3%84%93&SN2=%E3%84%93%E3%84%A4%CB%8B&word=%E9%9A%9C"
"ㄓㄤˋ","賬","","1","待補充","https://dict.concised.moe.edu.tw/searchP.jsp?SN=%E3%84%93&SN2=%E3%84%93%E3%84%A4%CB%8B&word=%E8%B3%AC"
"ㄓㄤˋ","瘴","","2","待補充","https://dict.concised.moe.edu.tw/searchP.jsp?SN=%E3%84%93&SN2=%E3%84%93%E3%84%A4%CB%8B&word=%E7%98%B4"
"ㄓㄥ","正","","18","待補充","https://dict.concised.moe.edu.tw/searchP.jsp?SN=%E3%84%93&SN2=%E3%84%93%E3%84%A5&word=%E6%AD%A3"
"ㄓㄥ","征","","6","待補充","https://dict.concised.moe.edu.tw/searchP.jsp?SN=%E3%84%93&SN2=%E3%84%93%E3%84%A5&word=%E5%BE%81"
"ㄓㄥ","怔","","3","待補充","https://dict.concised.moe.edu.tw/searchP.jsp?SN=%E3%84%93&SN2=%E3%84%93%E3%84%A5&word=%E6%80%94"
"ㄓㄥ","爭","","20","待補充","https://dict.concised.moe.edu.tw/searchP.jsp?SN=%E3%84%93&SN2=%E3%84%93%E3%84%A5&word=%E7%88%AD"
"ㄓㄥ","烝","","1","待補充","https://dict.concised.moe.edu.tw/searchP.jsp?SN=%E3%84%93&SN2=%E3%84%93%E3%84%A5&word=%E7%83%9D"
"ㄓㄥ","崢","","2","待補充","https://dict.concised.moe.edu.tw/searchP.jsp?SN=%E3%84%93&SN2=%E3%84%93%E3%84%A5&word=%E5%B4%A2"
"ㄓㄥ","掙","","3","待補充","https://dict.concised.moe.edu.tw/searchP.jsp?SN=%E3%84%93&SN2=%E3%84%93%E3%84%A5&word=%E6%8E%99"
"ㄓㄥ","猙","","2","待補充","https://dict.concised.moe.edu.tw/searchP.jsp?SN=%E3%84%93&SN2=%E3%84%93%E3%84%A5&word=%E7%8C%99"
"ㄓㄥ","睜","","3","待補充","https://dict.concised.moe.edu.tw/searchP.jsp?SN=%E3%84%93&SN2=%E3%84%93%E3%84%A5&word=%E7%9D%9C"
"ㄓㄥ","鉦","","1","待補充","https://dict.concised.moe.edu.tw/searchP.jsp?SN=%E3%84%93&SN2=%E3%84%93%E3%84%A5&word=%E9%89%A6"
"ㄓㄥ","蒸","","12","待補充","https://dict.concised.moe.edu.tw/searchP.jsp?SN=%E3%84%93&SN2=%E3%84%93%E3%84%A5&word=%E8%92%B8"
"ㄓㄥ","箏","","1","待補充","https://dict.concised.moe.edu.tw/searchP.jsp?SN=%E3%84%93&SN2=%E3%84%93%E3%84%A5&word=%E7%AE%8F"
"ㄓㄥ","徵","","20","待補充","https://dict.concised.moe.edu.tw/searchP.jsp?SN=%E3%84%93&SN2=%E3%84%93%E3%84%A5&word=%E5%BE%B5"
"ㄓㄥ","諍","","3","待補充","https://dict.concised.moe.edu.tw/searchP.jsp?SN=%E3%84%93&SN2=%E3%84%93%E3%84%A5&word=%E8%AB%8D"
"ㄓㄥ","錚","","1","待補充","https://dict.concised.moe.edu.tw/searchP.jsp?SN=%E3%84%93&SN2=%E3%84%93%E3%84%A5&word=%E9%8C%9A"
"ㄓㄥ","癥","","2","待補充","https://dict.concised.moe.edu.tw/searchP.jsp?SN=%E3%84%93&SN2=%E3%84%93%E3%84%A5&word=%E7%99%A5"
"ㄓㄥˇ","拯","","2","待補充","https://dict.concised.moe.edu.tw/searchP.jsp?SN=%E3%84%93&SN2=%E3%84%93%E3%84%A5%CB%87&word=%E6%8B%AF"
"ㄓㄥˇ","整","","20","待補充","https://dict.concised.moe.edu.tw/searchP.jsp?SN=%E3%84%93&SN2=%E3%84%93%E3%84%A5%CB%87&word=%E6%95%B4"
"ㄓㄥˋ","正","","19","待補充","https://dict.concised.moe.edu.tw/searchP.jsp?SN=%E3%84%93&SN2=%E3%84%93%E3%84%A5%CB%8B&word=%E6%AD%A3"
"ㄓㄥˋ","政","","20","待補充","https://dict.concised.moe.edu.tw/searchP.jsp?SN=%E3%84%93&SN2=%E3%84%93%E3%84%A5%CB%8B&word=%E6%94%BF"
"ㄓㄥˋ","症","","4","待補充","https://dict.concised.moe.edu.tw/searchP.jsp?SN=%E3%84%93&SN2=%E3%84%93%E3%84%A5%CB%8B&word=%E7%97%87"
"ㄓㄥˋ","掙","","1","待補充","https://dict.concised.moe.edu.tw/searchP.jsp?SN=%E3%84%93&SN2=%E3%84%93%E3%84%A5%CB%8B&word=%E6%8E%99"
"ㄓㄥˋ","幀","","1","待補充","https://dict.concised.moe.edu.tw/searchP.jsp?SN=%E3%84%93&SN2=%E3%84%93%E3%84%A5%CB%8B&word=%E5%B9%80"
"ㄓㄥˋ","証","","1","待補充","https://dict.concised.moe.edu.tw/searchP.jsp?SN=%E3%84%93&SN2=%E3%84%93%E3%84%A5%CB%8B&word=%E8%A8%BC"
"ㄓㄥˋ","鄭","","2","待補充","https://dict.concised.moe.edu.tw/searchP.jsp?SN=%E3%84%93&SN2=%E3%84%93%E3%84%A5%CB%8B&word=%E9%84%AD"
"ㄓㄥˋ","證","","18","待補充","https://dict.concised.moe.edu.tw/searchP.jsp?SN=%E3%84%93&SN2=%E3%84%93%E3%84%A5%CB%8B&word=%E8%AD%89"
"ㄓㄨ","朱","","7","待補充","https://dict.concised.moe.edu.tw/searchP.jsp?SN=%E3%84%93&SN2=%E3%84%93%E3%84%A8&word=%E6%9C%B1"
"ㄓㄨ","侏","","1","待補充","https://dict.concised.moe.edu.tw/searchP.jsp?SN=%E3%84%93&SN2=%E3%84%93%E3%84%A8&word=%E4%BE%8F"
"ㄓㄨ","洙","","1","待補充","https://dict.concised.moe.edu.tw/searchP.jsp?SN=%E3%84%93&SN2=%E3%84%93%E3%84%A8&word=%E6%B4%99"
"ㄓㄨ","株","","3","待補充","https://dict.concised.moe.edu.tw/searchP.jsp?SN=%E3%84%93&SN2=%E3%84%93%E3%84%A8&word=%E6%A0%AA"
"ㄓㄨ","珠","","11","待補充","https://dict.concised.moe.edu.tw/searchP.jsp?SN=%E3%84%93&SN2=%E3%84%93%E3%84%A8&word=%E7%8F%A0"
"ㄓㄨ","茱","","2","待補充","https://dict.concised.moe.edu.tw/searchP.jsp?SN=%E3%84%93&SN2=%E3%84%93%E3%84%A8&word=%E8%8C%B1"
"ㄓㄨ","硃","","3","待補充","https://dict.concised.moe.edu.tw/searchP.jsp?SN=%E3%84%93&SN2=%E3%84%93%E3%84%A8&word=%E7%A1%83"
"ㄓㄨ","蛛","","3","待補充","https://dict.concised.moe.edu.tw/searchP.jsp?SN=%E3%84%93&SN2=%E3%84%93%E3%84%A8&word=%E8%9B%9B"
"ㄓㄨ","誅","","1","待補充","https://dict.concised.moe.edu.tw/searchP.jsp?SN=%E3%84%93&SN2=%E3%84%93%E3%84%A8&word=%E8%AA%85"
"ㄓㄨ","銖","","1","待補充","https://dict.concised.moe.edu.tw/searchP.jsp?SN=%E3%84%93&SN2=%E3%84%93%E3%84%A8&word=%E9%8A%96"
"ㄓㄨ","諸","","9","待補充","https://dict.concised.moe.edu.tw/searchP.jsp?SN=%E3%84%93&SN2=%E3%84%93%E3%84%A8&word=%E8%AB%B8"
"ㄓㄨ","豬","","8","待補充","https://dict.concised.moe.edu.tw/searchP.jsp?SN=%E3%84%93&SN2=%E3%84%93%E3%84%A8&word=%E8%B1%AC"
"ㄓㄨ","瀦","","2","待補充","https://dict.concised.moe.edu.tw/searchP.jsp?SN=%E3%84%93&SN2=%E3%84%93%E3%84%A8&word=%E7%80%A6"
"ㄓㄨ","櫫","","1","待補充","https://dict.concised.moe.edu.tw/searchP.jsp?SN=%E3%84%93&SN2=%E3%84%93%E3%84%A8&word=%E6%AB%AB"
"ㄓㄨ","藷","","2","待補充","https://dict.concised.moe.edu.tw/searchP.jsp?SN=%E3%84%93&SN2=%E3%84%93%E3%84%A8&word=%E8%97%B7"
"ㄓㄨˇ","主","","20","待補充","https://dict.concised.moe.edu.tw/searchP.jsp?SN=%E3%84%93&SN2=%E3%84%93%E3%84%A8%CB%87&word=%E4%B8%BB"
"ㄓㄨˇ","拄","","1","待補充","https://dict.concised.moe.edu.tw/searchP.jsp?SN=%E3%84%93&SN2=%E3%84%93%E3%84%A8%CB%87&word=%E6%8B%84"
"ㄓㄨˇ","渚","","1","待補充","https://dict.concised.moe.edu.tw/searchP.jsp?SN=%E3%84%93&SN2=%E3%84%93%E3%84%A8%CB%87&word=%E6%B8%9A"
"ㄓㄨˇ","煮","","4","待補充","https://dict.concised.moe.edu.tw/searchP.jsp?SN=%E3%84%93&SN2=%E3%84%93%E3%84%A8%CB%87&word=%E7%85%AE"
"ㄓㄨˇ","貯","","5","待補充","https://dict.concised.moe.edu.tw/searchP.jsp?SN=%E3%84%93&SN2=%E3%84%93%E3%84%A8%CB%87&word=%E8%B2%AF"
"ㄓㄨˇ","麈","","2","待補充","https://dict.concised.moe.edu.tw/searchP.jsp?SN=%E3%84%93&SN2=%E3%84%93%E3%84%A8%CB%87&word=%E9%BA%88"
"ㄓㄨˇ","屬","","2","待補充","https://dict.concised.moe.edu.tw/searchP.jsp?SN=%E3%84%93&SN2=%E3%84%93%E3%84%A8%CB%87&word=%E5%B1%AC"
"ㄓㄨˇ","囑","","3","待補充","https://dict.concised.moe.edu.tw/searchP.jsp?SN=%E3%84%93&SN2=%E3%84%93%E3%84%A8%CB%87&word=%E5%9B%91"
"ㄓㄨˇ","矚","","3","待補充","https://dict.concised.moe.edu.tw/searchP.jsp?SN=%E3%84%93&SN2=%E3%84%93%E3%84%A8%CB%87&word=%E7%9F%9A"
"ㄓㄨˊ","朮","","1","待補充","https://dict.concised.moe.edu.tw/searchP.jsp?SN=%E3%84%93&SN2=%E3%84%93%E3%84%A8%CB%8A&word=%E6%9C%AE"
"ㄓㄨˊ","竹","","19","待補充","https://dict.concised.moe.edu.tw/searchP.jsp?SN=%E3%84%93&SN2=%E3%84%93%E3%84%A8%CB%8A&word=%E7%AB%B9"
"ㄓㄨˊ","竺","","1","待補充","https://dict.concised.moe.edu.tw/searchP.jsp?SN=%E3%84%93&SN2=%E3%84%93%E3%84%A8%CB%8A&word=%E7%AB%BA"
"ㄓㄨˊ","舳","","3","待補充","https://dict.concised.moe.edu.tw/searchP.jsp?SN=%E3%84%93&SN2=%E3%84%93%E3%84%A8%CB%8A&word=%E8%88%B3"
"ㄓㄨˊ","逐","","15","待補充","https://dict.concised.moe.edu.tw/searchP.jsp?SN=%E3%84%93&SN2=%E3%84%93%E3%84%A8%CB%8A&word=%E9%80%90"
"ㄓㄨˊ","筑","","1","待補充","https://dict.concised.moe.edu.tw/searchP.jsp?SN=%E3%84%93&SN2=%E3%84%93%E3%84%A8%CB%8A&word=%E7%AD%91"
"ㄓㄨˊ","築","","4","待補充","https://dict.concised.moe.edu.tw/searchP.jsp?SN=%E3%84%93&SN2=%E3%84%93%E3%84%A8%CB%8A&word=%E7%AF%89"
"ㄓㄨˊ","燭","","4","待補充","https://dict.concised.moe.edu.tw/searchP.jsp?SN=%E3%84%93&SN2=%E3%84%93%E3%84%A8%CB%8A&word=%E7%87%AD"
"ㄓㄨˊ","躅","","1","待補充","https://dict.concised.moe.edu.tw/searchP.jsp?SN=%E3%84%93&SN2=%E3%84%93%E3%84%A8%CB%8A&word=%E8%BA%85"
"ㄓㄨˋ","佇","","4","待補充","https://dict.concised.moe.edu.tw/searchP.jsp?SN=%E3%84%93&SN2=%E3%84%93%E3%84%A8%CB%8B&word=%E4%BD%87"
"ㄓㄨˋ","住","","12","待補充","https://dict.concised.moe.edu.tw/searchP.jsp?SN=%E3%84%93&SN2=%E3%84%93%E3%84%A8%CB%8B&word=%E4%BD%8F"
"ㄓㄨˋ","助","","18","待補充","https://dict.concised.moe.edu.tw/searchP.jsp?SN=%E3%84%93&SN2=%E3%84%93%E3%84%A8%CB%8B&word=%E5%8A%A9"
"ㄓㄨˋ","杼","","1","待補充","https://dict.concised.moe.edu.tw/searchP.jsp?SN=%E3%84%93&SN2=%E3%84%93%E3%84%A8%CB%8B&word=%E6%9D%BC"
"ㄓㄨˋ","注","","14","待補充","https://dict.concised.moe.edu.tw/searchP.jsp?SN=%E3%84%93&SN2=%E3%84%93%E3%84%A8%CB%8B&word=%E6%B3%A8"
"ㄓㄨˋ","柱","","4","待補充","https://dict.concised.moe.edu.tw/searchP.jsp?SN=%E3%84%93&SN2=%E3%84%93%E3%84%A8%CB%8B&word=%E6%9F%B1"
"ㄓㄨˋ","炷","","2","待補充","https://dict.concised.moe.edu.tw/searchP.jsp?SN=%E3%84%93&SN2=%E3%84%93%E3%84%A8%CB%8B&word=%E7%82%B7"
"ㄓㄨˋ","苧","","2","待補充","https://dict.concised.moe.edu.tw/searchP.jsp?SN=%E3%84%93&SN2=%E3%84%93%E3%84%A8%CB%8B&word=%E8%8B%A7"
"ㄓㄨˋ","祝","","7","待補充","https://dict.concised.moe.edu.tw/searchP.jsp?SN=%E3%84%93&SN2=%E3%84%93%E3%84%A8%CB%8B&word=%E7%A5%9D"
"ㄓㄨˋ","蛀","","3","待補充","https://dict.concised.moe.edu.tw/searchP.jsp?SN=%E3%84%93&SN2=%E3%84%93%E3%84%A8%CB%8B&word=%E8%9B%80"
"ㄓㄨˋ","粥","","2","待補充","https://dict.concised.moe.edu.tw/searchP.jsp?SN=%E3%84%93&SN2=%E3%84%93%E3%84%A8%CB%8B&word=%E7%B2%A5"
"ㄓㄨˋ","著","","8","待補充","https://dict.concised.moe.edu.tw/searchP.jsp?SN=%E3%84%93&SN2=%E3%84%93%E3%84%A8%CB%8B&word=%E8%91%97"
"ㄓㄨˋ","註","","6","待補充","https://dict.concised.moe.edu.tw/searchP.jsp?SN=%E3%84%93&SN2=%E3%84%93%E3%84%A8%CB%8B&word=%E8%A8%BB"
"ㄓㄨˋ","箸","","1","待補充","https://dict.concised.moe.edu.tw/searchP.jsp?SN=%E3%84%93&SN2=%E3%84%93%E3%84%A8%CB%8B&word=%E7%AE%B8"
"ㄓㄨˋ","駐","","15","待補充","https://dict.concised.moe.edu.tw/searchP.jsp?SN=%E3%84%93&SN2=%E3%84%93%E3%84%A8%CB%8B&word=%E9%A7%90"
"ㄓㄨˋ","鑄","","5","待補充","https://dict.concised.moe.edu.tw/searchP.jsp?SN=%E3%84%93&SN2=%E3%84%93%E3%84%A8%CB%8B&word=%E9%91%84"
"ㄓㄨㄚ","抓","","10","待補充","https://dict.concised.moe.edu.tw/searchP.jsp?SN=%E3%84%93&SN2=%E3%84%93%E3%84%A8%E3%84%9A&word=%E6%8A%93"
"ㄓㄨㄚˇ","爪","","2","待補充","https://dict.concised.moe.edu.tw/searchP.jsp?SN=%E3%84%93&SN2=%E3%84%93%E3%84%A8%E3%84%9A%CB%87&word=%E7%88%AA"
"ㄓㄨㄛ","捉","","10","待補充","https://dict.concised.moe.edu.tw/searchP.jsp?SN=%E3%84%93&SN2=%E3%84%93%E3%84%A8%E3%84%9B&word=%E6%8D%89"
"ㄓㄨㄛ","桌","桌子","6","已有可用詞","https://dict.concised.moe.edu.tw/searchP.jsp?SN=%E3%84%93&SN2=%E3%84%93%E3%84%A8%E3%84%9B&word=%E6%A1%8C"
"ㄓㄨㄛ","棹","","1","待補充","https://dict.concised.moe.edu.tw/searchP.jsp?SN=%E3%84%93&SN2=%E3%84%93%E3%84%A8%E3%84%9B&word=%E6%A3%B9"
"ㄓㄨㄛˊ","勺","","1","待補充","https://dict.concised.moe.edu.tw/searchP.jsp?SN=%E3%84%93&SN2=%E3%84%93%E3%84%A8%E3%84%9B%CB%8A&word=%E5%8B%BA"
"ㄓㄨㄛˊ","灼","","5","待補充","https://dict.concised.moe.edu.tw/searchP.jsp?SN=%E3%84%93&SN2=%E3%84%93%E3%84%A8%E3%84%9B%CB%8A&word=%E7%81%BC"
"ㄓㄨㄛˊ","卓","","7","待補充","https://dict.concised.moe.edu.tw/searchP.jsp?SN=%E3%84%93&SN2=%E3%84%93%E3%84%A8%E3%84%9B%CB%8A&word=%E5%8D%93"
"ㄓㄨㄛˊ","拙","","5","待補充","https://dict.concised.moe.edu.tw/searchP.jsp?SN=%E3%84%93&SN2=%E3%84%93%E3%84%A8%E3%84%9B%CB%8A&word=%E6%8B%99"
"ㄓㄨㄛˊ","茁","","2","待補充","https://dict.concised.moe.edu.tw/searchP.jsp?SN=%E3%84%93&SN2=%E3%84%93%E3%84%A8%E3%84%9B%CB%8A&word=%E8%8C%81"
"ㄓㄨㄛˊ","浞","","1","待補充","https://dict.concised.moe.edu.tw/searchP.jsp?SN=%E3%84%93&SN2=%E3%84%93%E3%84%A8%E3%84%9B%CB%8A&word=%E6%B5%9E"
"ㄓㄨㄛˊ","酌","","3","待補充","https://dict.concised.moe.edu.tw/searchP.jsp?SN=%E3%84%93&SN2=%E3%84%93%E3%84%A8%E3%84%9B%CB%8A&word=%E9%85%8C"
"ㄓㄨㄛˊ","啄","","4","待補充","https://dict.concised.moe.edu.tw/searchP.jsp?SN=%E3%84%93&SN2=%E3%84%93%E3%84%A8%E3%84%9B%CB%8A&word=%E5%95%84"
"ㄓㄨㄛˊ","琢","","2","待補充","https://dict.concised.moe.edu.tw/searchP.jsp?SN=%E3%84%93&SN2=%E3%84%93%E3%84%A8%E3%84%9B%CB%8A&word=%E7%90%A2"
"ㄓㄨㄛˊ","著","","10","待補充","https://dict.concised.moe.edu.tw/searchP.jsp?SN=%E3%84%93&SN2=%E3%84%93%E3%84%A8%E3%84%9B%CB%8A&word=%E8%91%97"
"ㄓㄨㄛˊ","斲","","1","待補充","https://dict.concised.moe.edu.tw/searchP.jsp?SN=%E3%84%93&SN2=%E3%84%93%E3%84%A8%E3%84%9B%CB%8A&word=%E6%96%B2"
"ㄓㄨㄛˊ","濁","","3","待補充","https://dict.concised.moe.edu.tw/searchP.jsp?SN=%E3%84%93&SN2=%E3%84%93%E3%84%A8%E3%84%9B%CB%8A&word=%E6%BF%81"
"ㄓㄨㄛˊ","擢","","2","待補充","https://dict.concised.moe.edu.tw/searchP.jsp?SN=%E3%84%93&SN2=%E3%84%93%E3%84%A8%E3%84%9B%CB%8A&word=%E6%93%A2"
"ㄓㄨㄛˊ","濯","","2","待補充","https://dict.concised.moe.edu.tw/searchP.jsp?SN=%E3%84%93&SN2=%E3%84%93%E3%84%A8%E3%84%9B%CB%8A&word=%E6%BF%AF"
"ㄓㄨㄛˊ","繳","","1","待補充","https://dict.concised.moe.edu.tw/searchP.jsp?SN=%E3%84%93&SN2=%E3%84%93%E3%84%A8%E3%84%9B%CB%8A&word=%E7%B9%B3"
"ㄓㄨㄛˊ","鐲","","2","待補充","https://dict.concised.moe.edu.tw/searchP.jsp?SN=%E3%84%93&SN2=%E3%84%93%E3%84%A8%E3%84%9B%CB%8A&word=%E9%90%B2"
"ㄓㄨㄞˇ","跩","","1","待補充","https://dict.concised.moe.edu.tw/searchP.jsp?SN=%E3%84%93&SN2=%E3%84%93%E3%84%A8%E3%84%9E%CB%87&word=%E8%B7%A9"
"ㄓㄨㄞˋ","拽","","1","待補充","https://dict.concised.moe.edu.tw/searchP.jsp?SN=%E3%84%93&SN2=%E3%84%93%E3%84%A8%E3%84%9E%CB%8B&word=%E6%8B%BD"
"ㄓㄨㄟ","隹","","1","待補充","https://dict.concised.moe.edu.tw/searchP.jsp?SN=%E3%84%93&SN2=%E3%84%93%E3%84%A8%E3%84%9F&word=%E9%9A%B9"
"ㄓㄨㄟ","追","","20","待補充","https://dict.concised.moe.edu.tw/searchP.jsp?SN=%E3%84%93&SN2=%E3%84%93%E3%84%A8%E3%84%9F&word=%E8%BF%BD"
"ㄓㄨㄟ","椎","","3","待補充","https://dict.concised.moe.edu.tw/searchP.jsp?SN=%E3%84%93&SN2=%E3%84%93%E3%84%A8%E3%84%9F&word=%E6%A4%8E"
"ㄓㄨㄟ","錐","","3","待補充","https://dict.concised.moe.edu.tw/searchP.jsp?SN=%E3%84%93&SN2=%E3%84%93%E3%84%A8%E3%84%9F&word=%E9%8C%90"
"ㄓㄨㄟ","騅","","1","待補充","https://dict.concised.moe.edu.tw/searchP.jsp?SN=%E3%84%93&SN2=%E3%84%93%E3%84%A8%E3%84%9F&word=%E9%A8%85"
"ㄓㄨㄟˋ","惴","","2","待補充","https://dict.concised.moe.edu.tw/searchP.jsp?SN=%E3%84%93&SN2=%E3%84%93%E3%84%A8%E3%84%9F%CB%8B&word=%E6%83%B4"
"ㄓㄨㄟˋ","綴","","3","待補充","https://dict.concised.moe.edu.tw/searchP.jsp?SN=%E3%84%93&SN2=%E3%84%93%E3%84%A8%E3%84%9F%CB%8B&word=%E7%B6%B4"
"ㄓㄨㄟˋ","墜","","5","待補充","https://dict.concised.moe.edu.tw/searchP.jsp?SN=%E3%84%93&SN2=%E3%84%93%E3%84%A8%E3%84%9F%CB%8B&word=%E5%A2%9C"
"ㄓㄨㄟˋ","縋","","1","待補充","https://dict.concised.moe.edu.tw/searchP.jsp?SN=%E3%84%93&SN2=%E3%84%93%E3%84%A8%E3%84%9F%CB%8B&word=%E7%B8%8B"
"ㄓㄨㄟˋ","贅","","6","待補充","https://dict.concised.moe.edu.tw/searchP.jsp?SN=%E3%84%93&SN2=%E3%84%93%E3%84%A8%E3%84%9F%CB%8B&word=%E8%B4%85"
"ㄓㄨㄢ","專","","20","待補充","https://dict.concised.moe.edu.tw/searchP.jsp?SN=%E3%84%93&SN2=%E3%84%93%E3%84%A8%E3%84%A2&word=%E5%B0%88"
"ㄓㄨㄢ","磚","","4","待補充","https://dict.concised.moe.edu.tw/searchP.jsp?SN=%E3%84%93&SN2=%E3%84%93%E3%84%A8%E3%84%A2&word=%E7%A3%9A"
"ㄓㄨㄢ","顓","","1","待補充","https://dict.concised.moe.edu.tw/searchP.jsp?SN=%E3%84%93&SN2=%E3%84%93%E3%84%A8%E3%84%A2&word=%E9%A1%93"
"ㄓㄨㄢˇ","轉","","20","待補充","https://dict.concised.moe.edu.tw/searchP.jsp?SN=%E3%84%93&SN2=%E3%84%93%E3%84%A8%E3%84%A2%CB%87&word=%E8%BD%89"
"ㄓㄨㄢˇ","囀","","1","待補充","https://dict.concised.moe.edu.tw/searchP.jsp?SN=%E3%84%93&SN2=%E3%84%93%E3%84%A8%E3%84%A2%CB%87&word=%E5%9B%80"
"ㄓㄨㄢˋ","傳","","2","待補充","https://dict.concised.moe.edu.tw/searchP.jsp?SN=%E3%84%93&SN2=%E3%84%93%E3%84%A8%E3%84%A2%CB%8B&word=%E5%82%B3"
"ㄓㄨㄢˋ","撰","","5","待補充","https://dict.concised.moe.edu.tw/searchP.jsp?SN=%E3%84%93&SN2=%E3%84%93%E3%84%A8%E3%84%A2%CB%8B&word=%E6%92%B0"
"ㄓㄨㄢˋ","篆","","2","待補充","https://dict.concised.moe.edu.tw/searchP.jsp?SN=%E3%84%93&SN2=%E3%84%93%E3%84%A8%E3%84%A2%CB%8B&word=%E7%AF%86"
"ㄓㄨㄢˋ","賺","","4","待補充","https://dict.concised.moe.edu.tw/searchP.jsp?SN=%E3%84%93&SN2=%E3%84%93%E3%84%A8%E3%84%A2%CB%8B&word=%E8%B3%BA"
"ㄓㄨㄢˋ","轉","","2","待補充","https://dict.concised.moe.edu.tw/searchP.jsp?SN=%E3%84%93&SN2=%E3%84%93%E3%84%A8%E3%84%A2%CB%8B&word=%E8%BD%89"
"ㄓㄨㄢˋ","饌","","1","待補充","https://dict.concised.moe.edu.tw/searchP.jsp?SN=%E3%84%93&SN2=%E3%84%93%E3%84%A8%E3%84%A2%CB%8B&word=%E9%A5%8C"
"ㄓㄨㄣ","屯","","1","待補充","https://dict.concised.moe.edu.tw/searchP.jsp?SN=%E3%84%93&SN2=%E3%84%93%E3%84%A8%E3%84%A3&word=%E5%B1%AF"
"ㄓㄨㄣ","肫","","1","待補充","https://dict.concised.moe.edu.tw/searchP.jsp?SN=%E3%84%93&SN2=%E3%84%93%E3%84%A8%E3%84%A3&word=%E8%82%AB"
"ㄓㄨㄣ","迍","","2","待補充","https://dict.concised.moe.edu.tw/searchP.jsp?SN=%E3%84%93&SN2=%E3%84%93%E3%84%A8%E3%84%A3&word=%E8%BF%8D"
"ㄓㄨㄣ","諄","","4","待補充","https://dict.concised.moe.edu.tw/searchP.jsp?SN=%E3%84%93&SN2=%E3%84%93%E3%84%A8%E3%84%A3&word=%E8%AB%84"
"ㄓㄨㄣˇ","准","","4","待補充","https://dict.concised.moe.edu.tw/searchP.jsp?SN=%E3%84%93&SN2=%E3%84%93%E3%84%A8%E3%84%A3%CB%87&word=%E5%87%86"
"ㄓㄨㄣˇ","隼","","1","待補充","https://dict.concised.moe.edu.tw/searchP.jsp?SN=%E3%84%93&SN2=%E3%84%93%E3%84%A8%E3%84%A3%CB%87&word=%E9%9A%BC"
"ㄓㄨㄣˇ","準","","9","待補充","https://dict.concised.moe.edu.tw/searchP.jsp?SN=%E3%84%93&SN2=%E3%84%93%E3%84%A8%E3%84%A3%CB%87&word=%E6%BA%96"
"ㄓㄨㄤ","妝","","2","待補充","https://dict.concised.moe.edu.tw/searchP.jsp?SN=%E3%84%93&SN2=%E3%84%93%E3%84%A8%E3%84%A4&word=%E5%A6%9D"
"ㄓㄨㄤ","莊","","8","待補充","https://dict.concised.moe.edu.tw/searchP.jsp?SN=%E3%84%93&SN2=%E3%84%93%E3%84%A8%E3%84%A4&word=%E8%8E%8A"
"ㄓㄨㄤ","裝","","20","待補充","https://dict.concised.moe.edu.tw/searchP.jsp?SN=%E3%84%93&SN2=%E3%84%93%E3%84%A8%E3%84%A4&word=%E8%A3%9D"
"ㄓㄨㄤ","樁","","3","待補充","https://dict.concised.moe.edu.tw/searchP.jsp?SN=%E3%84%93&SN2=%E3%84%93%E3%84%A8%E3%84%A4&word=%E6%A8%81"
"ㄓㄨㄤˋ","壯","","16","待補充","https://dict.concised.moe.edu.tw/searchP.jsp?SN=%E3%84%93&SN2=%E3%84%93%E3%84%A8%E3%84%A4%CB%8B&word=%E5%A3%AF"
"ㄓㄨㄤˋ","狀","","6","待補充","https://dict.concised.moe.edu.tw/searchP.jsp?SN=%E3%84%93&SN2=%E3%84%93%E3%84%A8%E3%84%A4%CB%8B&word=%E7%8B%80"
"ㄓㄨㄤˋ","僮","","1","待補充","https://dict.concised.moe.edu.tw/searchP.jsp?SN=%E3%84%93&SN2=%E3%84%93%E3%84%A8%E3%84%A4%CB%8B&word=%E5%83%AE"
"ㄓㄨㄤˋ","撞","","8","待補充","https://dict.concised.moe.edu.tw/searchP.jsp?SN=%E3%84%93&SN2=%E3%84%93%E3%84%A8%E3%84%A4%CB%8B&word=%E6%92%9E"
"ㄓㄨㄤˋ","戇","","2","待補充","https://dict.concised.moe.edu.tw/searchP.jsp?SN=%E3%84%93&SN2=%E3%84%93%E3%84%A8%E3%84%A4%CB%8B&word=%E6%88%87"
"ㄓㄨㄥ","中","","19","待補充","https://dict.concised.moe.edu.tw/searchP.jsp?SN=%E3%84%93&SN2=%E3%84%93%E3%84%A8%E3%84%A5&word=%E4%B8%AD"
"ㄓㄨㄥ","忪","","1","待補充","https://dict.concised.moe.edu.tw/searchP.jsp?SN=%E3%84%93&SN2=%E3%84%93%E3%84%A8%E3%84%A5&word=%E5%BF%AA"
"ㄓㄨㄥ","忠","","20","待補充","https://dict.concised.moe.edu.tw/searchP.jsp?SN=%E3%84%93&SN2=%E3%84%93%E3%84%A8%E3%84%A5&word=%E5%BF%A0"
"ㄓㄨㄥ","盅","","1","待補充","https://dict.concised.moe.edu.tw/searchP.jsp?SN=%E3%84%93&SN2=%E3%84%93%E3%84%A8%E3%84%A5&word=%E7%9B%85"
"ㄓㄨㄥ","衷","","4","待補充","https://dict.concised.moe.edu.tw/searchP.jsp?SN=%E3%84%93&SN2=%E3%84%93%E3%84%A8%E3%84%A5&word=%E8%A1%B7"
"ㄓㄨㄥ","終","","19","待補充","https://dict.concised.moe.edu.tw/searchP.jsp?SN=%E3%84%93&SN2=%E3%84%93%E3%84%A8%E3%84%A5&word=%E7%B5%82"
"ㄓㄨㄥ","螽","","2","待補充","https://dict.concised.moe.edu.tw/searchP.jsp?SN=%E3%84%93&SN2=%E3%84%93%E3%84%A8%E3%84%A5&word=%E8%9E%BD"
"ㄓㄨㄥ","鍾","","3","待補充","https://dict.concised.moe.edu.tw/searchP.jsp?SN=%E3%84%93&SN2=%E3%84%93%E3%84%A8%E3%84%A5&word=%E9%8D%BE"
"ㄓㄨㄥ","鐘","","9","待補充","https://dict.concised.moe.edu.tw/searchP.jsp?SN=%E3%84%93&SN2=%E3%84%93%E3%84%A8%E3%84%A5&word=%E9%90%98"
"ㄓㄨㄥˇ","冢","","1","待補充","https://dict.concised.moe.edu.tw/searchP.jsp?SN=%E3%84%93&SN2=%E3%84%93%E3%84%A8%E3%84%A5%CB%87&word=%E5%86%A2"
"ㄓㄨㄥˇ","塚","","1","待補充","https://dict.concised.moe.edu.tw/searchP.jsp?SN=%E3%84%93&SN2=%E3%84%93%E3%84%A8%E3%84%A5%CB%87&word=%E5%A1%9A"
"ㄓㄨㄥˇ","腫","","4","待補充","https://dict.concised.moe.edu.tw/searchP.jsp?SN=%E3%84%93&SN2=%E3%84%93%E3%84%A8%E3%84%A5%CB%87&word=%E8%85%AB"
"ㄓㄨㄥˇ","種","","10","待補充","https://dict.concised.moe.edu.tw/searchP.jsp?SN=%E3%84%93&SN2=%E3%84%93%E3%84%A8%E3%84%A5%CB%87&word=%E7%A8%AE"
"ㄓㄨㄥˇ","踵","","3","待補充","https://dict.concised.moe.edu.tw/searchP.jsp?SN=%E3%84%93&SN2=%E3%84%93%E3%84%A8%E3%84%A5%CB%87&word=%E8%B8%B5"
"ㄓㄨㄥˋ","中","","15","待補充","https://dict.concised.moe.edu.tw/searchP.jsp?SN=%E3%84%93&SN2=%E3%84%93%E3%84%A8%E3%84%A5%CB%8B&word=%E4%B8%AD"
"ㄓㄨㄥˋ","仲","","5","待補充","https://dict.concised.moe.edu.tw/searchP.jsp?SN=%E3%84%93&SN2=%E3%84%93%E3%84%A8%E3%84%A5%CB%8B&word=%E4%BB%B2"
"ㄓㄨㄥˋ","重","","20","待補充","https://dict.concised.moe.edu.tw/searchP.jsp?SN=%E3%84%93&SN2=%E3%84%93%E3%84%A8%E3%84%A5%CB%8B&word=%E9%87%8D"
"ㄓㄨㄥˋ","眾","","17","待補充","https://dict.concised.moe.edu.tw/searchP.jsp?SN=%E3%84%93&SN2=%E3%84%93%E3%84%A8%E3%84%A5%CB%8B&word=%E7%9C%BE"
"ㄓㄨㄥˋ","種","","5","待補充","https://dict.concised.moe.edu.tw/searchP.jsp?SN=%E3%84%93&SN2=%E3%84%93%E3%84%A8%E3%84%A5%CB%8B&word=%E7%A8%AE"
"ㄔ","吃","吃飯","20","已有可用詞","https://dict.concised.moe.edu.tw/searchP.jsp?SN=%E3%84%94&SN2=%E3%84%94&word=%E5%90%83"
"ㄔ","哧","","1","待補充","https://dict.concised.moe.edu.tw/searchP.jsp?SN=%E3%84%94&SN2=%E3%84%94&word=%E5%93%A7"
"ㄔ","蚩","","1","待補充","https://dict.concised.moe.edu.tw/searchP.jsp?SN=%E3%84%94&SN2=%E3%84%94&word=%E8%9A%A9"
"ㄔ","笞","","1","待補充","https://dict.concised.moe.edu.tw/searchP.jsp?SN=%E3%84%94&SN2=%E3%84%94&word=%E7%AC%9E"
"ㄔ","喫","","1","待補充","https://dict.concised.moe.edu.tw/searchP.jsp?SN=%E3%84%94&SN2=%E3%84%94&word=%E5%96%AB"
"ㄔ","嗤","","2","待補充","https://dict.concised.moe.edu.tw/searchP.jsp?SN=%E3%84%94&SN2=%E3%84%94&word=%E5%97%A4"
"ㄔ","痴","","9","待補充","https://dict.concised.moe.edu.tw/searchP.jsp?SN=%E3%84%94&SN2=%E3%84%94&word=%E7%97%B4"
"ㄔ","鴟","","2","待補充","https://dict.concised.moe.edu.tw/searchP.jsp?SN=%E3%84%94&SN2=%E3%84%94&word=%E9%B4%9F"
"ㄔ","魑","","2","待補充","https://dict.concised.moe.edu.tw/searchP.jsp?SN=%E3%84%94&SN2=%E3%84%94&word=%E9%AD%91"
"ㄔˇ","尺","","6","待補充","https://dict.concised.moe.edu.tw/searchP.jsp?SN=%E3%84%94&SN2=%E3%84%94%CB%87&word=%E5%B0%BA"
"ㄔˇ","呎","","1","待補充","https://dict.concised.moe.edu.tw/searchP.jsp?SN=%E3%84%94&SN2=%E3%84%94%CB%87&word=%E5%91%8E"
"ㄔˇ","侈","","2","待補充","https://dict.concised.moe.edu.tw/searchP.jsp?SN=%E3%84%94&SN2=%E3%84%94%CB%87&word=%E4%BE%88"
"ㄔˇ","恥","","4","待補充","https://dict.concised.moe.edu.tw/searchP.jsp?SN=%E3%84%94&SN2=%E3%84%94%CB%87&word=%E6%81%A5"
"ㄔˇ","豉","","1","待補充","https://dict.concised.moe.edu.tw/searchP.jsp?SN=%E3%84%94&SN2=%E3%84%94%CB%87&word=%E8%B1%89"
"ㄔˇ","齒","","6","待補充","https://dict.concised.moe.edu.tw/searchP.jsp?SN=%E3%84%94&SN2=%E3%84%94%CB%87&word=%E9%BD%92"
"ㄔˇ","褫","","2","待補充","https://dict.concised.moe.edu.tw/searchP.jsp?SN=%E3%84%94&SN2=%E3%84%94%CB%87&word=%E8%A4%AB"
"ㄔˊ","弛","","1","待補充","https://dict.concised.moe.edu.tw/searchP.jsp?SN=%E3%84%94&SN2=%E3%84%94%CB%8A&word=%E5%BC%9B"
"ㄔˊ","池","","4","待補充","https://dict.concised.moe.edu.tw/searchP.jsp?SN=%E3%84%94&SN2=%E3%84%94%CB%8A&word=%E6%B1%A0"
"ㄔˊ","持","","8","待補充","https://dict.concised.moe.edu.tw/searchP.jsp?SN=%E3%84%94&SN2=%E3%84%94%CB%8A&word=%E6%8C%81"
"ㄔˊ","匙","","1","待補充","https://dict.concised.moe.edu.tw/searchP.jsp?SN=%E3%84%94&SN2=%E3%84%94%CB%8A&word=%E5%8C%99"
"ㄔˊ","馳","","4","待補充","https://dict.concised.moe.edu.tw/searchP.jsp?SN=%E3%84%94&SN2=%E3%84%94%CB%8A&word=%E9%A6%B3"
"ㄔˊ","墀","","1","待補充","https://dict.concised.moe.edu.tw/searchP.jsp?SN=%E3%84%94&SN2=%E3%84%94%CB%8A&word=%E5%A2%80"
"ㄔˊ","踟","","2","待補充","https://dict.concised.moe.edu.tw/searchP.jsp?SN=%E3%84%94&SN2=%E3%84%94%CB%8A&word=%E8%B8%9F"
"ㄔˊ","遲","","10","待補充","https://dict.concised.moe.edu.tw/searchP.jsp?SN=%E3%84%94&SN2=%E3%84%94%CB%8A&word=%E9%81%B2"
"ㄔˋ","彳","","2","待補充","https://dict.concised.moe.edu.tw/searchP.jsp?SN=%E3%84%94&SN2=%E3%84%94%CB%8B&word=%E5%BD%B3"
"ㄔˋ","叱","","4","待補充","https://dict.concised.moe.edu.tw/searchP.jsp?SN=%E3%84%94&SN2=%E3%84%94%CB%8B&word=%E5%8F%B1"
"ㄔˋ","斥","","5","待補充","https://dict.concised.moe.edu.tw/searchP.jsp?SN=%E3%84%94&SN2=%E3%84%94%CB%8B&word=%E6%96%A5"
"ㄔˋ","赤","","18","待補充","https://dict.concised.moe.edu.tw/searchP.jsp?SN=%E3%84%94&SN2=%E3%84%94%CB%8B&word=%E8%B5%A4"
"ㄔˋ","翅","","2","待補充","https://dict.concised.moe.edu.tw/searchP.jsp?SN=%E3%84%94&SN2=%E3%84%94%CB%8B&word=%E7%BF%85"
"ㄔˋ","敕","","1","待補充","https://dict.concised.moe.edu.tw/searchP.jsp?SN=%E3%84%94&SN2=%E3%84%94%CB%8B&word=%E6%95%95"
"ㄔˋ","啻","","1","待補充","https://dict.concised.moe.edu.tw/searchP.jsp?SN=%E3%84%94&SN2=%E3%84%94%CB%8B&word=%E5%95%BB"
"ㄔˋ","飭","","3","待補充","https://dict.concised.moe.edu.tw/searchP.jsp?SN=%E3%84%94&SN2=%E3%84%94%CB%8B&word=%E9%A3%AD"
"ㄔˋ","熾","","6","待補充","https://dict.concised.moe.edu.tw/searchP.jsp?SN=%E3%84%94&SN2=%E3%84%94%CB%8B&word=%E7%86%BE"
"ㄔㄚ","叉","","5","待補充","https://dict.concised.moe.edu.tw/searchP.jsp?SN=%E3%84%94&SN2=%E3%84%94%E3%84%9A&word=%E5%8F%89"
"ㄔㄚ","杈","","1","待補充","https://dict.concised.moe.edu.tw/searchP.jsp?SN=%E3%84%94&SN2=%E3%84%94%E3%84%9A&word=%E6%9D%88"
"ㄔㄚ","差","","13","待補充","https://dict.concised.moe.edu.tw/searchP.jsp?SN=%E3%84%94&SN2=%E3%84%94%E3%84%9A&word=%E5%B7%AE"
"ㄔㄚ","插","","20","待補充","https://dict.concised.moe.edu.tw/searchP.jsp?SN=%E3%84%94&SN2=%E3%84%94%E3%84%9A&word=%E6%8F%92"
"ㄔㄚˊ","查","","20","待補充","https://dict.concised.moe.edu.tw/searchP.jsp?SN=%E3%84%94&SN2=%E3%84%94%E3%84%9A%CB%8A&word=%E6%9F%A5"
"ㄔㄚˊ","茶","","20","待補充","https://dict.concised.moe.edu.tw/searchP.jsp?SN=%E3%84%94&SN2=%E3%84%94%E3%84%9A%CB%8A&word=%E8%8C%B6"
"ㄔㄚˊ","搽","","1","待補充","https://dict.concised.moe.edu.tw/searchP.jsp?SN=%E3%84%94&SN2=%E3%84%94%E3%84%9A%CB%8A&word=%E6%90%BD"
"ㄔㄚˊ","察","","7","待補充","https://dict.concised.moe.edu.tw/searchP.jsp?SN=%E3%84%94&SN2=%E3%84%94%E3%84%9A%CB%8A&word=%E5%AF%9F"
"ㄔㄚˊ","槎","","1","待補充","https://dict.concised.moe.edu.tw/searchP.jsp?SN=%E3%84%94&SN2=%E3%84%94%E3%84%9A%CB%8A&word=%E6%A7%8E"
"ㄔㄚˊ","碴","","1","待補充","https://dict.concised.moe.edu.tw/searchP.jsp?SN=%E3%84%94&SN2=%E3%84%94%E3%84%9A%CB%8A&word=%E7%A2%B4"
"ㄔㄚˋ","汊","","1","待補充","https://dict.concised.moe.edu.tw/searchP.jsp?SN=%E3%84%94&SN2=%E3%84%94%E3%84%9A%CB%8B&word=%E6%B1%8A"
"ㄔㄚˋ","岔","","4","待補充","https://dict.concised.moe.edu.tw/searchP.jsp?SN=%E3%84%94&SN2=%E3%84%94%E3%84%9A%CB%8B&word=%E5%B2%94"
"ㄔㄚˋ","剎","","2","待補充","https://dict.concised.moe.edu.tw/searchP.jsp?SN=%E3%84%94&SN2=%E3%84%94%E3%84%9A%CB%8B&word=%E5%89%8E"
"ㄔㄚˋ","衩","","1","待補充","https://dict.concised.moe.edu.tw/searchP.jsp?SN=%E3%84%94&SN2=%E3%84%94%E3%84%9A%CB%8B&word=%E8%A1%A9"
"ㄔㄚˋ","詫","","2","待補充","https://dict.concised.moe.edu.tw/searchP.jsp?SN=%E3%84%94&SN2=%E3%84%94%E3%84%9A%CB%8B&word=%E8%A9%AB"
"ㄔㄜ","車","","20","待補充","https://dict.concised.moe.edu.tw/searchP.jsp?SN=%E3%84%94&SN2=%E3%84%94%E3%84%9C&word=%E8%BB%8A"
"ㄔㄜˇ","尺","","1","待補充","https://dict.concised.moe.edu.tw/searchP.jsp?SN=%E3%84%94&SN2=%E3%84%94%E3%84%9C%CB%87&word=%E5%B0%BA"
"ㄔㄜˇ","扯","","6","待補充","https://dict.concised.moe.edu.tw/searchP.jsp?SN=%E3%84%94&SN2=%E3%84%94%E3%84%9C%CB%87&word=%E6%89%AF"
"ㄔㄜˋ","掣","","2","待補充","https://dict.concised.moe.edu.tw/searchP.jsp?SN=%E3%84%94&SN2=%E3%84%94%E3%84%9C%CB%8B&word=%E6%8E%A3"
"ㄔㄜˋ","徹","","6","待補充","https://dict.concised.moe.edu.tw/searchP.jsp?SN=%E3%84%94&SN2=%E3%84%94%E3%84%9C%CB%8B&word=%E5%BE%B9"
"ㄔㄜˋ","撤","","11","待補充","https://dict.concised.moe.edu.tw/searchP.jsp?SN=%E3%84%94&SN2=%E3%84%94%E3%84%9C%CB%8B&word=%E6%92%A4"
"ㄔㄜˋ","澈","","3","待補充","https://dict.concised.moe.edu.tw/searchP.jsp?SN=%E3%84%94&SN2=%E3%84%94%E3%84%9C%CB%8B&word=%E6%BE%88"
"ㄔㄜˋ","轍","","1","待補充","https://dict.concised.moe.edu.tw/searchP.jsp?SN=%E3%84%94&SN2=%E3%84%94%E3%84%9C%CB%8B&word=%E8%BD%8D"
"ㄔㄞ","拆","","12","待補充","https://dict.concised.moe.edu.tw/searchP.jsp?SN=%E3%84%94&SN2=%E3%84%94%E3%84%9E&word=%E6%8B%86"
"ㄔㄞ","差","","5","待補充","https://dict.concised.moe.edu.tw/searchP.jsp?SN=%E3%84%94&SN2=%E3%84%94%E3%84%9E&word=%E5%B7%AE"
"ㄔㄞ","釵","","1","待補充","https://dict.concised.moe.edu.tw/searchP.jsp?SN=%E3%84%94&SN2=%E3%84%94%E3%84%9E&word=%E9%87%B5"
"ㄔㄞˊ","柴","","6","待補充","https://dict.concised.moe.edu.tw/searchP.jsp?SN=%E3%84%94&SN2=%E3%84%94%E3%84%9E%CB%8A&word=%E6%9F%B4"
"ㄔㄞˊ","豺","","3","待補充","https://dict.concised.moe.edu.tw/searchP.jsp?SN=%E3%84%94&SN2=%E3%84%94%E3%84%9E%CB%8A&word=%E8%B1%BA"
"ㄔㄞˊ","儕","","1","待補充","https://dict.concised.moe.edu.tw/searchP.jsp?SN=%E3%84%94&SN2=%E3%84%94%E3%84%9E%CB%8A&word=%E5%84%95"
"ㄔㄠ","抄","","9","待補充","https://dict.concised.moe.edu.tw/searchP.jsp?SN=%E3%84%94&SN2=%E3%84%94%E3%84%A0&word=%E6%8A%84"
"ㄔㄠ","超","","20","待補充","https://dict.concised.moe.edu.tw/searchP.jsp?SN=%E3%84%94&SN2=%E3%84%94%E3%84%A0&word=%E8%B6%85"
"ㄔㄠ","鈔","","2","待補充","https://dict.concised.moe.edu.tw/searchP.jsp?SN=%E3%84%94&SN2=%E3%84%94%E3%84%A0&word=%E9%88%94"
"ㄔㄠ","勦","","1","待補充","https://dict.concised.moe.edu.tw/searchP.jsp?SN=%E3%84%94&SN2=%E3%84%94%E3%84%A0&word=%E5%8B%A6"
"ㄔㄠˇ","吵","","7","待補充","https://dict.concised.moe.edu.tw/searchP.jsp?SN=%E3%84%94&SN2=%E3%84%94%E3%84%A0%CB%87&word=%E5%90%B5"
"ㄔㄠˇ","炒","","8","待補充","https://dict.concised.moe.edu.tw/searchP.jsp?SN=%E3%84%94&SN2=%E3%84%94%E3%84%A0%CB%87&word=%E7%82%92"
"ㄔㄠˊ","晁","","1","待補充","https://dict.concised.moe.edu.tw/searchP.jsp?SN=%E3%84%94&SN2=%E3%84%94%E3%84%A0%CB%8A&word=%E6%99%81"
"ㄔㄠˊ","巢","","2","待補充","https://dict.concised.moe.edu.tw/searchP.jsp?SN=%E3%84%94&SN2=%E3%84%94%E3%84%A0%CB%8A&word=%E5%B7%A2"
"ㄔㄠˊ","朝","","12","待補充","https://dict.concised.moe.edu.tw/searchP.jsp?SN=%E3%84%94&SN2=%E3%84%94%E3%84%A0%CB%8A&word=%E6%9C%9D"
"ㄔㄠˊ","嘲","","4","待補充","https://dict.concised.moe.edu.tw/searchP.jsp?SN=%E3%84%94&SN2=%E3%84%94%E3%84%A0%CB%8A&word=%E5%98%B2"
"ㄔㄠˊ","潮","","6","待補充","https://dict.concised.moe.edu.tw/searchP.jsp?SN=%E3%84%94&SN2=%E3%84%94%E3%84%A0%CB%8A&word=%E6%BD%AE"
"ㄔㄡ","抽","","20","待補充","https://dict.concised.moe.edu.tw/searchP.jsp?SN=%E3%84%94&SN2=%E3%84%94%E3%84%A1&word=%E6%8A%BD"
"ㄔㄡˇ","丑","","2","待補充","https://dict.concised.moe.edu.tw/searchP.jsp?SN=%E3%84%94&SN2=%E3%84%94%E3%84%A1%CB%87&word=%E4%B8%91"
"ㄔㄡˇ","瞅","","1","待補充","https://dict.concised.moe.edu.tw/searchP.jsp?SN=%E3%84%94&SN2=%E3%84%94%E3%84%A1%CB%87&word=%E7%9E%85"
"ㄔㄡˇ","醜","","9","待補充","https://dict.concised.moe.edu.tw/searchP.jsp?SN=%E3%84%94&SN2=%E3%84%94%E3%84%A1%CB%87&word=%E9%86%9C"
"ㄔㄡˊ","仇","","6","待補充","https://dict.concised.moe.edu.tw/searchP.jsp?SN=%E3%84%94&SN2=%E3%84%94%E3%84%A1%CB%8A&word=%E4%BB%87"
"ㄔㄡˊ","惆","","2","待補充","https://dict.concised.moe.edu.tw/searchP.jsp?SN=%E3%84%94&SN2=%E3%84%94%E3%84%A1%CB%8A&word=%E6%83%86"
"ㄔㄡˊ","愁","","9","待補充","https://dict.concised.moe.edu.tw/searchP.jsp?SN=%E3%84%94&SN2=%E3%84%94%E3%84%A1%CB%8A&word=%E6%84%81"
"ㄔㄡˊ","稠","","2","待補充","https://dict.concised.moe.edu.tw/searchP.jsp?SN=%E3%84%94&SN2=%E3%84%94%E3%84%A1%CB%8A&word=%E7%A8%A0"
"ㄔㄡˊ","酬","","7","待補充","https://dict.concised.moe.edu.tw/searchP.jsp?SN=%E3%84%94&SN2=%E3%84%94%E3%84%A1%CB%8A&word=%E9%85%AC"
"ㄔㄡˊ","綢","","3","待補充","https://dict.concised.moe.edu.tw/searchP.jsp?SN=%E3%84%94&SN2=%E3%84%94%E3%84%A1%CB%8A&word=%E7%B6%A2"
"ㄔㄡˊ","儔","","1","待補充","https://dict.concised.moe.edu.tw/searchP.jsp?SN=%E3%84%94&SN2=%E3%84%94%E3%84%A1%CB%8A&word=%E5%84%94"
"ㄔㄡˊ","鯈","","1","待補充","https://dict.concised.moe.edu.tw/searchP.jsp?SN=%E3%84%94&SN2=%E3%84%94%E3%84%A1%CB%8A&word=%E9%AF%88"
"ㄔㄡˊ","疇","","1","待補充","https://dict.concised.moe.edu.tw/searchP.jsp?SN=%E3%84%94&SN2=%E3%84%94%E3%84%A1%CB%8A&word=%E7%96%87"
"ㄔㄡˊ","籌","","13","待補充","https://dict.concised.moe.edu.tw/searchP.jsp?SN=%E3%84%94&SN2=%E3%84%94%E3%84%A1%CB%8A&word=%E7%B1%8C"
"ㄔㄡˊ","躊","","4","待補充","https://dict.concised.moe.edu.tw/searchP.jsp?SN=%E3%84%94&SN2=%E3%84%94%E3%84%A1%CB%8A&word=%E8%BA%8A"
"ㄔㄡˊ","讎","","1","待補充","https://dict.concised.moe.edu.tw/searchP.jsp?SN=%E3%84%94&SN2=%E3%84%94%E3%84%A1%CB%8A&word=%E8%AE%8E"
"ㄔㄡˋ","臭","","13","待補充","https://dict.concised.moe.edu.tw/searchP.jsp?SN=%E3%84%94&SN2=%E3%84%94%E3%84%A1%CB%8B&word=%E8%87%AD"
"ㄔㄢ","摻","","3","待補充","https://dict.concised.moe.edu.tw/searchP.jsp?SN=%E3%84%94&SN2=%E3%84%94%E3%84%A2&word=%E6%91%BB"
"ㄔㄢ","攙","","4","待補充","https://dict.concised.moe.edu.tw/searchP.jsp?SN=%E3%84%94&SN2=%E3%84%94%E3%84%A2&word=%E6%94%99"
"ㄔㄢˇ","產","","20","待補充","https://dict.concised.moe.edu.tw/searchP.jsp?SN=%E3%84%94&SN2=%E3%84%94%E3%84%A2%CB%87&word=%E7%94%A2"
"ㄔㄢˇ","剷","","3","待補充","https://dict.concised.moe.edu.tw/searchP.jsp?SN=%E3%84%94&SN2=%E3%84%94%E3%84%A2%CB%87&word=%E5%89%B7"
"ㄔㄢˇ","諂","","2","待補充","https://dict.concised.moe.edu.tw/searchP.jsp?SN=%E3%84%94&SN2=%E3%84%94%E3%84%A2%CB%87&word=%E8%AB%82"
"ㄔㄢˇ","鏟","","3","待補充","https://dict.concised.moe.edu.tw/searchP.jsp?SN=%E3%84%94&SN2=%E3%84%94%E3%84%A2%CB%87&word=%E9%8F%9F"
"ㄔㄢˇ","闡","","5","待補充","https://dict.concised.moe.edu.tw/searchP.jsp?SN=%E3%84%94&SN2=%E3%84%94%E3%84%A2%CB%87&word=%E9%97%A1"
"ㄔㄢˊ","單","","2","待補充","https://dict.concised.moe.edu.tw/searchP.jsp?SN=%E3%84%94&SN2=%E3%84%94%E3%84%A2%CB%8A&word=%E5%96%AE"
"ㄔㄢˊ","孱","","2","待補充","https://dict.concised.moe.edu.tw/searchP.jsp?SN=%E3%84%94&SN2=%E3%84%94%E3%84%A2%CB%8A&word=%E5%AD%B1"
"ㄔㄢˊ","嬋","","2","待補充","https://dict.concised.moe.edu.tw/searchP.jsp?SN=%E3%84%94&SN2=%E3%84%94%E3%84%A2%CB%8A&word=%E5%AC%8B"
"ㄔㄢˊ","潺","","2","待補充","https://dict.concised.moe.edu.tw/searchP.jsp?SN=%E3%84%94&SN2=%E3%84%94%E3%84%A2%CB%8A&word=%E6%BD%BA"
"ㄔㄢˊ","禪","","8","待補充","https://dict.concised.moe.edu.tw/searchP.jsp?SN=%E3%84%94&SN2=%E3%84%94%E3%84%A2%CB%8A&word=%E7%A6%AA"
"ㄔㄢˊ","蟬","","4","待補充","https://dict.concised.moe.edu.tw/searchP.jsp?SN=%E3%84%94&SN2=%E3%84%94%E3%84%A2%CB%8A&word=%E8%9F%AC"
"ㄔㄢˊ","蟾","","2","待補充","https://dict.concised.moe.edu.tw/searchP.jsp?SN=%E3%84%94&SN2=%E3%84%94%E3%84%A2%CB%8A&word=%E8%9F%BE"
"ㄔㄢˊ","巉","","1","待補充","https://dict.concised.moe.edu.tw/searchP.jsp?SN=%E3%84%94&SN2=%E3%84%94%E3%84%A2%CB%8A&word=%E5%B7%89"
"ㄔㄢˊ","纏","","8","待補充","https://dict.concised.moe.edu.tw/searchP.jsp?SN=%E3%84%94&SN2=%E3%84%94%E3%84%A2%CB%8A&word=%E7%BA%8F"
"ㄔㄢˊ","讒","","2","待補充","https://dict.concised.moe.edu.tw/searchP.jsp?SN=%E3%84%94&SN2=%E3%84%94%E3%84%A2%CB%8A&word=%E8%AE%92"
"ㄔㄢˊ","鑱","","1","待補充","https://dict.concised.moe.edu.tw/searchP.jsp?SN=%E3%84%94&SN2=%E3%84%94%E3%84%A2%CB%8A&word=%E9%91%B1"
"ㄔㄢˊ","饞","","2","待補充","https://dict.concised.moe.edu.tw/searchP.jsp?SN=%E3%84%94&SN2=%E3%84%94%E3%84%A2%CB%8A&word=%E9%A5%9E"
"ㄔㄢˋ","懺","","2","待補充","https://dict.concised.moe.edu.tw/searchP.jsp?SN=%E3%84%94&SN2=%E3%84%94%E3%84%A2%CB%8B&word=%E6%87%BA"
"ㄔㄢˋ","羼","","2","待補充","https://dict.concised.moe.edu.tw/searchP.jsp?SN=%E3%84%94&SN2=%E3%84%94%E3%84%A2%CB%8B&word=%E7%BE%BC"
"ㄔㄣ","琛","","1","待補充","https://dict.concised.moe.edu.tw/searchP.jsp?SN=%E3%84%94&SN2=%E3%84%94%E3%84%A3&word=%E7%90%9B"
"ㄔㄣ","嗔","","2","待補充","https://dict.concised.moe.edu.tw/searchP.jsp?SN=%E3%84%94&SN2=%E3%84%94%E3%84%A3&word=%E5%97%94"
"ㄔㄣ","瞋","","1","待補充","https://dict.concised.moe.edu.tw/searchP.jsp?SN=%E3%84%94&SN2=%E3%84%94%E3%84%A3&word=%E7%9E%8B"
"ㄔㄣˊ","臣","","4","待補充","https://dict.concised.moe.edu.tw/searchP.jsp?SN=%E3%84%94&SN2=%E3%84%94%E3%84%A3%CB%8A&word=%E8%87%A3"
"ㄔㄣˊ","忱","","1","待補充","https://dict.concised.moe.edu.tw/searchP.jsp?SN=%E3%84%94&SN2=%E3%84%94%E3%84%A3%CB%8A&word=%E5%BF%B1"
"ㄔㄣˊ","沉","","20","待補充","https://dict.concised.moe.edu.tw/searchP.jsp?SN=%E3%84%94&SN2=%E3%84%94%E3%84%A3%CB%8A&word=%E6%B2%89"
"ㄔㄣˊ","辰","","1","待補充","https://dict.concised.moe.edu.tw/searchP.jsp?SN=%E3%84%94&SN2=%E3%84%94%E3%84%A3%CB%8A&word=%E8%BE%B0"
"ㄔㄣˊ","宸","","1","待補充","https://dict.concised.moe.edu.tw/searchP.jsp?SN=%E3%84%94&SN2=%E3%84%94%E3%84%A3%CB%8A&word=%E5%AE%B8"
"ㄔㄣˊ","晨","","6","待補充","https://dict.concised.moe.edu.tw/searchP.jsp?SN=%E3%84%94&SN2=%E3%84%94%E3%84%A3%CB%8A&word=%E6%99%A8"
"ㄔㄣˊ","陳","","16","待補充","https://dict.concised.moe.edu.tw/searchP.jsp?SN=%E3%84%94&SN2=%E3%84%94%E3%84%A3%CB%8A&word=%E9%99%B3"
"ㄔㄣˊ","湛","","1","待補充","https://dict.concised.moe.edu.tw/searchP.jsp?SN=%E3%84%94&SN2=%E3%84%94%E3%84%A3%CB%8A&word=%E6%B9%9B"
"ㄔㄣˊ","塵","","12","待補充","https://dict.concised.moe.edu.tw/searchP.jsp?SN=%E3%84%94&SN2=%E3%84%94%E3%84%A3%CB%8A&word=%E5%A1%B5"
"ㄔㄣˊ","諶","","1","待補充","https://dict.concised.moe.edu.tw/searchP.jsp?SN=%E3%84%94&SN2=%E3%84%94%E3%84%A3%CB%8A&word=%E8%AB%B6"
"ㄔㄣˋ","疢","","1","待補充","https://dict.concised.moe.edu.tw/searchP.jsp?SN=%E3%84%94&SN2=%E3%84%94%E3%84%A3%CB%8B&word=%E7%96%A2"
"ㄔㄣˋ","趁","","10","待補充","https://dict.concised.moe.edu.tw/searchP.jsp?SN=%E3%84%94&SN2=%E3%84%94%E3%84%A3%CB%8B&word=%E8%B6%81"
"ㄔㄣˋ","齔","","1","待補充","https://dict.concised.moe.edu.tw/searchP.jsp?SN=%E3%84%94&SN2=%E3%84%94%E3%84%A3%CB%8B&word=%E9%BD%94"
"ㄔㄣˋ","櫬","","1","待補充","https://dict.concised.moe.edu.tw/searchP.jsp?SN=%E3%84%94&SN2=%E3%84%94%E3%84%A3%CB%8B&word=%E6%AB%AC"
"ㄔㄣˋ","襯","","7","待補充","https://dict.concised.moe.edu.tw/searchP.jsp?SN=%E3%84%94&SN2=%E3%84%94%E3%84%A3%CB%8B&word=%E8%A5%AF"
"ㄔㄣˋ","讖","","2","待補充","https://dict.concised.moe.edu.tw/searchP.jsp?SN=%E3%84%94&SN2=%E3%84%94%E3%84%A3%CB%8B&word=%E8%AE%96"
"ㄔㄤ","昌","","4","待補充","https://dict.concised.moe.edu.tw/searchP.jsp?SN=%E3%84%94&SN2=%E3%84%94%E3%84%A4&word=%E6%98%8C"
"ㄔㄤ","倀","","1","待補充","https://dict.concised.moe.edu.tw/searchP.jsp?SN=%E3%84%94&SN2=%E3%84%94%E3%84%A4&word=%E5%80%80"
"ㄔㄤ","倡","","4","待補充","https://dict.concised.moe.edu.tw/searchP.jsp?SN=%E3%84%94&SN2=%E3%84%94%E3%84%A4&word=%E5%80%A1"
"ㄔㄤ","娼","","2","待補充","https://dict.concised.moe.edu.tw/searchP.jsp?SN=%E3%84%94&SN2=%E3%84%94%E3%84%A4&word=%E5%A8%BC"
"ㄔㄤ","猖","","3","待補充","https://dict.concised.moe.edu.tw/searchP.jsp?SN=%E3%84%94&SN2=%E3%84%94%E3%84%A4&word=%E7%8C%96"
"ㄔㄤ","菖","","1","待補充","https://dict.concised.moe.edu.tw/searchP.jsp?SN=%E3%84%94&SN2=%E3%84%94%E3%84%A4&word=%E8%8F%96"
"ㄔㄤ","鯧","","2","待補充","https://dict.concised.moe.edu.tw/searchP.jsp?SN=%E3%84%94&SN2=%E3%84%94%E3%84%A4&word=%E9%AF%A7"
"ㄔㄤˇ","昶","","1","待補充","https://dict.concised.moe.edu.tw/searchP.jsp?SN=%E3%84%94&SN2=%E3%84%94%E3%84%A4%CB%87&word=%E6%98%B6"
"ㄔㄤˇ","場","","9","待補充","https://dict.concised.moe.edu.tw/searchP.jsp?SN=%E3%84%94&SN2=%E3%84%94%E3%84%A4%CB%87&word=%E5%A0%B4"
"ㄔㄤˇ","敞","","4","待補充","https://dict.concised.moe.edu.tw/searchP.jsp?SN=%E3%84%94&SN2=%E3%84%94%E3%84%A4%CB%87&word=%E6%95%9E"
"ㄔㄤˇ","廠","","6","待補充","https://dict.concised.moe.edu.tw/searchP.jsp?SN=%E3%84%94&SN2=%E3%84%94%E3%84%A4%CB%87&word=%E5%BB%A0"
"ㄔㄤˇ","氅","","1","待補充","https://dict.concised.moe.edu.tw/searchP.jsp?SN=%E3%84%94&SN2=%E3%84%94%E3%84%A4%CB%87&word=%E6%B0%85"
"ㄔㄤˊ","長","","20","待補充","https://dict.concised.moe.edu.tw/searchP.jsp?SN=%E3%84%94&SN2=%E3%84%94%E3%84%A4%CB%8A&word=%E9%95%B7"
"ㄔㄤˊ","倘","","2","待補充","https://dict.concised.moe.edu.tw/searchP.jsp?SN=%E3%84%94&SN2=%E3%84%94%E3%84%A4%CB%8A&word=%E5%80%98"
"ㄔㄤˊ","常","","20","待補充","https://dict.concised.moe.edu.tw/searchP.jsp?SN=%E3%84%94&SN2=%E3%84%94%E3%84%A4%CB%8A&word=%E5%B8%B8"
"ㄔㄤˊ","徜","","2","待補充","https://dict.concised.moe.edu.tw/searchP.jsp?SN=%E3%84%94&SN2=%E3%84%94%E3%84%A4%CB%8A&word=%E5%BE%9C"
"ㄔㄤˊ","腸","","3","待補充","https://dict.concised.moe.edu.tw/searchP.jsp?SN=%E3%84%94&SN2=%E3%84%94%E3%84%A4%CB%8A&word=%E8%85%B8"
"ㄔㄤˊ","嘗","","2","待補充","https://dict.concised.moe.edu.tw/searchP.jsp?SN=%E3%84%94&SN2=%E3%84%94%E3%84%A4%CB%8A&word=%E5%98%97"
"ㄔㄤˊ","嫦","","2","待補充","https://dict.concised.moe.edu.tw/searchP.jsp?SN=%E3%84%94&SN2=%E3%84%94%E3%84%A4%CB%8A&word=%E5%AB%A6"
"ㄔㄤˊ","裳","","1","待補充","https://dict.concised.moe.edu.tw/searchP.jsp?SN=%E3%84%94&SN2=%E3%84%94%E3%84%A4%CB%8A&word=%E8%A3%B3"
"ㄔㄤˊ","償","","5","待補充","https://dict.concised.moe.edu.tw/searchP.jsp?SN=%E3%84%94&SN2=%E3%84%94%E3%84%A4%CB%8A&word=%E5%84%9F"
"ㄔㄤˊ","嚐","","1","待補充","https://dict.concised.moe.edu.tw/searchP.jsp?SN=%E3%84%94&SN2=%E3%84%94%E3%84%A4%CB%8A&word=%E5%9A%90"
"ㄔㄤˋ","倡","","4","待補充","https://dict.concised.moe.edu.tw/searchP.jsp?SN=%E3%84%94&SN2=%E3%84%94%E3%84%A4%CB%8B&word=%E5%80%A1"
"ㄔㄤˋ","唱","","17","待補充","https://dict.concised.moe.edu.tw/searchP.jsp?SN=%E3%84%94&SN2=%E3%84%94%E3%84%A4%CB%8B&word=%E5%94%B1"
"ㄔㄤˋ","悵","","3","待補充","https://dict.concised.moe.edu.tw/searchP.jsp?SN=%E3%84%94&SN2=%E3%84%94%E3%84%A4%CB%8B&word=%E6%82%B5"
"ㄔㄤˋ","暢","","11","待補充","https://dict.concised.moe.edu.tw/searchP.jsp?SN=%E3%84%94&SN2=%E3%84%94%E3%84%A4%CB%8B&word=%E6%9A%A2"
"ㄔㄥ","偁","","1","待補充","https://dict.concised.moe.edu.tw/searchP.jsp?SN=%E3%84%94&SN2=%E3%84%94%E3%84%A5&word=%E5%81%81"
"ㄔㄥ","琤","","1","待補充","https://dict.concised.moe.edu.tw/searchP.jsp?SN=%E3%84%94&SN2=%E3%84%94%E3%84%A5&word=%E7%90%A4"
"ㄔㄥ","稱","","19","待補充","https://dict.concised.moe.edu.tw/searchP.jsp?SN=%E3%84%94&SN2=%E3%84%94%E3%84%A5&word=%E7%A8%B1"
"ㄔㄥ","撐","","7","待補充","https://dict.concised.moe.edu.tw/searchP.jsp?SN=%E3%84%94&SN2=%E3%84%94%E3%84%A5&word=%E6%92%90"
"ㄔㄥ","瞠","","4","待補充","https://dict.concised.moe.edu.tw/searchP.jsp?SN=%E3%84%94&SN2=%E3%84%94%E3%84%A5&word=%E7%9E%A0"
"ㄔㄥ","鐺","","1","待補充","https://dict.concised.moe.edu.tw/searchP.jsp?SN=%E3%84%94&SN2=%E3%84%94%E3%84%A5&word=%E9%90%BA"
"ㄔㄥˇ","逞","","6","待補充","https://dict.concised.moe.edu.tw/searchP.jsp?SN=%E3%84%94&SN2=%E3%84%94%E3%84%A5%CB%87&word=%E9%80%9E"
"ㄔㄥˇ","騁","","1","待補充","https://dict.concised.moe.edu.tw/searchP.jsp?SN=%E3%84%94&SN2=%E3%84%94%E3%84%A5%CB%87&word=%E9%A8%81"
"ㄔㄥˊ","丞","","2","待補充","https://dict.concised.moe.edu.tw/searchP.jsp?SN=%E3%84%94&SN2=%E3%84%94%E3%84%A5%CB%8A&word=%E4%B8%9E"
"ㄔㄥˊ","成","","20","待補充","https://dict.concised.moe.edu.tw/searchP.jsp?SN=%E3%84%94&SN2=%E3%84%94%E3%84%A5%CB%8A&word=%E6%88%90"
"ㄔㄥˊ","呈","","9","待補充","https://dict.concised.moe.edu.tw/searchP.jsp?SN=%E3%84%94&SN2=%E3%84%94%E3%84%A5%CB%8A&word=%E5%91%88"
"ㄔㄥˊ","承","","20","待補充","https://dict.concised.moe.edu.tw/searchP.jsp?SN=%E3%84%94&SN2=%E3%84%94%E3%84%A5%CB%8A&word=%E6%89%BF"
"ㄔㄥˊ","城","","15","待補充","https://dict.concised.moe.edu.tw/searchP.jsp?SN=%E3%84%94&SN2=%E3%84%94%E3%84%A5%CB%8A&word=%E5%9F%8E"
"ㄔㄥˊ","乘","","13","待補充","https://dict.concised.moe.edu.tw/searchP.jsp?SN=%E3%84%94&SN2=%E3%84%94%E3%84%A5%CB%8A&word=%E4%B9%98"
"ㄔㄥˊ","盛","","4","待補充","https://dict.concised.moe.edu.tw/searchP.jsp?SN=%E3%84%94&SN2=%E3%84%94%E3%84%A5%CB%8A&word=%E7%9B%9B"
"ㄔㄥˊ","程","","5","待補充","https://dict.concised.moe.edu.tw/searchP.jsp?SN=%E3%84%94&SN2=%E3%84%94%E3%84%A5%CB%8A&word=%E7%A8%8B"
"ㄔㄥˊ","裎","","1","待補充","https://dict.concised.moe.edu.tw/searchP.jsp?SN=%E3%84%94&SN2=%E3%84%94%E3%84%A5%CB%8A&word=%E8%A3%8E"
"ㄔㄥˊ","誠","","13","待補充","https://dict.concised.moe.edu.tw/searchP.jsp?SN=%E3%84%94&SN2=%E3%84%94%E3%84%A5%CB%8A&word=%E8%AA%A0"
"ㄔㄥˊ","酲","","1","待補充","https://dict.concised.moe.edu.tw/searchP.jsp?SN=%E3%84%94&SN2=%E3%84%94%E3%84%A5%CB%8A&word=%E9%85%B2"
"ㄔㄥˊ","澄","","4","待補充","https://dict.concised.moe.edu.tw/searchP.jsp?SN=%E3%84%94&SN2=%E3%84%94%E3%84%A5%CB%8A&word=%E6%BE%84"
"ㄔㄥˊ","橙","","2","待補充","https://dict.concised.moe.edu.tw/searchP.jsp?SN=%E3%84%94&SN2=%E3%84%94%E3%84%A5%CB%8A&word=%E6%A9%99"
"ㄔㄥˊ","懲","","7","待補充","https://dict.concised.moe.edu.tw/searchP.jsp?SN=%E3%84%94&SN2=%E3%84%94%E3%84%A5%CB%8A&word=%E6%87%B2"
"ㄔㄥˋ","秤","","3","待補充","https://dict.concised.moe.edu.tw/searchP.jsp?SN=%E3%84%94&SN2=%E3%84%94%E3%84%A5%CB%8B&word=%E7%A7%A4"
"ㄔㄥˋ","稱","","5","待補充","https://dict.concised.moe.edu.tw/searchP.jsp?SN=%E3%84%94&SN2=%E3%84%94%E3%84%A5%CB%8B&word=%E7%A8%B1"
"ㄔㄨ","出","","20","待補充","https://dict.concised.moe.edu.tw/searchP.jsp?SN=%E3%84%94&SN2=%E3%84%94%E3%84%A8&word=%E5%87%BA"
"ㄔㄨ","初","","20","待補充","https://dict.concised.moe.edu.tw/searchP.jsp?SN=%E3%84%94&SN2=%E3%84%94%E3%84%A8&word=%E5%88%9D"
"ㄔㄨ","齣","","1","待補充","https://dict.concised.moe.edu.tw/searchP.jsp?SN=%E3%84%94&SN2=%E3%84%94%E3%84%A8&word=%E9%BD%A3"
"ㄔㄨˇ","杵","","1","待補充","https://dict.concised.moe.edu.tw/searchP.jsp?SN=%E3%84%94&SN2=%E3%84%94%E3%84%A8%CB%87&word=%E6%9D%B5"
"ㄔㄨˇ","處","","20","待補充","https://dict.concised.moe.edu.tw/searchP.jsp?SN=%E3%84%94&SN2=%E3%84%94%E3%84%A8%CB%87&word=%E8%99%95"
"ㄔㄨˇ","楚","","6","待補充","https://dict.concised.moe.edu.tw/searchP.jsp?SN=%E3%84%94&SN2=%E3%84%94%E3%84%A8%CB%87&word=%E6%A5%9A"
"ㄔㄨˇ","褚","","1","待補充","https://dict.concised.moe.edu.tw/searchP.jsp?SN=%E3%84%94&SN2=%E3%84%94%E3%84%A8%CB%87&word=%E8%A4%9A"
"ㄔㄨˇ","礎","","2","待補充","https://dict.concised.moe.edu.tw/searchP.jsp?SN=%E3%84%94&SN2=%E3%84%94%E3%84%A8%CB%87&word=%E7%A4%8E"
"ㄔㄨˊ","芻","","3","待補充","https://dict.concised.moe.edu.tw/searchP.jsp?SN=%E3%84%94&SN2=%E3%84%94%E3%84%A8%CB%8A&word=%E8%8A%BB"
"ㄔㄨˊ","除","","20","待補充","https://dict.concised.moe.edu.tw/searchP.jsp?SN=%E3%84%94&SN2=%E3%84%94%E3%84%A8%CB%8A&word=%E9%99%A4"
"ㄔㄨˊ","蜍","","1","待補充","https://dict.concised.moe.edu.tw/searchP.jsp?SN=%E3%84%94&SN2=%E3%84%94%E3%84%A8%CB%8A&word=%E8%9C%8D"
"ㄔㄨˊ","廚","","6","待補充","https://dict.concised.moe.edu.tw/searchP.jsp?SN=%E3%84%94&SN2=%E3%84%94%E3%84%A8%CB%8A&word=%E5%BB%9A"
"ㄔㄨˊ","鋤","","3","待補充","https://dict.concised.moe.edu.tw/searchP.jsp?SN=%E3%84%94&SN2=%E3%84%94%E3%84%A8%CB%8A&word=%E9%8B%A4"
"ㄔㄨˊ","儲","","7","待補充","https://dict.concised.moe.edu.tw/searchP.jsp?SN=%E3%84%94&SN2=%E3%84%94%E3%84%A8%CB%8A&word=%E5%84%B2"
"ㄔㄨˊ","雛","","4","待補充","https://dict.concised.moe.edu.tw/searchP.jsp?SN=%E3%84%94&SN2=%E3%84%94%E3%84%A8%CB%8A&word=%E9%9B%9B"
"ㄔㄨˊ","櫥","","3","待補充","https://dict.concised.moe.edu.tw/searchP.jsp?SN=%E3%84%94&SN2=%E3%84%94%E3%84%A8%CB%8A&word=%E6%AB%A5"
"ㄔㄨˊ","躇","","1","待補充","https://dict.concised.moe.edu.tw/searchP.jsp?SN=%E3%84%94&SN2=%E3%84%94%E3%84%A8%CB%8A&word=%E8%BA%87"
"ㄔㄨˊ","躕","","1","待補充","https://dict.concised.moe.edu.tw/searchP.jsp?SN=%E3%84%94&SN2=%E3%84%94%E3%84%A8%CB%8A&word=%E8%BA%95"
"ㄔㄨˋ","亍","","1","待補充","https://dict.concised.moe.edu.tw/searchP.jsp?SN=%E3%84%94&SN2=%E3%84%94%E3%84%A8%CB%8B&word=%E4%BA%8D"
"ㄔㄨˋ","怵","","4","待補充","https://dict.concised.moe.edu.tw/searchP.jsp?SN=%E3%84%94&SN2=%E3%84%94%E3%84%A8%CB%8B&word=%E6%80%B5"
"ㄔㄨˋ","畜","","2","待補充","https://dict.concised.moe.edu.tw/searchP.jsp?SN=%E3%84%94&SN2=%E3%84%94%E3%84%A8%CB%8B&word=%E7%95%9C"
"ㄔㄨˋ","絀","","1","待補充","https://dict.concised.moe.edu.tw/searchP.jsp?SN=%E3%84%94&SN2=%E3%84%94%E3%84%A8%CB%8B&word=%E7%B5%80"
"ㄔㄨˋ","處","","4","待補充","https://dict.concised.moe.edu.tw/searchP.jsp?SN=%E3%84%94&SN2=%E3%84%94%E3%84%A8%CB%8B&word=%E8%99%95"
"ㄔㄨˋ","搐","","1","待補充","https://dict.concised.moe.edu.tw/searchP.jsp?SN=%E3%84%94&SN2=%E3%84%94%E3%84%A8%CB%8B&word=%E6%90%90"
"ㄔㄨˋ","黜","","2","待補充","https://dict.concised.moe.edu.tw/searchP.jsp?SN=%E3%84%94&SN2=%E3%84%94%E3%84%A8%CB%8B&word=%E9%BB%9C"
"ㄔㄨˋ","觸","","19","待補充","https://dict.concised.moe.edu.tw/searchP.jsp?SN=%E3%84%94&SN2=%E3%84%94%E3%84%A8%CB%8B&word=%E8%A7%B8"
"ㄔㄨˋ","矗","","2","待補充","https://dict.concised.moe.edu.tw/searchP.jsp?SN=%E3%84%94&SN2=%E3%84%94%E3%84%A8%CB%8B&word=%E7%9F%97"
"ㄔㄨㄚˇ","抓","","2","待補充","https://dict.concised.moe.edu.tw/searchP.jsp?SN=%E3%84%94&SN2=%E3%84%94%E3%84%A8%E3%84%9A%CB%87&word=%E6%8A%93"
"ㄔㄨㄛ","戳","","1","待補充","https://dict.concised.moe.edu.tw/searchP.jsp?SN=%E3%84%94&SN2=%E3%84%94%E3%84%A8%E3%84%9B&word=%E6%88%B3"
"ㄔㄨㄛˋ","啜","","3","待補充","https://dict.concised.moe.edu.tw/searchP.jsp?SN=%E3%84%94&SN2=%E3%84%94%E3%84%A8%E3%84%9B%CB%8B&word=%E5%95%9C"
"ㄔㄨㄛˋ","綽","","4","待補充","https://dict.concised.moe.edu.tw/searchP.jsp?SN=%E3%84%94&SN2=%E3%84%94%E3%84%A8%E3%84%9B%CB%8B&word=%E7%B6%BD"
"ㄔㄨㄛˋ","輟","","2","待補充","https://dict.concised.moe.edu.tw/searchP.jsp?SN=%E3%84%94&SN2=%E3%84%94%E3%84%A8%E3%84%9B%CB%8B&word=%E8%BC%9F"
"ㄔㄨㄛˋ","齪","","1","待補充","https://dict.concised.moe.edu.tw/searchP.jsp?SN=%E3%84%94&SN2=%E3%84%94%E3%84%A8%E3%84%9B%CB%8B&word=%E9%BD%AA"
"ㄔㄨㄞˇ","揣","","4","待補充","https://dict.concised.moe.edu.tw/searchP.jsp?SN=%E3%84%94&SN2=%E3%84%94%E3%84%A8%E3%84%9E%CB%87&word=%E6%8F%A3"
"ㄔㄨㄞˋ","踹","","1","待補充","https://dict.concised.moe.edu.tw/searchP.jsp?SN=%E3%84%94&SN2=%E3%84%94%E3%84%A8%E3%84%9E%CB%8B&word=%E8%B8%B9"
"ㄔㄨㄟ","吹","","17","待補充","https://dict.concised.moe.edu.tw/searchP.jsp?SN=%E3%84%94&SN2=%E3%84%94%E3%84%A8%E3%84%9F&word=%E5%90%B9"
"ㄔㄨㄟ","炊","","4","待補充","https://dict.concised.moe.edu.tw/searchP.jsp?SN=%E3%84%94&SN2=%E3%84%94%E3%84%A8%E3%84%9F&word=%E7%82%8A"
"ㄔㄨㄟˊ","垂","","20","待補充","https://dict.concised.moe.edu.tw/searchP.jsp?SN=%E3%84%94&SN2=%E3%84%94%E3%84%A8%E3%84%9F%CB%8A&word=%E5%9E%82"
"ㄔㄨㄟˊ","捶","","3","待補充","https://dict.concised.moe.edu.tw/searchP.jsp?SN=%E3%84%94&SN2=%E3%84%94%E3%84%A8%E3%84%9F%CB%8A&word=%E6%8D%B6"
"ㄔㄨㄟˊ","棰","","1","待補充","https://dict.concised.moe.edu.tw/searchP.jsp?SN=%E3%84%94&SN2=%E3%84%94%E3%84%A8%E3%84%9F%CB%8A&word=%E6%A3%B0"
"ㄔㄨㄟˊ","陲","","1","待補充","https://dict.concised.moe.edu.tw/searchP.jsp?SN=%E3%84%94&SN2=%E3%84%94%E3%84%A8%E3%84%9F%CB%8A&word=%E9%99%B2"
"ㄔㄨㄟˊ","搥","","2","待補充","https://dict.concised.moe.edu.tw/searchP.jsp?SN=%E3%84%94&SN2=%E3%84%94%E3%84%A8%E3%84%9F%CB%8A&word=%E6%90%A5"
"ㄔㄨㄟˊ","槌","","3","待補充","https://dict.concised.moe.edu.tw/searchP.jsp?SN=%E3%84%94&SN2=%E3%84%94%E3%84%A8%E3%84%9F%CB%8A&word=%E6%A7%8C"
"ㄔㄨㄟˊ","錘","","2","待補充","https://dict.concised.moe.edu.tw/searchP.jsp?SN=%E3%84%94&SN2=%E3%84%94%E3%84%A8%E3%84%9F%CB%8A&word=%E9%8C%98"
"ㄔㄨㄟˊ","鎚","","1","待補充","https://dict.concised.moe.edu.tw/searchP.jsp?SN=%E3%84%94&SN2=%E3%84%94%E3%84%A8%E3%84%9F%CB%8A&word=%E9%8E%9A"
"ㄔㄨㄢ","川","","4","待補充","https://dict.concised.moe.edu.tw/searchP.jsp?SN=%E3%84%94&SN2=%E3%84%94%E3%84%A8%E3%84%A2&word=%E5%B7%9D"
"ㄔㄨㄢ","穿","","12","待補充","https://dict.concised.moe.edu.tw/searchP.jsp?SN=%E3%84%94&SN2=%E3%84%94%E3%84%A8%E3%84%A2&word=%E7%A9%BF"
"ㄔㄨㄢˇ","舛","","2","待補充","https://dict.concised.moe.edu.tw/searchP.jsp?SN=%E3%84%94&SN2=%E3%84%94%E3%84%A8%E3%84%A2%CB%87&word=%E8%88%9B"
"ㄔㄨㄢˇ","喘","","4","待補充","https://dict.concised.moe.edu.tw/searchP.jsp?SN=%E3%84%94&SN2=%E3%84%94%E3%84%A8%E3%84%A2%CB%87&word=%E5%96%98"
"ㄔㄨㄢˊ","船","","20","待補充","https://dict.concised.moe.edu.tw/searchP.jsp?SN=%E3%84%94&SN2=%E3%84%94%E3%84%A8%E3%84%A2%CB%8A&word=%E8%88%B9"
"ㄔㄨㄢˊ","傳","","20","待補充","https://dict.concised.moe.edu.tw/searchP.jsp?SN=%E3%84%94&SN2=%E3%84%94%E3%84%A8%E3%84%A2%CB%8A&word=%E5%82%B3"
"ㄔㄨㄢˊ","椽","","3","待補充","https://dict.concised.moe.edu.tw/searchP.jsp?SN=%E3%84%94&SN2=%E3%84%94%E3%84%A8%E3%84%A2%CB%8A&word=%E6%A4%BD"
"ㄔㄨㄢˊ","遄","","1","待補充","https://dict.concised.moe.edu.tw/searchP.jsp?SN=%E3%84%94&SN2=%E3%84%94%E3%84%A8%E3%84%A2%CB%8A&word=%E9%81%84"
"ㄔㄨㄢˋ","串","","7","待補充","https://dict.concised.moe.edu.tw/searchP.jsp?SN=%E3%84%94&SN2=%E3%84%94%E3%84%A8%E3%84%A2%CB%8B&word=%E4%B8%B2"
"ㄔㄨㄢˋ","釧","","1","待補充","https://dict.concised.moe.edu.tw/searchP.jsp?SN=%E3%84%94&SN2=%E3%84%94%E3%84%A8%E3%84%A2%CB%8B&word=%E9%87%A7"
"ㄔㄨㄣ","春","","20","待補充","https://dict.concised.moe.edu.tw/searchP.jsp?SN=%E3%84%94&SN2=%E3%84%94%E3%84%A8%E3%84%A3&word=%E6%98%A5"
"ㄔㄨㄣ","椿","","2","待補充","https://dict.concised.moe.edu.tw/searchP.jsp?SN=%E3%84%94&SN2=%E3%84%94%E3%84%A8%E3%84%A3&word=%E6%A4%BF"
"ㄔㄨㄣˇ","蠢","","4","待補充","https://dict.concised.moe.edu.tw/searchP.jsp?SN=%E3%84%94&SN2=%E3%84%94%E3%84%A8%E3%84%A3%CB%87&word=%E8%A0%A2"
"ㄔㄨㄣˊ","屯","","2","待補充","https://dict.concised.moe.edu.tw/searchP.jsp?SN=%E3%84%94&SN2=%E3%84%94%E3%84%A8%E3%84%A3%CB%8A&word=%E5%B1%AF"
"ㄔㄨㄣˊ","純","","18","待補充","https://dict.concised.moe.edu.tw/searchP.jsp?SN=%E3%84%94&SN2=%E3%84%94%E3%84%A8%E3%84%A3%CB%8A&word=%E7%B4%94"
"ㄔㄨㄣˊ","淳","","3","待補充","https://dict.concised.moe.edu.tw/searchP.jsp?SN=%E3%84%94&SN2=%E3%84%94%E3%84%A8%E3%84%A3%CB%8A&word=%E6%B7%B3"
"ㄔㄨㄣˊ","脣","","7","待補充","https://dict.concised.moe.edu.tw/searchP.jsp?SN=%E3%84%94&SN2=%E3%84%94%E3%84%A8%E3%84%A3%CB%8A&word=%E8%84%A3"
"ㄔㄨㄣˊ","醇","","4","待補充","https://dict.concised.moe.edu.tw/searchP.jsp?SN=%E3%84%94&SN2=%E3%84%94%E3%84%A8%E3%84%A3%CB%8A&word=%E9%86%87"
"ㄔㄨㄣˊ","鶉","","1","待補充","https://dict.concised.moe.edu.tw/searchP.jsp?SN=%E3%84%94&SN2=%E3%84%94%E3%84%A8%E3%84%A3%CB%8A&word=%E9%B6%89"
"ㄔㄨㄤ","囪","","1","待補充","https://dict.concised.moe.edu.tw/searchP.jsp?SN=%E3%84%94&SN2=%E3%84%94%E3%84%A8%E3%84%A4&word=%E5%9B%AA"
"ㄔㄨㄤ","創","","19","待補充","https://dict.concised.moe.edu.tw/searchP.jsp?SN=%E3%84%94&SN2=%E3%84%94%E3%84%A8%E3%84%A4&word=%E5%89%B5"
"ㄔㄨㄤ","窗","窗戶","6","已有可用詞","https://dict.concised.moe.edu.tw/searchP.jsp?SN=%E3%84%94&SN2=%E3%84%94%E3%84%A8%E3%84%A4&word=%E7%AA%97"
"ㄔㄨㄤ","瘡","","3","待補充","https://dict.concised.moe.edu.tw/searchP.jsp?SN=%E3%84%94&SN2=%E3%84%94%E3%84%A8%E3%84%A4&word=%E7%98%A1"
"ㄔㄨㄤˇ","闖","","9","待補充","https://dict.concised.moe.edu.tw/searchP.jsp?SN=%E3%84%94&SN2=%E3%84%94%E3%84%A8%E3%84%A4%CB%87&word=%E9%97%96"
"ㄔㄨㄤˊ","床","","8","待補充","https://dict.concised.moe.edu.tw/searchP.jsp?SN=%E3%84%94&SN2=%E3%84%94%E3%84%A8%E3%84%A4%CB%8A&word=%E5%BA%8A"
"ㄔㄨㄤˊ","幢","","2","待補充","https://dict.concised.moe.edu.tw/searchP.jsp?SN=%E3%84%94&SN2=%E3%84%94%E3%84%A8%E3%84%A4%CB%8A&word=%E5%B9%A2"
"ㄔㄨㄤˋ","創","","20","待補充","https://dict.concised.moe.edu.tw/searchP.jsp?SN=%E3%84%94&SN2=%E3%84%94%E3%84%A8%E3%84%A4%CB%8B&word=%E5%89%B5"
"ㄔㄨㄤˋ","愴","","2","待補充","https://dict.concised.moe.edu.tw/searchP.jsp?SN=%E3%84%94&SN2=%E3%84%94%E3%84%A8%E3%84%A4%CB%8B&word=%E6%84%B4"
"ㄔㄨㄥ","充","","20","待補充","https://dict.concised.moe.edu.tw/searchP.jsp?SN=%E3%84%94&SN2=%E3%84%94%E3%84%A8%E3%84%A5&word=%E5%85%85"
"ㄔㄨㄥ","忡","","2","待補充","https://dict.concised.moe.edu.tw/searchP.jsp?SN=%E3%84%94&SN2=%E3%84%94%E3%84%A8%E3%84%A5&word=%E5%BF%A1"
"ㄔㄨㄥ","沖","","16","待補充","https://dict.concised.moe.edu.tw/searchP.jsp?SN=%E3%84%94&SN2=%E3%84%94%E3%84%A8%E3%84%A5&word=%E6%B2%96"
"ㄔㄨㄥ","舂","","1","待補充","https://dict.concised.moe.edu.tw/searchP.jsp?SN=%E3%84%94&SN2=%E3%84%94%E3%84%A8%E3%84%A5&word=%E8%88%82"
"ㄔㄨㄥ","憧","","2","待補充","https://dict.concised.moe.edu.tw/searchP.jsp?SN=%E3%84%94&SN2=%E3%84%94%E3%84%A8%E3%84%A5&word=%E6%86%A7"
"ㄔㄨㄥ","衝","","13","待補充","https://dict.concised.moe.edu.tw/searchP.jsp?SN=%E3%84%94&SN2=%E3%84%94%E3%84%A8%E3%84%A5&word=%E8%A1%9D"
"ㄔㄨㄥˇ","寵","","5","待補充","https://dict.concised.moe.edu.tw/searchP.jsp?SN=%E3%84%94&SN2=%E3%84%94%E3%84%A8%E3%84%A5%CB%87&word=%E5%AF%B5"
"ㄔㄨㄥˊ","虫","","1","待補充","https://dict.concised.moe.edu.tw/searchP.jsp?SN=%E3%84%94&SN2=%E3%84%94%E3%84%A8%E3%84%A5%CB%8A&word=%E8%99%AB"
"ㄔㄨㄥˊ","重","","20","待補充","https://dict.concised.moe.edu.tw/searchP.jsp?SN=%E3%84%94&SN2=%E3%84%94%E3%84%A8%E3%84%A5%CB%8A&word=%E9%87%8D"
"ㄔㄨㄥˊ","崇","","8","待補充","https://dict.concised.moe.edu.tw/searchP.jsp?SN=%E3%84%94&SN2=%E3%84%94%E3%84%A8%E3%84%A5%CB%8A&word=%E5%B4%87"
"ㄔㄨㄥˊ","蟲","","3","待補充","https://dict.concised.moe.edu.tw/searchP.jsp?SN=%E3%84%94&SN2=%E3%84%94%E3%84%A8%E3%84%A5%CB%8A&word=%E8%9F%B2"
"ㄔㄨㄥˋ","銃","","1","待補充","https://dict.concised.moe.edu.tw/searchP.jsp?SN=%E3%84%94&SN2=%E3%84%94%E3%84%A8%E3%84%A5%CB%8B&word=%E9%8A%83"
"ㄔㄨㄥˋ","衝","","1","待補充","https://dict.concised.moe.edu.tw/searchP.jsp?SN=%E3%84%94&SN2=%E3%84%94%E3%84%A8%E3%84%A5%CB%8B&word=%E8%A1%9D"
"ㄕ","尸","","2","待補充","https://dict.concised.moe.edu.tw/searchP.jsp?SN=%E3%84%95&SN2=%E3%84%95&word=%E5%B0%B8"
"ㄕ","失","","20","待補充","https://dict.concised.moe.edu.tw/searchP.jsp?SN=%E3%84%95&SN2=%E3%84%95&word=%E5%A4%B1"
"ㄕ","虱","","2","待補充","https://dict.concised.moe.edu.tw/searchP.jsp?SN=%E3%84%95&SN2=%E3%84%95&word=%E8%99%B1"
"ㄕ","屍","","7","待補充","https://dict.concised.moe.edu.tw/searchP.jsp?SN=%E3%84%95&SN2=%E3%84%95&word=%E5%B1%8D"
"ㄕ","施","","17","待補充","https://dict.concised.moe.edu.tw/searchP.jsp?SN=%E3%84%95&SN2=%E3%84%95&word=%E6%96%BD"
"ㄕ","師","","20","待補充","https://dict.concised.moe.edu.tw/searchP.jsp?SN=%E3%84%95&SN2=%E3%84%95&word=%E5%B8%AB"
"ㄕ","溼","","10","待補充","https://dict.concised.moe.edu.tw/searchP.jsp?SN=%E3%84%95&SN2=%E3%84%95&word=%E6%BA%BC"
"ㄕ","獅","","2","待補充","https://dict.concised.moe.edu.tw/searchP.jsp?SN=%E3%84%95&SN2=%E3%84%95&word=%E7%8D%85"
"ㄕ","詩","","17","待補充","https://dict.concised.moe.edu.tw/searchP.jsp?SN=%E3%84%95&SN2=%E3%84%95&word=%E8%A9%A9"
"ㄕ","蝨","","2","待補充","https://dict.concised.moe.edu.tw/searchP.jsp?SN=%E3%84%95&SN2=%E3%84%95&word=%E8%9D%A8"
"ㄕ","濕","","1","待補充","https://dict.concised.moe.edu.tw/searchP.jsp?SN=%E3%84%95&SN2=%E3%84%95&word=%E6%BF%95"
"ㄕˇ","史","","10","待補充","https://dict.concised.moe.edu.tw/searchP.jsp?SN=%E3%84%95&SN2=%E3%84%95%CB%87&word=%E5%8F%B2"
"ㄕˇ","矢","","4","待補充","https://dict.concised.moe.edu.tw/searchP.jsp?SN=%E3%84%95&SN2=%E3%84%95%CB%87&word=%E7%9F%A2"
"ㄕˇ","豕","","1","待補充","https://dict.concised.moe.edu.tw/searchP.jsp?SN=%E3%84%95&SN2=%E3%84%95%CB%87&word=%E8%B1%95"
"ㄕˇ","使","","13","待補充","https://dict.concised.moe.edu.tw/searchP.jsp?SN=%E3%84%95&SN2=%E3%84%95%CB%87&word=%E4%BD%BF"
"ㄕˇ","始","","10","待補充","https://dict.concised.moe.edu.tw/searchP.jsp?SN=%E3%84%95&SN2=%E3%84%95%CB%87&word=%E5%A7%8B"
"ㄕˇ","屎","","3","待補充","https://dict.concised.moe.edu.tw/searchP.jsp?SN=%E3%84%95&SN2=%E3%84%95%CB%87&word=%E5%B1%8E"
"ㄕˇ","駛","","1","待補充","https://dict.concised.moe.edu.tw/searchP.jsp?SN=%E3%84%95&SN2=%E3%84%95%CB%87&word=%E9%A7%9B"
"ㄕˊ","十","","20","待補充","https://dict.concised.moe.edu.tw/searchP.jsp?SN=%E3%84%95&SN2=%E3%84%95%CB%8A&word=%E5%8D%81"
"ㄕˊ","什","","3","待補充","https://dict.concised.moe.edu.tw/searchP.jsp?SN=%E3%84%95&SN2=%E3%84%95%CB%8A&word=%E4%BB%80"
"ㄕˊ","石","","20","待補充","https://dict.concised.moe.edu.tw/searchP.jsp?SN=%E3%84%95&SN2=%E3%84%95%CB%8A&word=%E7%9F%B3"
"ㄕˊ","拾","","7","待補充","https://dict.concised.moe.edu.tw/searchP.jsp?SN=%E3%84%95&SN2=%E3%84%95%CB%8A&word=%E6%8B%BE"
"ㄕˊ","食","","20","待補充","https://dict.concised.moe.edu.tw/searchP.jsp?SN=%E3%84%95&SN2=%E3%84%95%CB%8A&word=%E9%A3%9F"
"ㄕˊ","時","","20","待補充","https://dict.concised.moe.edu.tw/searchP.jsp?SN=%E3%84%95&SN2=%E3%84%95%CB%8A&word=%E6%99%82"
"ㄕˊ","提","","1","待補充","https://dict.concised.moe.edu.tw/searchP.jsp?SN=%E3%84%95&SN2=%E3%84%95%CB%8A&word=%E6%8F%90"
"ㄕˊ","實","","20","待補充","https://dict.concised.moe.edu.tw/searchP.jsp?SN=%E3%84%95&SN2=%E3%84%95%CB%8A&word=%E5%AF%A6"
"ㄕˊ","蒔","","1","待補充","https://dict.concised.moe.edu.tw/searchP.jsp?SN=%E3%84%95&SN2=%E3%84%95%CB%8A&word=%E8%92%94"
"ㄕˊ","蝕","","2","待補充","https://dict.concised.moe.edu.tw/searchP.jsp?SN=%E3%84%95&SN2=%E3%84%95%CB%8A&word=%E8%9D%95"
"ㄕˊ","鰣","","1","待補充","https://dict.concised.moe.edu.tw/searchP.jsp?SN=%E3%84%95&SN2=%E3%84%95%CB%8A&word=%E9%B0%A3"
"ㄕˋ","士","","7","待補充","https://dict.concised.moe.edu.tw/searchP.jsp?SN=%E3%84%95&SN2=%E3%84%95%CB%8B&word=%E5%A3%AB"
"ㄕˋ","氏","","1","待補充","https://dict.concised.moe.edu.tw/searchP.jsp?SN=%E3%84%95&SN2=%E3%84%95%CB%8B&word=%E6%B0%8F"
"ㄕˋ","世","","20","待補充","https://dict.concised.moe.edu.tw/searchP.jsp?SN=%E3%84%95&SN2=%E3%84%95%CB%8B&word=%E4%B8%96"
"ㄕˋ","仕","","4","待補充","https://dict.concised.moe.edu.tw/searchP.jsp?SN=%E3%84%95&SN2=%E3%84%95%CB%8B&word=%E4%BB%95"
"ㄕˋ","市","","20","待補充","https://dict.concised.moe.edu.tw/searchP.jsp?SN=%E3%84%95&SN2=%E3%84%95%CB%8B&word=%E5%B8%82"
"ㄕˋ","示","","10","待補充","https://dict.concised.moe.edu.tw/searchP.jsp?SN=%E3%84%95&SN2=%E3%84%95%CB%8B&word=%E7%A4%BA"
"ㄕˋ","式","","4","待補充","https://dict.concised.moe.edu.tw/searchP.jsp?SN=%E3%84%95&SN2=%E3%84%95%CB%8B&word=%E5%BC%8F"
"ㄕˋ","事","","20","待補充","https://dict.concised.moe.edu.tw/searchP.jsp?SN=%E3%84%95&SN2=%E3%84%95%CB%8B&word=%E4%BA%8B"
"ㄕˋ","侍","","10","待補充","https://dict.concised.moe.edu.tw/searchP.jsp?SN=%E3%84%95&SN2=%E3%84%95%CB%8B&word=%E4%BE%8D"
"ㄕˋ","室","","7","待補充","https://dict.concised.moe.edu.tw/searchP.jsp?SN=%E3%84%95&SN2=%E3%84%95%CB%8B&word=%E5%AE%A4"
"ㄕˋ","恃","","4","待補充","https://dict.concised.moe.edu.tw/searchP.jsp?SN=%E3%84%95&SN2=%E3%84%95%CB%8B&word=%E6%81%83"
"ㄕˋ","拭","","3","待補充","https://dict.concised.moe.edu.tw/searchP.jsp?SN=%E3%84%95&SN2=%E3%84%95%CB%8B&word=%E6%8B%AD"
"ㄕˋ","是","","7","待補充","https://dict.concised.moe.edu.tw/searchP.jsp?SN=%E3%84%95&SN2=%E3%84%95%CB%8B&word=%E6%98%AF"
"ㄕˋ","柿","","2","待補充","https://dict.concised.moe.edu.tw/searchP.jsp?SN=%E3%84%95&SN2=%E3%84%95%CB%8B&word=%E6%9F%BF"
"ㄕˋ","舐","","2","待補充","https://dict.concised.moe.edu.tw/searchP.jsp?SN=%E3%84%95&SN2=%E3%84%95%CB%8B&word=%E8%88%90"
"ㄕˋ","視","","20","待補充","https://dict.concised.moe.edu.tw/searchP.jsp?SN=%E3%84%95&SN2=%E3%84%95%CB%8B&word=%E8%A6%96"
"ㄕˋ","逝","","3","待補充","https://dict.concised.moe.edu.tw/searchP.jsp?SN=%E3%84%95&SN2=%E3%84%95%CB%8B&word=%E9%80%9D"
"ㄕˋ","勢","","12","待補充","https://dict.concised.moe.edu.tw/searchP.jsp?SN=%E3%84%95&SN2=%E3%84%95%CB%8B&word=%E5%8B%A2"
"ㄕˋ","嗜","","4","待補充","https://dict.concised.moe.edu.tw/searchP.jsp?SN=%E3%84%95&SN2=%E3%84%95%CB%8B&word=%E5%97%9C"
"ㄕˋ","弒","","1","待補充","https://dict.concised.moe.edu.tw/searchP.jsp?SN=%E3%84%95&SN2=%E3%84%95%CB%8B&word=%E5%BC%92"
"ㄕˋ","筮","","1","待補充","https://dict.concised.moe.edu.tw/searchP.jsp?SN=%E3%84%95&SN2=%E3%84%95%CB%8B&word=%E7%AD%AE"
"ㄕˋ","試","","20","待補充","https://dict.concised.moe.edu.tw/searchP.jsp?SN=%E3%84%95&SN2=%E3%84%95%CB%8B&word=%E8%A9%A6"
"ㄕˋ","軾","","1","待補充","https://dict.concised.moe.edu.tw/searchP.jsp?SN=%E3%84%95&SN2=%E3%84%95%CB%8B&word=%E8%BB%BE"
"ㄕˋ","飾","","5","待補充","https://dict.concised.moe.edu.tw/searchP.jsp?SN=%E3%84%95&SN2=%E3%84%95%CB%8B&word=%E9%A3%BE"
"ㄕˋ","誓","","10","待補充","https://dict.concised.moe.edu.tw/searchP.jsp?SN=%E3%84%95&SN2=%E3%84%95%CB%8B&word=%E8%AA%93"
"ㄕˋ","適","","20","待補充","https://dict.concised.moe.edu.tw/searchP.jsp?SN=%E3%84%95&SN2=%E3%84%95%CB%8B&word=%E9%81%A9"
"ㄕˋ","噬","","3","待補充","https://dict.concised.moe.edu.tw/searchP.jsp?SN=%E3%84%95&SN2=%E3%84%95%CB%8B&word=%E5%99%AC"
"ㄕˋ","諡","","1","待補充","https://dict.concised.moe.edu.tw/searchP.jsp?SN=%E3%84%95&SN2=%E3%84%95%CB%8B&word=%E8%AB%A1"
"ㄕˋ","識","","10","待補充","https://dict.concised.moe.edu.tw/searchP.jsp?SN=%E3%84%95&SN2=%E3%84%95%CB%8B&word=%E8%AD%98"
"ㄕˋ","釋","","10","待補充","https://dict.concised.moe.edu.tw/searchP.jsp?SN=%E3%84%95&SN2=%E3%84%95%CB%8B&word=%E9%87%8B"
"ㄕㄚ","沙","","20","待補充","https://dict.concised.moe.edu.tw/searchP.jsp?SN=%E3%84%95&SN2=%E3%84%95%E3%84%9A&word=%E6%B2%99"
"ㄕㄚ","砂","","13","待補充","https://dict.concised.moe.edu.tw/searchP.jsp?SN=%E3%84%95&SN2=%E3%84%95%E3%84%9A&word=%E7%A0%82"
"ㄕㄚ","紗","","6","待補充","https://dict.concised.moe.edu.tw/searchP.jsp?SN=%E3%84%95&SN2=%E3%84%95%E3%84%9A&word=%E7%B4%97"
"ㄕㄚ","殺","","20","待補充","https://dict.concised.moe.edu.tw/searchP.jsp?SN=%E3%84%95&SN2=%E3%84%95%E3%84%9A&word=%E6%AE%BA"
"ㄕㄚ","莎","","2","待補充","https://dict.concised.moe.edu.tw/searchP.jsp?SN=%E3%84%95&SN2=%E3%84%95%E3%84%9A&word=%E8%8E%8E"
"ㄕㄚ","痧","","1","待補充","https://dict.concised.moe.edu.tw/searchP.jsp?SN=%E3%84%95&SN2=%E3%84%95%E3%84%9A&word=%E7%97%A7"
"ㄕㄚ","煞","","8","待補充","https://dict.concised.moe.edu.tw/searchP.jsp?SN=%E3%84%95&SN2=%E3%84%95%E3%84%9A&word=%E7%85%9E"
"ㄕㄚ","裟","","1","待補充","https://dict.concised.moe.edu.tw/searchP.jsp?SN=%E3%84%95&SN2=%E3%84%95%E3%84%9A&word=%E8%A3%9F"
"ㄕㄚ","鯊","","2","待補充","https://dict.concised.moe.edu.tw/searchP.jsp?SN=%E3%84%95&SN2=%E3%84%95%E3%84%9A&word=%E9%AF%8A"
"ㄕㄚ","鎩","","2","待補充","https://dict.concised.moe.edu.tw/searchP.jsp?SN=%E3%84%95&SN2=%E3%84%95%E3%84%9A&word=%E9%8E%A9"
"ㄕㄚˇ","傻","","9","待補充","https://dict.concised.moe.edu.tw/searchP.jsp?SN=%E3%84%95&SN2=%E3%84%95%E3%84%9A%CB%87&word=%E5%82%BB"
"ㄕㄚˊ","啥","","1","待補充","https://dict.concised.moe.edu.tw/searchP.jsp?SN=%E3%84%95&SN2=%E3%84%95%E3%84%9A%CB%8A&word=%E5%95%A5"
"ㄕㄚˋ","歃","","2","待補充","https://dict.concised.moe.edu.tw/searchP.jsp?SN=%E3%84%95&SN2=%E3%84%95%E3%84%9A%CB%8B&word=%E6%AD%83"
"ㄕㄚˋ","煞","","5","待補充","https://dict.concised.moe.edu.tw/searchP.jsp?SN=%E3%84%95&SN2=%E3%84%95%E3%84%9A%CB%8B&word=%E7%85%9E"
"ㄕㄚˋ","霎","","2","待補充","https://dict.concised.moe.edu.tw/searchP.jsp?SN=%E3%84%95&SN2=%E3%84%95%E3%84%9A%CB%8B&word=%E9%9C%8E"
"ㄕㄜ","奢","","7","待補充","https://dict.concised.moe.edu.tw/searchP.jsp?SN=%E3%84%95&SN2=%E3%84%95%E3%84%9C&word=%E5%A5%A2"
"ㄕㄜ","畬","","1","待補充","https://dict.concised.moe.edu.tw/searchP.jsp?SN=%E3%84%95&SN2=%E3%84%95%E3%84%9C&word=%E7%95%AC"
"ㄕㄜ","賒","","4","待補充","https://dict.concised.moe.edu.tw/searchP.jsp?SN=%E3%84%95&SN2=%E3%84%95%E3%84%9C&word=%E8%B3%92"
"ㄕㄜˇ","舍","","2","待補充","https://dict.concised.moe.edu.tw/searchP.jsp?SN=%E3%84%95&SN2=%E3%84%95%E3%84%9C%CB%87&word=%E8%88%8D"
"ㄕㄜˇ","捨","","11","待補充","https://dict.concised.moe.edu.tw/searchP.jsp?SN=%E3%84%95&SN2=%E3%84%95%E3%84%9C%CB%87&word=%E6%8D%A8"
"ㄕㄜˊ","舌","","9","待補充","https://dict.concised.moe.edu.tw/searchP.jsp?SN=%E3%84%95&SN2=%E3%84%95%E3%84%9C%CB%8A&word=%E8%88%8C"
"ㄕㄜˊ","佘","","1","待補充","https://dict.concised.moe.edu.tw/searchP.jsp?SN=%E3%84%95&SN2=%E3%84%95%E3%84%9C%CB%8A&word=%E4%BD%98"
"ㄕㄜˊ","折","","1","待補充","https://dict.concised.moe.edu.tw/searchP.jsp?SN=%E3%84%95&SN2=%E3%84%95%E3%84%9C%CB%8A&word=%E6%8A%98"
"ㄕㄜˊ","蛇","","7","待補充","https://dict.concised.moe.edu.tw/searchP.jsp?SN=%E3%84%95&SN2=%E3%84%95%E3%84%9C%CB%8A&word=%E8%9B%87"
"ㄕㄜˋ","社","","20","待補充","https://dict.concised.moe.edu.tw/searchP.jsp?SN=%E3%84%95&SN2=%E3%84%95%E3%84%9C%CB%8B&word=%E7%A4%BE"
"ㄕㄜˋ","舍","","4","待補充","https://dict.concised.moe.edu.tw/searchP.jsp?SN=%E3%84%95&SN2=%E3%84%95%E3%84%9C%CB%8B&word=%E8%88%8D"
"ㄕㄜˋ","拾","","2","待補充","https://dict.concised.moe.edu.tw/searchP.jsp?SN=%E3%84%95&SN2=%E3%84%95%E3%84%9C%CB%8B&word=%E6%8B%BE"
"ㄕㄜˋ","射","","7","待補充","https://dict.concised.moe.edu.tw/searchP.jsp?SN=%E3%84%95&SN2=%E3%84%95%E3%84%9C%CB%8B&word=%E5%B0%84"
"ㄕㄜˋ","涉","","7","待補充","https://dict.concised.moe.edu.tw/searchP.jsp?SN=%E3%84%95&SN2=%E3%84%95%E3%84%9C%CB%8B&word=%E6%B6%89"
"ㄕㄜˋ","設","","17","待補充","https://dict.concised.moe.edu.tw/searchP.jsp?SN=%E3%84%95&SN2=%E3%84%95%E3%84%9C%CB%8B&word=%E8%A8%AD"
"ㄕㄜˋ","赦","","3","待補充","https://dict.concised.moe.edu.tw/searchP.jsp?SN=%E3%84%95&SN2=%E3%84%95%E3%84%9C%CB%8B&word=%E8%B5%A6"
"ㄕㄜˋ","葉","","2","待補充","https://dict.concised.moe.edu.tw/searchP.jsp?SN=%E3%84%95&SN2=%E3%84%95%E3%84%9C%CB%8B&word=%E8%91%89"
"ㄕㄜˋ","攝","","10","待補充","https://dict.concised.moe.edu.tw/searchP.jsp?SN=%E3%84%95&SN2=%E3%84%95%E3%84%9C%CB%8B&word=%E6%94%9D"
"ㄕㄜˋ","麝","","2","待補充","https://dict.concised.moe.edu.tw/searchP.jsp?SN=%E3%84%95&SN2=%E3%84%95%E3%84%9C%CB%8B&word=%E9%BA%9D"
"ㄕㄞ","篩","","3","待補充","https://dict.concised.moe.edu.tw/searchP.jsp?SN=%E3%84%95&SN2=%E3%84%95%E3%84%9E&word=%E7%AF%A9"
"ㄕㄞˇ","色","","2","待補充","https://dict.concised.moe.edu.tw/searchP.jsp?SN=%E3%84%95&SN2=%E3%84%95%E3%84%9E%CB%87&word=%E8%89%B2"
"ㄕㄞˋ","晒","","2","待補充","https://dict.concised.moe.edu.tw/searchP.jsp?SN=%E3%84%95&SN2=%E3%84%95%E3%84%9E%CB%8B&word=%E6%99%92"
"ㄕㄞˋ","殺","","1","待補充","https://dict.concised.moe.edu.tw/searchP.jsp?SN=%E3%84%95&SN2=%E3%84%95%E3%84%9E%CB%8B&word=%E6%AE%BA"
"ㄕㄟˊ","誰","","1","待補充","https://dict.concised.moe.edu.tw/searchP.jsp?SN=%E3%84%95&SN2=%E3%84%95%E3%84%9F%CB%8A&word=%E8%AA%B0"
"ㄕㄠ","捎","","2","待補充","https://dict.concised.moe.edu.tw/searchP.jsp?SN=%E3%84%95&SN2=%E3%84%95%E3%84%A0&word=%E6%8D%8E"
"ㄕㄠ","梢","","1","待補充","https://dict.concised.moe.edu.tw/searchP.jsp?SN=%E3%84%95&SN2=%E3%84%95%E3%84%A0&word=%E6%A2%A2"
"ㄕㄠ","稍","","9","待補充","https://dict.concised.moe.edu.tw/searchP.jsp?SN=%E3%84%95&SN2=%E3%84%95%E3%84%A0&word=%E7%A8%8D"
"ㄕㄠ","筲","","1","待補充","https://dict.concised.moe.edu.tw/searchP.jsp?SN=%E3%84%95&SN2=%E3%84%95%E3%84%A0&word=%E7%AD%B2"
"ㄕㄠ","燒","","16","待補充","https://dict.concised.moe.edu.tw/searchP.jsp?SN=%E3%84%95&SN2=%E3%84%95%E3%84%A0&word=%E7%87%92"
"ㄕㄠˇ","少","","7","待補充","https://dict.concised.moe.edu.tw/searchP.jsp?SN=%E3%84%95&SN2=%E3%84%95%E3%84%A0%CB%87&word=%E5%B0%91"
"ㄕㄠˊ","勺","","2","待補充","https://dict.concised.moe.edu.tw/searchP.jsp?SN=%E3%84%95&SN2=%E3%84%95%E3%84%A0%CB%8A&word=%E5%8B%BA"
"ㄕㄠˊ","杓","","1","待補充","https://dict.concised.moe.edu.tw/searchP.jsp?SN=%E3%84%95&SN2=%E3%84%95%E3%84%A0%CB%8A&word=%E6%9D%93"
"ㄕㄠˊ","芍","","3","待補充","https://dict.concised.moe.edu.tw/searchP.jsp?SN=%E3%84%95&SN2=%E3%84%95%E3%84%A0%CB%8A&word=%E8%8A%8D"
"ㄕㄠˊ","韶","","3","待補充","https://dict.concised.moe.edu.tw/searchP.jsp?SN=%E3%84%95&SN2=%E3%84%95%E3%84%A0%CB%8A&word=%E9%9F%B6"
"ㄕㄠˋ","少","","14","待補充","https://dict.concised.moe.edu.tw/searchP.jsp?SN=%E3%84%95&SN2=%E3%84%95%E3%84%A0%CB%8B&word=%E5%B0%91"
"ㄕㄠˋ","召","","1","待補充","https://dict.concised.moe.edu.tw/searchP.jsp?SN=%E3%84%95&SN2=%E3%84%95%E3%84%A0%CB%8B&word=%E5%8F%AC"
"ㄕㄠˋ","劭","","1","待補充","https://dict.concised.moe.edu.tw/searchP.jsp?SN=%E3%84%95&SN2=%E3%84%95%E3%84%A0%CB%8B&word=%E5%8A%AD"
"ㄕㄠˋ","邵","","1","待補充","https://dict.concised.moe.edu.tw/searchP.jsp?SN=%E3%84%95&SN2=%E3%84%95%E3%84%A0%CB%8B&word=%E9%82%B5"
"ㄕㄠˋ","哨","","4","待補充","https://dict.concised.moe.edu.tw/searchP.jsp?SN=%E3%84%95&SN2=%E3%84%95%E3%84%A0%CB%8B&word=%E5%93%A8"
"ㄕㄠˋ","捎","","1","待補充","https://dict.concised.moe.edu.tw/searchP.jsp?SN=%E3%84%95&SN2=%E3%84%95%E3%84%A0%CB%8B&word=%E6%8D%8E"
"ㄕㄠˋ","紹","","1","待補充","https://dict.concised.moe.edu.tw/searchP.jsp?SN=%E3%84%95&SN2=%E3%84%95%E3%84%A0%CB%8B&word=%E7%B4%B9"
"ㄕㄡ","收","","20","待補充","https://dict.concised.moe.edu.tw/searchP.jsp?SN=%E3%84%95&SN2=%E3%84%95%E3%84%A1&word=%E6%94%B6"
"ㄕㄡˇ","手","手套","20","已有可用詞","https://dict.concised.moe.edu.tw/searchP.jsp?SN=%E3%84%95&SN2=%E3%84%95%E3%84%A1%CB%87&word=%E6%89%8B"
"ㄕㄡˇ","守","","20","待補充","https://dict.concised.moe.edu.tw/searchP.jsp?SN=%E3%84%95&SN2=%E3%84%95%E3%84%A1%CB%87&word=%E5%AE%88"
"ㄕㄡˇ","首","","20","待補充","https://dict.concised.moe.edu.tw/searchP.jsp?SN=%E3%84%95&SN2=%E3%84%95%E3%84%A1%CB%87&word=%E9%A6%96"
"ㄕㄡˊ","熟","","19","待補充","https://dict.concised.moe.edu.tw/searchP.jsp?SN=%E3%84%95&SN2=%E3%84%95%E3%84%A1%CB%8A&word=%E7%86%9F"
"ㄕㄡˋ","受","","20","待補充","https://dict.concised.moe.edu.tw/searchP.jsp?SN=%E3%84%95&SN2=%E3%84%95%E3%84%A1%CB%8B&word=%E5%8F%97"
"ㄕㄡˋ","狩","","2","待補充","https://dict.concised.moe.edu.tw/searchP.jsp?SN=%E3%84%95&SN2=%E3%84%95%E3%84%A1%CB%8B&word=%E7%8B%A9"
"ㄕㄡˋ","售","","6","待補充","https://dict.concised.moe.edu.tw/searchP.jsp?SN=%E3%84%95&SN2=%E3%84%95%E3%84%A1%CB%8B&word=%E5%94%AE"
"ㄕㄡˋ","授","","13","待補充","https://dict.concised.moe.edu.tw/searchP.jsp?SN=%E3%84%95&SN2=%E3%84%95%E3%84%A1%CB%8B&word=%E6%8E%88"
"ㄕㄡˋ","壽","","14","待補充","https://dict.concised.moe.edu.tw/searchP.jsp?SN=%E3%84%95&SN2=%E3%84%95%E3%84%A1%CB%8B&word=%E5%A3%BD"
"ㄕㄡˋ","綬","","1","待補充","https://dict.concised.moe.edu.tw/searchP.jsp?SN=%E3%84%95&SN2=%E3%84%95%E3%84%A1%CB%8B&word=%E7%B6%AC"
"ㄕㄡˋ","瘦","","9","待補充","https://dict.concised.moe.edu.tw/searchP.jsp?SN=%E3%84%95&SN2=%E3%84%95%E3%84%A1%CB%8B&word=%E7%98%A6"
"ㄕㄡˋ","獸","","3","待補充","https://dict.concised.moe.edu.tw/searchP.jsp?SN=%E3%84%95&SN2=%E3%84%95%E3%84%A1%CB%8B&word=%E7%8D%B8"
"ㄕㄢ","山","","20","待補充","https://dict.concised.moe.edu.tw/searchP.jsp?SN=%E3%84%95&SN2=%E3%84%95%E3%84%A2&word=%E5%B1%B1"
"ㄕㄢ","刪","","5","待補充","https://dict.concised.moe.edu.tw/searchP.jsp?SN=%E3%84%95&SN2=%E3%84%95%E3%84%A2&word=%E5%88%AA"
"ㄕㄢ","杉","","2","待補充","https://dict.concised.moe.edu.tw/searchP.jsp?SN=%E3%84%95&SN2=%E3%84%95%E3%84%A2&word=%E6%9D%89"
"ㄕㄢ","姍","","3","待補充","https://dict.concised.moe.edu.tw/searchP.jsp?SN=%E3%84%95&SN2=%E3%84%95%E3%84%A2&word=%E5%A7%8D"
"ㄕㄢ","珊","","4","待補充","https://dict.concised.moe.edu.tw/searchP.jsp?SN=%E3%84%95&SN2=%E3%84%95%E3%84%A2&word=%E7%8F%8A"
"ㄕㄢ","舢","","2","待補充","https://dict.concised.moe.edu.tw/searchP.jsp?SN=%E3%84%95&SN2=%E3%84%95%E3%84%A2&word=%E8%88%A2"
"ㄕㄢ","苫","","1","待補充","https://dict.concised.moe.edu.tw/searchP.jsp?SN=%E3%84%95&SN2=%E3%84%95%E3%84%A2&word=%E8%8B%AB"
"ㄕㄢ","衫","","1","待補充","https://dict.concised.moe.edu.tw/searchP.jsp?SN=%E3%84%95&SN2=%E3%84%95%E3%84%A2&word=%E8%A1%AB"
"ㄕㄢ","扇","","3","待補充","https://dict.concised.moe.edu.tw/searchP.jsp?SN=%E3%84%95&SN2=%E3%84%95%E3%84%A2&word=%E6%89%87"
"ㄕㄢ","跚","","1","待補充","https://dict.concised.moe.edu.tw/searchP.jsp?SN=%E3%84%95&SN2=%E3%84%95%E3%84%A2&word=%E8%B7%9A"
"ㄕㄢ","搧","","3","待補充","https://dict.concised.moe.edu.tw/searchP.jsp?SN=%E3%84%95&SN2=%E3%84%95%E3%84%A2&word=%E6%90%A7"
"ㄕㄢ","煽","","4","待補充","https://dict.concised.moe.edu.tw/searchP.jsp?SN=%E3%84%95&SN2=%E3%84%95%E3%84%A2&word=%E7%85%BD"
"ㄕㄢ","潸","","3","待補充","https://dict.concised.moe.edu.tw/searchP.jsp?SN=%E3%84%95&SN2=%E3%84%95%E3%84%A2&word=%E6%BD%B8"
"ㄕㄢ","羶","","1","待補充","https://dict.concised.moe.edu.tw/searchP.jsp?SN=%E3%84%95&SN2=%E3%84%95%E3%84%A2&word=%E7%BE%B6"
"ㄕㄢˇ","閃","","16","待補充","https://dict.concised.moe.edu.tw/searchP.jsp?SN=%E3%84%95&SN2=%E3%84%95%E3%84%A2%CB%87&word=%E9%96%83"
"ㄕㄢˇ","陝","","1","待補充","https://dict.concised.moe.edu.tw/searchP.jsp?SN=%E3%84%95&SN2=%E3%84%95%E3%84%A2%CB%87&word=%E9%99%9D"
"ㄕㄢˋ","汕","","2","待補充","https://dict.concised.moe.edu.tw/searchP.jsp?SN=%E3%84%95&SN2=%E3%84%95%E3%84%A2%CB%8B&word=%E6%B1%95"
"ㄕㄢˋ","疝","","2","待補充","https://dict.concised.moe.edu.tw/searchP.jsp?SN=%E3%84%95&SN2=%E3%84%95%E3%84%A2%CB%8B&word=%E7%96%9D"
"ㄕㄢˋ","扇","","3","待補充","https://dict.concised.moe.edu.tw/searchP.jsp?SN=%E3%84%95&SN2=%E3%84%95%E3%84%A2%CB%8B&word=%E6%89%87"
"ㄕㄢˋ","訕","","2","待補充","https://dict.concised.moe.edu.tw/searchP.jsp?SN=%E3%84%95&SN2=%E3%84%95%E3%84%A2%CB%8B&word=%E8%A8%95"
"ㄕㄢˋ","善","","20","待補充","https://dict.concised.moe.edu.tw/searchP.jsp?SN=%E3%84%95&SN2=%E3%84%95%E3%84%A2%CB%8B&word=%E5%96%84"
"ㄕㄢˋ","單","","2","待補充","https://dict.concised.moe.edu.tw/searchP.jsp?SN=%E3%84%95&SN2=%E3%84%95%E3%84%A2%CB%8B&word=%E5%96%AE"
"ㄕㄢˋ","撣","","2","待補充","https://dict.concised.moe.edu.tw/searchP.jsp?SN=%E3%84%95&SN2=%E3%84%95%E3%84%A2%CB%8B&word=%E6%92%A3"
"ㄕㄢˋ","鄯","","2","待補充","https://dict.concised.moe.edu.tw/searchP.jsp?SN=%E3%84%95&SN2=%E3%84%95%E3%84%A2%CB%8B&word=%E9%84%AF"
"ㄕㄢˋ","嬗","","2","待補充","https://dict.concised.moe.edu.tw/searchP.jsp?SN=%E3%84%95&SN2=%E3%84%95%E3%84%A2%CB%8B&word=%E5%AC%97"
"ㄕㄢˋ","擅","","9","待補充","https://dict.concised.moe.edu.tw/searchP.jsp?SN=%E3%84%95&SN2=%E3%84%95%E3%84%A2%CB%8B&word=%E6%93%85"
"ㄕㄢˋ","膳","","4","待補充","https://dict.concised.moe.edu.tw/searchP.jsp?SN=%E3%84%95&SN2=%E3%84%95%E3%84%A2%CB%8B&word=%E8%86%B3"
"ㄕㄢˋ","禪","","2","待補充","https://dict.concised.moe.edu.tw/searchP.jsp?SN=%E3%84%95&SN2=%E3%84%95%E3%84%A2%CB%8B&word=%E7%A6%AA"
"ㄕㄢˋ","繕","","2","待補充","https://dict.concised.moe.edu.tw/searchP.jsp?SN=%E3%84%95&SN2=%E3%84%95%E3%84%A2%CB%8B&word=%E7%B9%95"
"ㄕㄢˋ","贍","","2","待補充","https://dict.concised.moe.edu.tw/searchP.jsp?SN=%E3%84%95&SN2=%E3%84%95%E3%84%A2%CB%8B&word=%E8%B4%8D"
"ㄕㄢˋ","鱔","","2","待補充","https://dict.concised.moe.edu.tw/searchP.jsp?SN=%E3%84%95&SN2=%E3%84%95%E3%84%A2%CB%8B&word=%E9%B1%94"
"ㄕㄣ","申","","9","待補充","https://dict.concised.moe.edu.tw/searchP.jsp?SN=%E3%84%95&SN2=%E3%84%95%E3%84%A3&word=%E7%94%B3"
"ㄕㄣ","伸","","15","待補充","https://dict.concised.moe.edu.tw/searchP.jsp?SN=%E3%84%95&SN2=%E3%84%95%E3%84%A3&word=%E4%BC%B8"
"ㄕㄣ","身","","20","待補充","https://dict.concised.moe.edu.tw/searchP.jsp?SN=%E3%84%95&SN2=%E3%84%95%E3%84%A3&word=%E8%BA%AB"
"ㄕㄣ","呻","","2","待補充","https://dict.concised.moe.edu.tw/searchP.jsp?SN=%E3%84%95&SN2=%E3%84%95%E3%84%A3&word=%E5%91%BB"
"ㄕㄣ","娠","","1","待補充","https://dict.concised.moe.edu.tw/searchP.jsp?SN=%E3%84%95&SN2=%E3%84%95%E3%84%A3&word=%E5%A8%A0"
"ㄕㄣ","砷","","1","待補充","https://dict.concised.moe.edu.tw/searchP.jsp?SN=%E3%84%95&SN2=%E3%84%95%E3%84%A3&word=%E7%A0%B7"
"ㄕㄣ","參","","1","待補充","https://dict.concised.moe.edu.tw/searchP.jsp?SN=%E3%84%95&SN2=%E3%84%95%E3%84%A3&word=%E5%8F%83"
"ㄕㄣ","深","","20","待補充","https://dict.concised.moe.edu.tw/searchP.jsp?SN=%E3%84%95&SN2=%E3%84%95%E3%84%A3&word=%E6%B7%B1"
"ㄕㄣ","紳","","2","待補充","https://dict.concised.moe.edu.tw/searchP.jsp?SN=%E3%84%95&SN2=%E3%84%95%E3%84%A3&word=%E7%B4%B3"
"ㄕㄣ","莘","","2","待補充","https://dict.concised.moe.edu.tw/searchP.jsp?SN=%E3%84%95&SN2=%E3%84%95%E3%84%A3&word=%E8%8E%98"
"ㄕㄣ","蔘","","1","待補充","https://dict.concised.moe.edu.tw/searchP.jsp?SN=%E3%84%95&SN2=%E3%84%95%E3%84%A3&word=%E8%94%98"
"ㄕㄣ","燊","","1","待補充","https://dict.concised.moe.edu.tw/searchP.jsp?SN=%E3%84%95&SN2=%E3%84%95%E3%84%A3&word=%E7%87%8A"
"ㄕㄣˇ","沈","","1","待補充","https://dict.concised.moe.edu.tw/searchP.jsp?SN=%E3%84%95&SN2=%E3%84%95%E3%84%A3%CB%87&word=%E6%B2%88"
"ㄕㄣˇ","哂","","1","待補充","https://dict.concised.moe.edu.tw/searchP.jsp?SN=%E3%84%95&SN2=%E3%84%95%E3%84%A3%CB%87&word=%E5%93%82"
"ㄕㄣˇ","審","","18","待補充","https://dict.concised.moe.edu.tw/searchP.jsp?SN=%E3%84%95&SN2=%E3%84%95%E3%84%A3%CB%87&word=%E5%AF%A9"
"ㄕㄣˇ","嬸","","3","待補充","https://dict.concised.moe.edu.tw/searchP.jsp?SN=%E3%84%95&SN2=%E3%84%95%E3%84%A3%CB%87&word=%E5%AC%B8"
"ㄕㄣˇ","瀋","","1","待補充","https://dict.concised.moe.edu.tw/searchP.jsp?SN=%E3%84%95&SN2=%E3%84%95%E3%84%A3%CB%87&word=%E7%80%8B"
"ㄕㄣˊ","什","","2","待補充","https://dict.concised.moe.edu.tw/searchP.jsp?SN=%E3%84%95&SN2=%E3%84%95%E3%84%A3%CB%8A&word=%E4%BB%80"
"ㄕㄣˊ","甚","","2","待補充","https://dict.concised.moe.edu.tw/searchP.jsp?SN=%E3%84%95&SN2=%E3%84%95%E3%84%A3%CB%8A&word=%E7%94%9A"
"ㄕㄣˊ","神","","20","待補充","https://dict.concised.moe.edu.tw/searchP.jsp?SN=%E3%84%95&SN2=%E3%84%95%E3%84%A3%CB%8A&word=%E7%A5%9E"
"ㄕㄣˋ","甚","","5","待補充","https://dict.concised.moe.edu.tw/searchP.jsp?SN=%E3%84%95&SN2=%E3%84%95%E3%84%A3%CB%8B&word=%E7%94%9A"
"ㄕㄣˋ","腎","","4","待補充","https://dict.concised.moe.edu.tw/searchP.jsp?SN=%E3%84%95&SN2=%E3%84%95%E3%84%A3%CB%8B&word=%E8%85%8E"
"ㄕㄣˋ","慎","","8","待補充","https://dict.concised.moe.edu.tw/searchP.jsp?SN=%E3%84%95&SN2=%E3%84%95%E3%84%A3%CB%8B&word=%E6%85%8E"
"ㄕㄣˋ","葚","","1","待補充","https://dict.concised.moe.edu.tw/searchP.jsp?SN=%E3%84%95&SN2=%E3%84%95%E3%84%A3%CB%8B&word=%E8%91%9A"
"ㄕㄣˋ","蜃","","1","待補充","https://dict.concised.moe.edu.tw/searchP.jsp?SN=%E3%84%95&SN2=%E3%84%95%E3%84%A3%CB%8B&word=%E8%9C%83"
"ㄕㄣˋ","滲","","6","待補充","https://dict.concised.moe.edu.tw/searchP.jsp?SN=%E3%84%95&SN2=%E3%84%95%E3%84%A3%CB%8B&word=%E6%BB%B2"
"ㄕㄤ","商","","20","待補充","https://dict.concised.moe.edu.tw/searchP.jsp?SN=%E3%84%95&SN2=%E3%84%95%E3%84%A4&word=%E5%95%86"
"ㄕㄤ","湯","","2","待補充","https://dict.concised.moe.edu.tw/searchP.jsp?SN=%E3%84%95&SN2=%E3%84%95%E3%84%A4&word=%E6%B9%AF"
"ㄕㄤ","傷","","20","待補充","https://dict.concised.moe.edu.tw/searchP.jsp?SN=%E3%84%95&SN2=%E3%84%95%E3%84%A4&word=%E5%82%B7"
"ㄕㄤ","殤","","1","待補充","https://dict.concised.moe.edu.tw/searchP.jsp?SN=%E3%84%95&SN2=%E3%84%95%E3%84%A4&word=%E6%AE%A4"
"ㄕㄤ","觴","","1","待補充","https://dict.concised.moe.edu.tw/searchP.jsp?SN=%E3%84%95&SN2=%E3%84%95%E3%84%A4&word=%E8%A7%B4"
"ㄕㄤˇ","上","","2","待補充","https://dict.concised.moe.edu.tw/searchP.jsp?SN=%E3%84%95&SN2=%E3%84%95%E3%84%A4%CB%87&word=%E4%B8%8A"
"ㄕㄤˇ","晌","","2","待補充","https://dict.concised.moe.edu.tw/searchP.jsp?SN=%E3%84%95&SN2=%E3%84%95%E3%84%A4%CB%87&word=%E6%99%8C"
"ㄕㄤˇ","賞","","10","待補充","https://dict.concised.moe.edu.tw/searchP.jsp?SN=%E3%84%95&SN2=%E3%84%95%E3%84%A4%CB%87&word=%E8%B3%9E"
"ㄕㄤˋ","上","","20","待補充","https://dict.concised.moe.edu.tw/searchP.jsp?SN=%E3%84%95&SN2=%E3%84%95%E3%84%A4%CB%8B&word=%E4%B8%8A"
"ㄕㄤˋ","尚","","8","待補充","https://dict.concised.moe.edu.tw/searchP.jsp?SN=%E3%84%95&SN2=%E3%84%95%E3%84%A4%CB%8B&word=%E5%B0%9A"
"ㄕㄥ","升","","20","待補充","https://dict.concised.moe.edu.tw/searchP.jsp?SN=%E3%84%95&SN2=%E3%84%95%E3%84%A5&word=%E5%8D%87"
"ㄕㄥ","生","","20","待補充","https://dict.concised.moe.edu.tw/searchP.jsp?SN=%E3%84%95&SN2=%E3%84%95%E3%84%A5&word=%E7%94%9F"
"ㄕㄥ","昇","","4","待補充","https://dict.concised.moe.edu.tw/searchP.jsp?SN=%E3%84%95&SN2=%E3%84%95%E3%84%A5&word=%E6%98%87"
"ㄕㄥ","牲","","4","待補充","https://dict.concised.moe.edu.tw/searchP.jsp?SN=%E3%84%95&SN2=%E3%84%95%E3%84%A5&word=%E7%89%B2"
"ㄕㄥ","陞","","1","待補充","https://dict.concised.moe.edu.tw/searchP.jsp?SN=%E3%84%95&SN2=%E3%84%95%E3%84%A5&word=%E9%99%9E"
"ㄕㄥ","笙","","3","待補充","https://dict.concised.moe.edu.tw/searchP.jsp?SN=%E3%84%95&SN2=%E3%84%95%E3%84%A5&word=%E7%AC%99"
"ㄕㄥ","勝","","14","待補充","https://dict.concised.moe.edu.tw/searchP.jsp?SN=%E3%84%95&SN2=%E3%84%95%E3%84%A5&word=%E5%8B%9D"
"ㄕㄥ","甥","","2","待補充","https://dict.concised.moe.edu.tw/searchP.jsp?SN=%E3%84%95&SN2=%E3%84%95%E3%84%A5&word=%E7%94%A5"
"ㄕㄥ","聲","","20","待補充","https://dict.concised.moe.edu.tw/searchP.jsp?SN=%E3%84%95&SN2=%E3%84%95%E3%84%A5&word=%E8%81%B2"
"ㄕㄥˇ","省","","20","待補充","https://dict.concised.moe.edu.tw/searchP.jsp?SN=%E3%84%95&SN2=%E3%84%95%E3%84%A5%CB%87&word=%E7%9C%81"
"ㄕㄥˇ","眚","","1","待補充","https://dict.concised.moe.edu.tw/searchP.jsp?SN=%E3%84%95&SN2=%E3%84%95%E3%84%A5%CB%87&word=%E7%9C%9A"
"ㄕㄥˊ","澠","","1","待補充","https://dict.concised.moe.edu.tw/searchP.jsp?SN=%E3%84%95&SN2=%E3%84%95%E3%84%A5%CB%8A&word=%E6%BE%A0"
"ㄕㄥˊ","繩","","7","待補充","https://dict.concised.moe.edu.tw/searchP.jsp?SN=%E3%84%95&SN2=%E3%84%95%E3%84%A5%CB%8A&word=%E7%B9%A9"
"ㄕㄥˋ","乘","","2","待補充","https://dict.concised.moe.edu.tw/searchP.jsp?SN=%E3%84%95&SN2=%E3%84%95%E3%84%A5%CB%8B&word=%E4%B9%98"
"ㄕㄥˋ","盛","","20","待補充","https://dict.concised.moe.edu.tw/searchP.jsp?SN=%E3%84%95&SN2=%E3%84%95%E3%84%A5%CB%8B&word=%E7%9B%9B"
"ㄕㄥˋ","剩","","6","待補充","https://dict.concised.moe.edu.tw/searchP.jsp?SN=%E3%84%95&SN2=%E3%84%95%E3%84%A5%CB%8B&word=%E5%89%A9"
"ㄕㄥˋ","勝","","13","待補充","https://dict.concised.moe.edu.tw/searchP.jsp?SN=%E3%84%95&SN2=%E3%84%95%E3%84%A5%CB%8B&word=%E5%8B%9D"
"ㄕㄥˋ","嵊","","2","待補充","https://dict.concised.moe.edu.tw/searchP.jsp?SN=%E3%84%95&SN2=%E3%84%95%E3%84%A5%CB%8B&word=%E5%B5%8A"
"ㄕㄥˋ","聖","","20","待補充","https://dict.concised.moe.edu.tw/searchP.jsp?SN=%E3%84%95&SN2=%E3%84%95%E3%84%A5%CB%8B&word=%E8%81%96"
"ㄕㄥˋ","賸","","2","待補充","https://dict.concised.moe.edu.tw/searchP.jsp?SN=%E3%84%95&SN2=%E3%84%95%E3%84%A5%CB%8B&word=%E8%B3%B8"
"ㄕㄨ","疋","","1","待補充","https://dict.concised.moe.edu.tw/searchP.jsp?SN=%E3%84%95&SN2=%E3%84%95%E3%84%A8&word=%E7%96%8B"
"ㄕㄨ","抒","","7","待補充","https://dict.concised.moe.edu.tw/searchP.jsp?SN=%E3%84%95&SN2=%E3%84%95%E3%84%A8&word=%E6%8A%92"
"ㄕㄨ","姝","","1","待補充","https://dict.concised.moe.edu.tw/searchP.jsp?SN=%E3%84%95&SN2=%E3%84%95%E3%84%A8&word=%E5%A7%9D"
"ㄕㄨ","書","書包、書本","20","已有可用詞","https://dict.concised.moe.edu.tw/searchP.jsp?SN=%E3%84%95&SN2=%E3%84%95%E3%84%A8&word=%E6%9B%B8"
"ㄕㄨ","殊","","6","待補充","https://dict.concised.moe.edu.tw/searchP.jsp?SN=%E3%84%95&SN2=%E3%84%95%E3%84%A8&word=%E6%AE%8A"
"ㄕㄨ","紓","","2","待補充","https://dict.concised.moe.edu.tw/searchP.jsp?SN=%E3%84%95&SN2=%E3%84%95%E3%84%A8&word=%E7%B4%93"
"ㄕㄨ","梳","","5","待補充","https://dict.concised.moe.edu.tw/searchP.jsp?SN=%E3%84%95&SN2=%E3%84%95%E3%84%A8&word=%E6%A2%B3"
"ㄕㄨ","荼","","1","待補充","https://dict.concised.moe.edu.tw/searchP.jsp?SN=%E3%84%95&SN2=%E3%84%95%E3%84%A8&word=%E8%8D%BC"
"ㄕㄨ","疏","","17","待補充","https://dict.concised.moe.edu.tw/searchP.jsp?SN=%E3%84%95&SN2=%E3%84%95%E3%84%A8&word=%E7%96%8F"
"ㄕㄨ","舒","","8","待補充","https://dict.concised.moe.edu.tw/searchP.jsp?SN=%E3%84%95&SN2=%E3%84%95%E3%84%A8&word=%E8%88%92"
"ㄕㄨ","樞","","2","待補充","https://dict.concised.moe.edu.tw/searchP.jsp?SN=%E3%84%95&SN2=%E3%84%95%E3%84%A8&word=%E6%A8%9E"
"ㄕㄨ","蔬","蔬菜","3","已有可用詞","https://dict.concised.moe.edu.tw/searchP.jsp?SN=%E3%84%95&SN2=%E3%84%95%E3%84%A8&word=%E8%94%AC"
"ㄕㄨ","輸","","11","待補充","https://dict.concised.moe.edu.tw/searchP.jsp?SN=%E3%84%95&SN2=%E3%84%95%E3%84%A8&word=%E8%BC%B8"
"ㄕㄨˇ","暑","","4","待補充","https://dict.concised.moe.edu.tw/searchP.jsp?SN=%E3%84%95&SN2=%E3%84%95%E3%84%A8%CB%87&word=%E6%9A%91"
"ㄕㄨˇ","黍","","1","待補充","https://dict.concised.moe.edu.tw/searchP.jsp?SN=%E3%84%95&SN2=%E3%84%95%E3%84%A8%CB%87&word=%E9%BB%8D"
"ㄕㄨˇ","署","","2","待補充","https://dict.concised.moe.edu.tw/searchP.jsp?SN=%E3%84%95&SN2=%E3%84%95%E3%84%A8%CB%87&word=%E7%BD%B2"
"ㄕㄨˇ","蜀","","1","待補充","https://dict.concised.moe.edu.tw/searchP.jsp?SN=%E3%84%95&SN2=%E3%84%95%E3%84%A8%CB%87&word=%E8%9C%80"
"ㄕㄨˇ","鼠","","7","待補充","https://dict.concised.moe.edu.tw/searchP.jsp?SN=%E3%84%95&SN2=%E3%84%95%E3%84%A8%CB%87&word=%E9%BC%A0"
"ㄕㄨˇ","數","","6","待補充","https://dict.concised.moe.edu.tw/searchP.jsp?SN=%E3%84%95&SN2=%E3%84%95%E3%84%A8%CB%87&word=%E6%95%B8"
"ㄕㄨˇ","薯","","2","待補充","https://dict.concised.moe.edu.tw/searchP.jsp?SN=%E3%84%95&SN2=%E3%84%95%E3%84%A8%CB%87&word=%E8%96%AF"
"ㄕㄨˇ","糬","","1","待補充","https://dict.concised.moe.edu.tw/searchP.jsp?SN=%E3%84%95&SN2=%E3%84%95%E3%84%A8%CB%87&word=%E7%B3%AC"
"ㄕㄨˇ","藷","","1","待補充","https://dict.concised.moe.edu.tw/searchP.jsp?SN=%E3%84%95&SN2=%E3%84%95%E3%84%A8%CB%87&word=%E8%97%B7"
"ㄕㄨˇ","屬","","8","待補充","https://dict.concised.moe.edu.tw/searchP.jsp?SN=%E3%84%95&SN2=%E3%84%95%E3%84%A8%CB%87&word=%E5%B1%AC"
"ㄕㄨˊ","叔","","5","待補充","https://dict.concised.moe.edu.tw/searchP.jsp?SN=%E3%84%95&SN2=%E3%84%95%E3%84%A8%CB%8A&word=%E5%8F%94"
"ㄕㄨˊ","孰","","1","待補充","https://dict.concised.moe.edu.tw/searchP.jsp?SN=%E3%84%95&SN2=%E3%84%95%E3%84%A8%CB%8A&word=%E5%AD%B0"
"ㄕㄨˊ","淑","","4","待補充","https://dict.concised.moe.edu.tw/searchP.jsp?SN=%E3%84%95&SN2=%E3%84%95%E3%84%A8%CB%8A&word=%E6%B7%91"
"ㄕㄨˊ","菽","","2","待補充","https://dict.concised.moe.edu.tw/searchP.jsp?SN=%E3%84%95&SN2=%E3%84%95%E3%84%A8%CB%8A&word=%E8%8F%BD"
"ㄕㄨˊ","塾","","1","待補充","https://dict.concised.moe.edu.tw/searchP.jsp?SN=%E3%84%95&SN2=%E3%84%95%E3%84%A8%CB%8A&word=%E5%A1%BE"
"ㄕㄨˊ","贖","","7","待補充","https://dict.concised.moe.edu.tw/searchP.jsp?SN=%E3%84%95&SN2=%E3%84%95%E3%84%A8%CB%8A&word=%E8%B4%96"
"ㄕㄨˋ","戍","","3","待補充","https://dict.concised.moe.edu.tw/searchP.jsp?SN=%E3%84%95&SN2=%E3%84%95%E3%84%A8%CB%8B&word=%E6%88%8D"
"ㄕㄨˋ","束","","9","待補充","https://dict.concised.moe.edu.tw/searchP.jsp?SN=%E3%84%95&SN2=%E3%84%95%E3%84%A8%CB%8B&word=%E6%9D%9F"
"ㄕㄨˋ","述","","3","待補充","https://dict.concised.moe.edu.tw/searchP.jsp?SN=%E3%84%95&SN2=%E3%84%95%E3%84%A8%CB%8B&word=%E8%BF%B0"
"ㄕㄨˋ","倏","","4","待補充","https://dict.concised.moe.edu.tw/searchP.jsp?SN=%E3%84%95&SN2=%E3%84%95%E3%84%A8%CB%8B&word=%E5%80%8F"
"ㄕㄨˋ","恕","","3","待補充","https://dict.concised.moe.edu.tw/searchP.jsp?SN=%E3%84%95&SN2=%E3%84%95%E3%84%A8%CB%8B&word=%E6%81%95"
"ㄕㄨˋ","庶","","4","待補充","https://dict.concised.moe.edu.tw/searchP.jsp?SN=%E3%84%95&SN2=%E3%84%95%E3%84%A8%CB%8B&word=%E5%BA%B6"
"ㄕㄨˋ","術","","6","待補充","https://dict.concised.moe.edu.tw/searchP.jsp?SN=%E3%84%95&SN2=%E3%84%95%E3%84%A8%CB%8B&word=%E8%A1%93"
"ㄕㄨˋ","署","","3","待補充","https://dict.concised.moe.edu.tw/searchP.jsp?SN=%E3%84%95&SN2=%E3%84%95%E3%84%A8%CB%8B&word=%E7%BD%B2"
"ㄕㄨˋ","墅","","1","待補充","https://dict.concised.moe.edu.tw/searchP.jsp?SN=%E3%84%95&SN2=%E3%84%95%E3%84%A8%CB%8B&word=%E5%A2%85"
"ㄕㄨˋ","漱","","2","待補充","https://dict.concised.moe.edu.tw/searchP.jsp?SN=%E3%84%95&SN2=%E3%84%95%E3%84%A8%CB%8B&word=%E6%BC%B1"
"ㄕㄨˋ","數","","14","待補充","https://dict.concised.moe.edu.tw/searchP.jsp?SN=%E3%84%95&SN2=%E3%84%95%E3%84%A8%CB%8B&word=%E6%95%B8"
"ㄕㄨˋ","豎","","4","待補充","https://dict.concised.moe.edu.tw/searchP.jsp?SN=%E3%84%95&SN2=%E3%84%95%E3%84%A8%CB%8B&word=%E8%B1%8E"
"ㄕㄨˋ","樹","","20","待補充","https://dict.concised.moe.edu.tw/searchP.jsp?SN=%E3%84%95&SN2=%E3%84%95%E3%84%A8%CB%8B&word=%E6%A8%B9"
"ㄕㄨˋ","曙","","4","待補充","https://dict.concised.moe.edu.tw/searchP.jsp?SN=%E3%84%95&SN2=%E3%84%95%E3%84%A8%CB%8B&word=%E6%9B%99"
"ㄕㄨㄚ","刷","刷牙","6","已有可用詞","https://dict.concised.moe.edu.tw/searchP.jsp?SN=%E3%84%95&SN2=%E3%84%95%E3%84%A8%E3%84%9A&word=%E5%88%B7"
"ㄕㄨㄚˇ","耍","","10","待補充","https://dict.concised.moe.edu.tw/searchP.jsp?SN=%E3%84%95&SN2=%E3%84%95%E3%84%A8%E3%84%9A%CB%87&word=%E8%80%8D"
"ㄕㄨㄛ","說","","20","待補充","https://dict.concised.moe.edu.tw/searchP.jsp?SN=%E3%84%95&SN2=%E3%84%95%E3%84%A8%E3%84%9B&word=%E8%AA%AA"
"ㄕㄨㄛˋ","妁","","1","待補充","https://dict.concised.moe.edu.tw/searchP.jsp?SN=%E3%84%95&SN2=%E3%84%95%E3%84%A8%E3%84%9B%CB%8B&word=%E5%A6%81"
"ㄕㄨㄛˋ","朔","","2","待補充","https://dict.concised.moe.edu.tw/searchP.jsp?SN=%E3%84%95&SN2=%E3%84%95%E3%84%A8%E3%84%9B%CB%8B&word=%E6%9C%94"
"ㄕㄨㄛˋ","槊","","1","待補充","https://dict.concised.moe.edu.tw/searchP.jsp?SN=%E3%84%95&SN2=%E3%84%95%E3%84%A8%E3%84%9B%CB%8B&word=%E6%A7%8A"
"ㄕㄨㄛˋ","碩","","5","待補充","https://dict.concised.moe.edu.tw/searchP.jsp?SN=%E3%84%95&SN2=%E3%84%95%E3%84%A8%E3%84%9B%CB%8B&word=%E7%A2%A9"
"ㄕㄨㄛˋ","蒴","","2","待補充","https://dict.concised.moe.edu.tw/searchP.jsp?SN=%E3%84%95&SN2=%E3%84%95%E3%84%A8%E3%84%9B%CB%8B&word=%E8%92%B4"
"ㄕㄨㄛˋ","數","","1","待補充","https://dict.concised.moe.edu.tw/searchP.jsp?SN=%E3%84%95&SN2=%E3%84%95%E3%84%A8%E3%84%9B%CB%8B&word=%E6%95%B8"
"ㄕㄨㄛˋ","爍","","2","待補充","https://dict.concised.moe.edu.tw/searchP.jsp?SN=%E3%84%95&SN2=%E3%84%95%E3%84%A8%E3%84%9B%CB%8B&word=%E7%88%8D"
"ㄕㄨㄛˋ","鑠","","1","待補充","https://dict.concised.moe.edu.tw/searchP.jsp?SN=%E3%84%95&SN2=%E3%84%95%E3%84%A8%E3%84%9B%CB%8B&word=%E9%91%A0"
"ㄕㄨㄞ","衰","","10","待補充","https://dict.concised.moe.edu.tw/searchP.jsp?SN=%E3%84%95&SN2=%E3%84%95%E3%84%A8%E3%84%9E&word=%E8%A1%B0"
"ㄕㄨㄞ","摔","","7","待補充","https://dict.concised.moe.edu.tw/searchP.jsp?SN=%E3%84%95&SN2=%E3%84%95%E3%84%A8%E3%84%9E&word=%E6%91%94"
"ㄕㄨㄞˇ","甩","","4","待補充","https://dict.concised.moe.edu.tw/searchP.jsp?SN=%E3%84%95&SN2=%E3%84%95%E3%84%A8%E3%84%9E%CB%87&word=%E7%94%A9"
"ㄕㄨㄞˋ","帥","","2","待補充","https://dict.concised.moe.edu.tw/searchP.jsp?SN=%E3%84%95&SN2=%E3%84%95%E3%84%A8%E3%84%9E%CB%8B&word=%E5%B8%A5"
"ㄕㄨㄞˋ","率","","11","待補充","https://dict.concised.moe.edu.tw/searchP.jsp?SN=%E3%84%95&SN2=%E3%84%95%E3%84%A8%E3%84%9E%CB%8B&word=%E7%8E%87"
"ㄕㄨㄞˋ","蟀","","1","待補充","https://dict.concised.moe.edu.tw/searchP.jsp?SN=%E3%84%95&SN2=%E3%84%95%E3%84%A8%E3%84%9E%CB%8B&word=%E8%9F%80"
"ㄕㄨㄟˇ","水","水餃","20","已有可用詞","https://dict.concised.moe.edu.tw/searchP.jsp?SN=%E3%84%95&SN2=%E3%84%95%E3%84%A8%E3%84%9F%CB%87&word=%E6%B0%B4"
"ㄕㄨㄟˋ","帨","","1","待補充","https://dict.concised.moe.edu.tw/searchP.jsp?SN=%E3%84%95&SN2=%E3%84%95%E3%84%A8%E3%84%9F%CB%8B&word=%E5%B8%A8"
"ㄕㄨㄟˋ","稅","","12","待補充","https://dict.concised.moe.edu.tw/searchP.jsp?SN=%E3%84%95&SN2=%E3%84%95%E3%84%A8%E3%84%9F%CB%8B&word=%E7%A8%85"
"ㄕㄨㄟˋ","睡","睡覺","11","已有可用詞","https://dict.concised.moe.edu.tw/searchP.jsp?SN=%E3%84%95&SN2=%E3%84%95%E3%84%A8%E3%84%9F%CB%8B&word=%E7%9D%A1"
"ㄕㄨㄟˋ","說","","3","待補充","https://dict.concised.moe.edu.tw/searchP.jsp?SN=%E3%84%95&SN2=%E3%84%95%E3%84%A8%E3%84%9F%CB%8B&word=%E8%AA%AA"
"ㄕㄨㄢ","拴","","1","待補充","https://dict.concised.moe.edu.tw/searchP.jsp?SN=%E3%84%95&SN2=%E3%84%95%E3%84%A8%E3%84%A2&word=%E6%8B%B4"
"ㄕㄨㄢ","閂","","1","待補充","https://dict.concised.moe.edu.tw/searchP.jsp?SN=%E3%84%95&SN2=%E3%84%95%E3%84%A8%E3%84%A2&word=%E9%96%82"
"ㄕㄨㄢ","栓","","1","待補充","https://dict.concised.moe.edu.tw/searchP.jsp?SN=%E3%84%95&SN2=%E3%84%95%E3%84%A8%E3%84%A2&word=%E6%A0%93"
"ㄕㄨㄢˋ","涮","","2","待補充","https://dict.concised.moe.edu.tw/searchP.jsp?SN=%E3%84%95&SN2=%E3%84%95%E3%84%A8%E3%84%A2%CB%8B&word=%E6%B6%AE"
"ㄕㄨㄣˇ","吮","","2","待補充","https://dict.concised.moe.edu.tw/searchP.jsp?SN=%E3%84%95&SN2=%E3%84%95%E3%84%A8%E3%84%A3%CB%87&word=%E5%90%AE"
"ㄕㄨㄣˋ","舜","","1","待補充","https://dict.concised.moe.edu.tw/searchP.jsp?SN=%E3%84%95&SN2=%E3%84%95%E3%84%A8%E3%84%A3%CB%8B&word=%E8%88%9C"
"ㄕㄨㄣˋ","順","","20","待補充","https://dict.concised.moe.edu.tw/searchP.jsp?SN=%E3%84%95&SN2=%E3%84%95%E3%84%A8%E3%84%A3%CB%8B&word=%E9%A0%86"
"ㄕㄨㄣˋ","瞬","","6","待補充","https://dict.concised.moe.edu.tw/searchP.jsp?SN=%E3%84%95&SN2=%E3%84%95%E3%84%A8%E3%84%A3%CB%8B&word=%E7%9E%AC"
"ㄕㄨㄤ","霜","","2","待補充","https://dict.concised.moe.edu.tw/searchP.jsp?SN=%E3%84%95&SN2=%E3%84%95%E3%84%A8%E3%84%A4&word=%E9%9C%9C"
"ㄕㄨㄤ","雙","","20","待補充","https://dict.concised.moe.edu.tw/searchP.jsp?SN=%E3%84%95&SN2=%E3%84%95%E3%84%A8%E3%84%A4&word=%E9%9B%99"
"ㄕㄨㄤ","瀧","","1","待補充","https://dict.concised.moe.edu.tw/searchP.jsp?SN=%E3%84%95&SN2=%E3%84%95%E3%84%A8%E3%84%A4&word=%E7%80%A7"
"ㄕㄨㄤ","孀","","3","待補充","https://dict.concised.moe.edu.tw/searchP.jsp?SN=%E3%84%95&SN2=%E3%84%95%E3%84%A8%E3%84%A4&word=%E5%AD%80"
"ㄕㄨㄤˇ","爽","","7","待補充","https://dict.concised.moe.edu.tw/searchP.jsp?SN=%E3%84%95&SN2=%E3%84%95%E3%84%A8%E3%84%A4%CB%87&word=%E7%88%BD"
"ㄖˋ","日","","20","待補充","https://dict.concised.moe.edu.tw/searchP.jsp?SN=%E3%84%96&SN2=%E3%84%96%CB%8B&word=%E6%97%A5"
"ㄖㄜˇ","若","","1","待補充","https://dict.concised.moe.edu.tw/searchP.jsp?SN=%E3%84%96&SN2=%E3%84%96%E3%84%9C%CB%87&word=%E8%8B%A5"
"ㄖㄜˇ","惹","","8","待補充","https://dict.concised.moe.edu.tw/searchP.jsp?SN=%E3%84%96&SN2=%E3%84%96%E3%84%9C%CB%87&word=%E6%83%B9"
"ㄖㄜˋ","熱","","20","待補充","https://dict.concised.moe.edu.tw/searchP.jsp?SN=%E3%84%96&SN2=%E3%84%96%E3%84%9C%CB%8B&word=%E7%86%B1"
"ㄖㄠˇ","擾","","5","待補充","https://dict.concised.moe.edu.tw/searchP.jsp?SN=%E3%84%96&SN2=%E3%84%96%E3%84%A0%CB%87&word=%E6%93%BE"
"ㄖㄠˊ","嬈","","1","待補充","https://dict.concised.moe.edu.tw/searchP.jsp?SN=%E3%84%96&SN2=%E3%84%96%E3%84%A0%CB%8A&word=%E5%AC%88"
"ㄖㄠˊ","蟯","","2","待補充","https://dict.concised.moe.edu.tw/searchP.jsp?SN=%E3%84%96&SN2=%E3%84%96%E3%84%A0%CB%8A&word=%E8%9F%AF"
"ㄖㄠˊ","饒","","6","待補充","https://dict.concised.moe.edu.tw/searchP.jsp?SN=%E3%84%96&SN2=%E3%84%96%E3%84%A0%CB%8A&word=%E9%A5%92"
"ㄖㄠˋ","遶","","2","待補充","https://dict.concised.moe.edu.tw/searchP.jsp?SN=%E3%84%96&SN2=%E3%84%96%E3%84%A0%CB%8B&word=%E9%81%B6"
"ㄖㄠˋ","繞","","7","待補充","https://dict.concised.moe.edu.tw/searchP.jsp?SN=%E3%84%96&SN2=%E3%84%96%E3%84%A0%CB%8B&word=%E7%B9%9E"
"ㄖㄡˊ","柔","","15","待補充","https://dict.concised.moe.edu.tw/searchP.jsp?SN=%E3%84%96&SN2=%E3%84%96%E3%84%A1%CB%8A&word=%E6%9F%94"
"ㄖㄡˊ","揉","","3","待補充","https://dict.concised.moe.edu.tw/searchP.jsp?SN=%E3%84%96&SN2=%E3%84%96%E3%84%A1%CB%8A&word=%E6%8F%89"
"ㄖㄡˊ","蹂","","2","待補充","https://dict.concised.moe.edu.tw/searchP.jsp?SN=%E3%84%96&SN2=%E3%84%96%E3%84%A1%CB%8A&word=%E8%B9%82"
"ㄖㄡˋ","肉","","20","待補充","https://dict.concised.moe.edu.tw/searchP.jsp?SN=%E3%84%96&SN2=%E3%84%96%E3%84%A1%CB%8B&word=%E8%82%89"
"ㄖㄢˇ","冉","","2","待補充","https://dict.concised.moe.edu.tw/searchP.jsp?SN=%E3%84%96&SN2=%E3%84%96%E3%84%A2%CB%87&word=%E5%86%89"
"ㄖㄢˇ","染","","8","待補充","https://dict.concised.moe.edu.tw/searchP.jsp?SN=%E3%84%96&SN2=%E3%84%96%E3%84%A2%CB%87&word=%E6%9F%93"
"ㄖㄢˇ","苒","","1","待補充","https://dict.concised.moe.edu.tw/searchP.jsp?SN=%E3%84%96&SN2=%E3%84%96%E3%84%A2%CB%87&word=%E8%8B%92"
"ㄖㄢˊ","然","","4","待補充","https://dict.concised.moe.edu.tw/searchP.jsp?SN=%E3%84%96&SN2=%E3%84%96%E3%84%A2%CB%8A&word=%E7%84%B6"
"ㄖㄢˊ","髯","","1","待補充","https://dict.concised.moe.edu.tw/searchP.jsp?SN=%E3%84%96&SN2=%E3%84%96%E3%84%A2%CB%8A&word=%E9%AB%AF"
"ㄖㄢˊ","燃","","6","待補充","https://dict.concised.moe.edu.tw/searchP.jsp?SN=%E3%84%96&SN2=%E3%84%96%E3%84%A2%CB%8A&word=%E7%87%83"
"ㄖㄣˇ","忍","","14","待補充","https://dict.concised.moe.edu.tw/searchP.jsp?SN=%E3%84%96&SN2=%E3%84%96%E3%84%A3%CB%87&word=%E5%BF%8D"
"ㄖㄣˇ","荏","","2","待補充","https://dict.concised.moe.edu.tw/searchP.jsp?SN=%E3%84%96&SN2=%E3%84%96%E3%84%A3%CB%87&word=%E8%8D%8F"
"ㄖㄣˇ","稔","","1","待補充","https://dict.concised.moe.edu.tw/searchP.jsp?SN=%E3%84%96&SN2=%E3%84%96%E3%84%A3%CB%87&word=%E7%A8%94"
"ㄖㄣˊ","人","","19","待補充","https://dict.concised.moe.edu.tw/searchP.jsp?SN=%E3%84%96&SN2=%E3%84%96%E3%84%A3%CB%8A&word=%E4%BA%BA"
"ㄖㄣˊ","仁","","17","待補充","https://dict.concised.moe.edu.tw/searchP.jsp?SN=%E3%84%96&SN2=%E3%84%96%E3%84%A3%CB%8A&word=%E4%BB%81"
"ㄖㄣˊ","壬","","1","待補充","https://dict.concised.moe.edu.tw/searchP.jsp?SN=%E3%84%96&SN2=%E3%84%96%E3%84%A3%CB%8A&word=%E5%A3%AC"
"ㄖㄣˊ","任","","2","待補充","https://dict.concised.moe.edu.tw/searchP.jsp?SN=%E3%84%96&SN2=%E3%84%96%E3%84%A3%CB%8A&word=%E4%BB%BB"
"ㄖㄣˋ","刃","","1","待補充","https://dict.concised.moe.edu.tw/searchP.jsp?SN=%E3%84%96&SN2=%E3%84%96%E3%84%A3%CB%8B&word=%E5%88%83"
"ㄖㄣˋ","仞","","1","待補充","https://dict.concised.moe.edu.tw/searchP.jsp?SN=%E3%84%96&SN2=%E3%84%96%E3%84%A3%CB%8B&word=%E4%BB%9E"
"ㄖㄣˋ","任","","17","待補充","https://dict.concised.moe.edu.tw/searchP.jsp?SN=%E3%84%96&SN2=%E3%84%96%E3%84%A3%CB%8B&word=%E4%BB%BB"
"ㄖㄣˋ","妊","","3","待補充","https://dict.concised.moe.edu.tw/searchP.jsp?SN=%E3%84%96&SN2=%E3%84%96%E3%84%A3%CB%8B&word=%E5%A6%8A"
"ㄖㄣˋ","紉","","1","待補充","https://dict.concised.moe.edu.tw/searchP.jsp?SN=%E3%84%96&SN2=%E3%84%96%E3%84%A3%CB%8B&word=%E7%B4%89"
"ㄖㄣˋ","恁","","1","待補充","https://dict.concised.moe.edu.tw/searchP.jsp?SN=%E3%84%96&SN2=%E3%84%96%E3%84%A3%CB%8B&word=%E6%81%81"
"ㄖㄣˋ","紝","","1","待補充","https://dict.concised.moe.edu.tw/searchP.jsp?SN=%E3%84%96&SN2=%E3%84%96%E3%84%A3%CB%8B&word=%E7%B4%9D"
"ㄖㄣˋ","衽","","1","待補充","https://dict.concised.moe.edu.tw/searchP.jsp?SN=%E3%84%96&SN2=%E3%84%96%E3%84%A3%CB%8B&word=%E8%A1%BD"
"ㄖㄣˋ","軔","","1","待補充","https://dict.concised.moe.edu.tw/searchP.jsp?SN=%E3%84%96&SN2=%E3%84%96%E3%84%A3%CB%8B&word=%E8%BB%94"
"ㄖㄣˋ","韌","","3","待補充","https://dict.concised.moe.edu.tw/searchP.jsp?SN=%E3%84%96&SN2=%E3%84%96%E3%84%A3%CB%8B&word=%E9%9F%8C"
"ㄖㄣˋ","飪","","1","待補充","https://dict.concised.moe.edu.tw/searchP.jsp?SN=%E3%84%96&SN2=%E3%84%96%E3%84%A3%CB%8B&word=%E9%A3%AA"
"ㄖㄣˋ","認","","20","待補充","https://dict.concised.moe.edu.tw/searchP.jsp?SN=%E3%84%96&SN2=%E3%84%96%E3%84%A3%CB%8B&word=%E8%AA%8D"
"ㄖㄤˇ","嚷","","3","待補充","https://dict.concised.moe.edu.tw/searchP.jsp?SN=%E3%84%96&SN2=%E3%84%96%E3%84%A4%CB%87&word=%E5%9A%B7"
"ㄖㄤˇ","壤","","2","待補充","https://dict.concised.moe.edu.tw/searchP.jsp?SN=%E3%84%96&SN2=%E3%84%96%E3%84%A4%CB%87&word=%E5%A3%A4"
"ㄖㄤˊ","攘","","1","待補充","https://dict.concised.moe.edu.tw/searchP.jsp?SN=%E3%84%96&SN2=%E3%84%96%E3%84%A4%CB%8A&word=%E6%94%98"
"ㄖㄤˊ","瓤","","1","待補充","https://dict.concised.moe.edu.tw/searchP.jsp?SN=%E3%84%96&SN2=%E3%84%96%E3%84%A4%CB%8A&word=%E7%93%A4"
"ㄖㄤˊ","禳","","1","待補充","https://dict.concised.moe.edu.tw/searchP.jsp?SN=%E3%84%96&SN2=%E3%84%96%E3%84%A4%CB%8A&word=%E7%A6%B3"
"ㄖㄤˋ","讓","","8","待補充","https://dict.concised.moe.edu.tw/searchP.jsp?SN=%E3%84%96&SN2=%E3%84%96%E3%84%A4%CB%8B&word=%E8%AE%93"
"ㄖㄥ","扔","","3","待補充","https://dict.concised.moe.edu.tw/searchP.jsp?SN=%E3%84%96&SN2=%E3%84%96%E3%84%A5&word=%E6%89%94"
"ㄖㄥˊ","仍","","3","待補充","https://dict.concised.moe.edu.tw/searchP.jsp?SN=%E3%84%96&SN2=%E3%84%96%E3%84%A5%CB%8A&word=%E4%BB%8D"
"ㄖㄨˇ","女","","1","待補充","https://dict.concised.moe.edu.tw/searchP.jsp?SN=%E3%84%96&SN2=%E3%84%96%E3%84%A8%CB%87&word=%E5%A5%B3"
"ㄖㄨˇ","汝","","1","待補充","https://dict.concised.moe.edu.tw/searchP.jsp?SN=%E3%84%96&SN2=%E3%84%96%E3%84%A8%CB%87&word=%E6%B1%9D"
"ㄖㄨˇ","乳","","20","待補充","https://dict.concised.moe.edu.tw/searchP.jsp?SN=%E3%84%96&SN2=%E3%84%96%E3%84%A8%CB%87&word=%E4%B9%B3"
"ㄖㄨˊ","如","","20","待補充","https://dict.concised.moe.edu.tw/searchP.jsp?SN=%E3%84%96&SN2=%E3%84%96%E3%84%A8%CB%8A&word=%E5%A6%82"
"ㄖㄨˊ","茹","","4","待補充","https://dict.concised.moe.edu.tw/searchP.jsp?SN=%E3%84%96&SN2=%E3%84%96%E3%84%A8%CB%8A&word=%E8%8C%B9"
"ㄖㄨˊ","儒","","8","待補充","https://dict.concised.moe.edu.tw/searchP.jsp?SN=%E3%84%96&SN2=%E3%84%96%E3%84%A8%CB%8A&word=%E5%84%92"
"ㄖㄨˊ","嚅","","2","待補充","https://dict.concised.moe.edu.tw/searchP.jsp?SN=%E3%84%96&SN2=%E3%84%96%E3%84%A8%CB%8A&word=%E5%9A%85"
"ㄖㄨˊ","孺","","4","待補充","https://dict.concised.moe.edu.tw/searchP.jsp?SN=%E3%84%96&SN2=%E3%84%96%E3%84%A8%CB%8A&word=%E5%AD%BA"
"ㄖㄨˊ","濡","","2","待補充","https://dict.concised.moe.edu.tw/searchP.jsp?SN=%E3%84%96&SN2=%E3%84%96%E3%84%A8%CB%8A&word=%E6%BF%A1"
"ㄖㄨˊ","蠕","","2","待補充","https://dict.concised.moe.edu.tw/searchP.jsp?SN=%E3%84%96&SN2=%E3%84%96%E3%84%A8%CB%8A&word=%E8%A0%95"
"ㄖㄨˋ","入","","20","待補充","https://dict.concised.moe.edu.tw/searchP.jsp?SN=%E3%84%96&SN2=%E3%84%96%E3%84%A8%CB%8B&word=%E5%85%A5"
"ㄖㄨˋ","辱","","4","待補充","https://dict.concised.moe.edu.tw/searchP.jsp?SN=%E3%84%96&SN2=%E3%84%96%E3%84%A8%CB%8B&word=%E8%BE%B1"
"ㄖㄨˋ","溽","","2","待補充","https://dict.concised.moe.edu.tw/searchP.jsp?SN=%E3%84%96&SN2=%E3%84%96%E3%84%A8%CB%8B&word=%E6%BA%BD"
"ㄖㄨˋ","縟","","1","待補充","https://dict.concised.moe.edu.tw/searchP.jsp?SN=%E3%84%96&SN2=%E3%84%96%E3%84%A8%CB%8B&word=%E7%B8%9F"
"ㄖㄨˋ","褥","","1","待補充","https://dict.concised.moe.edu.tw/searchP.jsp?SN=%E3%84%96&SN2=%E3%84%96%E3%84%A8%CB%8B&word=%E8%A4%A5"
"ㄖㄨㄛˋ","若","","10","待補充","https://dict.concised.moe.edu.tw/searchP.jsp?SN=%E3%84%96&SN2=%E3%84%96%E3%84%A8%E3%84%9B%CB%8B&word=%E8%8B%A5"
"ㄖㄨㄛˋ","弱","","9","待補充","https://dict.concised.moe.edu.tw/searchP.jsp?SN=%E3%84%96&SN2=%E3%84%96%E3%84%A8%E3%84%9B%CB%8B&word=%E5%BC%B1"
"ㄖㄨㄛˋ","偌","","2","待補充","https://dict.concised.moe.edu.tw/searchP.jsp?SN=%E3%84%96&SN2=%E3%84%96%E3%84%A8%E3%84%9B%CB%8B&word=%E5%81%8C"
"ㄖㄨㄛˋ","蒻","","1","待補充","https://dict.concised.moe.edu.tw/searchP.jsp?SN=%E3%84%96&SN2=%E3%84%96%E3%84%A8%E3%84%9B%CB%8B&word=%E8%92%BB"
"ㄖㄨㄟˇ","蕊","","1","待補充","https://dict.concised.moe.edu.tw/searchP.jsp?SN=%E3%84%96&SN2=%E3%84%96%E3%84%A8%E3%84%9F%CB%87&word=%E8%95%8A"
"ㄖㄨㄟˊ","蕤","","1","待補充","https://dict.concised.moe.edu.tw/searchP.jsp?SN=%E3%84%96&SN2=%E3%84%96%E3%84%A8%E3%84%9F%CB%8A&word=%E8%95%A4"
"ㄖㄨㄟˋ","芮","","2","待補充","https://dict.concised.moe.edu.tw/searchP.jsp?SN=%E3%84%96&SN2=%E3%84%96%E3%84%A8%E3%84%9F%CB%8B&word=%E8%8A%AE"
"ㄖㄨㄟˋ","蚋","","1","待補充","https://dict.concised.moe.edu.tw/searchP.jsp?SN=%E3%84%96&SN2=%E3%84%96%E3%84%A8%E3%84%9F%CB%8B&word=%E8%9A%8B"
"ㄖㄨㄟˋ","瑞","","5","待補充","https://dict.concised.moe.edu.tw/searchP.jsp?SN=%E3%84%96&SN2=%E3%84%96%E3%84%A8%E3%84%9F%CB%8B&word=%E7%91%9E"
"ㄖㄨㄟˋ","睿","","3","待補充","https://dict.concised.moe.edu.tw/searchP.jsp?SN=%E3%84%96&SN2=%E3%84%96%E3%84%A8%E3%84%9F%CB%8B&word=%E7%9D%BF"
"ㄖㄨㄟˋ","銳","","9","待補充","https://dict.concised.moe.edu.tw/searchP.jsp?SN=%E3%84%96&SN2=%E3%84%96%E3%84%A8%E3%84%9F%CB%8B&word=%E9%8A%B3"
"ㄖㄨㄟˋ","叡","","1","待補充","https://dict.concised.moe.edu.tw/searchP.jsp?SN=%E3%84%96&SN2=%E3%84%96%E3%84%A8%E3%84%9F%CB%8B&word=%E5%8F%A1"
"ㄖㄨㄢˇ","阮","","3","待補充","https://dict.concised.moe.edu.tw/searchP.jsp?SN=%E3%84%96&SN2=%E3%84%96%E3%84%A8%E3%84%A2%CB%87&word=%E9%98%AE"
"ㄖㄨㄢˇ","軟","","20","待補充","https://dict.concised.moe.edu.tw/searchP.jsp?SN=%E3%84%96&SN2=%E3%84%96%E3%84%A8%E3%84%A2%CB%87&word=%E8%BB%9F"
"ㄖㄨㄣˋ","閏","","3","待補充","https://dict.concised.moe.edu.tw/searchP.jsp?SN=%E3%84%96&SN2=%E3%84%96%E3%84%A8%E3%84%A3%CB%8B&word=%E9%96%8F"
"ㄖㄨㄣˋ","潤","","6","待補充","https://dict.concised.moe.edu.tw/searchP.jsp?SN=%E3%84%96&SN2=%E3%84%96%E3%84%A8%E3%84%A3%CB%8B&word=%E6%BD%A4"
"ㄖㄨㄥˇ","冗","","3","待補充","https://dict.concised.moe.edu.tw/searchP.jsp?SN=%E3%84%96&SN2=%E3%84%96%E3%84%A8%E3%84%A5%CB%87&word=%E5%86%97"
"ㄖㄨㄥˊ","戎","","2","待補充","https://dict.concised.moe.edu.tw/searchP.jsp?SN=%E3%84%96&SN2=%E3%84%96%E3%84%A8%E3%84%A5%CB%8A&word=%E6%88%8E"
"ㄖㄨㄥˊ","容","","16","待補充","https://dict.concised.moe.edu.tw/searchP.jsp?SN=%E3%84%96&SN2=%E3%84%96%E3%84%A8%E3%84%A5%CB%8A&word=%E5%AE%B9"
"ㄖㄨㄥˊ","茸","","1","待補充","https://dict.concised.moe.edu.tw/searchP.jsp?SN=%E3%84%96&SN2=%E3%84%96%E3%84%A8%E3%84%A5%CB%8A&word=%E8%8C%B8"
"ㄖㄨㄥˊ","絨","","4","待補充","https://dict.concised.moe.edu.tw/searchP.jsp?SN=%E3%84%96&SN2=%E3%84%96%E3%84%A8%E3%84%A5%CB%8A&word=%E7%B5%A8"
"ㄖㄨㄥˊ","溶","","8","待補充","https://dict.concised.moe.edu.tw/searchP.jsp?SN=%E3%84%96&SN2=%E3%84%96%E3%84%A8%E3%84%A5%CB%8A&word=%E6%BA%B6"
"ㄖㄨㄥˊ","榕","","2","待補充","https://dict.concised.moe.edu.tw/searchP.jsp?SN=%E3%84%96&SN2=%E3%84%96%E3%84%A8%E3%84%A5%CB%8A&word=%E6%A6%95"
"ㄖㄨㄥˊ","榮","","15","待補充","https://dict.concised.moe.edu.tw/searchP.jsp?SN=%E3%84%96&SN2=%E3%84%96%E3%84%A8%E3%84%A5%CB%8A&word=%E6%A6%AE"
"ㄖㄨㄥˊ","熔","","6","待補充","https://dict.concised.moe.edu.tw/searchP.jsp?SN=%E3%84%96&SN2=%E3%84%96%E3%84%A8%E3%84%A5%CB%8A&word=%E7%86%94"
"ㄖㄨㄥˊ","蓉","","1","待補充","https://dict.concised.moe.edu.tw/searchP.jsp?SN=%E3%84%96&SN2=%E3%84%96%E3%84%A8%E3%84%A5%CB%8A&word=%E8%93%89"
"ㄖㄨㄥˊ","融","","12","待補充","https://dict.concised.moe.edu.tw/searchP.jsp?SN=%E3%84%96&SN2=%E3%84%96%E3%84%A8%E3%84%A5%CB%8A&word=%E8%9E%8D"
"ㄖㄨㄥˊ","嶸","","1","待補充","https://dict.concised.moe.edu.tw/searchP.jsp?SN=%E3%84%96&SN2=%E3%84%96%E3%84%A8%E3%84%A5%CB%8A&word=%E5%B6%B8"
"ㄖㄨㄥˊ","鎔","","2","待補充","https://dict.concised.moe.edu.tw/searchP.jsp?SN=%E3%84%96&SN2=%E3%84%96%E3%84%A8%E3%84%A5%CB%8A&word=%E9%8E%94"
"ㄖㄨㄥˊ","蠑","","2","待補充","https://dict.concised.moe.edu.tw/searchP.jsp?SN=%E3%84%96&SN2=%E3%84%96%E3%84%A8%E3%84%A5%CB%8A&word=%E8%A0%91"
"ㄗ","孜","","4","待補充","https://dict.concised.moe.edu.tw/searchP.jsp?SN=%E3%84%97&SN2=%E3%84%97&word=%E5%AD%9C"
"ㄗ","咨","","3","待補充","https://dict.concised.moe.edu.tw/searchP.jsp?SN=%E3%84%97&SN2=%E3%84%97&word=%E5%92%A8"
"ㄗ","姿","","4","待補充","https://dict.concised.moe.edu.tw/searchP.jsp?SN=%E3%84%97&SN2=%E3%84%97&word=%E5%A7%BF"
"ㄗ","茲","","2","待補充","https://dict.concised.moe.edu.tw/searchP.jsp?SN=%E3%84%97&SN2=%E3%84%97&word=%E8%8C%B2"
"ㄗ","淄","","1","待補充","https://dict.concised.moe.edu.tw/searchP.jsp?SN=%E3%84%97&SN2=%E3%84%97&word=%E6%B7%84"
"ㄗ","孳","","3","待補充","https://dict.concised.moe.edu.tw/searchP.jsp?SN=%E3%84%97&SN2=%E3%84%97&word=%E5%AD%B3"
"ㄗ","滋","","9","待補充","https://dict.concised.moe.edu.tw/searchP.jsp?SN=%E3%84%97&SN2=%E3%84%97&word=%E6%BB%8B"
"ㄗ","貲","","1","待補充","https://dict.concised.moe.edu.tw/searchP.jsp?SN=%E3%84%97&SN2=%E3%84%97&word=%E8%B2%B2"
"ㄗ","資","","20","待補充","https://dict.concised.moe.edu.tw/searchP.jsp?SN=%E3%84%97&SN2=%E3%84%97&word=%E8%B3%87"
"ㄗ","趑","","2","待補充","https://dict.concised.moe.edu.tw/searchP.jsp?SN=%E3%84%97&SN2=%E3%84%97&word=%E8%B6%91"
"ㄗ","緇","","1","待補充","https://dict.concised.moe.edu.tw/searchP.jsp?SN=%E3%84%97&SN2=%E3%84%97&word=%E7%B7%87"
"ㄗ","齊","","1","待補充","https://dict.concised.moe.edu.tw/searchP.jsp?SN=%E3%84%97&SN2=%E3%84%97&word=%E9%BD%8A"
"ㄗ","諮","","4","待補充","https://dict.concised.moe.edu.tw/searchP.jsp?SN=%E3%84%97&SN2=%E3%84%97&word=%E8%AB%AE"
"ㄗ","錙","","2","待補充","https://dict.concised.moe.edu.tw/searchP.jsp?SN=%E3%84%97&SN2=%E3%84%97&word=%E9%8C%99"
"ㄗ","髭","","1","待補充","https://dict.concised.moe.edu.tw/searchP.jsp?SN=%E3%84%97&SN2=%E3%84%97&word=%E9%AB%AD"
"ㄗ","齜","","2","待補充","https://dict.concised.moe.edu.tw/searchP.jsp?SN=%E3%84%97&SN2=%E3%84%97&word=%E9%BD%9C"
"ㄗˇ","子","","19","待補充","https://dict.concised.moe.edu.tw/searchP.jsp?SN=%E3%84%97&SN2=%E3%84%97%CB%87&word=%E5%AD%90"
"ㄗˇ","仔","","2","待補充","https://dict.concised.moe.edu.tw/searchP.jsp?SN=%E3%84%97&SN2=%E3%84%97%CB%87&word=%E4%BB%94"
"ㄗˇ","姊","","1","待補充","https://dict.concised.moe.edu.tw/searchP.jsp?SN=%E3%84%97&SN2=%E3%84%97%CB%87&word=%E5%A7%8A"
"ㄗˇ","籽","","1","待補充","https://dict.concised.moe.edu.tw/searchP.jsp?SN=%E3%84%97&SN2=%E3%84%97%CB%87&word=%E7%B1%BD"
"ㄗˇ","秭","","2","待補充","https://dict.concised.moe.edu.tw/searchP.jsp?SN=%E3%84%97&SN2=%E3%84%97%CB%87&word=%E7%A7%AD"
"ㄗˇ","梓","","2","待補充","https://dict.concised.moe.edu.tw/searchP.jsp?SN=%E3%84%97&SN2=%E3%84%97%CB%87&word=%E6%A2%93"
"ㄗˇ","笫","","1","待補充","https://dict.concised.moe.edu.tw/searchP.jsp?SN=%E3%84%97&SN2=%E3%84%97%CB%87&word=%E7%AC%AB"
"ㄗˇ","紫","","8","待補充","https://dict.concised.moe.edu.tw/searchP.jsp?SN=%E3%84%97&SN2=%E3%84%97%CB%87&word=%E7%B4%AB"
"ㄗˇ","滓","","1","待補充","https://dict.concised.moe.edu.tw/searchP.jsp?SN=%E3%84%97&SN2=%E3%84%97%CB%87&word=%E6%BB%93"
"ㄗˇ","訾","","2","待補充","https://dict.concised.moe.edu.tw/searchP.jsp?SN=%E3%84%97&SN2=%E3%84%97%CB%87&word=%E8%A8%BE"
"ㄗˋ","字","","19","待補充","https://dict.concised.moe.edu.tw/searchP.jsp?SN=%E3%84%97&SN2=%E3%84%97%CB%8B&word=%E5%AD%97"
"ㄗˋ","自","","20","待補充","https://dict.concised.moe.edu.tw/searchP.jsp?SN=%E3%84%97&SN2=%E3%84%97%CB%8B&word=%E8%87%AA"
"ㄗˋ","恣","","2","待補充","https://dict.concised.moe.edu.tw/searchP.jsp?SN=%E3%84%97&SN2=%E3%84%97%CB%8B&word=%E6%81%A3"
"ㄗˋ","眥","","1","待補充","https://dict.concised.moe.edu.tw/searchP.jsp?SN=%E3%84%97&SN2=%E3%84%97%CB%8B&word=%E7%9C%A5"
"ㄗˋ","漬","","1","待補充","https://dict.concised.moe.edu.tw/searchP.jsp?SN=%E3%84%97&SN2=%E3%84%97%CB%8B&word=%E6%BC%AC"
"ㄗㄚ","匝","","2","待補充","https://dict.concised.moe.edu.tw/searchP.jsp?SN=%E3%84%97&SN2=%E3%84%97%E3%84%9A&word=%E5%8C%9D"
"ㄗㄚ","咂","","1","待補充","https://dict.concised.moe.edu.tw/searchP.jsp?SN=%E3%84%97&SN2=%E3%84%97%E3%84%9A&word=%E5%92%82"
"ㄗㄚˊ","咱","","2","待補充","https://dict.concised.moe.edu.tw/searchP.jsp?SN=%E3%84%97&SN2=%E3%84%97%E3%84%9A%CB%8A&word=%E5%92%B1"
"ㄗㄚˊ","砸","","6","待補充","https://dict.concised.moe.edu.tw/searchP.jsp?SN=%E3%84%97&SN2=%E3%84%97%E3%84%9A%CB%8A&word=%E7%A0%B8"
"ㄗㄚˊ","雜","","20","待補充","https://dict.concised.moe.edu.tw/searchP.jsp?SN=%E3%84%97&SN2=%E3%84%97%E3%84%9A%CB%8A&word=%E9%9B%9C"
"ㄗㄜˊ","咋","","2","待補充","https://dict.concised.moe.edu.tw/searchP.jsp?SN=%E3%84%97&SN2=%E3%84%97%E3%84%9C%CB%8A&word=%E5%92%8B"
"ㄗㄜˊ","則","","1","待補充","https://dict.concised.moe.edu.tw/searchP.jsp?SN=%E3%84%97&SN2=%E3%84%97%E3%84%9C%CB%8A&word=%E5%89%87"
"ㄗㄜˊ","舴","","2","待補充","https://dict.concised.moe.edu.tw/searchP.jsp?SN=%E3%84%97&SN2=%E3%84%97%E3%84%9C%CB%8A&word=%E8%88%B4"
"ㄗㄜˊ","責","","12","待補充","https://dict.concised.moe.edu.tw/searchP.jsp?SN=%E3%84%97&SN2=%E3%84%97%E3%84%9C%CB%8A&word=%E8%B2%AC"
"ㄗㄜˊ","嘖","","5","待補充","https://dict.concised.moe.edu.tw/searchP.jsp?SN=%E3%84%97&SN2=%E3%84%97%E3%84%9C%CB%8A&word=%E5%98%96"
"ㄗㄜˊ","擇","","7","待補充","https://dict.concised.moe.edu.tw/searchP.jsp?SN=%E3%84%97&SN2=%E3%84%97%E3%84%9C%CB%8A&word=%E6%93%87"
"ㄗㄜˊ","澤","","3","待補充","https://dict.concised.moe.edu.tw/searchP.jsp?SN=%E3%84%97&SN2=%E3%84%97%E3%84%9C%CB%8A&word=%E6%BE%A4"
"ㄗㄜˋ","仄","","1","待補充","https://dict.concised.moe.edu.tw/searchP.jsp?SN=%E3%84%97&SN2=%E3%84%97%E3%84%9C%CB%8B&word=%E4%BB%84"
"ㄗㄜˋ","昃","","1","待補充","https://dict.concised.moe.edu.tw/searchP.jsp?SN=%E3%84%97&SN2=%E3%84%97%E3%84%9C%CB%8B&word=%E6%98%83"
"ㄗㄞ","災","","10","待補充","https://dict.concised.moe.edu.tw/searchP.jsp?SN=%E3%84%97&SN2=%E3%84%97%E3%84%9E&word=%E7%81%BD"
"ㄗㄞ","哉","","1","待補充","https://dict.concised.moe.edu.tw/searchP.jsp?SN=%E3%84%97&SN2=%E3%84%97%E3%84%9E&word=%E5%93%89"
"ㄗㄞ","栽","","6","待補充","https://dict.concised.moe.edu.tw/searchP.jsp?SN=%E3%84%97&SN2=%E3%84%97%E3%84%9E&word=%E6%A0%BD"
"ㄗㄞˇ","仔","","1","待補充","https://dict.concised.moe.edu.tw/searchP.jsp?SN=%E3%84%97&SN2=%E3%84%97%E3%84%9E%CB%87&word=%E4%BB%94"
"ㄗㄞˇ","宰","","4","待補充","https://dict.concised.moe.edu.tw/searchP.jsp?SN=%E3%84%97&SN2=%E3%84%97%E3%84%9E%CB%87&word=%E5%AE%B0"
"ㄗㄞˇ","崽","","1","待補充","https://dict.concised.moe.edu.tw/searchP.jsp?SN=%E3%84%97&SN2=%E3%84%97%E3%84%9E%CB%87&word=%E5%B4%BD"
"ㄗㄞˇ","載","","1","待補充","https://dict.concised.moe.edu.tw/searchP.jsp?SN=%E3%84%97&SN2=%E3%84%97%E3%84%9E%CB%87&word=%E8%BC%89"
"ㄗㄞˋ","再","","16","待補充","https://dict.concised.moe.edu.tw/searchP.jsp?SN=%E3%84%97&SN2=%E3%84%97%E3%84%9E%CB%8B&word=%E5%86%8D"
"ㄗㄞˋ","在","","20","待補充","https://dict.concised.moe.edu.tw/searchP.jsp?SN=%E3%84%97&SN2=%E3%84%97%E3%84%9E%CB%8B&word=%E5%9C%A8"
"ㄗㄞˋ","載","","9","待補充","https://dict.concised.moe.edu.tw/searchP.jsp?SN=%E3%84%97&SN2=%E3%84%97%E3%84%9E%CB%8B&word=%E8%BC%89"
"ㄗㄟˊ","賊","","4","待補充","https://dict.concised.moe.edu.tw/searchP.jsp?SN=%E3%84%97&SN2=%E3%84%97%E3%84%9F%CB%8A&word=%E8%B3%8A"
"ㄗㄠ","遭","","7","待補充","https://dict.concised.moe.edu.tw/searchP.jsp?SN=%E3%84%97&SN2=%E3%84%97%E3%84%A0&word=%E9%81%AD"
"ㄗㄠ","糟","","6","待補充","https://dict.concised.moe.edu.tw/searchP.jsp?SN=%E3%84%97&SN2=%E3%84%97%E3%84%A0&word=%E7%B3%9F"
"ㄗㄠ","蹧","","2","待補充","https://dict.concised.moe.edu.tw/searchP.jsp?SN=%E3%84%97&SN2=%E3%84%97%E3%84%A0&word=%E8%B9%A7"
"ㄗㄠˇ","早","","20","待補充","https://dict.concised.moe.edu.tw/searchP.jsp?SN=%E3%84%97&SN2=%E3%84%97%E3%84%A0%CB%87&word=%E6%97%A9"
"ㄗㄠˇ","蚤","","1","待補充","https://dict.concised.moe.edu.tw/searchP.jsp?SN=%E3%84%97&SN2=%E3%84%97%E3%84%A0%CB%87&word=%E8%9A%A4"
"ㄗㄠˇ","棗","","4","待補充","https://dict.concised.moe.edu.tw/searchP.jsp?SN=%E3%84%97&SN2=%E3%84%97%E3%84%A0%CB%87&word=%E6%A3%97"
"ㄗㄠˇ","澡","","2","待補充","https://dict.concised.moe.edu.tw/searchP.jsp?SN=%E3%84%97&SN2=%E3%84%97%E3%84%A0%CB%87&word=%E6%BE%A1"
"ㄗㄠˇ","藻","","2","待補充","https://dict.concised.moe.edu.tw/searchP.jsp?SN=%E3%84%97&SN2=%E3%84%97%E3%84%A0%CB%87&word=%E8%97%BB"
"ㄗㄠˊ","鑿","","4","待補充","https://dict.concised.moe.edu.tw/searchP.jsp?SN=%E3%84%97&SN2=%E3%84%97%E3%84%A0%CB%8A&word=%E9%91%BF"
"ㄗㄠˋ","灶","","3","待補充","https://dict.concised.moe.edu.tw/searchP.jsp?SN=%E3%84%97&SN2=%E3%84%97%E3%84%A0%CB%8B&word=%E7%81%B6"
"ㄗㄠˋ","皂","","2","待補充","https://dict.concised.moe.edu.tw/searchP.jsp?SN=%E3%84%97&SN2=%E3%84%97%E3%84%A0%CB%8B&word=%E7%9A%82"
"ㄗㄠˋ","造","","20","待補充","https://dict.concised.moe.edu.tw/searchP.jsp?SN=%E3%84%97&SN2=%E3%84%97%E3%84%A0%CB%8B&word=%E9%80%A0"
"ㄗㄠˋ","噪","","3","待補充","https://dict.concised.moe.edu.tw/searchP.jsp?SN=%E3%84%97&SN2=%E3%84%97%E3%84%A0%CB%8B&word=%E5%99%AA"
"ㄗㄠˋ","燥","","2","待補充","https://dict.concised.moe.edu.tw/searchP.jsp?SN=%E3%84%97&SN2=%E3%84%97%E3%84%A0%CB%8B&word=%E7%87%A5"
"ㄗㄠˋ","譟","","1","待補充","https://dict.concised.moe.edu.tw/searchP.jsp?SN=%E3%84%97&SN2=%E3%84%97%E3%84%A0%CB%8B&word=%E8%AD%9F"
"ㄗㄠˋ","躁","","2","待補充","https://dict.concised.moe.edu.tw/searchP.jsp?SN=%E3%84%97&SN2=%E3%84%97%E3%84%A0%CB%8B&word=%E8%BA%81"
"ㄗㄡ","鄒","","1","待補充","https://dict.concised.moe.edu.tw/searchP.jsp?SN=%E3%84%97&SN2=%E3%84%97%E3%84%A1&word=%E9%84%92"
"ㄗㄡ","謅","","1","待補充","https://dict.concised.moe.edu.tw/searchP.jsp?SN=%E3%84%97&SN2=%E3%84%97%E3%84%A1&word=%E8%AC%85"
"ㄗㄡˇ","走","","20","待補充","https://dict.concised.moe.edu.tw/searchP.jsp?SN=%E3%84%97&SN2=%E3%84%97%E3%84%A1%CB%87&word=%E8%B5%B0"
"ㄗㄡˋ","奏","","6","待補充","https://dict.concised.moe.edu.tw/searchP.jsp?SN=%E3%84%97&SN2=%E3%84%97%E3%84%A1%CB%8B&word=%E5%A5%8F"
"ㄗㄡˋ","揍","","2","待補充","https://dict.concised.moe.edu.tw/searchP.jsp?SN=%E3%84%97&SN2=%E3%84%97%E3%84%A1%CB%8B&word=%E6%8F%8D"
"ㄗㄡˋ","驟","","6","待補充","https://dict.concised.moe.edu.tw/searchP.jsp?SN=%E3%84%97&SN2=%E3%84%97%E3%84%A1%CB%8B&word=%E9%A9%9F"
"ㄗㄢ","簪","","2","待補充","https://dict.concised.moe.edu.tw/searchP.jsp?SN=%E3%84%97&SN2=%E3%84%97%E3%84%A2&word=%E7%B0%AA"
"ㄗㄢˇ","拶","","1","待補充","https://dict.concised.moe.edu.tw/searchP.jsp?SN=%E3%84%97&SN2=%E3%84%97%E3%84%A2%CB%87&word=%E6%8B%B6"
"ㄗㄢˇ","攢","","2","待補充","https://dict.concised.moe.edu.tw/searchP.jsp?SN=%E3%84%97&SN2=%E3%84%97%E3%84%A2%CB%87&word=%E6%94%A2"
"ㄗㄢˊ","咱","","2","待補充","https://dict.concised.moe.edu.tw/searchP.jsp?SN=%E3%84%97&SN2=%E3%84%97%E3%84%A2%CB%8A&word=%E5%92%B1"
"ㄗㄢˊ","糌","","2","待補充","https://dict.concised.moe.edu.tw/searchP.jsp?SN=%E3%84%97&SN2=%E3%84%97%E3%84%A2%CB%8A&word=%E7%B3%8C"
"ㄗㄢˋ","贊","","4","待補充","https://dict.concised.moe.edu.tw/searchP.jsp?SN=%E3%84%97&SN2=%E3%84%97%E3%84%A2%CB%8B&word=%E8%B4%8A"
"ㄗㄢˋ","讚","","10","待補充","https://dict.concised.moe.edu.tw/searchP.jsp?SN=%E3%84%97&SN2=%E3%84%97%E3%84%A2%CB%8B&word=%E8%AE%9A"
"ㄗㄣˇ","怎","","5","待補充","https://dict.concised.moe.edu.tw/searchP.jsp?SN=%E3%84%97&SN2=%E3%84%97%E3%84%A3%CB%87&word=%E6%80%8E"
"ㄗㄣˋ","譖","","1","待補充","https://dict.concised.moe.edu.tw/searchP.jsp?SN=%E3%84%97&SN2=%E3%84%97%E3%84%A3%CB%8B&word=%E8%AD%96"
"ㄗㄤ","臧","","1","待補充","https://dict.concised.moe.edu.tw/searchP.jsp?SN=%E3%84%97&SN2=%E3%84%97%E3%84%A4&word=%E8%87%A7"
"ㄗㄤ","贓","","3","待補充","https://dict.concised.moe.edu.tw/searchP.jsp?SN=%E3%84%97&SN2=%E3%84%97%E3%84%A4&word=%E8%B4%93"
"ㄗㄤ","髒","","4","待補充","https://dict.concised.moe.edu.tw/searchP.jsp?SN=%E3%84%97&SN2=%E3%84%97%E3%84%A4&word=%E9%AB%92"
"ㄗㄤ","臢","","1","待補充","https://dict.concised.moe.edu.tw/searchP.jsp?SN=%E3%84%97&SN2=%E3%84%97%E3%84%A4&word=%E8%87%A2"
"ㄗㄤˋ","奘","","1","待補充","https://dict.concised.moe.edu.tw/searchP.jsp?SN=%E3%84%97&SN2=%E3%84%97%E3%84%A4%CB%8B&word=%E5%A5%98"
"ㄗㄤˋ","葬","","5","待補充","https://dict.concised.moe.edu.tw/searchP.jsp?SN=%E3%84%97&SN2=%E3%84%97%E3%84%A4%CB%8B&word=%E8%91%AC"
"ㄗㄤˋ","藏","","1","待補充","https://dict.concised.moe.edu.tw/searchP.jsp?SN=%E3%84%97&SN2=%E3%84%97%E3%84%A4%CB%8B&word=%E8%97%8F"
"ㄗㄤˋ","臟","","2","待補充","https://dict.concised.moe.edu.tw/searchP.jsp?SN=%E3%84%97&SN2=%E3%84%97%E3%84%A4%CB%8B&word=%E8%87%9F"
"ㄗㄥ","曾","","5","待補充","https://dict.concised.moe.edu.tw/searchP.jsp?SN=%E3%84%97&SN2=%E3%84%97%E3%84%A5&word=%E6%9B%BE"
"ㄗㄥ","增","","20","待補充","https://dict.concised.moe.edu.tw/searchP.jsp?SN=%E3%84%97&SN2=%E3%84%97%E3%84%A5&word=%E5%A2%9E"
"ㄗㄥ","憎","","3","待補充","https://dict.concised.moe.edu.tw/searchP.jsp?SN=%E3%84%97&SN2=%E3%84%97%E3%84%A5&word=%E6%86%8E"
"ㄗㄥ","繒","","1","待補充","https://dict.concised.moe.edu.tw/searchP.jsp?SN=%E3%84%97&SN2=%E3%84%97%E3%84%A5&word=%E7%B9%92"
"ㄗㄥˋ","甑","","1","待補充","https://dict.concised.moe.edu.tw/searchP.jsp?SN=%E3%84%97&SN2=%E3%84%97%E3%84%A5%CB%8B&word=%E7%94%91"
"ㄗㄥˋ","贈","","8","待補充","https://dict.concised.moe.edu.tw/searchP.jsp?SN=%E3%84%97&SN2=%E3%84%97%E3%84%A5%CB%8B&word=%E8%B4%88"
"ㄗㄨ","租","","12","待補充","https://dict.concised.moe.edu.tw/searchP.jsp?SN=%E3%84%97&SN2=%E3%84%97%E3%84%A8&word=%E7%A7%9F"
"ㄗㄨˇ","阻","","15","待補充","https://dict.concised.moe.edu.tw/searchP.jsp?SN=%E3%84%97&SN2=%E3%84%97%E3%84%A8%CB%87&word=%E9%98%BB"
"ㄗㄨˇ","俎","","2","待補充","https://dict.concised.moe.edu.tw/searchP.jsp?SN=%E3%84%97&SN2=%E3%84%97%E3%84%A8%CB%87&word=%E4%BF%8E"
"ㄗㄨˇ","祖","","10","待補充","https://dict.concised.moe.edu.tw/searchP.jsp?SN=%E3%84%97&SN2=%E3%84%97%E3%84%A8%CB%87&word=%E7%A5%96"
"ㄗㄨˇ","組","","11","待補充","https://dict.concised.moe.edu.tw/searchP.jsp?SN=%E3%84%97&SN2=%E3%84%97%E3%84%A8%CB%87&word=%E7%B5%84"
"ㄗㄨˇ","詛","","2","待補充","https://dict.concised.moe.edu.tw/searchP.jsp?SN=%E3%84%97&SN2=%E3%84%97%E3%84%A8%CB%87&word=%E8%A9%9B"
"ㄗㄨˊ","足","","11","待補充","https://dict.concised.moe.edu.tw/searchP.jsp?SN=%E3%84%97&SN2=%E3%84%97%E3%84%A8%CB%8A&word=%E8%B6%B3"
"ㄗㄨˊ","卒","","4","待補充","https://dict.concised.moe.edu.tw/searchP.jsp?SN=%E3%84%97&SN2=%E3%84%97%E3%84%A8%CB%8A&word=%E5%8D%92"
"ㄗㄨˊ","族","","4","待補充","https://dict.concised.moe.edu.tw/searchP.jsp?SN=%E3%84%97&SN2=%E3%84%97%E3%84%A8%CB%8A&word=%E6%97%8F"
"ㄗㄨˊ","鏃","","1","待補充","https://dict.concised.moe.edu.tw/searchP.jsp?SN=%E3%84%97&SN2=%E3%84%97%E3%84%A8%CB%8A&word=%E9%8F%83"
"ㄗㄨㄛ","嘬","","1","待補充","https://dict.concised.moe.edu.tw/searchP.jsp?SN=%E3%84%97&SN2=%E3%84%97%E3%84%A8%E3%84%9B&word=%E5%98%AC"
"ㄗㄨㄛˇ","左","","20","待補充","https://dict.concised.moe.edu.tw/searchP.jsp?SN=%E3%84%97&SN2=%E3%84%97%E3%84%A8%E3%84%9B%CB%87&word=%E5%B7%A6"
"ㄗㄨㄛˇ","佐","","6","待補充","https://dict.concised.moe.edu.tw/searchP.jsp?SN=%E3%84%97&SN2=%E3%84%97%E3%84%A8%E3%84%9B%CB%87&word=%E4%BD%90"
"ㄗㄨㄛˊ","作","","2","待補充","https://dict.concised.moe.edu.tw/searchP.jsp?SN=%E3%84%97&SN2=%E3%84%97%E3%84%A8%E3%84%9B%CB%8A&word=%E4%BD%9C"
"ㄗㄨㄛˊ","昨","","5","待補充","https://dict.concised.moe.edu.tw/searchP.jsp?SN=%E3%84%97&SN2=%E3%84%97%E3%84%A8%E3%84%9B%CB%8A&word=%E6%98%A8"
"ㄗㄨㄛˋ","作","","20","待補充","https://dict.concised.moe.edu.tw/searchP.jsp?SN=%E3%84%97&SN2=%E3%84%97%E3%84%A8%E3%84%9B%CB%8B&word=%E4%BD%9C"
"ㄗㄨㄛˋ","坐","","20","待補充","https://dict.concised.moe.edu.tw/searchP.jsp?SN=%E3%84%97&SN2=%E3%84%97%E3%84%A8%E3%84%9B%CB%8B&word=%E5%9D%90"
"ㄗㄨㄛˋ","怍","","1","待補充","https://dict.concised.moe.edu.tw/searchP.jsp?SN=%E3%84%97&SN2=%E3%84%97%E3%84%A8%E3%84%9B%CB%8B&word=%E6%80%8D"
"ㄗㄨㄛˋ","唑","","1","待補充","https://dict.concised.moe.edu.tw/searchP.jsp?SN=%E3%84%97&SN2=%E3%84%97%E3%84%A8%E3%84%9B%CB%8B&word=%E5%94%91"
"ㄗㄨㄛˋ","座","","13","待補充","https://dict.concised.moe.edu.tw/searchP.jsp?SN=%E3%84%97&SN2=%E3%84%97%E3%84%A8%E3%84%9B%CB%8B&word=%E5%BA%A7"
"ㄗㄨㄛˋ","祚","","1","待補充","https://dict.concised.moe.edu.tw/searchP.jsp?SN=%E3%84%97&SN2=%E3%84%97%E3%84%A8%E3%84%9B%CB%8B&word=%E7%A5%9A"
"ㄗㄨㄛˋ","做","","19","待補充","https://dict.concised.moe.edu.tw/searchP.jsp?SN=%E3%84%97&SN2=%E3%84%97%E3%84%A8%E3%84%9B%CB%8B&word=%E5%81%9A"
"ㄗㄨㄛˋ","酢","","1","待補充","https://dict.concised.moe.edu.tw/searchP.jsp?SN=%E3%84%97&SN2=%E3%84%97%E3%84%A8%E3%84%9B%CB%8B&word=%E9%85%A2"
"ㄗㄨㄟˇ","嘴","嘴巴","12","已有可用詞","https://dict.concised.moe.edu.tw/searchP.jsp?SN=%E3%84%97&SN2=%E3%84%97%E3%84%A8%E3%84%9F%CB%87&word=%E5%98%B4"
"ㄗㄨㄟˋ","最","","11","待補充","https://dict.concised.moe.edu.tw/searchP.jsp?SN=%E3%84%97&SN2=%E3%84%97%E3%84%A8%E3%84%9F%CB%8B&word=%E6%9C%80"
"ㄗㄨㄟˋ","晬","","1","待補充","https://dict.concised.moe.edu.tw/searchP.jsp?SN=%E3%84%97&SN2=%E3%84%97%E3%84%A8%E3%84%9F%CB%8B&word=%E6%99%AC"
"ㄗㄨㄟˋ","罪","","19","待補充","https://dict.concised.moe.edu.tw/searchP.jsp?SN=%E3%84%97&SN2=%E3%84%97%E3%84%A8%E3%84%9F%CB%8B&word=%E7%BD%AA"
"ㄗㄨㄟˋ","醉","","9","待補充","https://dict.concised.moe.edu.tw/searchP.jsp?SN=%E3%84%97&SN2=%E3%84%97%E3%84%A8%E3%84%9F%CB%8B&word=%E9%86%89"
"ㄗㄨㄟˋ","蕞","","2","待補充","https://dict.concised.moe.edu.tw/searchP.jsp?SN=%E3%84%97&SN2=%E3%84%97%E3%84%A8%E3%84%9F%CB%8B&word=%E8%95%9E"
"ㄗㄨㄢ","鑽","","11","待補充","https://dict.concised.moe.edu.tw/searchP.jsp?SN=%E3%84%97&SN2=%E3%84%97%E3%84%A8%E3%84%A2&word=%E9%91%BD"
"ㄗㄨㄢˇ","纂","","2","待補充","https://dict.concised.moe.edu.tw/searchP.jsp?SN=%E3%84%97&SN2=%E3%84%97%E3%84%A8%E3%84%A2%CB%87&word=%E7%BA%82"
"ㄗㄨㄢˋ","鑽","","4","待補充","https://dict.concised.moe.edu.tw/searchP.jsp?SN=%E3%84%97&SN2=%E3%84%97%E3%84%A8%E3%84%A2%CB%8B&word=%E9%91%BD"
"ㄗㄨㄣ","尊","","15","待補充","https://dict.concised.moe.edu.tw/searchP.jsp?SN=%E3%84%97&SN2=%E3%84%97%E3%84%A8%E3%84%A3&word=%E5%B0%8A"
"ㄗㄨㄣ","樽","","1","待補充","https://dict.concised.moe.edu.tw/searchP.jsp?SN=%E3%84%97&SN2=%E3%84%97%E3%84%A8%E3%84%A3&word=%E6%A8%BD"
"ㄗㄨㄣ","遵","","8","待補充","https://dict.concised.moe.edu.tw/searchP.jsp?SN=%E3%84%97&SN2=%E3%84%97%E3%84%A8%E3%84%A3&word=%E9%81%B5"
"ㄗㄨㄣ","鱒","","2","待補充","https://dict.concised.moe.edu.tw/searchP.jsp?SN=%E3%84%97&SN2=%E3%84%97%E3%84%A8%E3%84%A3&word=%E9%B1%92"
"ㄗㄨㄣˋ","圳","","2","待補充","https://dict.concised.moe.edu.tw/searchP.jsp?SN=%E3%84%97&SN2=%E3%84%97%E3%84%A8%E3%84%A3%CB%8B&word=%E5%9C%B3"
"ㄗㄨㄥ","宗","","11","待補充","https://dict.concised.moe.edu.tw/searchP.jsp?SN=%E3%84%97&SN2=%E3%84%97%E3%84%A8%E3%84%A5&word=%E5%AE%97"
"ㄗㄨㄥ","從","","3","待補充","https://dict.concised.moe.edu.tw/searchP.jsp?SN=%E3%84%97&SN2=%E3%84%97%E3%84%A8%E3%84%A5&word=%E5%BE%9E"
"ㄗㄨㄥ","棕","","2","待補充","https://dict.concised.moe.edu.tw/searchP.jsp?SN=%E3%84%97&SN2=%E3%84%97%E3%84%A8%E3%84%A5&word=%E6%A3%95"
"ㄗㄨㄥ","縱","","15","待補充","https://dict.concised.moe.edu.tw/searchP.jsp?SN=%E3%84%97&SN2=%E3%84%97%E3%84%A8%E3%84%A5&word=%E7%B8%B1"
"ㄗㄨㄥ","蹤","","3","待補充","https://dict.concised.moe.edu.tw/searchP.jsp?SN=%E3%84%97&SN2=%E3%84%97%E3%84%A8%E3%84%A5&word=%E8%B9%A4"
"ㄗㄨㄥ","鬃","","2","待補充","https://dict.concised.moe.edu.tw/searchP.jsp?SN=%E3%84%97&SN2=%E3%84%97%E3%84%A8%E3%84%A5&word=%E9%AC%83"
"ㄗㄨㄥˇ","傯","","1","待補充","https://dict.concised.moe.edu.tw/searchP.jsp?SN=%E3%84%97&SN2=%E3%84%97%E3%84%A8%E3%84%A5%CB%87&word=%E5%82%AF"
"ㄗㄨㄥˇ","總","","20","待補充","https://dict.concised.moe.edu.tw/searchP.jsp?SN=%E3%84%97&SN2=%E3%84%97%E3%84%A8%E3%84%A5%CB%87&word=%E7%B8%BD"
"ㄗㄨㄥˋ","從","","3","待補充","https://dict.concised.moe.edu.tw/searchP.jsp?SN=%E3%84%97&SN2=%E3%84%97%E3%84%A8%E3%84%A5%CB%8B&word=%E5%BE%9E"
"ㄗㄨㄥˋ","粽","","1","待補充","https://dict.concised.moe.edu.tw/searchP.jsp?SN=%E3%84%97&SN2=%E3%84%97%E3%84%A8%E3%84%A5%CB%8B&word=%E7%B2%BD"
"ㄗㄨㄥˋ","綜","","13","待補充","https://dict.concised.moe.edu.tw/searchP.jsp?SN=%E3%84%97&SN2=%E3%84%97%E3%84%A8%E3%84%A5%CB%8B&word=%E7%B6%9C"
"ㄗㄨㄥˋ","縱","","10","待補充","https://dict.concised.moe.edu.tw/searchP.jsp?SN=%E3%84%97&SN2=%E3%84%97%E3%84%A8%E3%84%A5%CB%8B&word=%E7%B8%B1"
"ㄘ","差","","2","待補充","https://dict.concised.moe.edu.tw/searchP.jsp?SN=%E3%84%98&SN2=%E3%84%98&word=%E5%B7%AE"
"ㄘ","疵","","1","待補充","https://dict.concised.moe.edu.tw/searchP.jsp?SN=%E3%84%98&SN2=%E3%84%98&word=%E7%96%B5"
"ㄘ","雌","","8","待補充","https://dict.concised.moe.edu.tw/searchP.jsp?SN=%E3%84%98&SN2=%E3%84%98&word=%E9%9B%8C"
"ㄘˇ","此","","12","待補充","https://dict.concised.moe.edu.tw/searchP.jsp?SN=%E3%84%98&SN2=%E3%84%98%CB%87&word=%E6%AD%A4"
"ㄘˊ","祠","","2","待補充","https://dict.concised.moe.edu.tw/searchP.jsp?SN=%E3%84%98&SN2=%E3%84%98%CB%8A&word=%E7%A5%A0"
"ㄘˊ","茨","","1","待補充","https://dict.concised.moe.edu.tw/searchP.jsp?SN=%E3%84%98&SN2=%E3%84%98%CB%8A&word=%E8%8C%A8"
"ㄘˊ","茲","","1","待補充","https://dict.concised.moe.edu.tw/searchP.jsp?SN=%E3%84%98&SN2=%E3%84%98%CB%8A&word=%E8%8C%B2"
"ㄘˊ","瓷","","4","待補充","https://dict.concised.moe.edu.tw/searchP.jsp?SN=%E3%84%98&SN2=%E3%84%98%CB%8A&word=%E7%93%B7"
"ㄘˊ","詞","","15","待補充","https://dict.concised.moe.edu.tw/searchP.jsp?SN=%E3%84%98&SN2=%E3%84%98%CB%8A&word=%E8%A9%9E"
"ㄘˊ","慈","","14","待補充","https://dict.concised.moe.edu.tw/searchP.jsp?SN=%E3%84%98&SN2=%E3%84%98%CB%8A&word=%E6%85%88"
"ㄘˊ","磁","","16","待補充","https://dict.concised.moe.edu.tw/searchP.jsp?SN=%E3%84%98&SN2=%E3%84%98%CB%8A&word=%E7%A3%81"
"ㄘˊ","辭","","17","待補充","https://dict.concised.moe.edu.tw/searchP.jsp?SN=%E3%84%98&SN2=%E3%84%98%CB%8A&word=%E8%BE%AD"
"ㄘˋ","次","","10","待補充","https://dict.concised.moe.edu.tw/searchP.jsp?SN=%E3%84%98&SN2=%E3%84%98%CB%8B&word=%E6%AC%A1"
"ㄘˋ","伺","","2","待補充","https://dict.concised.moe.edu.tw/searchP.jsp?SN=%E3%84%98&SN2=%E3%84%98%CB%8B&word=%E4%BC%BA"
"ㄘˋ","刺","","15","待補充","https://dict.concised.moe.edu.tw/searchP.jsp?SN=%E3%84%98&SN2=%E3%84%98%CB%8B&word=%E5%88%BA"
"ㄘㄚ","嚓","","1","待補充","https://dict.concised.moe.edu.tw/searchP.jsp?SN=%E3%84%98&SN2=%E3%84%98%E3%84%9A&word=%E5%9A%93"
"ㄘㄚ","擦","","8","待補充","https://dict.concised.moe.edu.tw/searchP.jsp?SN=%E3%84%98&SN2=%E3%84%98%E3%84%9A&word=%E6%93%A6"
"ㄘㄜˋ","冊","","2","待補充","https://dict.concised.moe.edu.tw/searchP.jsp?SN=%E3%84%98&SN2=%E3%84%98%E3%84%9C%CB%8B&word=%E5%86%8A"
"ㄘㄜˋ","側","","9","待補充","https://dict.concised.moe.edu.tw/searchP.jsp?SN=%E3%84%98&SN2=%E3%84%98%E3%84%9C%CB%8B&word=%E5%81%B4"
"ㄘㄜˋ","廁","","3","待補充","https://dict.concised.moe.edu.tw/searchP.jsp?SN=%E3%84%98&SN2=%E3%84%98%E3%84%9C%CB%8B&word=%E5%BB%81"
"ㄘㄜˋ","惻","","2","待補充","https://dict.concised.moe.edu.tw/searchP.jsp?SN=%E3%84%98&SN2=%E3%84%98%E3%84%9C%CB%8B&word=%E6%83%BB"
"ㄘㄜˋ","測","","9","待補充","https://dict.concised.moe.edu.tw/searchP.jsp?SN=%E3%84%98&SN2=%E3%84%98%E3%84%9C%CB%8B&word=%E6%B8%AC"
"ㄘㄜˋ","策","","8","待補充","https://dict.concised.moe.edu.tw/searchP.jsp?SN=%E3%84%98&SN2=%E3%84%98%E3%84%9C%CB%8B&word=%E7%AD%96"
"ㄘㄞ","猜","","8","待補充","https://dict.concised.moe.edu.tw/searchP.jsp?SN=%E3%84%98&SN2=%E3%84%98%E3%84%9E&word=%E7%8C%9C"
"ㄘㄞˇ","采","","2","待補充","https://dict.concised.moe.edu.tw/searchP.jsp?SN=%E3%84%98&SN2=%E3%84%98%E3%84%9E%CB%87&word=%E9%87%87"
"ㄘㄞˇ","彩","彩虹","13","已有可用詞","https://dict.concised.moe.edu.tw/searchP.jsp?SN=%E3%84%98&SN2=%E3%84%98%E3%84%9E%CB%87&word=%E5%BD%A9"
"ㄘㄞˇ","採","","17","待補充","https://dict.concised.moe.edu.tw/searchP.jsp?SN=%E3%84%98&SN2=%E3%84%98%E3%84%9E%CB%87&word=%E6%8E%A1"
"ㄘㄞˇ","睬","","1","待補充","https://dict.concised.moe.edu.tw/searchP.jsp?SN=%E3%84%98&SN2=%E3%84%98%E3%84%9E%CB%87&word=%E7%9D%AC"
"ㄘㄞˇ","綵","","2","待補充","https://dict.concised.moe.edu.tw/searchP.jsp?SN=%E3%84%98&SN2=%E3%84%98%E3%84%9E%CB%87&word=%E7%B6%B5"
"ㄘㄞˇ","踩","","2","待補充","https://dict.concised.moe.edu.tw/searchP.jsp?SN=%E3%84%98&SN2=%E3%84%98%E3%84%9E%CB%87&word=%E8%B8%A9"
"ㄘㄞˊ","才","","18","待補充","https://dict.concised.moe.edu.tw/searchP.jsp?SN=%E3%84%98&SN2=%E3%84%98%E3%84%9E%CB%8A&word=%E6%89%8D"
"ㄘㄞˊ","材","","3","待補充","https://dict.concised.moe.edu.tw/searchP.jsp?SN=%E3%84%98&SN2=%E3%84%98%E3%84%9E%CB%8A&word=%E6%9D%90"
"ㄘㄞˊ","財","","19","待補充","https://dict.concised.moe.edu.tw/searchP.jsp?SN=%E3%84%98&SN2=%E3%84%98%E3%84%9E%CB%8A&word=%E8%B2%A1"
"ㄘㄞˊ","裁","","16","待補充","https://dict.concised.moe.edu.tw/searchP.jsp?SN=%E3%84%98&SN2=%E3%84%98%E3%84%9E%CB%8A&word=%E8%A3%81"
"ㄘㄞˊ","纔","","1","待補充","https://dict.concised.moe.edu.tw/searchP.jsp?SN=%E3%84%98&SN2=%E3%84%98%E3%84%9E%CB%8A&word=%E7%BA%94"
"ㄘㄞˋ","菜","","12","待補充","https://dict.concised.moe.edu.tw/searchP.jsp?SN=%E3%84%98&SN2=%E3%84%98%E3%84%9E%CB%8B&word=%E8%8F%9C"
"ㄘㄞˋ","蔡","","1","待補充","https://dict.concised.moe.edu.tw/searchP.jsp?SN=%E3%84%98&SN2=%E3%84%98%E3%84%9E%CB%8B&word=%E8%94%A1"
"ㄘㄠ","操","","18","待補充","https://dict.concised.moe.edu.tw/searchP.jsp?SN=%E3%84%98&SN2=%E3%84%98%E3%84%A0&word=%E6%93%8D"
"ㄘㄠ","糙","","2","待補充","https://dict.concised.moe.edu.tw/searchP.jsp?SN=%E3%84%98&SN2=%E3%84%98%E3%84%A0&word=%E7%B3%99"
"ㄘㄠˇ","草","草莓","20","已有可用詞","https://dict.concised.moe.edu.tw/searchP.jsp?SN=%E3%84%98&SN2=%E3%84%98%E3%84%A0%CB%87&word=%E8%8D%89"
"ㄘㄠˊ","曹","","1","待補充","https://dict.concised.moe.edu.tw/searchP.jsp?SN=%E3%84%98&SN2=%E3%84%98%E3%84%A0%CB%8A&word=%E6%9B%B9"
"ㄘㄠˊ","嘈","","2","待補充","https://dict.concised.moe.edu.tw/searchP.jsp?SN=%E3%84%98&SN2=%E3%84%98%E3%84%A0%CB%8A&word=%E5%98%88"
"ㄘㄠˊ","漕","","1","待補充","https://dict.concised.moe.edu.tw/searchP.jsp?SN=%E3%84%98&SN2=%E3%84%98%E3%84%A0%CB%8A&word=%E6%BC%95"
"ㄘㄠˊ","槽","","1","待補充","https://dict.concised.moe.edu.tw/searchP.jsp?SN=%E3%84%98&SN2=%E3%84%98%E3%84%A0%CB%8A&word=%E6%A7%BD"
"ㄘㄡˋ","湊","","6","待補充","https://dict.concised.moe.edu.tw/searchP.jsp?SN=%E3%84%98&SN2=%E3%84%98%E3%84%A1%CB%8B&word=%E6%B9%8A"
"ㄘㄡˋ","輳","","1","待補充","https://dict.concised.moe.edu.tw/searchP.jsp?SN=%E3%84%98&SN2=%E3%84%98%E3%84%A1%CB%8B&word=%E8%BC%B3"
"ㄘㄢ","參","","20","待補充","https://dict.concised.moe.edu.tw/searchP.jsp?SN=%E3%84%98&SN2=%E3%84%98%E3%84%A2&word=%E5%8F%83"
"ㄘㄢ","餐","","12","待補充","https://dict.concised.moe.edu.tw/searchP.jsp?SN=%E3%84%98&SN2=%E3%84%98%E3%84%A2&word=%E9%A4%90"
"ㄘㄢ","驂","","1","待補充","https://dict.concised.moe.edu.tw/searchP.jsp?SN=%E3%84%98&SN2=%E3%84%98%E3%84%A2&word=%E9%A9%82"
"ㄘㄢˇ","慘","","18","待補充","https://dict.concised.moe.edu.tw/searchP.jsp?SN=%E3%84%98&SN2=%E3%84%98%E3%84%A2%CB%87&word=%E6%85%98"
"ㄘㄢˊ","殘","","20","待補充","https://dict.concised.moe.edu.tw/searchP.jsp?SN=%E3%84%98&SN2=%E3%84%98%E3%84%A2%CB%8A&word=%E6%AE%98"
"ㄘㄢˊ","慚","","2","待補充","https://dict.concised.moe.edu.tw/searchP.jsp?SN=%E3%84%98&SN2=%E3%84%98%E3%84%A2%CB%8A&word=%E6%85%9A"
"ㄘㄢˊ","蠶","","4","待補充","https://dict.concised.moe.edu.tw/searchP.jsp?SN=%E3%84%98&SN2=%E3%84%98%E3%84%A2%CB%8A&word=%E8%A0%B6"
"ㄘㄢˋ","粲","","1","待補充","https://dict.concised.moe.edu.tw/searchP.jsp?SN=%E3%84%98&SN2=%E3%84%98%E3%84%A2%CB%8B&word=%E7%B2%B2"
"ㄘㄢˋ","燦","","3","待補充","https://dict.concised.moe.edu.tw/searchP.jsp?SN=%E3%84%98&SN2=%E3%84%98%E3%84%A2%CB%8B&word=%E7%87%A6"
"ㄘㄢˋ","璨","","1","待補充","https://dict.concised.moe.edu.tw/searchP.jsp?SN=%E3%84%98&SN2=%E3%84%98%E3%84%A2%CB%8B&word=%E7%92%A8"
"ㄘㄣ","參","","3","待補充","https://dict.concised.moe.edu.tw/searchP.jsp?SN=%E3%84%98&SN2=%E3%84%98%E3%84%A3&word=%E5%8F%83"
"ㄘㄣˊ","岑","","1","待補充","https://dict.concised.moe.edu.tw/searchP.jsp?SN=%E3%84%98&SN2=%E3%84%98%E3%84%A3%CB%8A&word=%E5%B2%91"
"ㄘㄣˊ","涔","","1","待補充","https://dict.concised.moe.edu.tw/searchP.jsp?SN=%E3%84%98&SN2=%E3%84%98%E3%84%A3%CB%8A&word=%E6%B6%94"
"ㄘㄤ","倉","","6","待補充","https://dict.concised.moe.edu.tw/searchP.jsp?SN=%E3%84%98&SN2=%E3%84%98%E3%84%A4&word=%E5%80%89"
"ㄘㄤ","傖","","1","待補充","https://dict.concised.moe.edu.tw/searchP.jsp?SN=%E3%84%98&SN2=%E3%84%98%E3%84%A4&word=%E5%82%96"
"ㄘㄤ","滄","","6","待補充","https://dict.concised.moe.edu.tw/searchP.jsp?SN=%E3%84%98&SN2=%E3%84%98%E3%84%A4&word=%E6%BB%84"
"ㄘㄤ","蒼","","13","待補充","https://dict.concised.moe.edu.tw/searchP.jsp?SN=%E3%84%98&SN2=%E3%84%98%E3%84%A4&word=%E8%92%BC"
"ㄘㄤ","艙","","3","待補充","https://dict.concised.moe.edu.tw/searchP.jsp?SN=%E3%84%98&SN2=%E3%84%98%E3%84%A4&word=%E8%89%99"
"ㄘㄤˊ","藏","","11","待補充","https://dict.concised.moe.edu.tw/searchP.jsp?SN=%E3%84%98&SN2=%E3%84%98%E3%84%A4%CB%8A&word=%E8%97%8F"
"ㄘㄥ","噌","","1","待補充","https://dict.concised.moe.edu.tw/searchP.jsp?SN=%E3%84%98&SN2=%E3%84%98%E3%84%A5&word=%E5%99%8C"
"ㄘㄥˊ","曾","","3","待補充","https://dict.concised.moe.edu.tw/searchP.jsp?SN=%E3%84%98&SN2=%E3%84%98%E3%84%A5%CB%8A&word=%E6%9B%BE"
"ㄘㄥˊ","層","","8","待補充","https://dict.concised.moe.edu.tw/searchP.jsp?SN=%E3%84%98&SN2=%E3%84%98%E3%84%A5%CB%8A&word=%E5%B1%A4"
"ㄘㄥˋ","蹭","","2","待補充","https://dict.concised.moe.edu.tw/searchP.jsp?SN=%E3%84%98&SN2=%E3%84%98%E3%84%A5%CB%8B&word=%E8%B9%AD"
"ㄘㄨ","粗","","20","待補充","https://dict.concised.moe.edu.tw/searchP.jsp?SN=%E3%84%98&SN2=%E3%84%98%E3%84%A8&word=%E7%B2%97"
"ㄘㄨ","麤","","1","待補充","https://dict.concised.moe.edu.tw/searchP.jsp?SN=%E3%84%98&SN2=%E3%84%98%E3%84%A8&word=%E9%BA%A4"
"ㄘㄨˊ","殂","","1","待補充","https://dict.concised.moe.edu.tw/searchP.jsp?SN=%E3%84%98&SN2=%E3%84%98%E3%84%A8%CB%8A&word=%E6%AE%82"
"ㄘㄨˋ","卒","","1","待補充","https://dict.concised.moe.edu.tw/searchP.jsp?SN=%E3%84%98&SN2=%E3%84%98%E3%84%A8%CB%8B&word=%E5%8D%92"
"ㄘㄨˋ","促","","10","待補充","https://dict.concised.moe.edu.tw/searchP.jsp?SN=%E3%84%98&SN2=%E3%84%98%E3%84%A8%CB%8B&word=%E4%BF%83"
"ㄘㄨˋ","猝","","3","待補充","https://dict.concised.moe.edu.tw/searchP.jsp?SN=%E3%84%98&SN2=%E3%84%98%E3%84%A8%CB%8B&word=%E7%8C%9D"
"ㄘㄨˋ","酢","","1","待補充","https://dict.concised.moe.edu.tw/searchP.jsp?SN=%E3%84%98&SN2=%E3%84%98%E3%84%A8%CB%8B&word=%E9%85%A2"
"ㄘㄨˋ","數","","1","待補充","https://dict.concised.moe.edu.tw/searchP.jsp?SN=%E3%84%98&SN2=%E3%84%98%E3%84%A8%CB%8B&word=%E6%95%B8"
"ㄘㄨˋ","槭","","1","待補充","https://dict.concised.moe.edu.tw/searchP.jsp?SN=%E3%84%98&SN2=%E3%84%98%E3%84%A8%CB%8B&word=%E6%A7%AD"
"ㄘㄨˋ","趣","","1","待補充","https://dict.concised.moe.edu.tw/searchP.jsp?SN=%E3%84%98&SN2=%E3%84%98%E3%84%A8%CB%8B&word=%E8%B6%A3"
"ㄘㄨˋ","醋","","4","待補充","https://dict.concised.moe.edu.tw/searchP.jsp?SN=%E3%84%98&SN2=%E3%84%98%E3%84%A8%CB%8B&word=%E9%86%8B"
"ㄘㄨˋ","簇","","3","待補充","https://dict.concised.moe.edu.tw/searchP.jsp?SN=%E3%84%98&SN2=%E3%84%98%E3%84%A8%CB%8B&word=%E7%B0%87"
"ㄘㄨˋ","蹙","","2","待補充","https://dict.concised.moe.edu.tw/searchP.jsp?SN=%E3%84%98&SN2=%E3%84%98%E3%84%A8%CB%8B&word=%E8%B9%99"
"ㄘㄨˋ","蹴","","1","待補充","https://dict.concised.moe.edu.tw/searchP.jsp?SN=%E3%84%98&SN2=%E3%84%98%E3%84%A8%CB%8B&word=%E8%B9%B4"
"ㄘㄨㄛ","差","","2","待補充","https://dict.concised.moe.edu.tw/searchP.jsp?SN=%E3%84%98&SN2=%E3%84%98%E3%84%A8%E3%84%9B&word=%E5%B7%AE"
"ㄘㄨㄛ","搓","","3","待補充","https://dict.concised.moe.edu.tw/searchP.jsp?SN=%E3%84%98&SN2=%E3%84%98%E3%84%A8%E3%84%9B&word=%E6%90%93"
"ㄘㄨㄛ","磋","","2","待補充","https://dict.concised.moe.edu.tw/searchP.jsp?SN=%E3%84%98&SN2=%E3%84%98%E3%84%A8%E3%84%9B&word=%E7%A3%8B"
"ㄘㄨㄛ","蹉","","2","待補充","https://dict.concised.moe.edu.tw/searchP.jsp?SN=%E3%84%98&SN2=%E3%84%98%E3%84%A8%E3%84%9B&word=%E8%B9%89"
"ㄘㄨㄛˊ","痤","","2","待補充","https://dict.concised.moe.edu.tw/searchP.jsp?SN=%E3%84%98&SN2=%E3%84%98%E3%84%A8%E3%84%9B%CB%8A&word=%E7%97%A4"
"ㄘㄨㄛˊ","嵯","","2","待補充","https://dict.concised.moe.edu.tw/searchP.jsp?SN=%E3%84%98&SN2=%E3%84%98%E3%84%A8%E3%84%9B%CB%8A&word=%E5%B5%AF"
"ㄘㄨㄛˋ","剉","","1","待補充","https://dict.concised.moe.edu.tw/searchP.jsp?SN=%E3%84%98&SN2=%E3%84%98%E3%84%A8%E3%84%9B%CB%8B&word=%E5%89%89"
"ㄘㄨㄛˋ","厝","","2","待補充","https://dict.concised.moe.edu.tw/searchP.jsp?SN=%E3%84%98&SN2=%E3%84%98%E3%84%A8%E3%84%9B%CB%8B&word=%E5%8E%9D"
"ㄘㄨㄛˋ","挫","","5","待補充","https://dict.concised.moe.edu.tw/searchP.jsp?SN=%E3%84%98&SN2=%E3%84%98%E3%84%A8%E3%84%9B%CB%8B&word=%E6%8C%AB"
"ㄘㄨㄛˋ","措","","5","待補充","https://dict.concised.moe.edu.tw/searchP.jsp?SN=%E3%84%98&SN2=%E3%84%98%E3%84%A8%E3%84%9B%CB%8B&word=%E6%8E%AA"
"ㄘㄨㄛˋ","撮","","3","待補充","https://dict.concised.moe.edu.tw/searchP.jsp?SN=%E3%84%98&SN2=%E3%84%98%E3%84%A8%E3%84%9B%CB%8B&word=%E6%92%AE"
"ㄘㄨㄛˋ","銼","","1","待補充","https://dict.concised.moe.edu.tw/searchP.jsp?SN=%E3%84%98&SN2=%E3%84%98%E3%84%A8%E3%84%9B%CB%8B&word=%E9%8A%BC"
"ㄘㄨㄛˋ","錯","","14","待補充","https://dict.concised.moe.edu.tw/searchP.jsp?SN=%E3%84%98&SN2=%E3%84%98%E3%84%A8%E3%84%9B%CB%8B&word=%E9%8C%AF"
"ㄘㄨㄟ","衰","","1","待補充","https://dict.concised.moe.edu.tw/searchP.jsp?SN=%E3%84%98&SN2=%E3%84%98%E3%84%A8%E3%84%9F&word=%E8%A1%B0"
"ㄘㄨㄟ","崔","","1","待補充","https://dict.concised.moe.edu.tw/searchP.jsp?SN=%E3%84%98&SN2=%E3%84%98%E3%84%A8%E3%84%9F&word=%E5%B4%94"
"ㄘㄨㄟ","催","","15","待補充","https://dict.concised.moe.edu.tw/searchP.jsp?SN=%E3%84%98&SN2=%E3%84%98%E3%84%A8%E3%84%9F&word=%E5%82%AC"
"ㄘㄨㄟ","摧","","5","待補充","https://dict.concised.moe.edu.tw/searchP.jsp?SN=%E3%84%98&SN2=%E3%84%98%E3%84%A8%E3%84%9F&word=%E6%91%A7"
"ㄘㄨㄟˇ","璀","","2","待補充","https://dict.concised.moe.edu.tw/searchP.jsp?SN=%E3%84%98&SN2=%E3%84%98%E3%84%A8%E3%84%9F%CB%87&word=%E7%92%80"
"ㄘㄨㄟˋ","脆","","2","待補充","https://dict.concised.moe.edu.tw/searchP.jsp?SN=%E3%84%98&SN2=%E3%84%98%E3%84%A8%E3%84%9F%CB%8B&word=%E8%84%86"
"ㄘㄨㄟˋ","啐","","1","待補充","https://dict.concised.moe.edu.tw/searchP.jsp?SN=%E3%84%98&SN2=%E3%84%98%E3%84%A8%E3%84%9F%CB%8B&word=%E5%95%90"
"ㄘㄨㄟˋ","悴","","1","待補充","https://dict.concised.moe.edu.tw/searchP.jsp?SN=%E3%84%98&SN2=%E3%84%98%E3%84%A8%E3%84%9F%CB%8B&word=%E6%82%B4"
"ㄘㄨㄟˋ","淬","","3","待補充","https://dict.concised.moe.edu.tw/searchP.jsp?SN=%E3%84%98&SN2=%E3%84%98%E3%84%A8%E3%84%9F%CB%8B&word=%E6%B7%AC"
"ㄘㄨㄟˋ","毳","","1","待補充","https://dict.concised.moe.edu.tw/searchP.jsp?SN=%E3%84%98&SN2=%E3%84%98%E3%84%A8%E3%84%9F%CB%8B&word=%E6%AF%B3"
"ㄘㄨㄟˋ","萃","","2","待補充","https://dict.concised.moe.edu.tw/searchP.jsp?SN=%E3%84%98&SN2=%E3%84%98%E3%84%A8%E3%84%9F%CB%8B&word=%E8%90%83"
"ㄘㄨㄟˋ","瘁","","1","待補充","https://dict.concised.moe.edu.tw/searchP.jsp?SN=%E3%84%98&SN2=%E3%84%98%E3%84%A8%E3%84%9F%CB%8B&word=%E7%98%81"
"ㄘㄨㄟˋ","粹","","1","待補充","https://dict.concised.moe.edu.tw/searchP.jsp?SN=%E3%84%98&SN2=%E3%84%98%E3%84%A8%E3%84%9F%CB%8B&word=%E7%B2%B9"
"ㄘㄨㄟˋ","翠","","3","待補充","https://dict.concised.moe.edu.tw/searchP.jsp?SN=%E3%84%98&SN2=%E3%84%98%E3%84%A8%E3%84%9F%CB%8B&word=%E7%BF%A0"
"ㄘㄨㄢ","汆","","1","待補充","https://dict.concised.moe.edu.tw/searchP.jsp?SN=%E3%84%98&SN2=%E3%84%98%E3%84%A8%E3%84%A2&word=%E6%B1%86"
"ㄘㄨㄢ","攛","","1","待補充","https://dict.concised.moe.edu.tw/searchP.jsp?SN=%E3%84%98&SN2=%E3%84%98%E3%84%A8%E3%84%A2&word=%E6%94%9B"
"ㄘㄨㄢˊ","攢","","3","待補充","https://dict.concised.moe.edu.tw/searchP.jsp?SN=%E3%84%98&SN2=%E3%84%98%E3%84%A8%E3%84%A2%CB%8A&word=%E6%94%A2"
"ㄘㄨㄢˋ","篡","","1","待補充","https://dict.concised.moe.edu.tw/searchP.jsp?SN=%E3%84%98&SN2=%E3%84%98%E3%84%A8%E3%84%A2%CB%8B&word=%E7%AF%A1"
"ㄘㄨㄢˋ","竄","","6","待補充","https://dict.concised.moe.edu.tw/searchP.jsp?SN=%E3%84%98&SN2=%E3%84%98%E3%84%A8%E3%84%A2%CB%8B&word=%E7%AB%84"
"ㄘㄨㄢˋ","爨","","1","待補充","https://dict.concised.moe.edu.tw/searchP.jsp?SN=%E3%84%98&SN2=%E3%84%98%E3%84%A8%E3%84%A2%CB%8B&word=%E7%88%A8"
"ㄘㄨㄣ","村","","8","待補充","https://dict.concised.moe.edu.tw/searchP.jsp?SN=%E3%84%98&SN2=%E3%84%98%E3%84%A8%E3%84%A3&word=%E6%9D%91"
"ㄘㄨㄣ","皴","","2","待補充","https://dict.concised.moe.edu.tw/searchP.jsp?SN=%E3%84%98&SN2=%E3%84%98%E3%84%A8%E3%84%A3&word=%E7%9A%B4"
"ㄘㄨㄣˇ","忖","","2","待補充","https://dict.concised.moe.edu.tw/searchP.jsp?SN=%E3%84%98&SN2=%E3%84%98%E3%84%A8%E3%84%A3%CB%87&word=%E5%BF%96"
"ㄘㄨㄣˊ","存","","20","待補充","https://dict.concised.moe.edu.tw/searchP.jsp?SN=%E3%84%98&SN2=%E3%84%98%E3%84%A8%E3%84%A3%CB%8A&word=%E5%AD%98"
"ㄘㄨㄣˋ","寸","","8","待補充","https://dict.concised.moe.edu.tw/searchP.jsp?SN=%E3%84%98&SN2=%E3%84%98%E3%84%A8%E3%84%A3%CB%8B&word=%E5%AF%B8"
"ㄘㄨㄣˋ","吋","","1","待補充","https://dict.concised.moe.edu.tw/searchP.jsp?SN=%E3%84%98&SN2=%E3%84%98%E3%84%A8%E3%84%A3%CB%8B&word=%E5%90%8B"
"ㄘㄨㄥ","匆","","4","待補充","https://dict.concised.moe.edu.tw/searchP.jsp?SN=%E3%84%98&SN2=%E3%84%98%E3%84%A8%E3%84%A5&word=%E5%8C%86"
"ㄘㄨㄥ","囪","","1","待補充","https://dict.concised.moe.edu.tw/searchP.jsp?SN=%E3%84%98&SN2=%E3%84%98%E3%84%A8%E3%84%A5&word=%E5%9B%AA"
"ㄘㄨㄥ","從","","19","待補充","https://dict.concised.moe.edu.tw/searchP.jsp?SN=%E3%84%98&SN2=%E3%84%98%E3%84%A8%E3%84%A5&word=%E5%BE%9E"
"ㄘㄨㄥ","樅","","1","待補充","https://dict.concised.moe.edu.tw/searchP.jsp?SN=%E3%84%98&SN2=%E3%84%98%E3%84%A8%E3%84%A5&word=%E6%A8%85"
"ㄘㄨㄥ","蔥","","4","待補充","https://dict.concised.moe.edu.tw/searchP.jsp?SN=%E3%84%98&SN2=%E3%84%98%E3%84%A8%E3%84%A5&word=%E8%94%A5"
"ㄘㄨㄥ","聰","","6","待補充","https://dict.concised.moe.edu.tw/searchP.jsp?SN=%E3%84%98&SN2=%E3%84%98%E3%84%A8%E3%84%A5&word=%E8%81%B0"
"ㄘㄨㄥˊ","從","","20","待補充","https://dict.concised.moe.edu.tw/searchP.jsp?SN=%E3%84%98&SN2=%E3%84%98%E3%84%A8%E3%84%A5%CB%8A&word=%E5%BE%9E"
"ㄘㄨㄥˊ","淙","","2","待補充","https://dict.concised.moe.edu.tw/searchP.jsp?SN=%E3%84%98&SN2=%E3%84%98%E3%84%A8%E3%84%A5%CB%8A&word=%E6%B7%99"
"ㄘㄨㄥˊ","琮","","1","待補充","https://dict.concised.moe.edu.tw/searchP.jsp?SN=%E3%84%98&SN2=%E3%84%98%E3%84%A8%E3%84%A5%CB%8A&word=%E7%90%AE"
"ㄘㄨㄥˊ","叢","","4","待補充","https://dict.concised.moe.edu.tw/searchP.jsp?SN=%E3%84%98&SN2=%E3%84%98%E3%84%A8%E3%84%A5%CB%8A&word=%E5%8F%A2"
"ㄙ","司","","9","待補充","https://dict.concised.moe.edu.tw/searchP.jsp?SN=%E3%84%99&SN2=%E3%84%99&word=%E5%8F%B8"
"ㄙ","私","","20","待補充","https://dict.concised.moe.edu.tw/searchP.jsp?SN=%E3%84%99&SN2=%E3%84%99&word=%E7%A7%81"
"ㄙ","思","","19","待補充","https://dict.concised.moe.edu.tw/searchP.jsp?SN=%E3%84%99&SN2=%E3%84%99&word=%E6%80%9D"
"ㄙ","斯","","4","待補充","https://dict.concised.moe.edu.tw/searchP.jsp?SN=%E3%84%99&SN2=%E3%84%99&word=%E6%96%AF"
"ㄙ","絲","","12","待補充","https://dict.concised.moe.edu.tw/searchP.jsp?SN=%E3%84%99&SN2=%E3%84%99&word=%E7%B5%B2"
"ㄙ","嘶","","4","待補充","https://dict.concised.moe.edu.tw/searchP.jsp?SN=%E3%84%99&SN2=%E3%84%99&word=%E5%98%B6"
"ㄙ","廝","","4","待補充","https://dict.concised.moe.edu.tw/searchP.jsp?SN=%E3%84%99&SN2=%E3%84%99&word=%E5%BB%9D"
"ㄙ","撕","","6","待補充","https://dict.concised.moe.edu.tw/searchP.jsp?SN=%E3%84%99&SN2=%E3%84%99&word=%E6%92%95"
"ㄙ","鷥","","1","待補充","https://dict.concised.moe.edu.tw/searchP.jsp?SN=%E3%84%99&SN2=%E3%84%99&word=%E9%B7%A5"
"ㄙˇ","死","","20","待補充","https://dict.concised.moe.edu.tw/searchP.jsp?SN=%E3%84%99&SN2=%E3%84%99%CB%87&word=%E6%AD%BB"
"ㄙˋ","巳","","1","待補充","https://dict.concised.moe.edu.tw/searchP.jsp?SN=%E3%84%99&SN2=%E3%84%99%CB%8B&word=%E5%B7%B3"
"ㄙˋ","四","","20","待補充","https://dict.concised.moe.edu.tw/searchP.jsp?SN=%E3%84%99&SN2=%E3%84%99%CB%8B&word=%E5%9B%9B"
"ㄙˋ","寺","","3","待補充","https://dict.concised.moe.edu.tw/searchP.jsp?SN=%E3%84%99&SN2=%E3%84%99%CB%8B&word=%E5%AF%BA"
"ㄙˋ","汜","","1","待補充","https://dict.concised.moe.edu.tw/searchP.jsp?SN=%E3%84%99&SN2=%E3%84%99%CB%8B&word=%E6%B1%9C"
"ㄙˋ","伺","","2","待補充","https://dict.concised.moe.edu.tw/searchP.jsp?SN=%E3%84%99&SN2=%E3%84%99%CB%8B&word=%E4%BC%BA"
"ㄙˋ","似","","4","待補充","https://dict.concised.moe.edu.tw/searchP.jsp?SN=%E3%84%99&SN2=%E3%84%99%CB%8B&word=%E4%BC%BC"
"ㄙˋ","兕","","1","待補充","https://dict.concised.moe.edu.tw/searchP.jsp?SN=%E3%84%99&SN2=%E3%84%99%CB%8B&word=%E5%85%95"
"ㄙˋ","姒","","1","待補充","https://dict.concised.moe.edu.tw/searchP.jsp?SN=%E3%84%99&SN2=%E3%84%99%CB%8B&word=%E5%A7%92"
"ㄙˋ","泗","","1","待補充","https://dict.concised.moe.edu.tw/searchP.jsp?SN=%E3%84%99&SN2=%E3%84%99%CB%8B&word=%E6%B3%97"
"ㄙˋ","祀","","2","待補充","https://dict.concised.moe.edu.tw/searchP.jsp?SN=%E3%84%99&SN2=%E3%84%99%CB%8B&word=%E7%A5%80"
"ㄙˋ","俟","","1","待補充","https://dict.concised.moe.edu.tw/searchP.jsp?SN=%E3%84%99&SN2=%E3%84%99%CB%8B&word=%E4%BF%9F"
"ㄙˋ","食","","1","待補充","https://dict.concised.moe.edu.tw/searchP.jsp?SN=%E3%84%99&SN2=%E3%84%99%CB%8B&word=%E9%A3%9F"
"ㄙˋ","耜","","1","待補充","https://dict.concised.moe.edu.tw/searchP.jsp?SN=%E3%84%99&SN2=%E3%84%99%CB%8B&word=%E8%80%9C"
"ㄙˋ","嗣","","3","待補充","https://dict.concised.moe.edu.tw/searchP.jsp?SN=%E3%84%99&SN2=%E3%84%99%CB%8B&word=%E5%97%A3"
"ㄙˋ","肆","","4","待補充","https://dict.concised.moe.edu.tw/searchP.jsp?SN=%E3%84%99&SN2=%E3%84%99%CB%8B&word=%E8%82%86"
"ㄙˋ","飼","","4","待補充","https://dict.concised.moe.edu.tw/searchP.jsp?SN=%E3%84%99&SN2=%E3%84%99%CB%8B&word=%E9%A3%BC"
"ㄙˋ","賜","","4","待補充","https://dict.concised.moe.edu.tw/searchP.jsp?SN=%E3%84%99&SN2=%E3%84%99%CB%8B&word=%E8%B3%9C"
"ㄙˋ","駟","","2","待補充","https://dict.concised.moe.edu.tw/searchP.jsp?SN=%E3%84%99&SN2=%E3%84%99%CB%8B&word=%E9%A7%9F"
"ㄙㄚ","仨","","1","待補充","https://dict.concised.moe.edu.tw/searchP.jsp?SN=%E3%84%99&SN2=%E3%84%99%E3%84%9A&word=%E4%BB%A8"
"ㄙㄚ","撒","","13","待補充","https://dict.concised.moe.edu.tw/searchP.jsp?SN=%E3%84%99&SN2=%E3%84%99%E3%84%9A&word=%E6%92%92"
"ㄙㄚˇ","洒","","2","待補充","https://dict.concised.moe.edu.tw/searchP.jsp?SN=%E3%84%99&SN2=%E3%84%99%E3%84%9A%CB%87&word=%E6%B4%92"
"ㄙㄚˇ","撒","","3","待補充","https://dict.concised.moe.edu.tw/searchP.jsp?SN=%E3%84%99&SN2=%E3%84%99%E3%84%9A%CB%87&word=%E6%92%92"
"ㄙㄚˇ","灑","","5","待補充","https://dict.concised.moe.edu.tw/searchP.jsp?SN=%E3%84%99&SN2=%E3%84%99%E3%84%9A%CB%87&word=%E7%81%91"
"ㄙㄚˋ","卅","","1","待補充","https://dict.concised.moe.edu.tw/searchP.jsp?SN=%E3%84%99&SN2=%E3%84%99%E3%84%9A%CB%8B&word=%E5%8D%85"
"ㄙㄚˋ","趿","","1","待補充","https://dict.concised.moe.edu.tw/searchP.jsp?SN=%E3%84%99&SN2=%E3%84%99%E3%84%9A%CB%8B&word=%E8%B6%BF"
"ㄙㄚˋ","颯","","2","待補充","https://dict.concised.moe.edu.tw/searchP.jsp?SN=%E3%84%99&SN2=%E3%84%99%E3%84%9A%CB%8B&word=%E9%A2%AF"
"ㄙㄚˋ","薩","","2","待補充","https://dict.concised.moe.edu.tw/searchP.jsp?SN=%E3%84%99&SN2=%E3%84%99%E3%84%9A%CB%8B&word=%E8%96%A9"
"ㄙㄜˋ","色","","14","待補充","https://dict.concised.moe.edu.tw/searchP.jsp?SN=%E3%84%99&SN2=%E3%84%99%E3%84%9C%CB%8B&word=%E8%89%B2"
"ㄙㄜˋ","圾","","1","待補充","https://dict.concised.moe.edu.tw/searchP.jsp?SN=%E3%84%99&SN2=%E3%84%99%E3%84%9C%CB%8B&word=%E5%9C%BE"
"ㄙㄜˋ","嗇","","1","待補充","https://dict.concised.moe.edu.tw/searchP.jsp?SN=%E3%84%99&SN2=%E3%84%99%E3%84%9C%CB%8B&word=%E5%97%87"
"ㄙㄜˋ","塞","","2","待補充","https://dict.concised.moe.edu.tw/searchP.jsp?SN=%E3%84%99&SN2=%E3%84%99%E3%84%9C%CB%8B&word=%E5%A1%9E"
"ㄙㄜˋ","瑟","","3","待補充","https://dict.concised.moe.edu.tw/searchP.jsp?SN=%E3%84%99&SN2=%E3%84%99%E3%84%9C%CB%8B&word=%E7%91%9F"
"ㄙㄜˋ","澀","","1","待補充","https://dict.concised.moe.edu.tw/searchP.jsp?SN=%E3%84%99&SN2=%E3%84%99%E3%84%9C%CB%8B&word=%E6%BE%80"
"ㄙㄜˋ","穡","","1","待補充","https://dict.concised.moe.edu.tw/searchP.jsp?SN=%E3%84%99&SN2=%E3%84%99%E3%84%9C%CB%8B&word=%E7%A9%A1"
"ㄙㄞ","思","","1","待補充","https://dict.concised.moe.edu.tw/searchP.jsp?SN=%E3%84%99&SN2=%E3%84%99%E3%84%9E&word=%E6%80%9D"
"ㄙㄞ","塞","","5","待補充","https://dict.concised.moe.edu.tw/searchP.jsp?SN=%E3%84%99&SN2=%E3%84%99%E3%84%9E&word=%E5%A1%9E"
"ㄙㄞ","腮","","3","待補充","https://dict.concised.moe.edu.tw/searchP.jsp?SN=%E3%84%99&SN2=%E3%84%99%E3%84%9E&word=%E8%85%AE"
"ㄙㄞ","鰓","","1","待補充","https://dict.concised.moe.edu.tw/searchP.jsp?SN=%E3%84%99&SN2=%E3%84%99%E3%84%9E&word=%E9%B0%93"
"ㄙㄞˋ","塞","","3","待補充","https://dict.concised.moe.edu.tw/searchP.jsp?SN=%E3%84%99&SN2=%E3%84%99%E3%84%9E%CB%8B&word=%E5%A1%9E"
"ㄙㄞˋ","賽","","9","待補充","https://dict.concised.moe.edu.tw/searchP.jsp?SN=%E3%84%99&SN2=%E3%84%99%E3%84%9E%CB%8B&word=%E8%B3%BD"
"ㄙㄠ","搔","","5","待補充","https://dict.concised.moe.edu.tw/searchP.jsp?SN=%E3%84%99&SN2=%E3%84%99%E3%84%A0&word=%E6%90%94"
"ㄙㄠ","艘","","1","待補充","https://dict.concised.moe.edu.tw/searchP.jsp?SN=%E3%84%99&SN2=%E3%84%99%E3%84%A0&word=%E8%89%98"
"ㄙㄠ","繅","","1","待補充","https://dict.concised.moe.edu.tw/searchP.jsp?SN=%E3%84%99&SN2=%E3%84%99%E3%84%A0&word=%E7%B9%85"
"ㄙㄠ","臊","","1","待補充","https://dict.concised.moe.edu.tw/searchP.jsp?SN=%E3%84%99&SN2=%E3%84%99%E3%84%A0&word=%E8%87%8A"
"ㄙㄠ","騷","","6","待補充","https://dict.concised.moe.edu.tw/searchP.jsp?SN=%E3%84%99&SN2=%E3%84%99%E3%84%A0&word=%E9%A8%B7"
"ㄙㄠˇ","掃","","13","待補充","https://dict.concised.moe.edu.tw/searchP.jsp?SN=%E3%84%99&SN2=%E3%84%99%E3%84%A0%CB%87&word=%E6%8E%83"
"ㄙㄠˇ","嫂","","3","待補充","https://dict.concised.moe.edu.tw/searchP.jsp?SN=%E3%84%99&SN2=%E3%84%99%E3%84%A0%CB%87&word=%E5%AB%82"
"ㄙㄠˋ","掃","","4","待補充","https://dict.concised.moe.edu.tw/searchP.jsp?SN=%E3%84%99&SN2=%E3%84%99%E3%84%A0%CB%8B&word=%E6%8E%83"
"ㄙㄠˋ","燥","","1","待補充","https://dict.concised.moe.edu.tw/searchP.jsp?SN=%E3%84%99&SN2=%E3%84%99%E3%84%A0%CB%8B&word=%E7%87%A5"
"ㄙㄠˋ","臊","","1","待補充","https://dict.concised.moe.edu.tw/searchP.jsp?SN=%E3%84%99&SN2=%E3%84%99%E3%84%A0%CB%8B&word=%E8%87%8A"
"ㄙㄡ","搜","","12","待補充","https://dict.concised.moe.edu.tw/searchP.jsp?SN=%E3%84%99&SN2=%E3%84%99%E3%84%A1&word=%E6%90%9C"
"ㄙㄡ","溲","","1","待補充","https://dict.concised.moe.edu.tw/searchP.jsp?SN=%E3%84%99&SN2=%E3%84%99%E3%84%A1&word=%E6%BA%B2"
"ㄙㄡ","蒐","","5","待補充","https://dict.concised.moe.edu.tw/searchP.jsp?SN=%E3%84%99&SN2=%E3%84%99%E3%84%A1&word=%E8%92%90"
"ㄙㄡ","餿","","3","待補充","https://dict.concised.moe.edu.tw/searchP.jsp?SN=%E3%84%99&SN2=%E3%84%99%E3%84%A1&word=%E9%A4%BF"
"ㄙㄡ","颼","","2","待補充","https://dict.concised.moe.edu.tw/searchP.jsp?SN=%E3%84%99&SN2=%E3%84%99%E3%84%A1&word=%E9%A2%BC"
"ㄙㄡˇ","叟","","1","待補充","https://dict.concised.moe.edu.tw/searchP.jsp?SN=%E3%84%99&SN2=%E3%84%99%E3%84%A1%CB%87&word=%E5%8F%9F"
"ㄙㄡˇ","擻","","1","待補充","https://dict.concised.moe.edu.tw/searchP.jsp?SN=%E3%84%99&SN2=%E3%84%99%E3%84%A1%CB%87&word=%E6%93%BB"
"ㄙㄡˇ","藪","","1","待補充","https://dict.concised.moe.edu.tw/searchP.jsp?SN=%E3%84%99&SN2=%E3%84%99%E3%84%A1%CB%87&word=%E8%97%AA"
"ㄙㄡˋ","嗽","","1","待補充","https://dict.concised.moe.edu.tw/searchP.jsp?SN=%E3%84%99&SN2=%E3%84%99%E3%84%A1%CB%8B&word=%E5%97%BD"
"ㄙㄢ","三","","20","待補充","https://dict.concised.moe.edu.tw/searchP.jsp?SN=%E3%84%99&SN2=%E3%84%99%E3%84%A2&word=%E4%B8%89"
"ㄙㄢ","參","","1","待補充","https://dict.concised.moe.edu.tw/searchP.jsp?SN=%E3%84%99&SN2=%E3%84%99%E3%84%A2&word=%E5%8F%83"
"ㄙㄢˇ","傘","","4","待補充","https://dict.concised.moe.edu.tw/searchP.jsp?SN=%E3%84%99&SN2=%E3%84%99%E3%84%A2%CB%87&word=%E5%82%98"
"ㄙㄢˇ","散","","7","待補充","https://dict.concised.moe.edu.tw/searchP.jsp?SN=%E3%84%99&SN2=%E3%84%99%E3%84%A2%CB%87&word=%E6%95%A3"
"ㄙㄢˇ","糝","","2","待補充","https://dict.concised.moe.edu.tw/searchP.jsp?SN=%E3%84%99&SN2=%E3%84%99%E3%84%A2%CB%87&word=%E7%B3%9D"
"ㄙㄢˋ","散","","13","待補充","https://dict.concised.moe.edu.tw/searchP.jsp?SN=%E3%84%99&SN2=%E3%84%99%E3%84%A2%CB%8B&word=%E6%95%A3"
"ㄙㄣ","森","","6","待補充","https://dict.concised.moe.edu.tw/searchP.jsp?SN=%E3%84%99&SN2=%E3%84%99%E3%84%A3&word=%E6%A3%AE"
"ㄙㄤ","桑","","5","待補充","https://dict.concised.moe.edu.tw/searchP.jsp?SN=%E3%84%99&SN2=%E3%84%99%E3%84%A4&word=%E6%A1%91"
"ㄙㄤ","喪","","18","待補充","https://dict.concised.moe.edu.tw/searchP.jsp?SN=%E3%84%99&SN2=%E3%84%99%E3%84%A4&word=%E5%96%AA"
"ㄙㄤˇ","嗓","","4","待補充","https://dict.concised.moe.edu.tw/searchP.jsp?SN=%E3%84%99&SN2=%E3%84%99%E3%84%A4%CB%87&word=%E5%97%93"
"ㄙㄤˇ","顙","","1","待補充","https://dict.concised.moe.edu.tw/searchP.jsp?SN=%E3%84%99&SN2=%E3%84%99%E3%84%A4%CB%87&word=%E9%A1%99"
"ㄙㄤˋ","喪","","12","待補充","https://dict.concised.moe.edu.tw/searchP.jsp?SN=%E3%84%99&SN2=%E3%84%99%E3%84%A4%CB%8B&word=%E5%96%AA"
"ㄙㄥ","僧","","5","待補充","https://dict.concised.moe.edu.tw/searchP.jsp?SN=%E3%84%99&SN2=%E3%84%99%E3%84%A5&word=%E5%83%A7"
"ㄙㄨ","甦","","2","待補充","https://dict.concised.moe.edu.tw/searchP.jsp?SN=%E3%84%99&SN2=%E3%84%99%E3%84%A8&word=%E7%94%A6"
"ㄙㄨ","酥","","5","待補充","https://dict.concised.moe.edu.tw/searchP.jsp?SN=%E3%84%99&SN2=%E3%84%99%E3%84%A8&word=%E9%85%A5"
"ㄙㄨ","穌","","1","待補充","https://dict.concised.moe.edu.tw/searchP.jsp?SN=%E3%84%99&SN2=%E3%84%99%E3%84%A8&word=%E7%A9%8C"
"ㄙㄨ","蘇","","3","待補充","https://dict.concised.moe.edu.tw/searchP.jsp?SN=%E3%84%99&SN2=%E3%84%99%E3%84%A8&word=%E8%98%87"
"ㄙㄨ","囌","","1","待補充","https://dict.concised.moe.edu.tw/searchP.jsp?SN=%E3%84%99&SN2=%E3%84%99%E3%84%A8&word=%E5%9B%8C"
"ㄙㄨˊ","俗","","11","待補充","https://dict.concised.moe.edu.tw/searchP.jsp?SN=%E3%84%99&SN2=%E3%84%99%E3%84%A8%CB%8A&word=%E4%BF%97"
"ㄙㄨˋ","夙","","7","待補充","https://dict.concised.moe.edu.tw/searchP.jsp?SN=%E3%84%99&SN2=%E3%84%99%E3%84%A8%CB%8B&word=%E5%A4%99"
"ㄙㄨˋ","素","","16","待補充","https://dict.concised.moe.edu.tw/searchP.jsp?SN=%E3%84%99&SN2=%E3%84%99%E3%84%A8%CB%8B&word=%E7%B4%A0"
"ㄙㄨˋ","宿","","12","待補充","https://dict.concised.moe.edu.tw/searchP.jsp?SN=%E3%84%99&SN2=%E3%84%99%E3%84%A8%CB%8B&word=%E5%AE%BF"
"ㄙㄨˋ","速","","10","待補充","https://dict.concised.moe.edu.tw/searchP.jsp?SN=%E3%84%99&SN2=%E3%84%99%E3%84%A8%CB%8B&word=%E9%80%9F"
"ㄙㄨˋ","粟","","2","待補充","https://dict.concised.moe.edu.tw/searchP.jsp?SN=%E3%84%99&SN2=%E3%84%99%E3%84%A8%CB%8B&word=%E7%B2%9F"
"ㄙㄨˋ","訴","","9","待補充","https://dict.concised.moe.edu.tw/searchP.jsp?SN=%E3%84%99&SN2=%E3%84%99%E3%84%A8%CB%8B&word=%E8%A8%B4"
"ㄙㄨˋ","塑","","6","待補充","https://dict.concised.moe.edu.tw/searchP.jsp?SN=%E3%84%99&SN2=%E3%84%99%E3%84%A8%CB%8B&word=%E5%A1%91"
"ㄙㄨˋ","愫","","1","待補充","https://dict.concised.moe.edu.tw/searchP.jsp?SN=%E3%84%99&SN2=%E3%84%99%E3%84%A8%CB%8B&word=%E6%84%AB"
"ㄙㄨˋ","溯","","2","待補充","https://dict.concised.moe.edu.tw/searchP.jsp?SN=%E3%84%99&SN2=%E3%84%99%E3%84%A8%CB%8B&word=%E6%BA%AF"
"ㄙㄨˋ","窣","","1","待補充","https://dict.concised.moe.edu.tw/searchP.jsp?SN=%E3%84%99&SN2=%E3%84%99%E3%84%A8%CB%8B&word=%E7%AA%A3"
"ㄙㄨˋ","肅","","9","待補充","https://dict.concised.moe.edu.tw/searchP.jsp?SN=%E3%84%99&SN2=%E3%84%99%E3%84%A8%CB%8B&word=%E8%82%85"
"ㄙㄨˋ","愬","","1","待補充","https://dict.concised.moe.edu.tw/searchP.jsp?SN=%E3%84%99&SN2=%E3%84%99%E3%84%A8%CB%8B&word=%E6%84%AC"
"ㄙㄨˋ","觫","","1","待補充","https://dict.concised.moe.edu.tw/searchP.jsp?SN=%E3%84%99&SN2=%E3%84%99%E3%84%A8%CB%8B&word=%E8%A7%AB"
"ㄙㄨˋ","蓿","","1","待補充","https://dict.concised.moe.edu.tw/searchP.jsp?SN=%E3%84%99&SN2=%E3%84%99%E3%84%A8%CB%8B&word=%E8%93%BF"
"ㄙㄨˋ","簌","","2","待補充","https://dict.concised.moe.edu.tw/searchP.jsp?SN=%E3%84%99&SN2=%E3%84%99%E3%84%A8%CB%8B&word=%E7%B0%8C"
"ㄙㄨㄛ","唆","","2","待補充","https://dict.concised.moe.edu.tw/searchP.jsp?SN=%E3%84%99&SN2=%E3%84%99%E3%84%A8%E3%84%9B&word=%E5%94%86"
"ㄙㄨㄛ","娑","","1","待補充","https://dict.concised.moe.edu.tw/searchP.jsp?SN=%E3%84%99&SN2=%E3%84%99%E3%84%A8%E3%84%9B&word=%E5%A8%91"
"ㄙㄨㄛ","挲","","1","待補充","https://dict.concised.moe.edu.tw/searchP.jsp?SN=%E3%84%99&SN2=%E3%84%99%E3%84%A8%E3%84%9B&word=%E6%8C%B2"
"ㄙㄨㄛ","梭","","2","待補充","https://dict.concised.moe.edu.tw/searchP.jsp?SN=%E3%84%99&SN2=%E3%84%99%E3%84%A8%E3%84%9B&word=%E6%A2%AD"
"ㄙㄨㄛ","莎","","1","待補充","https://dict.concised.moe.edu.tw/searchP.jsp?SN=%E3%84%99&SN2=%E3%84%99%E3%84%A8%E3%84%9B&word=%E8%8E%8E"
"ㄙㄨㄛ","嗦","","1","待補充","https://dict.concised.moe.edu.tw/searchP.jsp?SN=%E3%84%99&SN2=%E3%84%99%E3%84%A8%E3%84%9B&word=%E5%97%A6"
"ㄙㄨㄛ","蓑","","1","待補充","https://dict.concised.moe.edu.tw/searchP.jsp?SN=%E3%84%99&SN2=%E3%84%99%E3%84%A8%E3%84%9B&word=%E8%93%91"
"ㄙㄨㄛ","簑","","1","待補充","https://dict.concised.moe.edu.tw/searchP.jsp?SN=%E3%84%99&SN2=%E3%84%99%E3%84%A8%E3%84%9B&word=%E7%B0%91"
"ㄙㄨㄛ","縮","","12","待補充","https://dict.concised.moe.edu.tw/searchP.jsp?SN=%E3%84%99&SN2=%E3%84%99%E3%84%A8%E3%84%9B&word=%E7%B8%AE"
"ㄙㄨㄛˇ","所","","16","待補充","https://dict.concised.moe.edu.tw/searchP.jsp?SN=%E3%84%99&SN2=%E3%84%99%E3%84%A8%E3%84%9B%CB%87&word=%E6%89%80"
"ㄙㄨㄛˇ","索","","11","待補充","https://dict.concised.moe.edu.tw/searchP.jsp?SN=%E3%84%99&SN2=%E3%84%99%E3%84%A8%E3%84%9B%CB%87&word=%E7%B4%A2"
"ㄙㄨㄛˇ","嗩","","1","待補充","https://dict.concised.moe.edu.tw/searchP.jsp?SN=%E3%84%99&SN2=%E3%84%99%E3%84%A8%E3%84%9B%CB%87&word=%E5%97%A9"
"ㄙㄨㄛˇ","瑣","","4","待補充","https://dict.concised.moe.edu.tw/searchP.jsp?SN=%E3%84%99&SN2=%E3%84%99%E3%84%A8%E3%84%9B%CB%87&word=%E7%91%A3"
"ㄙㄨㄛˇ","鎖","","7","待補充","https://dict.concised.moe.edu.tw/searchP.jsp?SN=%E3%84%99&SN2=%E3%84%99%E3%84%A8%E3%84%9B%CB%87&word=%E9%8E%96"
"ㄙㄨㄛˋ","些","","1","待補充","https://dict.concised.moe.edu.tw/searchP.jsp?SN=%E3%84%99&SN2=%E3%84%99%E3%84%A8%E3%84%9B%CB%8B&word=%E4%BA%9B"
"ㄙㄨㄟ","睢","","2","待補充","https://dict.concised.moe.edu.tw/searchP.jsp?SN=%E3%84%99&SN2=%E3%84%99%E3%84%A8%E3%84%9F&word=%E7%9D%A2"
"ㄙㄨㄟ","綏","","2","待補充","https://dict.concised.moe.edu.tw/searchP.jsp?SN=%E3%84%99&SN2=%E3%84%99%E3%84%A8%E3%84%9F&word=%E7%B6%8F"
"ㄙㄨㄟ","雖","","3","待補充","https://dict.concised.moe.edu.tw/searchP.jsp?SN=%E3%84%99&SN2=%E3%84%99%E3%84%A8%E3%84%9F&word=%E9%9B%96"
"ㄙㄨㄟˇ","髓","","1","待補充","https://dict.concised.moe.edu.tw/searchP.jsp?SN=%E3%84%99&SN2=%E3%84%99%E3%84%A8%E3%84%9F%CB%87&word=%E9%AB%93"
"ㄙㄨㄟˊ","隋","","1","待補充","https://dict.concised.moe.edu.tw/searchP.jsp?SN=%E3%84%99&SN2=%E3%84%99%E3%84%A8%E3%84%9F%CB%8A&word=%E9%9A%8B"
"ㄙㄨㄟˊ","隨","","19","待補充","https://dict.concised.moe.edu.tw/searchP.jsp?SN=%E3%84%99&SN2=%E3%84%99%E3%84%A8%E3%84%9F%CB%8A&word=%E9%9A%A8"
"ㄙㄨㄟˋ","祟","","1","待補充","https://dict.concised.moe.edu.tw/searchP.jsp?SN=%E3%84%99&SN2=%E3%84%99%E3%84%A8%E3%84%9F%CB%8B&word=%E7%A5%9F"
"ㄙㄨㄟˋ","歲","","9","待補充","https://dict.concised.moe.edu.tw/searchP.jsp?SN=%E3%84%99&SN2=%E3%84%99%E3%84%A8%E3%84%9F%CB%8B&word=%E6%AD%B2"
"ㄙㄨㄟˋ","碎","","6","待補充","https://dict.concised.moe.edu.tw/searchP.jsp?SN=%E3%84%99&SN2=%E3%84%99%E3%84%A8%E3%84%9F%CB%8B&word=%E7%A2%8E"
"ㄙㄨㄟˋ","遂","","2","待補充","https://dict.concised.moe.edu.tw/searchP.jsp?SN=%E3%84%99&SN2=%E3%84%99%E3%84%A8%E3%84%9F%CB%8B&word=%E9%81%82"
"ㄙㄨㄟˋ","隧","","2","待補充","https://dict.concised.moe.edu.tw/searchP.jsp?SN=%E3%84%99&SN2=%E3%84%99%E3%84%A8%E3%84%9F%CB%8B&word=%E9%9A%A7"
"ㄙㄨㄟˋ","燧","","2","待補充","https://dict.concised.moe.edu.tw/searchP.jsp?SN=%E3%84%99&SN2=%E3%84%99%E3%84%A8%E3%84%9F%CB%8B&word=%E7%87%A7"
"ㄙㄨㄟˋ","穗","","1","待補充","https://dict.concised.moe.edu.tw/searchP.jsp?SN=%E3%84%99&SN2=%E3%84%99%E3%84%A8%E3%84%9F%CB%8B&word=%E7%A9%97"
"ㄙㄨㄟˋ","邃","","1","待補充","https://dict.concised.moe.edu.tw/searchP.jsp?SN=%E3%84%99&SN2=%E3%84%99%E3%84%A8%E3%84%9F%CB%8B&word=%E9%82%83"
"ㄙㄨㄢ","痠","","3","待補充","https://dict.concised.moe.edu.tw/searchP.jsp?SN=%E3%84%99&SN2=%E3%84%99%E3%84%A8%E3%84%A2&word=%E7%97%A0"
"ㄙㄨㄢ","酸","","10","待補充","https://dict.concised.moe.edu.tw/searchP.jsp?SN=%E3%84%99&SN2=%E3%84%99%E3%84%A8%E3%84%A2&word=%E9%85%B8"
"ㄙㄨㄢˋ","算","","9","待補充","https://dict.concised.moe.edu.tw/searchP.jsp?SN=%E3%84%99&SN2=%E3%84%99%E3%84%A8%E3%84%A2%CB%8B&word=%E7%AE%97"
"ㄙㄨㄢˋ","蒜","","2","待補充","https://dict.concised.moe.edu.tw/searchP.jsp?SN=%E3%84%99&SN2=%E3%84%99%E3%84%A8%E3%84%A2%CB%8B&word=%E8%92%9C"
"ㄙㄨㄣ","孫","","4","待補充","https://dict.concised.moe.edu.tw/searchP.jsp?SN=%E3%84%99&SN2=%E3%84%99%E3%84%A8%E3%84%A3&word=%E5%AD%AB"
"ㄙㄨㄣ","飧","","1","待補充","https://dict.concised.moe.edu.tw/searchP.jsp?SN=%E3%84%99&SN2=%E3%84%99%E3%84%A8%E3%84%A3&word=%E9%A3%A7"
"ㄙㄨㄣ","猻","","1","待補充","https://dict.concised.moe.edu.tw/searchP.jsp?SN=%E3%84%99&SN2=%E3%84%99%E3%84%A8%E3%84%A3&word=%E7%8C%BB"
"ㄙㄨㄣ","蓀","","1","待補充","https://dict.concised.moe.edu.tw/searchP.jsp?SN=%E3%84%99&SN2=%E3%84%99%E3%84%A8%E3%84%A3&word=%E8%93%80"
"ㄙㄨㄣˇ","筍","","2","待補充","https://dict.concised.moe.edu.tw/searchP.jsp?SN=%E3%84%99&SN2=%E3%84%99%E3%84%A8%E3%84%A3%CB%87&word=%E7%AD%8D"
"ㄙㄨㄣˇ","損","","11","待補充","https://dict.concised.moe.edu.tw/searchP.jsp?SN=%E3%84%99&SN2=%E3%84%99%E3%84%A8%E3%84%A3%CB%87&word=%E6%90%8D"
"ㄙㄨㄣˇ","榫","","3","待補充","https://dict.concised.moe.edu.tw/searchP.jsp?SN=%E3%84%99&SN2=%E3%84%99%E3%84%A8%E3%84%A3%CB%87&word=%E6%A6%AB"
"ㄙㄨㄥ","忪","","1","待補充","https://dict.concised.moe.edu.tw/searchP.jsp?SN=%E3%84%99&SN2=%E3%84%99%E3%84%A8%E3%84%A5&word=%E5%BF%AA"
"ㄙㄨㄥ","松","","13","待補充","https://dict.concised.moe.edu.tw/searchP.jsp?SN=%E3%84%99&SN2=%E3%84%99%E3%84%A8%E3%84%A5&word=%E6%9D%BE"
"ㄙㄨㄥ","淞","","1","待補充","https://dict.concised.moe.edu.tw/searchP.jsp?SN=%E3%84%99&SN2=%E3%84%99%E3%84%A8%E3%84%A5&word=%E6%B7%9E"
"ㄙㄨㄥ","嵩","","3","待補充","https://dict.concised.moe.edu.tw/searchP.jsp?SN=%E3%84%99&SN2=%E3%84%99%E3%84%A8%E3%84%A5&word=%E5%B5%A9"
"ㄙㄨㄥ","鬆","","13","待補充","https://dict.concised.moe.edu.tw/searchP.jsp?SN=%E3%84%99&SN2=%E3%84%99%E3%84%A8%E3%84%A5&word=%E9%AC%86"
"ㄙㄨㄥˇ","悚","","3","待補充","https://dict.concised.moe.edu.tw/searchP.jsp?SN=%E3%84%99&SN2=%E3%84%99%E3%84%A8%E3%84%A5%CB%87&word=%E6%82%9A"
"ㄙㄨㄥˇ","竦","","1","待補充","https://dict.concised.moe.edu.tw/searchP.jsp?SN=%E3%84%99&SN2=%E3%84%99%E3%84%A8%E3%84%A5%CB%87&word=%E7%AB%A6"
"ㄙㄨㄥˇ","慫","","2","待補充","https://dict.concised.moe.edu.tw/searchP.jsp?SN=%E3%84%99&SN2=%E3%84%99%E3%84%A8%E3%84%A5%CB%87&word=%E6%85%AB"
"ㄙㄨㄥˇ","聳","","5","待補充","https://dict.concised.moe.edu.tw/searchP.jsp?SN=%E3%84%99&SN2=%E3%84%99%E3%84%A8%E3%84%A5%CB%87&word=%E8%81%B3"
"ㄙㄨㄥˋ","宋","","3","待補充","https://dict.concised.moe.edu.tw/searchP.jsp?SN=%E3%84%99&SN2=%E3%84%99%E3%84%A8%E3%84%A5%CB%8B&word=%E5%AE%8B"
"ㄙㄨㄥˋ","送","","19","待補充","https://dict.concised.moe.edu.tw/searchP.jsp?SN=%E3%84%99&SN2=%E3%84%99%E3%84%A8%E3%84%A5%CB%8B&word=%E9%80%81"
"ㄙㄨㄥˋ","訟","","2","待補充","https://dict.concised.moe.edu.tw/searchP.jsp?SN=%E3%84%99&SN2=%E3%84%99%E3%84%A8%E3%84%A5%CB%8B&word=%E8%A8%9F"
"ㄙㄨㄥˋ","頌","","3","待補充","https://dict.concised.moe.edu.tw/searchP.jsp?SN=%E3%84%99&SN2=%E3%84%99%E3%84%A8%E3%84%A5%CB%8B&word=%E9%A0%8C"
"ㄙㄨㄥˋ","誦","","2","待補充","https://dict.concised.moe.edu.tw/searchP.jsp?SN=%E3%84%99&SN2=%E3%84%99%E3%84%A8%E3%84%A5%CB%8B&word=%E8%AA%A6"
"ㄚ","阿","","17","待補充","https://dict.concised.moe.edu.tw/searchP.jsp?SN=%E3%84%9A&SN2=%E3%84%9A&word=%E9%98%BF"
"ㄚ","啊","","2","待補充","https://dict.concised.moe.edu.tw/searchP.jsp?SN=%E3%84%9A&SN2=%E3%84%9A&word=%E5%95%8A"
"ㄛ","呵","","1","待補充","https://dict.concised.moe.edu.tw/searchP.jsp?SN=%E3%84%9B&SN2=%E3%84%9B&word=%E5%91%B5"
"ㄛ","喔","","3","待補充","https://dict.concised.moe.edu.tw/searchP.jsp?SN=%E3%84%9B&SN2=%E3%84%9B&word=%E5%96%94"
"ㄛˊ","哦","","1","待補充","https://dict.concised.moe.edu.tw/searchP.jsp?SN=%E3%84%9B&SN2=%E3%84%9B%CB%8A&word=%E5%93%A6"
"ㄜ","阿","","3","待補充","https://dict.concised.moe.edu.tw/searchP.jsp?SN=%E3%84%9C&SN2=%E3%84%9C&word=%E9%98%BF"
"ㄜ","婀","","3","待補充","https://dict.concised.moe.edu.tw/searchP.jsp?SN=%E3%84%9C&SN2=%E3%84%9C&word=%E5%A9%80"
"ㄜ","屙","","1","待補充","https://dict.concised.moe.edu.tw/searchP.jsp?SN=%E3%84%9C&SN2=%E3%84%9C&word=%E5%B1%99"
"ㄜ","痾","","1","待補充","https://dict.concised.moe.edu.tw/searchP.jsp?SN=%E3%84%9C&SN2=%E3%84%9C&word=%E7%97%BE"
"ㄜˇ","惡","","2","待補充","https://dict.concised.moe.edu.tw/searchP.jsp?SN=%E3%84%9C&SN2=%E3%84%9C%CB%87&word=%E6%83%A1"
"ㄜˇ","噁","","2","待補充","https://dict.concised.moe.edu.tw/searchP.jsp?SN=%E3%84%9C&SN2=%E3%84%9C%CB%87&word=%E5%99%81"
"ㄜˊ","俄","","2","待補充","https://dict.concised.moe.edu.tw/searchP.jsp?SN=%E3%84%9C&SN2=%E3%84%9C%CB%8A&word=%E4%BF%84"
"ㄜˊ","哦","","1","待補充","https://dict.concised.moe.edu.tw/searchP.jsp?SN=%E3%84%9C&SN2=%E3%84%9C%CB%8A&word=%E5%93%A6"
"ㄜˊ","娥","","3","待補充","https://dict.concised.moe.edu.tw/searchP.jsp?SN=%E3%84%9C&SN2=%E3%84%9C%CB%8A&word=%E5%A8%A5"
"ㄜˊ","峨","","3","待補充","https://dict.concised.moe.edu.tw/searchP.jsp?SN=%E3%84%9C&SN2=%E3%84%9C%CB%8A&word=%E5%B3%A8"
"ㄜˊ","莪","","2","待補充","https://dict.concised.moe.edu.tw/searchP.jsp?SN=%E3%84%9C&SN2=%E3%84%9C%CB%8A&word=%E8%8E%AA"
"ㄜˊ","蚵","","3","待補充","https://dict.concised.moe.edu.tw/searchP.jsp?SN=%E3%84%9C&SN2=%E3%84%9C%CB%8A&word=%E8%9A%B5"
"ㄜˊ","訛","","4","待補充","https://dict.concised.moe.edu.tw/searchP.jsp?SN=%E3%84%9C&SN2=%E3%84%9C%CB%8A&word=%E8%A8%9B"
"ㄜˊ","蛾","","2","待補充","https://dict.concised.moe.edu.tw/searchP.jsp?SN=%E3%84%9C&SN2=%E3%84%9C%CB%8A&word=%E8%9B%BE"
"ㄜˊ","額","","8","待補充","https://dict.concised.moe.edu.tw/searchP.jsp?SN=%E3%84%9C&SN2=%E3%84%9C%CB%8A&word=%E9%A1%8D"
"ㄜˊ","鵝","","4","待補充","https://dict.concised.moe.edu.tw/searchP.jsp?SN=%E3%84%9C&SN2=%E3%84%9C%CB%8A&word=%E9%B5%9D"
"ㄜˋ","厄","","2","待補充","https://dict.concised.moe.edu.tw/searchP.jsp?SN=%E3%84%9C&SN2=%E3%84%9C%CB%8B&word=%E5%8E%84"
"ㄜˋ","呃","","1","待補充","https://dict.concised.moe.edu.tw/searchP.jsp?SN=%E3%84%9C&SN2=%E3%84%9C%CB%8B&word=%E5%91%83"
"ㄜˋ","扼","","6","待補充","https://dict.concised.moe.edu.tw/searchP.jsp?SN=%E3%84%9C&SN2=%E3%84%9C%CB%8B&word=%E6%89%BC"
"ㄜˋ","阨","","1","待補充","https://dict.concised.moe.edu.tw/searchP.jsp?SN=%E3%84%9C&SN2=%E3%84%9C%CB%8B&word=%E9%98%A8"
"ㄜˋ","堊","","1","待補充","https://dict.concised.moe.edu.tw/searchP.jsp?SN=%E3%84%9C&SN2=%E3%84%9C%CB%8B&word=%E5%A0%8A"
"ㄜˋ","軛","","1","待補充","https://dict.concised.moe.edu.tw/searchP.jsp?SN=%E3%84%9C&SN2=%E3%84%9C%CB%8B&word=%E8%BB%9B"
"ㄜˋ","惡","","20","待補充","https://dict.concised.moe.edu.tw/searchP.jsp?SN=%E3%84%9C&SN2=%E3%84%9C%CB%8B&word=%E6%83%A1"
"ㄜˋ","愕","","2","待補充","https://dict.concised.moe.edu.tw/searchP.jsp?SN=%E3%84%9C&SN2=%E3%84%9C%CB%8B&word=%E6%84%95"
"ㄜˋ","鄂","","1","待補充","https://dict.concised.moe.edu.tw/searchP.jsp?SN=%E3%84%9C&SN2=%E3%84%9C%CB%8B&word=%E9%84%82"
"ㄜˋ","萼","","1","待補充","https://dict.concised.moe.edu.tw/searchP.jsp?SN=%E3%84%9C&SN2=%E3%84%9C%CB%8B&word=%E8%90%BC"
"ㄜˋ","遏","","5","待補充","https://dict.concised.moe.edu.tw/searchP.jsp?SN=%E3%84%9C&SN2=%E3%84%9C%CB%8B&word=%E9%81%8F"
"ㄜˋ","餓","","4","待補充","https://dict.concised.moe.edu.tw/searchP.jsp?SN=%E3%84%9C&SN2=%E3%84%9C%CB%8B&word=%E9%A4%93"
"ㄜˋ","噩","","4","待補充","https://dict.concised.moe.edu.tw/searchP.jsp?SN=%E3%84%9C&SN2=%E3%84%9C%CB%8B&word=%E5%99%A9"
"ㄜˋ","閼","","1","待補充","https://dict.concised.moe.edu.tw/searchP.jsp?SN=%E3%84%9C&SN2=%E3%84%9C%CB%8B&word=%E9%96%BC"
"ㄜˋ","鍔","","1","待補充","https://dict.concised.moe.edu.tw/searchP.jsp?SN=%E3%84%9C&SN2=%E3%84%9C%CB%8B&word=%E9%8D%94"
"ㄜˋ","顎","","2","待補充","https://dict.concised.moe.edu.tw/searchP.jsp?SN=%E3%84%9C&SN2=%E3%84%9C%CB%8B&word=%E9%A1%8E"
"ㄜˋ","鱷","","2","待補充","https://dict.concised.moe.edu.tw/searchP.jsp?SN=%E3%84%9C&SN2=%E3%84%9C%CB%8B&word=%E9%B1%B7"
"ㄞ","哀","","17","待補充","https://dict.concised.moe.edu.tw/searchP.jsp?SN=%E3%84%9E&SN2=%E3%84%9E&word=%E5%93%80"
"ㄞ","哎","","3","待補充","https://dict.concised.moe.edu.tw/searchP.jsp?SN=%E3%84%9E&SN2=%E3%84%9E&word=%E5%93%8E"
"ㄞ","唉","","4","待補充","https://dict.concised.moe.edu.tw/searchP.jsp?SN=%E3%84%9E&SN2=%E3%84%9E&word=%E5%94%89"
"ㄞ","埃","","1","待補充","https://dict.concised.moe.edu.tw/searchP.jsp?SN=%E3%84%9E&SN2=%E3%84%9E&word=%E5%9F%83"
"ㄞ","挨","","9","待補充","https://dict.concised.moe.edu.tw/searchP.jsp?SN=%E3%84%9E&SN2=%E3%84%9E&word=%E6%8C%A8"
"ㄞˇ","欸","","2","待補充","https://dict.concised.moe.edu.tw/searchP.jsp?SN=%E3%84%9E&SN2=%E3%84%9E%CB%87&word=%E6%AC%B8"
"ㄞˇ","矮","","6","待補充","https://dict.concised.moe.edu.tw/searchP.jsp?SN=%E3%84%9E&SN2=%E3%84%9E%CB%87&word=%E7%9F%AE"
"ㄞˇ","藹","","1","待補充","https://dict.concised.moe.edu.tw/searchP.jsp?SN=%E3%84%9E&SN2=%E3%84%9E%CB%87&word=%E8%97%B9"
"ㄞˇ","靄","","1","待補充","https://dict.concised.moe.edu.tw/searchP.jsp?SN=%E3%84%9E&SN2=%E3%84%9E%CB%87&word=%E9%9D%84"
"ㄞˊ","捱","","1","待補充","https://dict.concised.moe.edu.tw/searchP.jsp?SN=%E3%84%9E&SN2=%E3%84%9E%CB%8A&word=%E6%8D%B1"
"ㄞˊ","皚","","1","待補充","https://dict.concised.moe.edu.tw/searchP.jsp?SN=%E3%84%9E&SN2=%E3%84%9E%CB%8A&word=%E7%9A%9A"
"ㄞˊ","癌","","2","待補充","https://dict.concised.moe.edu.tw/searchP.jsp?SN=%E3%84%9E&SN2=%E3%84%9E%CB%8A&word=%E7%99%8C"
"ㄞˊ","騃","","1","待補充","https://dict.concised.moe.edu.tw/searchP.jsp?SN=%E3%84%9E&SN2=%E3%84%9E%CB%8A&word=%E9%A8%83"
"ㄞˋ","艾","","2","待補充","https://dict.concised.moe.edu.tw/searchP.jsp?SN=%E3%84%9E&SN2=%E3%84%9E%CB%8B&word=%E8%89%BE"
"ㄞˋ","愛","","20","待補充","https://dict.concised.moe.edu.tw/searchP.jsp?SN=%E3%84%9E&SN2=%E3%84%9E%CB%8B&word=%E6%84%9B"
"ㄞˋ","隘","","1","待補充","https://dict.concised.moe.edu.tw/searchP.jsp?SN=%E3%84%9E&SN2=%E3%84%9E%CB%8B&word=%E9%9A%98"
"ㄞˋ","噯","","1","待補充","https://dict.concised.moe.edu.tw/searchP.jsp?SN=%E3%84%9E&SN2=%E3%84%9E%CB%8B&word=%E5%99%AF"
"ㄞˋ","嬡","","1","待補充","https://dict.concised.moe.edu.tw/searchP.jsp?SN=%E3%84%9E&SN2=%E3%84%9E%CB%8B&word=%E5%AC%A1"
"ㄞˋ","曖","","2","待補充","https://dict.concised.moe.edu.tw/searchP.jsp?SN=%E3%84%9E&SN2=%E3%84%9E%CB%8B&word=%E6%9B%96"
"ㄞˋ","璦","","2","待補充","https://dict.concised.moe.edu.tw/searchP.jsp?SN=%E3%84%9E&SN2=%E3%84%9E%CB%8B&word=%E7%92%A6"
"ㄞˋ","礙","","6","待補充","https://dict.concised.moe.edu.tw/searchP.jsp?SN=%E3%84%9E&SN2=%E3%84%9E%CB%8B&word=%E7%A4%99"
"ㄟˋ","欸","","1","待補充","https://dict.concised.moe.edu.tw/searchP.jsp?SN=%E3%84%9F&SN2=%E3%84%9F%CB%8B&word=%E6%AC%B8"
"ㄠ","凹","","4","待補充","https://dict.concised.moe.edu.tw/searchP.jsp?SN=%E3%84%A0&SN2=%E3%84%A0&word=%E5%87%B9"
"ㄠ","坳","","1","待補充","https://dict.concised.moe.edu.tw/searchP.jsp?SN=%E3%84%A0&SN2=%E3%84%A0&word=%E5%9D%B3"
"ㄠˇ","拗","","1","待補充","https://dict.concised.moe.edu.tw/searchP.jsp?SN=%E3%84%A0&SN2=%E3%84%A0%CB%87&word=%E6%8B%97"
"ㄠˇ","媼","","1","待補充","https://dict.concised.moe.edu.tw/searchP.jsp?SN=%E3%84%A0&SN2=%E3%84%A0%CB%87&word=%E5%AA%BC"
"ㄠˇ","襖","","2","待補充","https://dict.concised.moe.edu.tw/searchP.jsp?SN=%E3%84%A0&SN2=%E3%84%A0%CB%87&word=%E8%A5%96"
"ㄠˊ","敖","","1","待補充","https://dict.concised.moe.edu.tw/searchP.jsp?SN=%E3%84%A0&SN2=%E3%84%A0%CB%8A&word=%E6%95%96"
"ㄠˊ","嗷","","2","待補充","https://dict.concised.moe.edu.tw/searchP.jsp?SN=%E3%84%A0&SN2=%E3%84%A0%CB%8A&word=%E5%97%B7"
"ㄠˊ","獒","","2","待補充","https://dict.concised.moe.edu.tw/searchP.jsp?SN=%E3%84%A0&SN2=%E3%84%A0%CB%8A&word=%E7%8D%92"
"ㄠˊ","熬","","4","待補充","https://dict.concised.moe.edu.tw/searchP.jsp?SN=%E3%84%A0&SN2=%E3%84%A0%CB%8A&word=%E7%86%AC"
"ㄠˊ","遨","","2","待補充","https://dict.concised.moe.edu.tw/searchP.jsp?SN=%E3%84%A0&SN2=%E3%84%A0%CB%8A&word=%E9%81%A8"
"ㄠˊ","翱","","2","待補充","https://dict.concised.moe.edu.tw/searchP.jsp?SN=%E3%84%A0&SN2=%E3%84%A0%CB%8A&word=%E7%BF%B1"
"ㄠˊ","聱","","2","待補充","https://dict.concised.moe.edu.tw/searchP.jsp?SN=%E3%84%A0&SN2=%E3%84%A0%CB%8A&word=%E8%81%B1"
"ㄠˊ","螯","","1","待補充","https://dict.concised.moe.edu.tw/searchP.jsp?SN=%E3%84%A0&SN2=%E3%84%A0%CB%8A&word=%E8%9E%AF"
"ㄠˊ","鏖","","2","待補充","https://dict.concised.moe.edu.tw/searchP.jsp?SN=%E3%84%A0&SN2=%E3%84%A0%CB%8A&word=%E9%8F%96"
"ㄠˊ","驁","","1","待補充","https://dict.concised.moe.edu.tw/searchP.jsp?SN=%E3%84%A0&SN2=%E3%84%A0%CB%8A&word=%E9%A9%81"
"ㄠˊ","鰲","","1","待補充","https://dict.concised.moe.edu.tw/searchP.jsp?SN=%E3%84%A0&SN2=%E3%84%A0%CB%8A&word=%E9%B0%B2"
"ㄠˋ","拗","","2","待補充","https://dict.concised.moe.edu.tw/searchP.jsp?SN=%E3%84%A0&SN2=%E3%84%A0%CB%8B&word=%E6%8B%97"
"ㄠˋ","傲","","8","待補充","https://dict.concised.moe.edu.tw/searchP.jsp?SN=%E3%84%A0&SN2=%E3%84%A0%CB%8B&word=%E5%82%B2"
"ㄠˋ","奧","","9","待補充","https://dict.concised.moe.edu.tw/searchP.jsp?SN=%E3%84%A0&SN2=%E3%84%A0%CB%8B&word=%E5%A5%A7"
"ㄠˋ","懊","","4","待補充","https://dict.concised.moe.edu.tw/searchP.jsp?SN=%E3%84%A0&SN2=%E3%84%A0%CB%8B&word=%E6%87%8A"
"ㄠˋ","澳","","1","待補充","https://dict.concised.moe.edu.tw/searchP.jsp?SN=%E3%84%A0&SN2=%E3%84%A0%CB%8B&word=%E6%BE%B3"
"ㄡ","區","","2","待補充","https://dict.concised.moe.edu.tw/searchP.jsp?SN=%E3%84%A1&SN2=%E3%84%A1&word=%E5%8D%80"
"ㄡ","嘔","","5","待補充","https://dict.concised.moe.edu.tw/searchP.jsp?SN=%E3%84%A1&SN2=%E3%84%A1&word=%E5%98%94"
"ㄡ","漚","","1","待補充","https://dict.concised.moe.edu.tw/searchP.jsp?SN=%E3%84%A1&SN2=%E3%84%A1&word=%E6%BC%9A"
"ㄡ","歐","","10","待補充","https://dict.concised.moe.edu.tw/searchP.jsp?SN=%E3%84%A1&SN2=%E3%84%A1&word=%E6%AD%90"
"ㄡ","毆","","5","待補充","https://dict.concised.moe.edu.tw/searchP.jsp?SN=%E3%84%A1&SN2=%E3%84%A1&word=%E6%AF%86"
"ㄡ","甌","","1","待補充","https://dict.concised.moe.edu.tw/searchP.jsp?SN=%E3%84%A1&SN2=%E3%84%A1&word=%E7%94%8C"
"ㄡ","謳","","2","待補充","https://dict.concised.moe.edu.tw/searchP.jsp?SN=%E3%84%A1&SN2=%E3%84%A1&word=%E8%AC%B3"
"ㄡ","鷗","","1","待補充","https://dict.concised.moe.edu.tw/searchP.jsp?SN=%E3%84%A1&SN2=%E3%84%A1&word=%E9%B7%97"
"ㄡˇ","偶","","12","待補充","https://dict.concised.moe.edu.tw/searchP.jsp?SN=%E3%84%A1&SN2=%E3%84%A1%CB%87&word=%E5%81%B6"
"ㄡˇ","嘔","","4","待補充","https://dict.concised.moe.edu.tw/searchP.jsp?SN=%E3%84%A1&SN2=%E3%84%A1%CB%87&word=%E5%98%94"
"ㄡˇ","耦","","2","待補充","https://dict.concised.moe.edu.tw/searchP.jsp?SN=%E3%84%A1&SN2=%E3%84%A1%CB%87&word=%E8%80%A6"
"ㄡˇ","藕","","2","待補充","https://dict.concised.moe.edu.tw/searchP.jsp?SN=%E3%84%A1&SN2=%E3%84%A1%CB%87&word=%E8%97%95"
"ㄡˋ","嘔","","2","待補充","https://dict.concised.moe.edu.tw/searchP.jsp?SN=%E3%84%A1&SN2=%E3%84%A1%CB%8B&word=%E5%98%94"
"ㄡˋ","漚","","1","待補充","https://dict.concised.moe.edu.tw/searchP.jsp?SN=%E3%84%A1&SN2=%E3%84%A1%CB%8B&word=%E6%BC%9A"
"ㄢ","安","","20","待補充","https://dict.concised.moe.edu.tw/searchP.jsp?SN=%E3%84%A2&SN2=%E3%84%A2&word=%E5%AE%89"
"ㄢ","氨","","2","待補充","https://dict.concised.moe.edu.tw/searchP.jsp?SN=%E3%84%A2&SN2=%E3%84%A2&word=%E6%B0%A8"
"ㄢ","胺","","2","待補充","https://dict.concised.moe.edu.tw/searchP.jsp?SN=%E3%84%A2&SN2=%E3%84%A2&word=%E8%83%BA"
"ㄢ","庵","","1","待補充","https://dict.concised.moe.edu.tw/searchP.jsp?SN=%E3%84%A2&SN2=%E3%84%A2&word=%E5%BA%B5"
"ㄢ","鞍","","2","待補充","https://dict.concised.moe.edu.tw/searchP.jsp?SN=%E3%84%A2&SN2=%E3%84%A2&word=%E9%9E%8D"
"ㄢ","盦","","1","待補充","https://dict.concised.moe.edu.tw/searchP.jsp?SN=%E3%84%A2&SN2=%E3%84%A2&word=%E7%9B%A6"
"ㄢ","諳","","1","待補充","https://dict.concised.moe.edu.tw/searchP.jsp?SN=%E3%84%A2&SN2=%E3%84%A2&word=%E8%AB%B3"
"ㄢ","鵪","","2","待補充","https://dict.concised.moe.edu.tw/searchP.jsp?SN=%E3%84%A2&SN2=%E3%84%A2&word=%E9%B5%AA"
"ㄢˇ","俺","","1","待補充","https://dict.concised.moe.edu.tw/searchP.jsp?SN=%E3%84%A2&SN2=%E3%84%A2%CB%87&word=%E4%BF%BA"
"ㄢˋ","岸","","3","待補充","https://dict.concised.moe.edu.tw/searchP.jsp?SN=%E3%84%A2&SN2=%E3%84%A2%CB%8B&word=%E5%B2%B8"
"ㄢˋ","按","","17","待補充","https://dict.concised.moe.edu.tw/searchP.jsp?SN=%E3%84%A2&SN2=%E3%84%A2%CB%8B&word=%E6%8C%89"
"ㄢˋ","案","","9","待補充","https://dict.concised.moe.edu.tw/searchP.jsp?SN=%E3%84%A2&SN2=%E3%84%A2%CB%8B&word=%E6%A1%88"
"ㄢˋ","暗","","20","待補充","https://dict.concised.moe.edu.tw/searchP.jsp?SN=%E3%84%A2&SN2=%E3%84%A2%CB%8B&word=%E6%9A%97"
"ㄢˋ","闇","","1","待補充","https://dict.concised.moe.edu.tw/searchP.jsp?SN=%E3%84%A2&SN2=%E3%84%A2%CB%8B&word=%E9%97%87"
"ㄢˋ","黯","","5","待補充","https://dict.concised.moe.edu.tw/searchP.jsp?SN=%E3%84%A2&SN2=%E3%84%A2%CB%8B&word=%E9%BB%AF"
"ㄣ","恩","","18","待補充","https://dict.concised.moe.edu.tw/searchP.jsp?SN=%E3%84%A3&SN2=%E3%84%A3&word=%E6%81%A9"
"ㄤ","腌","","2","待補充","https://dict.concised.moe.edu.tw/searchP.jsp?SN=%E3%84%A4&SN2=%E3%84%A4&word=%E8%85%8C"
"ㄤ","骯","","2","待補充","https://dict.concised.moe.edu.tw/searchP.jsp?SN=%E3%84%A4&SN2=%E3%84%A4&word=%E9%AA%AF"
"ㄤˊ","昂","","6","待補充","https://dict.concised.moe.edu.tw/searchP.jsp?SN=%E3%84%A4&SN2=%E3%84%A4%CB%8A&word=%E6%98%82"
"ㄤˋ","盎","","3","待補充","https://dict.concised.moe.edu.tw/searchP.jsp?SN=%E3%84%A4&SN2=%E3%84%A4%CB%8B&word=%E7%9B%8E"
"ㄦ","兒","","16","待補充","https://dict.concised.moe.edu.tw/searchP.jsp?SN=%E3%84%A6&SN2=%E3%84%A6&word=%E5%85%92"
"ㄦˇ","耳","耳朵","20","已有可用詞","https://dict.concised.moe.edu.tw/searchP.jsp?SN=%E3%84%A6&SN2=%E3%84%A6%CB%87&word=%E8%80%B3"
"ㄦˇ","洱","","2","待補充","https://dict.concised.moe.edu.tw/searchP.jsp?SN=%E3%84%A6&SN2=%E3%84%A6%CB%87&word=%E6%B4%B1"
"ㄦˇ","珥","","1","待補充","https://dict.concised.moe.edu.tw/searchP.jsp?SN=%E3%84%A6&SN2=%E3%84%A6%CB%87&word=%E7%8F%A5"
"ㄦˇ","爾","","5","待補充","https://dict.concised.moe.edu.tw/searchP.jsp?SN=%E3%84%A6&SN2=%E3%84%A6%CB%87&word=%E7%88%BE"
"ㄦˇ","餌","","1","待補充","https://dict.concised.moe.edu.tw/searchP.jsp?SN=%E3%84%A6&SN2=%E3%84%A6%CB%87&word=%E9%A4%8C"
"ㄦˇ","邇","","1","待補充","https://dict.concised.moe.edu.tw/searchP.jsp?SN=%E3%84%A6&SN2=%E3%84%A6%CB%87&word=%E9%82%87"
"ㄦˊ","而","","6","待補充","https://dict.concised.moe.edu.tw/searchP.jsp?SN=%E3%84%A6&SN2=%E3%84%A6%CB%8A&word=%E8%80%8C"
"ㄦˊ","兒","","15","待補充","https://dict.concised.moe.edu.tw/searchP.jsp?SN=%E3%84%A6&SN2=%E3%84%A6%CB%8A&word=%E5%85%92"
"ㄦˋ","二","","20","待補充","https://dict.concised.moe.edu.tw/searchP.jsp?SN=%E3%84%A6&SN2=%E3%84%A6%CB%8B&word=%E4%BA%8C"
"ㄦˋ","貳","","1","待補充","https://dict.concised.moe.edu.tw/searchP.jsp?SN=%E3%84%A6&SN2=%E3%84%A6%CB%8B&word=%E8%B2%B3"
"ㄧ","一","","19","待補充","https://dict.concised.moe.edu.tw/searchP.jsp?SN=%E3%84%A7&SN2=%E3%84%A7&word=%E4%B8%80"
"ㄧ","伊","","5","待補充","https://dict.concised.moe.edu.tw/searchP.jsp?SN=%E3%84%A7&SN2=%E3%84%A7&word=%E4%BC%8A"
"ㄧ","衣","衣服","19","已有可用詞","https://dict.concised.moe.edu.tw/searchP.jsp?SN=%E3%84%A7&SN2=%E3%84%A7&word=%E8%A1%A3"
"ㄧ","依","","20","待補充","https://dict.concised.moe.edu.tw/searchP.jsp?SN=%E3%84%A7&SN2=%E3%84%A7&word=%E4%BE%9D"
"ㄧ","咿","","2","待補充","https://dict.concised.moe.edu.tw/searchP.jsp?SN=%E3%84%A7&SN2=%E3%84%A7&word=%E5%92%BF"
"ㄧ","壹","","1","待補充","https://dict.concised.moe.edu.tw/searchP.jsp?SN=%E3%84%A7&SN2=%E3%84%A7&word=%E5%A3%B9"
"ㄧ","揖","","1","待補充","https://dict.concised.moe.edu.tw/searchP.jsp?SN=%E3%84%A7&SN2=%E3%84%A7&word=%E6%8F%96"
"ㄧ","漪","","1","待補充","https://dict.concised.moe.edu.tw/searchP.jsp?SN=%E3%84%A7&SN2=%E3%84%A7&word=%E6%BC%AA"
"ㄧ","醫","","13","待補充","https://dict.concised.moe.edu.tw/searchP.jsp?SN=%E3%84%A7&SN2=%E3%84%A7&word=%E9%86%AB"
"ㄧ","黟","","1","待補充","https://dict.concised.moe.edu.tw/searchP.jsp?SN=%E3%84%A7&SN2=%E3%84%A7&word=%E9%BB%9F"
"ㄧˇ","乙","","1","待補充","https://dict.concised.moe.edu.tw/searchP.jsp?SN=%E3%84%A7&SN2=%E3%84%A7%CB%87&word=%E4%B9%99"
"ㄧˇ","已","","6","待補充","https://dict.concised.moe.edu.tw/searchP.jsp?SN=%E3%84%A7&SN2=%E3%84%A7%CB%87&word=%E5%B7%B2"
"ㄧˇ","以","","20","待補充","https://dict.concised.moe.edu.tw/searchP.jsp?SN=%E3%84%A7&SN2=%E3%84%A7%CB%87&word=%E4%BB%A5"
"ㄧˇ","矣","","1","待補充","https://dict.concised.moe.edu.tw/searchP.jsp?SN=%E3%84%A7&SN2=%E3%84%A7%CB%87&word=%E7%9F%A3"
"ㄧˇ","苡","","1","待補充","https://dict.concised.moe.edu.tw/searchP.jsp?SN=%E3%84%A7&SN2=%E3%84%A7%CB%87&word=%E8%8B%A1"
"ㄧˇ","倚","","7","待補充","https://dict.concised.moe.edu.tw/searchP.jsp?SN=%E3%84%A7&SN2=%E3%84%A7%CB%87&word=%E5%80%9A"
"ㄧˇ","椅","椅子","3","已有可用詞","https://dict.concised.moe.edu.tw/searchP.jsp?SN=%E3%84%A7&SN2=%E3%84%A7%CB%87&word=%E6%A4%85"
"ㄧˇ","蛾","","1","待補充","https://dict.concised.moe.edu.tw/searchP.jsp?SN=%E3%84%A7&SN2=%E3%84%A7%CB%87&word=%E8%9B%BE"
"ㄧˇ","旖","","2","待補充","https://dict.concised.moe.edu.tw/searchP.jsp?SN=%E3%84%A7&SN2=%E3%84%A7%CB%87&word=%E6%97%96"
"ㄧˇ","踦","","1","待補充","https://dict.concised.moe.edu.tw/searchP.jsp?SN=%E3%84%A7&SN2=%E3%84%A7%CB%87&word=%E8%B8%A6"
"ㄧˇ","艤","","1","待補充","https://dict.concised.moe.edu.tw/searchP.jsp?SN=%E3%84%A7&SN2=%E3%84%A7%CB%87&word=%E8%89%A4"
"ㄧˇ","蟻","","1","待補充","https://dict.concised.moe.edu.tw/searchP.jsp?SN=%E3%84%A7&SN2=%E3%84%A7%CB%87&word=%E8%9F%BB"
"ㄧˊ","台","","1","待補充","https://dict.concised.moe.edu.tw/searchP.jsp?SN=%E3%84%A7&SN2=%E3%84%A7%CB%8A&word=%E5%8F%B0"
"ㄧˊ","圯","","2","待補充","https://dict.concised.moe.edu.tw/searchP.jsp?SN=%E3%84%A7&SN2=%E3%84%A7%CB%8A&word=%E5%9C%AF"
"ㄧˊ","夷","","2","待補充","https://dict.concised.moe.edu.tw/searchP.jsp?SN=%E3%84%A7&SN2=%E3%84%A7%CB%8A&word=%E5%A4%B7"
"ㄧˊ","沂","","1","待補充","https://dict.concised.moe.edu.tw/searchP.jsp?SN=%E3%84%A7&SN2=%E3%84%A7%CB%8A&word=%E6%B2%82"
"ㄧˊ","迆","","1","待補充","https://dict.concised.moe.edu.tw/searchP.jsp?SN=%E3%84%A7&SN2=%E3%84%A7%CB%8A&word=%E8%BF%86"
"ㄧˊ","宜","","2","待補充","https://dict.concised.moe.edu.tw/searchP.jsp?SN=%E3%84%A7&SN2=%E3%84%A7%CB%8A&word=%E5%AE%9C"
"ㄧˊ","怡","","4","待補充","https://dict.concised.moe.edu.tw/searchP.jsp?SN=%E3%84%A7&SN2=%E3%84%A7%CB%8A&word=%E6%80%A1"
"ㄧˊ","咦","","1","待補充","https://dict.concised.moe.edu.tw/searchP.jsp?SN=%E3%84%A7&SN2=%E3%84%A7%CB%8A&word=%E5%92%A6"
"ㄧˊ","姨","","5","待補充","https://dict.concised.moe.edu.tw/searchP.jsp?SN=%E3%84%A7&SN2=%E3%84%A7%CB%8A&word=%E5%A7%A8"
"ㄧˊ","施","","1","待補充","https://dict.concised.moe.edu.tw/searchP.jsp?SN=%E3%84%A7&SN2=%E3%84%A7%CB%8A&word=%E6%96%BD"
"ㄧˊ","迤","","2","待補充","https://dict.concised.moe.edu.tw/searchP.jsp?SN=%E3%84%A7&SN2=%E3%84%A7%CB%8A&word=%E8%BF%A4"
"ㄧˊ","胰","","3","待補充","https://dict.concised.moe.edu.tw/searchP.jsp?SN=%E3%84%A7&SN2=%E3%84%A7%CB%8A&word=%E8%83%B0"
"ㄧˊ","荑","","1","待補充","https://dict.concised.moe.edu.tw/searchP.jsp?SN=%E3%84%A7&SN2=%E3%84%A7%CB%8A&word=%E8%8D%91"
"ㄧˊ","痍","","1","待補充","https://dict.concised.moe.edu.tw/searchP.jsp?SN=%E3%84%A7&SN2=%E3%84%A7%CB%8A&word=%E7%97%8D"
"ㄧˊ","移","","16","待補充","https://dict.concised.moe.edu.tw/searchP.jsp?SN=%E3%84%A7&SN2=%E3%84%A7%CB%8A&word=%E7%A7%BB"
"ㄧˊ","蛇","","1","待補充","https://dict.concised.moe.edu.tw/searchP.jsp?SN=%E3%84%A7&SN2=%E3%84%A7%CB%8A&word=%E8%9B%87"
"ㄧˊ","貽","","6","待補充","https://dict.concised.moe.edu.tw/searchP.jsp?SN=%E3%84%A7&SN2=%E3%84%A7%CB%8A&word=%E8%B2%BD"
"ㄧˊ","飴","","1","待補充","https://dict.concised.moe.edu.tw/searchP.jsp?SN=%E3%84%A7&SN2=%E3%84%A7%CB%8A&word=%E9%A3%B4"
"ㄧˊ","疑","","18","待補充","https://dict.concised.moe.edu.tw/searchP.jsp?SN=%E3%84%A7&SN2=%E3%84%A7%CB%8A&word=%E7%96%91"
"ㄧˊ","儀","","8","待補充","https://dict.concised.moe.edu.tw/searchP.jsp?SN=%E3%84%A7&SN2=%E3%84%A7%CB%8A&word=%E5%84%80"
"ㄧˊ","遺","","20","待補充","https://dict.concised.moe.edu.tw/searchP.jsp?SN=%E3%84%A7&SN2=%E3%84%A7%CB%8A&word=%E9%81%BA"
"ㄧˊ","頤","","4","待補充","https://dict.concised.moe.edu.tw/searchP.jsp?SN=%E3%84%A7&SN2=%E3%84%A7%CB%8A&word=%E9%A0%A4"
"ㄧˊ","嶷","","1","待補充","https://dict.concised.moe.edu.tw/searchP.jsp?SN=%E3%84%A7&SN2=%E3%84%A7%CB%8A&word=%E5%B6%B7"
"ㄧˊ","彞","","1","待補充","https://dict.concised.moe.edu.tw/searchP.jsp?SN=%E3%84%A7&SN2=%E3%84%A7%CB%8A&word=%E5%BD%9E"
"ㄧˋ","乂","","1","待補充","https://dict.concised.moe.edu.tw/searchP.jsp?SN=%E3%84%A7&SN2=%E3%84%A7%CB%8B&word=%E4%B9%82"
"ㄧˋ","弋","","1","待補充","https://dict.concised.moe.edu.tw/searchP.jsp?SN=%E3%84%A7&SN2=%E3%84%A7%CB%8B&word=%E5%BC%8B"
"ㄧˋ","刈","","2","待補充","https://dict.concised.moe.edu.tw/searchP.jsp?SN=%E3%84%A7&SN2=%E3%84%A7%CB%8B&word=%E5%88%88"
"ㄧˋ","亦","","3","待補充","https://dict.concised.moe.edu.tw/searchP.jsp?SN=%E3%84%A7&SN2=%E3%84%A7%CB%8B&word=%E4%BA%A6"
"ㄧˋ","屹","","2","待補充","https://dict.concised.moe.edu.tw/searchP.jsp?SN=%E3%84%A7&SN2=%E3%84%A7%CB%8B&word=%E5%B1%B9"
"ㄧˋ","曳","","2","待補充","https://dict.concised.moe.edu.tw/searchP.jsp?SN=%E3%84%A7&SN2=%E3%84%A7%CB%8B&word=%E6%9B%B3"
"ㄧˋ","艾","","1","待補充","https://dict.concised.moe.edu.tw/searchP.jsp?SN=%E3%84%A7&SN2=%E3%84%A7%CB%8B&word=%E8%89%BE"
"ㄧˋ","衣","","4","待補充","https://dict.concised.moe.edu.tw/searchP.jsp?SN=%E3%84%A7&SN2=%E3%84%A7%CB%8B&word=%E8%A1%A3"
"ㄧˋ","佚","","3","待補充","https://dict.concised.moe.edu.tw/searchP.jsp?SN=%E3%84%A7&SN2=%E3%84%A7%CB%8B&word=%E4%BD%9A"
"ㄧˋ","役","","1","待補充","https://dict.concised.moe.edu.tw/searchP.jsp?SN=%E3%84%A7&SN2=%E3%84%A7%CB%8B&word=%E5%BD%B9"
"ㄧˋ","抑","","8","待補充","https://dict.concised.moe.edu.tw/searchP.jsp?SN=%E3%84%A7&SN2=%E3%84%A7%CB%8B&word=%E6%8A%91"
"ㄧˋ","邑","","1","待補充","https://dict.concised.moe.edu.tw/searchP.jsp?SN=%E3%84%A7&SN2=%E3%84%A7%CB%8B&word=%E9%82%91"
"ㄧˋ","佾","","2","待補充","https://dict.concised.moe.edu.tw/searchP.jsp?SN=%E3%84%A7&SN2=%E3%84%A7%CB%8B&word=%E4%BD%BE"
"ㄧˋ","易","","11","待補充","https://dict.concised.moe.edu.tw/searchP.jsp?SN=%E3%84%A7&SN2=%E3%84%A7%CB%8B&word=%E6%98%93"
"ㄧˋ","泄","","2","待補充","https://dict.concised.moe.edu.tw/searchP.jsp?SN=%E3%84%A7&SN2=%E3%84%A7%CB%8B&word=%E6%B3%84"
"ㄧˋ","奕","","2","待補充","https://dict.concised.moe.edu.tw/searchP.jsp?SN=%E3%84%A7&SN2=%E3%84%A7%CB%8B&word=%E5%A5%95"
"ㄧˋ","弈","","1","待補充","https://dict.concised.moe.edu.tw/searchP.jsp?SN=%E3%84%A7&SN2=%E3%84%A7%CB%8B&word=%E5%BC%88"
"ㄧˋ","施","","1","待補充","https://dict.concised.moe.edu.tw/searchP.jsp?SN=%E3%84%A7&SN2=%E3%84%A7%CB%8B&word=%E6%96%BD"
"ㄧˋ","洩","","4","待補充","https://dict.concised.moe.edu.tw/searchP.jsp?SN=%E3%84%A7&SN2=%E3%84%A7%CB%8B&word=%E6%B4%A9"
"ㄧˋ","疫","","3","待補充","https://dict.concised.moe.edu.tw/searchP.jsp?SN=%E3%84%A7&SN2=%E3%84%A7%CB%8B&word=%E7%96%AB"
"ㄧˋ","羿","","1","待補充","https://dict.concised.moe.edu.tw/searchP.jsp?SN=%E3%84%A7&SN2=%E3%84%A7%CB%8B&word=%E7%BE%BF"
"ㄧˋ","食","","1","待補充","https://dict.concised.moe.edu.tw/searchP.jsp?SN=%E3%84%A7&SN2=%E3%84%A7%CB%8B&word=%E9%A3%9F"
"ㄧˋ","射","","1","待補充","https://dict.concised.moe.edu.tw/searchP.jsp?SN=%E3%84%A7&SN2=%E3%84%A7%CB%8B&word=%E5%B0%84"
"ㄧˋ","悒","","1","待補充","https://dict.concised.moe.edu.tw/searchP.jsp?SN=%E3%84%A7&SN2=%E3%84%A7%CB%8B&word=%E6%82%92"
"ㄧˋ","挹","","2","待補充","https://dict.concised.moe.edu.tw/searchP.jsp?SN=%E3%84%A7&SN2=%E3%84%A7%CB%8B&word=%E6%8C%B9"
"ㄧˋ","浥","","1","待補充","https://dict.concised.moe.edu.tw/searchP.jsp?SN=%E3%84%A7&SN2=%E3%84%A7%CB%8B&word=%E6%B5%A5"
"ㄧˋ","益","","7","待補充","https://dict.concised.moe.edu.tw/searchP.jsp?SN=%E3%84%A7&SN2=%E3%84%A7%CB%8B&word=%E7%9B%8A"
"ㄧˋ","埸","","1","待補充","https://dict.concised.moe.edu.tw/searchP.jsp?SN=%E3%84%A7&SN2=%E3%84%A7%CB%8B&word=%E5%9F%B8"
"ㄧˋ","異","","20","待補充","https://dict.concised.moe.edu.tw/searchP.jsp?SN=%E3%84%A7&SN2=%E3%84%A7%CB%8B&word=%E7%95%B0"
"ㄧˋ","翊","","1","待補充","https://dict.concised.moe.edu.tw/searchP.jsp?SN=%E3%84%A7&SN2=%E3%84%A7%CB%8B&word=%E7%BF%8A"
"ㄧˋ","翌","","3","待補充","https://dict.concised.moe.edu.tw/searchP.jsp?SN=%E3%84%A7&SN2=%E3%84%A7%CB%8B&word=%E7%BF%8C"
"ㄧˋ","軼","","3","待補充","https://dict.concised.moe.edu.tw/searchP.jsp?SN=%E3%84%A7&SN2=%E3%84%A7%CB%8B&word=%E8%BB%BC"
"ㄧˋ","逸","","7","待補充","https://dict.concised.moe.edu.tw/searchP.jsp?SN=%E3%84%A7&SN2=%E3%84%A7%CB%8B&word=%E9%80%B8"
"ㄧˋ","意","","19","待補充","https://dict.concised.moe.edu.tw/searchP.jsp?SN=%E3%84%A7&SN2=%E3%84%A7%CB%8B&word=%E6%84%8F"
"ㄧˋ","溢","","5","待補充","https://dict.concised.moe.edu.tw/searchP.jsp?SN=%E3%84%A7&SN2=%E3%84%A7%CB%8B&word=%E6%BA%A2"
"ㄧˋ","義","","20","待補充","https://dict.concised.moe.edu.tw/searchP.jsp?SN=%E3%84%A7&SN2=%E3%84%A7%CB%8B&word=%E7%BE%A9"
"ㄧˋ","肄","","2","待補充","https://dict.concised.moe.edu.tw/searchP.jsp?SN=%E3%84%A7&SN2=%E3%84%A7%CB%8B&word=%E8%82%84"
"ㄧˋ","裔","","1","待補充","https://dict.concised.moe.edu.tw/searchP.jsp?SN=%E3%84%A7&SN2=%E3%84%A7%CB%8B&word=%E8%A3%94"
"ㄧˋ","詣","","1","待補充","https://dict.concised.moe.edu.tw/searchP.jsp?SN=%E3%84%A7&SN2=%E3%84%A7%CB%8B&word=%E8%A9%A3"
"ㄧˋ","蜴","","1","待補充","https://dict.concised.moe.edu.tw/searchP.jsp?SN=%E3%84%A7&SN2=%E3%84%A7%CB%8B&word=%E8%9C%B4"
"ㄧˋ","億","","2","待補充","https://dict.concised.moe.edu.tw/searchP.jsp?SN=%E3%84%A7&SN2=%E3%84%A7%CB%8B&word=%E5%84%84"
"ㄧˋ","毅","","4","待補充","https://dict.concised.moe.edu.tw/searchP.jsp?SN=%E3%84%A7&SN2=%E3%84%A7%CB%8B&word=%E6%AF%85"
"ㄧˋ","熠","","3","待補充","https://dict.concised.moe.edu.tw/searchP.jsp?SN=%E3%84%A7&SN2=%E3%84%A7%CB%8B&word=%E7%86%A0"
"ㄧˋ","瘞","","1","待補充","https://dict.concised.moe.edu.tw/searchP.jsp?SN=%E3%84%A7&SN2=%E3%84%A7%CB%8B&word=%E7%98%9E"
"ㄧˋ","誼","","1","待補充","https://dict.concised.moe.edu.tw/searchP.jsp?SN=%E3%84%A7&SN2=%E3%84%A7%CB%8B&word=%E8%AA%BC"
"ㄧˋ","劓","","1","待補充","https://dict.concised.moe.edu.tw/searchP.jsp?SN=%E3%84%A7&SN2=%E3%84%A7%CB%8B&word=%E5%8A%93"
"ㄧˋ","噫","","1","待補充","https://dict.concised.moe.edu.tw/searchP.jsp?SN=%E3%84%A7&SN2=%E3%84%A7%CB%8B&word=%E5%99%AB"
"ㄧˋ","憶","","2","待補充","https://dict.concised.moe.edu.tw/searchP.jsp?SN=%E3%84%A7&SN2=%E3%84%A7%CB%8B&word=%E6%86%B6"
"ㄧˋ","殪","","1","待補充","https://dict.concised.moe.edu.tw/searchP.jsp?SN=%E3%84%A7&SN2=%E3%84%A7%CB%8B&word=%E6%AE%AA"
"ㄧˋ","縊","","1","待補充","https://dict.concised.moe.edu.tw/searchP.jsp?SN=%E3%84%A7&SN2=%E3%84%A7%CB%8B&word=%E7%B8%8A"
"ㄧˋ","翳","","1","待補充","https://dict.concised.moe.edu.tw/searchP.jsp?SN=%E3%84%A7&SN2=%E3%84%A7%CB%8B&word=%E7%BF%B3"
"ㄧˋ","翼","","1","待補充","https://dict.concised.moe.edu.tw/searchP.jsp?SN=%E3%84%A7&SN2=%E3%84%A7%CB%8B&word=%E7%BF%BC"
"ㄧˋ","臆","","3","待補充","https://dict.concised.moe.edu.tw/searchP.jsp?SN=%E3%84%A7&SN2=%E3%84%A7%CB%8B&word=%E8%87%86"
"ㄧˋ","薏","","3","待補充","https://dict.concised.moe.edu.tw/searchP.jsp?SN=%E3%84%A7&SN2=%E3%84%A7%CB%8B&word=%E8%96%8F"
"ㄧˋ","鎰","","1","待補充","https://dict.concised.moe.edu.tw/searchP.jsp?SN=%E3%84%A7&SN2=%E3%84%A7%CB%8B&word=%E9%8E%B0"
"ㄧˋ","繹","","1","待補充","https://dict.concised.moe.edu.tw/searchP.jsp?SN=%E3%84%A7&SN2=%E3%84%A7%CB%8B&word=%E7%B9%B9"
"ㄧˋ","藝","","16","待補充","https://dict.concised.moe.edu.tw/searchP.jsp?SN=%E3%84%A7&SN2=%E3%84%A7%CB%8B&word=%E8%97%9D"
"ㄧˋ","譯","","8","待補充","https://dict.concised.moe.edu.tw/searchP.jsp?SN=%E3%84%A7&SN2=%E3%84%A7%CB%8B&word=%E8%AD%AF"
"ㄧˋ","議","","16","待補充","https://dict.concised.moe.edu.tw/searchP.jsp?SN=%E3%84%A7&SN2=%E3%84%A7%CB%8B&word=%E8%AD%B0"
"ㄧˋ","囈","","2","待補充","https://dict.concised.moe.edu.tw/searchP.jsp?SN=%E3%84%A7&SN2=%E3%84%A7%CB%8B&word=%E5%9B%88"
"ㄧˋ","懿","","3","待補充","https://dict.concised.moe.edu.tw/searchP.jsp?SN=%E3%84%A7&SN2=%E3%84%A7%CB%8B&word=%E6%87%BF"
"ㄧˋ","驛","","2","待補充","https://dict.concised.moe.edu.tw/searchP.jsp?SN=%E3%84%A7&SN2=%E3%84%A7%CB%8B&word=%E9%A9%9B"
"ㄧㄚ","丫","","3","待補充","https://dict.concised.moe.edu.tw/searchP.jsp?SN=%E3%84%A7&SN2=%E3%84%A7%E3%84%9A&word=%E4%B8%AB"
"ㄧㄚ","呀","","1","待補充","https://dict.concised.moe.edu.tw/searchP.jsp?SN=%E3%84%A7&SN2=%E3%84%A7%E3%84%9A&word=%E5%91%80"
"ㄧㄚ","押","","11","待補充","https://dict.concised.moe.edu.tw/searchP.jsp?SN=%E3%84%A7&SN2=%E3%84%A7%E3%84%9A&word=%E6%8A%BC"
"ㄧㄚ","啞","","9","待補充","https://dict.concised.moe.edu.tw/searchP.jsp?SN=%E3%84%A7&SN2=%E3%84%A7%E3%84%9A&word=%E5%95%9E"
"ㄧㄚ","椏","","1","待補充","https://dict.concised.moe.edu.tw/searchP.jsp?SN=%E3%84%A7&SN2=%E3%84%A7%E3%84%9A&word=%E6%A4%8F"
"ㄧㄚ","鴉","","3","待補充","https://dict.concised.moe.edu.tw/searchP.jsp?SN=%E3%84%A7&SN2=%E3%84%A7%E3%84%9A&word=%E9%B4%89"
"ㄧㄚ","鴨","","6","待補充","https://dict.concised.moe.edu.tw/searchP.jsp?SN=%E3%84%A7&SN2=%E3%84%A7%E3%84%9A&word=%E9%B4%A8"
"ㄧㄚ","壓","","20","待補充","https://dict.concised.moe.edu.tw/searchP.jsp?SN=%E3%84%A7&SN2=%E3%84%A7%E3%84%9A&word=%E5%A3%93"
"ㄧㄚˇ","啞","","8","待補充","https://dict.concised.moe.edu.tw/searchP.jsp?SN=%E3%84%A7&SN2=%E3%84%A7%E3%84%9A%CB%87&word=%E5%95%9E"
"ㄧㄚˇ","氬","","1","待補充","https://dict.concised.moe.edu.tw/searchP.jsp?SN=%E3%84%A7&SN2=%E3%84%A7%E3%84%9A%CB%87&word=%E6%B0%AC"
"ㄧㄚˇ","雅","","14","待補充","https://dict.concised.moe.edu.tw/searchP.jsp?SN=%E3%84%A7&SN2=%E3%84%A7%E3%84%9A%CB%87&word=%E9%9B%85"
"ㄧㄚˊ","牙","牙齒","13","已有可用詞","https://dict.concised.moe.edu.tw/searchP.jsp?SN=%E3%84%A7&SN2=%E3%84%A7%E3%84%9A%CB%8A&word=%E7%89%99"
"ㄧㄚˊ","枒","","2","待補充","https://dict.concised.moe.edu.tw/searchP.jsp?SN=%E3%84%A7&SN2=%E3%84%A7%E3%84%9A%CB%8A&word=%E6%9E%92"
"ㄧㄚˊ","芽","","1","待補充","https://dict.concised.moe.edu.tw/searchP.jsp?SN=%E3%84%A7&SN2=%E3%84%A7%E3%84%9A%CB%8A&word=%E8%8A%BD"
"ㄧㄚˊ","蚜","","2","待補充","https://dict.concised.moe.edu.tw/searchP.jsp?SN=%E3%84%A7&SN2=%E3%84%A7%E3%84%9A%CB%8A&word=%E8%9A%9C"
"ㄧㄚˊ","涯","","1","待補充","https://dict.concised.moe.edu.tw/searchP.jsp?SN=%E3%84%A7&SN2=%E3%84%A7%E3%84%9A%CB%8A&word=%E6%B6%AF"
"ㄧㄚˊ","衙","","2","待補充","https://dict.concised.moe.edu.tw/searchP.jsp?SN=%E3%84%A7&SN2=%E3%84%A7%E3%84%9A%CB%8A&word=%E8%A1%99"
"ㄧㄚˋ","亞","","8","待補充","https://dict.concised.moe.edu.tw/searchP.jsp?SN=%E3%84%A7&SN2=%E3%84%A7%E3%84%9A%CB%8B&word=%E4%BA%9E"
"ㄧㄚˋ","軋","","2","待補充","https://dict.concised.moe.edu.tw/searchP.jsp?SN=%E3%84%A7&SN2=%E3%84%A7%E3%84%9A%CB%8B&word=%E8%BB%8B"
"ㄧㄚˋ","迓","","1","待補充","https://dict.concised.moe.edu.tw/searchP.jsp?SN=%E3%84%A7&SN2=%E3%84%A7%E3%84%9A%CB%8B&word=%E8%BF%93"
"ㄧㄚˋ","訝","","2","待補充","https://dict.concised.moe.edu.tw/searchP.jsp?SN=%E3%84%A7&SN2=%E3%84%A7%E3%84%9A%CB%8B&word=%E8%A8%9D"
"ㄧㄚˋ","揠","","2","待補充","https://dict.concised.moe.edu.tw/searchP.jsp?SN=%E3%84%A7&SN2=%E3%84%A7%E3%84%9A%CB%8B&word=%E6%8F%A0"
"ㄧㄛ","唷","","1","待補充","https://dict.concised.moe.edu.tw/searchP.jsp?SN=%E3%84%A7&SN2=%E3%84%A7%E3%84%9B&word=%E5%94%B7"
"ㄧㄝ","掖","","1","待補充","https://dict.concised.moe.edu.tw/searchP.jsp?SN=%E3%84%A7&SN2=%E3%84%A7%E3%84%9D&word=%E6%8E%96"
"ㄧㄝ","噎","","1","待補充","https://dict.concised.moe.edu.tw/searchP.jsp?SN=%E3%84%A7&SN2=%E3%84%A7%E3%84%9D&word=%E5%99%8E"
"ㄧㄝˇ","也","","3","待補充","https://dict.concised.moe.edu.tw/searchP.jsp?SN=%E3%84%A7&SN2=%E3%84%A7%E3%84%9D%CB%87&word=%E4%B9%9F"
"ㄧㄝˇ","冶","","4","待補充","https://dict.concised.moe.edu.tw/searchP.jsp?SN=%E3%84%A7&SN2=%E3%84%A7%E3%84%9D%CB%87&word=%E5%86%B6"
"ㄧㄝˇ","野","野餐","20","已有可用詞","https://dict.concised.moe.edu.tw/searchP.jsp?SN=%E3%84%A7&SN2=%E3%84%A7%E3%84%9D%CB%87&word=%E9%87%8E"
"ㄧㄝˊ","邪","","10","待補充","https://dict.concised.moe.edu.tw/searchP.jsp?SN=%E3%84%A7&SN2=%E3%84%A7%E3%84%9D%CB%8A&word=%E9%82%AA"
"ㄧㄝˊ","耶","","2","待補充","https://dict.concised.moe.edu.tw/searchP.jsp?SN=%E3%84%A7&SN2=%E3%84%A7%E3%84%9D%CB%8A&word=%E8%80%B6"
"ㄧㄝˊ","斜","","12","待補充","https://dict.concised.moe.edu.tw/searchP.jsp?SN=%E3%84%A7&SN2=%E3%84%A7%E3%84%9D%CB%8A&word=%E6%96%9C"
"ㄧㄝˊ","琊","","1","待補充","https://dict.concised.moe.edu.tw/searchP.jsp?SN=%E3%84%A7&SN2=%E3%84%A7%E3%84%9D%CB%8A&word=%E7%90%8A"
"ㄧㄝˊ","揶","","2","待補充","https://dict.concised.moe.edu.tw/searchP.jsp?SN=%E3%84%A7&SN2=%E3%84%A7%E3%84%9D%CB%8A&word=%E6%8F%B6"
"ㄧㄝˊ","椰","","2","待補充","https://dict.concised.moe.edu.tw/searchP.jsp?SN=%E3%84%A7&SN2=%E3%84%A7%E3%84%9D%CB%8A&word=%E6%A4%B0"
"ㄧㄝˊ","爺","","2","待補充","https://dict.concised.moe.edu.tw/searchP.jsp?SN=%E3%84%A7&SN2=%E3%84%A7%E3%84%9D%CB%8A&word=%E7%88%BA"
"ㄧㄝˋ","夜","","20","待補充","https://dict.concised.moe.edu.tw/searchP.jsp?SN=%E3%84%A7&SN2=%E3%84%A7%E3%84%9D%CB%8B&word=%E5%A4%9C"
"ㄧㄝˋ","咽","","1","待補充","https://dict.concised.moe.edu.tw/searchP.jsp?SN=%E3%84%A7&SN2=%E3%84%A7%E3%84%9D%CB%8B&word=%E5%92%BD"
"ㄧㄝˋ","頁","","3","待補充","https://dict.concised.moe.edu.tw/searchP.jsp?SN=%E3%84%A7&SN2=%E3%84%A7%E3%84%9D%CB%8B&word=%E9%A0%81"
"ㄧㄝˋ","射","","2","待補充","https://dict.concised.moe.edu.tw/searchP.jsp?SN=%E3%84%A7&SN2=%E3%84%A7%E3%84%9D%CB%8B&word=%E5%B0%84"
"ㄧㄝˋ","掖","","1","待補充","https://dict.concised.moe.edu.tw/searchP.jsp?SN=%E3%84%A7&SN2=%E3%84%A7%E3%84%9D%CB%8B&word=%E6%8E%96"
"ㄧㄝˋ","液","","9","待補充","https://dict.concised.moe.edu.tw/searchP.jsp?SN=%E3%84%A7&SN2=%E3%84%A7%E3%84%9D%CB%8B&word=%E6%B6%B2"
"ㄧㄝˋ","腋","","4","待補充","https://dict.concised.moe.edu.tw/searchP.jsp?SN=%E3%84%A7&SN2=%E3%84%A7%E3%84%9D%CB%8B&word=%E8%85%8B"
"ㄧㄝˋ","業","","13","待補充","https://dict.concised.moe.edu.tw/searchP.jsp?SN=%E3%84%A7&SN2=%E3%84%A7%E3%84%9D%CB%8B&word=%E6%A5%AD"
"ㄧㄝˋ","葉","葉子","8","已有可用詞","https://dict.concised.moe.edu.tw/searchP.jsp?SN=%E3%84%A7&SN2=%E3%84%A7%E3%84%9D%CB%8B&word=%E8%91%89"
"ㄧㄝˋ","曄","","1","待補充","https://dict.concised.moe.edu.tw/searchP.jsp?SN=%E3%84%A7&SN2=%E3%84%A7%E3%84%9D%CB%8B&word=%E6%9B%84"
"ㄧㄝˋ","燁","","2","待補充","https://dict.concised.moe.edu.tw/searchP.jsp?SN=%E3%84%A7&SN2=%E3%84%A7%E3%84%9D%CB%8B&word=%E7%87%81"
"ㄧㄝˋ","謁","","2","待補充","https://dict.concised.moe.edu.tw/searchP.jsp?SN=%E3%84%A7&SN2=%E3%84%A7%E3%84%9D%CB%8B&word=%E8%AC%81"
"ㄧㄝˋ","擫","","1","待補充","https://dict.concised.moe.edu.tw/searchP.jsp?SN=%E3%84%A7&SN2=%E3%84%A7%E3%84%9D%CB%8B&word=%E6%93%AB"
"ㄧㄝˋ","靨","","1","待補充","https://dict.concised.moe.edu.tw/searchP.jsp?SN=%E3%84%A7&SN2=%E3%84%A7%E3%84%9D%CB%8B&word=%E9%9D%A8"
"ㄧㄞˊ","崖","","3","待補充","https://dict.concised.moe.edu.tw/searchP.jsp?SN=%E3%84%A7&SN2=%E3%84%A7%E3%84%9E%CB%8A&word=%E5%B4%96"
"ㄧㄠ","么","","3","待補充","https://dict.concised.moe.edu.tw/searchP.jsp?SN=%E3%84%A7&SN2=%E3%84%A7%E3%84%A0&word=%E4%B9%88"
"ㄧㄠ","夭","","4","待補充","https://dict.concised.moe.edu.tw/searchP.jsp?SN=%E3%84%A7&SN2=%E3%84%A7%E3%84%A0&word=%E5%A4%AD"
"ㄧㄠ","吆","","2","待補充","https://dict.concised.moe.edu.tw/searchP.jsp?SN=%E3%84%A7&SN2=%E3%84%A7%E3%84%A0&word=%E5%90%86"
"ㄧㄠ","妖","","11","待補充","https://dict.concised.moe.edu.tw/searchP.jsp?SN=%E3%84%A7&SN2=%E3%84%A7%E3%84%A0&word=%E5%A6%96"
"ㄧㄠ","要","","19","待補充","https://dict.concised.moe.edu.tw/searchP.jsp?SN=%E3%84%A7&SN2=%E3%84%A7%E3%84%A0&word=%E8%A6%81"
"ㄧㄠ","喲","","1","待補充","https://dict.concised.moe.edu.tw/searchP.jsp?SN=%E3%84%A7&SN2=%E3%84%A7%E3%84%A0&word=%E5%96%B2"
"ㄧㄠ","腰","","14","待補充","https://dict.concised.moe.edu.tw/searchP.jsp?SN=%E3%84%A7&SN2=%E3%84%A7%E3%84%A0&word=%E8%85%B0"
"ㄧㄠ","邀","","8","待補充","https://dict.concised.moe.edu.tw/searchP.jsp?SN=%E3%84%A7&SN2=%E3%84%A7%E3%84%A0&word=%E9%82%80"
"ㄧㄠˇ","杳","","3","待補充","https://dict.concised.moe.edu.tw/searchP.jsp?SN=%E3%84%A7&SN2=%E3%84%A7%E3%84%A0%CB%87&word=%E6%9D%B3"
"ㄧㄠˇ","咬","","11","待補充","https://dict.concised.moe.edu.tw/searchP.jsp?SN=%E3%84%A7&SN2=%E3%84%A7%E3%84%A0%CB%87&word=%E5%92%AC"
"ㄧㄠˇ","窈","","3","待補充","https://dict.concised.moe.edu.tw/searchP.jsp?SN=%E3%84%A7&SN2=%E3%84%A7%E3%84%A0%CB%87&word=%E7%AA%88"
"ㄧㄠˇ","舀","","2","待補充","https://dict.concised.moe.edu.tw/searchP.jsp?SN=%E3%84%A7&SN2=%E3%84%A7%E3%84%A0%CB%87&word=%E8%88%80"
"ㄧㄠˊ","爻","","1","待補充","https://dict.concised.moe.edu.tw/searchP.jsp?SN=%E3%84%A7&SN2=%E3%84%A7%E3%84%A0%CB%8A&word=%E7%88%BB"
"ㄧㄠˊ","肴","","1","待補充","https://dict.concised.moe.edu.tw/searchP.jsp?SN=%E3%84%A7&SN2=%E3%84%A7%E3%84%A0%CB%8A&word=%E8%82%B4"
"ㄧㄠˊ","姚","","1","待補充","https://dict.concised.moe.edu.tw/searchP.jsp?SN=%E3%84%A7&SN2=%E3%84%A7%E3%84%A0%CB%8A&word=%E5%A7%9A"
"ㄧㄠˊ","淆","","1","待補充","https://dict.concised.moe.edu.tw/searchP.jsp?SN=%E3%84%A7&SN2=%E3%84%A7%E3%84%A0%CB%8A&word=%E6%B7%86"
"ㄧㄠˊ","陶","","1","待補充","https://dict.concised.moe.edu.tw/searchP.jsp?SN=%E3%84%A7&SN2=%E3%84%A7%E3%84%A0%CB%8A&word=%E9%99%B6"
"ㄧㄠˊ","堯","","1","待補充","https://dict.concised.moe.edu.tw/searchP.jsp?SN=%E3%84%A7&SN2=%E3%84%A7%E3%84%A0%CB%8A&word=%E5%A0%AF"
"ㄧㄠˊ","殽","","1","待補充","https://dict.concised.moe.edu.tw/searchP.jsp?SN=%E3%84%A7&SN2=%E3%84%A7%E3%84%A0%CB%8A&word=%E6%AE%BD"
"ㄧㄠˊ","搖","","20","待補充","https://dict.concised.moe.edu.tw/searchP.jsp?SN=%E3%84%A7&SN2=%E3%84%A7%E3%84%A0%CB%8A&word=%E6%90%96"
"ㄧㄠˊ","瑤","","3","待補充","https://dict.concised.moe.edu.tw/searchP.jsp?SN=%E3%84%A7&SN2=%E3%84%A7%E3%84%A0%CB%8A&word=%E7%91%A4"
"ㄧㄠˊ","遙","","12","待補充","https://dict.concised.moe.edu.tw/searchP.jsp?SN=%E3%84%A7&SN2=%E3%84%A7%E3%84%A0%CB%8A&word=%E9%81%99"
"ㄧㄠˊ","窯","","1","待補充","https://dict.concised.moe.edu.tw/searchP.jsp?SN=%E3%84%A7&SN2=%E3%84%A7%E3%84%A0%CB%8A&word=%E7%AA%AF"
"ㄧㄠˊ","餚","","1","待補充","https://dict.concised.moe.edu.tw/searchP.jsp?SN=%E3%84%A7&SN2=%E3%84%A7%E3%84%A0%CB%8A&word=%E9%A4%9A"
"ㄧㄠˊ","繇","","1","待補充","https://dict.concised.moe.edu.tw/searchP.jsp?SN=%E3%84%A7&SN2=%E3%84%A7%E3%84%A0%CB%8A&word=%E7%B9%87"
"ㄧㄠˊ","謠","","3","待補充","https://dict.concised.moe.edu.tw/searchP.jsp?SN=%E3%84%A7&SN2=%E3%84%A7%E3%84%A0%CB%8A&word=%E8%AC%A0"
"ㄧㄠˋ","要","","20","待補充","https://dict.concised.moe.edu.tw/searchP.jsp?SN=%E3%84%A7&SN2=%E3%84%A7%E3%84%A0%CB%8B&word=%E8%A6%81"
"ㄧㄠˋ","葯","","1","待補充","https://dict.concised.moe.edu.tw/searchP.jsp?SN=%E3%84%A7&SN2=%E3%84%A7%E3%84%A0%CB%8B&word=%E8%91%AF"
"ㄧㄠˋ","樂","","2","待補充","https://dict.concised.moe.edu.tw/searchP.jsp?SN=%E3%84%A7&SN2=%E3%84%A7%E3%84%A0%CB%8B&word=%E6%A8%82"
"ㄧㄠˋ","曜","","1","待補充","https://dict.concised.moe.edu.tw/searchP.jsp?SN=%E3%84%A7&SN2=%E3%84%A7%E3%84%A0%CB%8B&word=%E6%9B%9C"
"ㄧㄠˋ","藥","","20","待補充","https://dict.concised.moe.edu.tw/searchP.jsp?SN=%E3%84%A7&SN2=%E3%84%A7%E3%84%A0%CB%8B&word=%E8%97%A5"
"ㄧㄠˋ","耀","","3","待補充","https://dict.concised.moe.edu.tw/searchP.jsp?SN=%E3%84%A7&SN2=%E3%84%A7%E3%84%A0%CB%8B&word=%E8%80%80"
"ㄧㄠˋ","鷂","","2","待補充","https://dict.concised.moe.edu.tw/searchP.jsp?SN=%E3%84%A7&SN2=%E3%84%A7%E3%84%A0%CB%8B&word=%E9%B7%82"
"ㄧㄠˋ","鑰","鑰匙","2","已有可用詞","https://dict.concised.moe.edu.tw/searchP.jsp?SN=%E3%84%A7&SN2=%E3%84%A7%E3%84%A0%CB%8B&word=%E9%91%B0"
"ㄧㄡ","攸","","2","待補充","https://dict.concised.moe.edu.tw/searchP.jsp?SN=%E3%84%A7&SN2=%E3%84%A7%E3%84%A1&word=%E6%94%B8"
"ㄧㄡ","呦","","2","待補充","https://dict.concised.moe.edu.tw/searchP.jsp?SN=%E3%84%A7&SN2=%E3%84%A7%E3%84%A1&word=%E5%91%A6"
"ㄧㄡ","幽","","20","待補充","https://dict.concised.moe.edu.tw/searchP.jsp?SN=%E3%84%A7&SN2=%E3%84%A7%E3%84%A1&word=%E5%B9%BD"
"ㄧㄡ","悠","","11","待補充","https://dict.concised.moe.edu.tw/searchP.jsp?SN=%E3%84%A7&SN2=%E3%84%A7%E3%84%A1&word=%E6%82%A0"
"ㄧㄡ","憂","","17","待補充","https://dict.concised.moe.edu.tw/searchP.jsp?SN=%E3%84%A7&SN2=%E3%84%A7%E3%84%A1&word=%E6%86%82"
"ㄧㄡ","優","","20","待補充","https://dict.concised.moe.edu.tw/searchP.jsp?SN=%E3%84%A7&SN2=%E3%84%A7%E3%84%A1&word=%E5%84%AA"
"ㄧㄡˇ","友","","9","待補充","https://dict.concised.moe.edu.tw/searchP.jsp?SN=%E3%84%A7&SN2=%E3%84%A7%E3%84%A1%CB%87&word=%E5%8F%8B"
"ㄧㄡˇ","有","","20","待補充","https://dict.concised.moe.edu.tw/searchP.jsp?SN=%E3%84%A7&SN2=%E3%84%A7%E3%84%A1%CB%87&word=%E6%9C%89"
"ㄧㄡˇ","卣","","1","待補充","https://dict.concised.moe.edu.tw/searchP.jsp?SN=%E3%84%A7&SN2=%E3%84%A7%E3%84%A1%CB%87&word=%E5%8D%A3"
"ㄧㄡˇ","酉","","1","待補充","https://dict.concised.moe.edu.tw/searchP.jsp?SN=%E3%84%A7&SN2=%E3%84%A7%E3%84%A1%CB%87&word=%E9%85%89"
"ㄧㄡˇ","羑","","2","待補充","https://dict.concised.moe.edu.tw/searchP.jsp?SN=%E3%84%A7&SN2=%E3%84%A7%E3%84%A1%CB%87&word=%E7%BE%91"
"ㄧㄡˇ","牖","","1","待補充","https://dict.concised.moe.edu.tw/searchP.jsp?SN=%E3%84%A7&SN2=%E3%84%A7%E3%84%A1%CB%87&word=%E7%89%96"
"ㄧㄡˇ","黝","","3","待補充","https://dict.concised.moe.edu.tw/searchP.jsp?SN=%E3%84%A7&SN2=%E3%84%A7%E3%84%A1%CB%87&word=%E9%BB%9D"
"ㄧㄡˊ","尤","","5","待補充","https://dict.concised.moe.edu.tw/searchP.jsp?SN=%E3%84%A7&SN2=%E3%84%A7%E3%84%A1%CB%8A&word=%E5%B0%A4"
"ㄧㄡˊ","由","","5","待補充","https://dict.concised.moe.edu.tw/searchP.jsp?SN=%E3%84%A7&SN2=%E3%84%A7%E3%84%A1%CB%8A&word=%E7%94%B1"
"ㄧㄡˊ","油","","20","待補充","https://dict.concised.moe.edu.tw/searchP.jsp?SN=%E3%84%A7&SN2=%E3%84%A7%E3%84%A1%CB%8A&word=%E6%B2%B9"
"ㄧㄡˊ","疣","","1","待補充","https://dict.concised.moe.edu.tw/searchP.jsp?SN=%E3%84%A7&SN2=%E3%84%A7%E3%84%A1%CB%8A&word=%E7%96%A3"
"ㄧㄡˊ","游","","16","待補充","https://dict.concised.moe.edu.tw/searchP.jsp?SN=%E3%84%A7&SN2=%E3%84%A7%E3%84%A1%CB%8A&word=%E6%B8%B8"
"ㄧㄡˊ","猶","","8","待補充","https://dict.concised.moe.edu.tw/searchP.jsp?SN=%E3%84%A7&SN2=%E3%84%A7%E3%84%A1%CB%8A&word=%E7%8C%B6"
"ㄧㄡˊ","郵","","19","待補充","https://dict.concised.moe.edu.tw/searchP.jsp?SN=%E3%84%A7&SN2=%E3%84%A7%E3%84%A1%CB%8A&word=%E9%83%B5"
"ㄧㄡˊ","猷","","1","待補充","https://dict.concised.moe.edu.tw/searchP.jsp?SN=%E3%84%A7&SN2=%E3%84%A7%E3%84%A1%CB%8A&word=%E7%8C%B7"
"ㄧㄡˊ","遊","","20","待補充","https://dict.concised.moe.edu.tw/searchP.jsp?SN=%E3%84%A7&SN2=%E3%84%A7%E3%84%A1%CB%8A&word=%E9%81%8A"
"ㄧㄡˊ","蝣","","1","待補充","https://dict.concised.moe.edu.tw/searchP.jsp?SN=%E3%84%A7&SN2=%E3%84%A7%E3%84%A1%CB%8A&word=%E8%9D%A3"
"ㄧㄡˊ","魷","","2","待補充","https://dict.concised.moe.edu.tw/searchP.jsp?SN=%E3%84%A7&SN2=%E3%84%A7%E3%84%A1%CB%8A&word=%E9%AD%B7"
"ㄧㄡˋ","又","","2","待補充","https://dict.concised.moe.edu.tw/searchP.jsp?SN=%E3%84%A7&SN2=%E3%84%A7%E3%84%A1%CB%8B&word=%E5%8F%88"
"ㄧㄡˋ","右","","10","待補充","https://dict.concised.moe.edu.tw/searchP.jsp?SN=%E3%84%A7&SN2=%E3%84%A7%E3%84%A1%CB%8B&word=%E5%8F%B3"
"ㄧㄡˋ","幼","","9","待補充","https://dict.concised.moe.edu.tw/searchP.jsp?SN=%E3%84%A7&SN2=%E3%84%A7%E3%84%A1%CB%8B&word=%E5%B9%BC"
"ㄧㄡˋ","有","","1","待補充","https://dict.concised.moe.edu.tw/searchP.jsp?SN=%E3%84%A7&SN2=%E3%84%A7%E3%84%A1%CB%8B&word=%E6%9C%89"
"ㄧㄡˋ","佑","","1","待補充","https://dict.concised.moe.edu.tw/searchP.jsp?SN=%E3%84%A7&SN2=%E3%84%A7%E3%84%A1%CB%8B&word=%E4%BD%91"
"ㄧㄡˋ","侑","","1","待補充","https://dict.concised.moe.edu.tw/searchP.jsp?SN=%E3%84%A7&SN2=%E3%84%A7%E3%84%A1%CB%8B&word=%E4%BE%91"
"ㄧㄡˋ","囿","","1","待補充","https://dict.concised.moe.edu.tw/searchP.jsp?SN=%E3%84%A7&SN2=%E3%84%A7%E3%84%A1%CB%8B&word=%E5%9B%BF"
"ㄧㄡˋ","宥","","1","待補充","https://dict.concised.moe.edu.tw/searchP.jsp?SN=%E3%84%A7&SN2=%E3%84%A7%E3%84%A1%CB%8B&word=%E5%AE%A5"
"ㄧㄡˋ","柚","","3","待補充","https://dict.concised.moe.edu.tw/searchP.jsp?SN=%E3%84%A7&SN2=%E3%84%A7%E3%84%A1%CB%8B&word=%E6%9F%9A"
"ㄧㄡˋ","祐","","1","待補充","https://dict.concised.moe.edu.tw/searchP.jsp?SN=%E3%84%A7&SN2=%E3%84%A7%E3%84%A1%CB%8B&word=%E7%A5%90"
"ㄧㄡˋ","莠","","2","待補充","https://dict.concised.moe.edu.tw/searchP.jsp?SN=%E3%84%A7&SN2=%E3%84%A7%E3%84%A1%CB%8B&word=%E8%8E%A0"
"ㄧㄡˋ","釉","","1","待補充","https://dict.concised.moe.edu.tw/searchP.jsp?SN=%E3%84%A7&SN2=%E3%84%A7%E3%84%A1%CB%8B&word=%E9%87%89"
"ㄧㄡˋ","鈾","","2","待補充","https://dict.concised.moe.edu.tw/searchP.jsp?SN=%E3%84%A7&SN2=%E3%84%A7%E3%84%A1%CB%8B&word=%E9%88%BE"
"ㄧㄡˋ","誘","","12","待補充","https://dict.concised.moe.edu.tw/searchP.jsp?SN=%E3%84%A7&SN2=%E3%84%A7%E3%84%A1%CB%8B&word=%E8%AA%98"
"ㄧㄡˋ","鼬","","2","待補充","https://dict.concised.moe.edu.tw/searchP.jsp?SN=%E3%84%A7&SN2=%E3%84%A7%E3%84%A1%CB%8B&word=%E9%BC%AC"
"ㄧㄢ","奄","","2","待補充","https://dict.concised.moe.edu.tw/searchP.jsp?SN=%E3%84%A7&SN2=%E3%84%A7%E3%84%A2&word=%E5%A5%84"
"ㄧㄢ","咽","","2","待補充","https://dict.concised.moe.edu.tw/searchP.jsp?SN=%E3%84%A7&SN2=%E3%84%A7%E3%84%A2&word=%E5%92%BD"
"ㄧㄢ","殷","","4","待補充","https://dict.concised.moe.edu.tw/searchP.jsp?SN=%E3%84%A7&SN2=%E3%84%A7%E3%84%A2&word=%E6%AE%B7"
"ㄧㄢ","胭","","3","待補充","https://dict.concised.moe.edu.tw/searchP.jsp?SN=%E3%84%A7&SN2=%E3%84%A7%E3%84%A2&word=%E8%83%AD"
"ㄧㄢ","淹","","3","待補充","https://dict.concised.moe.edu.tw/searchP.jsp?SN=%E3%84%A7&SN2=%E3%84%A7%E3%84%A2&word=%E6%B7%B9"
"ㄧㄢ","焉","","2","待補充","https://dict.concised.moe.edu.tw/searchP.jsp?SN=%E3%84%A7&SN2=%E3%84%A7%E3%84%A2&word=%E7%84%89"
"ㄧㄢ","菸","","10","待補充","https://dict.concised.moe.edu.tw/searchP.jsp?SN=%E3%84%A7&SN2=%E3%84%A7%E3%84%A2&word=%E8%8F%B8"
"ㄧㄢ","煙","","17","待補充","https://dict.concised.moe.edu.tw/searchP.jsp?SN=%E3%84%A7&SN2=%E3%84%A7%E3%84%A2&word=%E7%85%99"
"ㄧㄢ","嫣","","3","待補充","https://dict.concised.moe.edu.tw/searchP.jsp?SN=%E3%84%A7&SN2=%E3%84%A7%E3%84%A2&word=%E5%AB%A3"
"ㄧㄢ","鄢","","1","待補充","https://dict.concised.moe.edu.tw/searchP.jsp?SN=%E3%84%A7&SN2=%E3%84%A7%E3%84%A2&word=%E9%84%A2"
"ㄧㄢ","醃","","3","待補充","https://dict.concised.moe.edu.tw/searchP.jsp?SN=%E3%84%A7&SN2=%E3%84%A7%E3%84%A2&word=%E9%86%83"
"ㄧㄢ","燕","","8","待補充","https://dict.concised.moe.edu.tw/searchP.jsp?SN=%E3%84%A7&SN2=%E3%84%A7%E3%84%A2&word=%E7%87%95"
"ㄧㄢ","閹","","2","待補充","https://dict.concised.moe.edu.tw/searchP.jsp?SN=%E3%84%A7&SN2=%E3%84%A7%E3%84%A2&word=%E9%96%B9"
"ㄧㄢ","閼","","2","待補充","https://dict.concised.moe.edu.tw/searchP.jsp?SN=%E3%84%A7&SN2=%E3%84%A7%E3%84%A2&word=%E9%96%BC"
"ㄧㄢ","懨","","2","待補充","https://dict.concised.moe.edu.tw/searchP.jsp?SN=%E3%84%A7&SN2=%E3%84%A7%E3%84%A2&word=%E6%87%A8"
"ㄧㄢˇ","奄","","1","待補充","https://dict.concised.moe.edu.tw/searchP.jsp?SN=%E3%84%A7&SN2=%E3%84%A7%E3%84%A2%CB%87&word=%E5%A5%84"
"ㄧㄢˇ","衍","","2","待補充","https://dict.concised.moe.edu.tw/searchP.jsp?SN=%E3%84%A7&SN2=%E3%84%A7%E3%84%A2%CB%87&word=%E8%A1%8D"
"ㄧㄢˇ","偃","","3","待補充","https://dict.concised.moe.edu.tw/searchP.jsp?SN=%E3%84%A7&SN2=%E3%84%A7%E3%84%A2%CB%87&word=%E5%81%83"
"ㄧㄢˇ","掩","","14","待補充","https://dict.concised.moe.edu.tw/searchP.jsp?SN=%E3%84%A7&SN2=%E3%84%A7%E3%84%A2%CB%87&word=%E6%8E%A9"
"ㄧㄢˇ","眼","眼睛","20","已有可用詞","https://dict.concised.moe.edu.tw/searchP.jsp?SN=%E3%84%A7&SN2=%E3%84%A7%E3%84%A2%CB%87&word=%E7%9C%BC"
"ㄧㄢˇ","琰","","1","待補充","https://dict.concised.moe.edu.tw/searchP.jsp?SN=%E3%84%A7&SN2=%E3%84%A7%E3%84%A2%CB%87&word=%E7%90%B0"
"ㄧㄢˇ","演","","20","待補充","https://dict.concised.moe.edu.tw/searchP.jsp?SN=%E3%84%A7&SN2=%E3%84%A7%E3%84%A2%CB%87&word=%E6%BC%94"
"ㄧㄢˇ","儼","","3","待補充","https://dict.concised.moe.edu.tw/searchP.jsp?SN=%E3%84%A7&SN2=%E3%84%A7%E3%84%A2%CB%87&word=%E5%84%BC"
"ㄧㄢˇ","鼴","","2","待補充","https://dict.concised.moe.edu.tw/searchP.jsp?SN=%E3%84%A7&SN2=%E3%84%A7%E3%84%A2%CB%87&word=%E9%BC%B4"
"ㄧㄢˇ","魘","","1","待補充","https://dict.concised.moe.edu.tw/searchP.jsp?SN=%E3%84%A7&SN2=%E3%84%A7%E3%84%A2%CB%87&word=%E9%AD%98"
"ㄧㄢˊ","言","","20","待補充","https://dict.concised.moe.edu.tw/searchP.jsp?SN=%E3%84%A7&SN2=%E3%84%A7%E3%84%A2%CB%8A&word=%E8%A8%80"
"ㄧㄢˊ","岩","","9","待補充","https://dict.concised.moe.edu.tw/searchP.jsp?SN=%E3%84%A7&SN2=%E3%84%A7%E3%84%A2%CB%8A&word=%E5%B2%A9"
"ㄧㄢˊ","延","","20","待補充","https://dict.concised.moe.edu.tw/searchP.jsp?SN=%E3%84%A7&SN2=%E3%84%A7%E3%84%A2%CB%8A&word=%E5%BB%B6"
"ㄧㄢˊ","沿","","11","待補充","https://dict.concised.moe.edu.tw/searchP.jsp?SN=%E3%84%A7&SN2=%E3%84%A7%E3%84%A2%CB%8A&word=%E6%B2%BF"
"ㄧㄢˊ","炎","","6","待補充","https://dict.concised.moe.edu.tw/searchP.jsp?SN=%E3%84%A7&SN2=%E3%84%A7%E3%84%A2%CB%8A&word=%E7%82%8E"
"ㄧㄢˊ","妍","","2","待補充","https://dict.concised.moe.edu.tw/searchP.jsp?SN=%E3%84%A7&SN2=%E3%84%A7%E3%84%A2%CB%8A&word=%E5%A6%8D"
"ㄧㄢˊ","研","","18","待補充","https://dict.concised.moe.edu.tw/searchP.jsp?SN=%E3%84%A7&SN2=%E3%84%A7%E3%84%A2%CB%8A&word=%E7%A0%94"
"ㄧㄢˊ","筵","","2","待補充","https://dict.concised.moe.edu.tw/searchP.jsp?SN=%E3%84%A7&SN2=%E3%84%A7%E3%84%A2%CB%8A&word=%E7%AD%B5"
"ㄧㄢˊ","蜒","","1","待補充","https://dict.concised.moe.edu.tw/searchP.jsp?SN=%E3%84%A7&SN2=%E3%84%A7%E3%84%A2%CB%8A&word=%E8%9C%92"
"ㄧㄢˊ","閻","","2","待補充","https://dict.concised.moe.edu.tw/searchP.jsp?SN=%E3%84%A7&SN2=%E3%84%A7%E3%84%A2%CB%8A&word=%E9%96%BB"
"ㄧㄢˊ","檐","","1","待補充","https://dict.concised.moe.edu.tw/searchP.jsp?SN=%E3%84%A7&SN2=%E3%84%A7%E3%84%A2%CB%8A&word=%E6%AA%90"
"ㄧㄢˊ","顏","","4","待補充","https://dict.concised.moe.edu.tw/searchP.jsp?SN=%E3%84%A7&SN2=%E3%84%A7%E3%84%A2%CB%8A&word=%E9%A1%8F"
"ㄧㄢˊ","簷","","1","待補充","https://dict.concised.moe.edu.tw/searchP.jsp?SN=%E3%84%A7&SN2=%E3%84%A7%E3%84%A2%CB%8A&word=%E7%B0%B7"
"ㄧㄢˊ","嚴","","20","待補充","https://dict.concised.moe.edu.tw/searchP.jsp?SN=%E3%84%A7&SN2=%E3%84%A7%E3%84%A2%CB%8A&word=%E5%9A%B4"
"ㄧㄢˊ","巖","","2","待補充","https://dict.concised.moe.edu.tw/searchP.jsp?SN=%E3%84%A7&SN2=%E3%84%A7%E3%84%A2%CB%8A&word=%E5%B7%96"
"ㄧㄢˊ","鹽","","8","待補充","https://dict.concised.moe.edu.tw/searchP.jsp?SN=%E3%84%A7&SN2=%E3%84%A7%E3%84%A2%CB%8A&word=%E9%B9%BD"
"ㄧㄢˋ","彥","","1","待補充","https://dict.concised.moe.edu.tw/searchP.jsp?SN=%E3%84%A7&SN2=%E3%84%A7%E3%84%A2%CB%8B&word=%E5%BD%A5"
"ㄧㄢˋ","唁","","1","待補充","https://dict.concised.moe.edu.tw/searchP.jsp?SN=%E3%84%A7&SN2=%E3%84%A7%E3%84%A2%CB%8B&word=%E5%94%81"
"ㄧㄢˋ","宴","","7","待補充","https://dict.concised.moe.edu.tw/searchP.jsp?SN=%E3%84%A7&SN2=%E3%84%A7%E3%84%A2%CB%8B&word=%E5%AE%B4"
"ㄧㄢˋ","晏","","2","待補充","https://dict.concised.moe.edu.tw/searchP.jsp?SN=%E3%84%A7&SN2=%E3%84%A7%E3%84%A2%CB%8B&word=%E6%99%8F"
"ㄧㄢˋ","堰","","1","待補充","https://dict.concised.moe.edu.tw/searchP.jsp?SN=%E3%84%A7&SN2=%E3%84%A7%E3%84%A2%CB%8B&word=%E5%A0%B0"
"ㄧㄢˋ","焰","","2","待補充","https://dict.concised.moe.edu.tw/searchP.jsp?SN=%E3%84%A7&SN2=%E3%84%A7%E3%84%A2%CB%8B&word=%E7%84%B0"
"ㄧㄢˋ","焱","","1","待補充","https://dict.concised.moe.edu.tw/searchP.jsp?SN=%E3%84%A7&SN2=%E3%84%A7%E3%84%A2%CB%8B&word=%E7%84%B1"
"ㄧㄢˋ","硯","","2","待補充","https://dict.concised.moe.edu.tw/searchP.jsp?SN=%E3%84%A7&SN2=%E3%84%A7%E3%84%A2%CB%8B&word=%E7%A1%AF"
"ㄧㄢˋ","雁","","2","待補充","https://dict.concised.moe.edu.tw/searchP.jsp?SN=%E3%84%A7&SN2=%E3%84%A7%E3%84%A2%CB%8B&word=%E9%9B%81"
"ㄧㄢˋ","厭","","6","待補充","https://dict.concised.moe.edu.tw/searchP.jsp?SN=%E3%84%A7&SN2=%E3%84%A7%E3%84%A2%CB%8B&word=%E5%8E%AD"
"ㄧㄢˋ","燄","","1","待補充","https://dict.concised.moe.edu.tw/searchP.jsp?SN=%E3%84%A7&SN2=%E3%84%A7%E3%84%A2%CB%8B&word=%E7%87%84"
"ㄧㄢˋ","燕","","8","待補充","https://dict.concised.moe.edu.tw/searchP.jsp?SN=%E3%84%A7&SN2=%E3%84%A7%E3%84%A2%CB%8B&word=%E7%87%95"
"ㄧㄢˋ","諺","","2","待補充","https://dict.concised.moe.edu.tw/searchP.jsp?SN=%E3%84%A7&SN2=%E3%84%A7%E3%84%A2%CB%8B&word=%E8%AB%BA"
"ㄧㄢˋ","嚥","","3","待補充","https://dict.concised.moe.edu.tw/searchP.jsp?SN=%E3%84%A7&SN2=%E3%84%A7%E3%84%A2%CB%8B&word=%E5%9A%A5"
"ㄧㄢˋ","贗","","2","待補充","https://dict.concised.moe.edu.tw/searchP.jsp?SN=%E3%84%A7&SN2=%E3%84%A7%E3%84%A2%CB%8B&word=%E8%B4%97"
"ㄧㄢˋ","饜","","1","待補充","https://dict.concised.moe.edu.tw/searchP.jsp?SN=%E3%84%A7&SN2=%E3%84%A7%E3%84%A2%CB%8B&word=%E9%A5%9C"
"ㄧㄢˋ","驗","","10","待補充","https://dict.concised.moe.edu.tw/searchP.jsp?SN=%E3%84%A7&SN2=%E3%84%A7%E3%84%A2%CB%8B&word=%E9%A9%97"
"ㄧㄢˋ","讞","","1","待補充","https://dict.concised.moe.edu.tw/searchP.jsp?SN=%E3%84%A7&SN2=%E3%84%A7%E3%84%A2%CB%8B&word=%E8%AE%9E"
"ㄧㄢˋ","豔","","7","待補充","https://dict.concised.moe.edu.tw/searchP.jsp?SN=%E3%84%A7&SN2=%E3%84%A7%E3%84%A2%CB%8B&word=%E8%B1%94"
"ㄧㄢˋ","灩","","1","待補充","https://dict.concised.moe.edu.tw/searchP.jsp?SN=%E3%84%A7&SN2=%E3%84%A7%E3%84%A2%CB%8B&word=%E7%81%A9"
"ㄧㄣ","因","","20","待補充","https://dict.concised.moe.edu.tw/searchP.jsp?SN=%E3%84%A7&SN2=%E3%84%A7%E3%84%A3&word=%E5%9B%A0"
"ㄧㄣ","姻","","3","待補充","https://dict.concised.moe.edu.tw/searchP.jsp?SN=%E3%84%A7&SN2=%E3%84%A7%E3%84%A3&word=%E5%A7%BB"
"ㄧㄣ","音","","20","待補充","https://dict.concised.moe.edu.tw/searchP.jsp?SN=%E3%84%A7&SN2=%E3%84%A7%E3%84%A3&word=%E9%9F%B3"
"ㄧㄣ","殷","","9","待補充","https://dict.concised.moe.edu.tw/searchP.jsp?SN=%E3%84%A7&SN2=%E3%84%A7%E3%84%A3&word=%E6%AE%B7"
"ㄧㄣ","氤","","2","待補充","https://dict.concised.moe.edu.tw/searchP.jsp?SN=%E3%84%A7&SN2=%E3%84%A7%E3%84%A3&word=%E6%B0%A4"
"ㄧㄣ","茵","","1","待補充","https://dict.concised.moe.edu.tw/searchP.jsp?SN=%E3%84%A7&SN2=%E3%84%A7%E3%84%A3&word=%E8%8C%B5"
"ㄧㄣ","陰","","20","待補充","https://dict.concised.moe.edu.tw/searchP.jsp?SN=%E3%84%A7&SN2=%E3%84%A7%E3%84%A3&word=%E9%99%B0"
"ㄧㄣ","喑","","2","待補充","https://dict.concised.moe.edu.tw/searchP.jsp?SN=%E3%84%A7&SN2=%E3%84%A7%E3%84%A3&word=%E5%96%91"
"ㄧㄣ","湮","","4","待補充","https://dict.concised.moe.edu.tw/searchP.jsp?SN=%E3%84%A7&SN2=%E3%84%A7%E3%84%A3&word=%E6%B9%AE"
"ㄧㄣ","慇","","2","待補充","https://dict.concised.moe.edu.tw/searchP.jsp?SN=%E3%84%A7&SN2=%E3%84%A7%E3%84%A3&word=%E6%85%87"
"ㄧㄣ","瘖","","1","待補充","https://dict.concised.moe.edu.tw/searchP.jsp?SN=%E3%84%A7&SN2=%E3%84%A7%E3%84%A3&word=%E7%98%96"
"ㄧㄣˇ","尹","","1","待補充","https://dict.concised.moe.edu.tw/searchP.jsp?SN=%E3%84%A7&SN2=%E3%84%A7%E3%84%A3%CB%87&word=%E5%B0%B9"
"ㄧㄣˇ","引","","20","待補充","https://dict.concised.moe.edu.tw/searchP.jsp?SN=%E3%84%A7&SN2=%E3%84%A7%E3%84%A3%CB%87&word=%E5%BC%95"
"ㄧㄣˇ","蚓","","1","待補充","https://dict.concised.moe.edu.tw/searchP.jsp?SN=%E3%84%A7&SN2=%E3%84%A7%E3%84%A3%CB%87&word=%E8%9A%93"
"ㄧㄣˇ","飲","","14","待補充","https://dict.concised.moe.edu.tw/searchP.jsp?SN=%E3%84%A7&SN2=%E3%84%A7%E3%84%A3%CB%87&word=%E9%A3%B2"
"ㄧㄣˇ","檃","","1","待補充","https://dict.concised.moe.edu.tw/searchP.jsp?SN=%E3%84%A7&SN2=%E3%84%A7%E3%84%A3%CB%87&word=%E6%AA%83"
"ㄧㄣˇ","隱","","20","待補充","https://dict.concised.moe.edu.tw/searchP.jsp?SN=%E3%84%A7&SN2=%E3%84%A7%E3%84%A3%CB%87&word=%E9%9A%B1"
"ㄧㄣˇ","癮","","2","待補充","https://dict.concised.moe.edu.tw/searchP.jsp?SN=%E3%84%A7&SN2=%E3%84%A7%E3%84%A3%CB%87&word=%E7%99%AE"
"ㄧㄣˊ","吟","","5","待補充","https://dict.concised.moe.edu.tw/searchP.jsp?SN=%E3%84%A7&SN2=%E3%84%A7%E3%84%A3%CB%8A&word=%E5%90%9F"
"ㄧㄣˊ","垠","","1","待補充","https://dict.concised.moe.edu.tw/searchP.jsp?SN=%E3%84%A7&SN2=%E3%84%A7%E3%84%A3%CB%8A&word=%E5%9E%A0"
"ㄧㄣˊ","狺","","1","待補充","https://dict.concised.moe.edu.tw/searchP.jsp?SN=%E3%84%A7&SN2=%E3%84%A7%E3%84%A3%CB%8A&word=%E7%8B%BA"
"ㄧㄣˊ","寅","","2","待補充","https://dict.concised.moe.edu.tw/searchP.jsp?SN=%E3%84%A7&SN2=%E3%84%A7%E3%84%A3%CB%8A&word=%E5%AF%85"
"ㄧㄣˊ","淫","","4","待補充","https://dict.concised.moe.edu.tw/searchP.jsp?SN=%E3%84%A7&SN2=%E3%84%A7%E3%84%A3%CB%8A&word=%E6%B7%AB"
"ㄧㄣˊ","夤","","1","待補充","https://dict.concised.moe.edu.tw/searchP.jsp?SN=%E3%84%A7&SN2=%E3%84%A7%E3%84%A3%CB%8A&word=%E5%A4%A4"
"ㄧㄣˊ","鄞","","2","待補充","https://dict.concised.moe.edu.tw/searchP.jsp?SN=%E3%84%A7&SN2=%E3%84%A7%E3%84%A3%CB%8A&word=%E9%84%9E"
"ㄧㄣˊ","銀","","20","待補充","https://dict.concised.moe.edu.tw/searchP.jsp?SN=%E3%84%A7&SN2=%E3%84%A7%E3%84%A3%CB%8A&word=%E9%8A%80"
"ㄧㄣˊ","霪","","2","待補充","https://dict.concised.moe.edu.tw/searchP.jsp?SN=%E3%84%A7&SN2=%E3%84%A7%E3%84%A3%CB%8A&word=%E9%9C%AA"
"ㄧㄣˊ","齦","","1","待補充","https://dict.concised.moe.edu.tw/searchP.jsp?SN=%E3%84%A7&SN2=%E3%84%A7%E3%84%A3%CB%8A&word=%E9%BD%A6"
"ㄧㄣˋ","印","","20","待補充","https://dict.concised.moe.edu.tw/searchP.jsp?SN=%E3%84%A7&SN2=%E3%84%A7%E3%84%A3%CB%8B&word=%E5%8D%B0"
"ㄧㄣˋ","胤","","1","待補充","https://dict.concised.moe.edu.tw/searchP.jsp?SN=%E3%84%A7&SN2=%E3%84%A7%E3%84%A3%CB%8B&word=%E8%83%A4"
"ㄧㄣˋ","飲","","1","待補充","https://dict.concised.moe.edu.tw/searchP.jsp?SN=%E3%84%A7&SN2=%E3%84%A7%E3%84%A3%CB%8B&word=%E9%A3%B2"
"ㄧㄣˋ","蔭","","1","待補充","https://dict.concised.moe.edu.tw/searchP.jsp?SN=%E3%84%A7&SN2=%E3%84%A7%E3%84%A3%CB%8B&word=%E8%94%AD"
"ㄧㄤ","央","","4","待補充","https://dict.concised.moe.edu.tw/searchP.jsp?SN=%E3%84%A7&SN2=%E3%84%A7%E3%84%A4&word=%E5%A4%AE"
"ㄧㄤ","泱","","3","待補充","https://dict.concised.moe.edu.tw/searchP.jsp?SN=%E3%84%A7&SN2=%E3%84%A7%E3%84%A4&word=%E6%B3%B1"
"ㄧㄤ","殃","","2","待補充","https://dict.concised.moe.edu.tw/searchP.jsp?SN=%E3%84%A7&SN2=%E3%84%A7%E3%84%A4&word=%E6%AE%83"
"ㄧㄤ","秧","","2","待補充","https://dict.concised.moe.edu.tw/searchP.jsp?SN=%E3%84%A7&SN2=%E3%84%A7%E3%84%A4&word=%E7%A7%A7"
"ㄧㄤ","鞅","","1","待補充","https://dict.concised.moe.edu.tw/searchP.jsp?SN=%E3%84%A7&SN2=%E3%84%A7%E3%84%A4&word=%E9%9E%85"
"ㄧㄤ","鴦","","1","待補充","https://dict.concised.moe.edu.tw/searchP.jsp?SN=%E3%84%A7&SN2=%E3%84%A7%E3%84%A4&word=%E9%B4%A6"
"ㄧㄤˇ","仰","","11","待補充","https://dict.concised.moe.edu.tw/searchP.jsp?SN=%E3%84%A7&SN2=%E3%84%A7%E3%84%A4%CB%87&word=%E4%BB%B0"
"ㄧㄤˇ","氧","","3","待補充","https://dict.concised.moe.edu.tw/searchP.jsp?SN=%E3%84%A7&SN2=%E3%84%A7%E3%84%A4%CB%87&word=%E6%B0%A7"
"ㄧㄤˇ","養","","20","待補充","https://dict.concised.moe.edu.tw/searchP.jsp?SN=%E3%84%A7&SN2=%E3%84%A7%E3%84%A4%CB%87&word=%E9%A4%8A"
"ㄧㄤˇ","癢","","1","待補充","https://dict.concised.moe.edu.tw/searchP.jsp?SN=%E3%84%A7&SN2=%E3%84%A7%E3%84%A4%CB%87&word=%E7%99%A2"
"ㄧㄤˊ","羊","","13","待補充","https://dict.concised.moe.edu.tw/searchP.jsp?SN=%E3%84%A7&SN2=%E3%84%A7%E3%84%A4%CB%8A&word=%E7%BE%8A"
"ㄧㄤˊ","佯","","3","待補充","https://dict.concised.moe.edu.tw/searchP.jsp?SN=%E3%84%A7&SN2=%E3%84%A7%E3%84%A4%CB%8A&word=%E4%BD%AF"
"ㄧㄤˊ","徉","","1","待補充","https://dict.concised.moe.edu.tw/searchP.jsp?SN=%E3%84%A7&SN2=%E3%84%A7%E3%84%A4%CB%8A&word=%E5%BE%89"
"ㄧㄤˊ","洋","","20","待補充","https://dict.concised.moe.edu.tw/searchP.jsp?SN=%E3%84%A7&SN2=%E3%84%A7%E3%84%A4%CB%8A&word=%E6%B4%8B"
"ㄧㄤˊ","烊","","1","待補充","https://dict.concised.moe.edu.tw/searchP.jsp?SN=%E3%84%A7&SN2=%E3%84%A7%E3%84%A4%CB%8A&word=%E7%83%8A"
"ㄧㄤˊ","揚","","13","待補充","https://dict.concised.moe.edu.tw/searchP.jsp?SN=%E3%84%A7&SN2=%E3%84%A7%E3%84%A4%CB%8A&word=%E6%8F%9A"
"ㄧㄤˊ","陽","","20","待補充","https://dict.concised.moe.edu.tw/searchP.jsp?SN=%E3%84%A7&SN2=%E3%84%A7%E3%84%A4%CB%8A&word=%E9%99%BD"
"ㄧㄤˊ","楊","","3","待補充","https://dict.concised.moe.edu.tw/searchP.jsp?SN=%E3%84%A7&SN2=%E3%84%A7%E3%84%A4%CB%8A&word=%E6%A5%8A"
"ㄧㄤˊ","煬","","1","待補充","https://dict.concised.moe.edu.tw/searchP.jsp?SN=%E3%84%A7&SN2=%E3%84%A7%E3%84%A4%CB%8A&word=%E7%85%AC"
"ㄧㄤˊ","瘍","","1","待補充","https://dict.concised.moe.edu.tw/searchP.jsp?SN=%E3%84%A7&SN2=%E3%84%A7%E3%84%A4%CB%8A&word=%E7%98%8D"
"ㄧㄤˊ","颺","","1","待補充","https://dict.concised.moe.edu.tw/searchP.jsp?SN=%E3%84%A7&SN2=%E3%84%A7%E3%84%A4%CB%8A&word=%E9%A2%BA"
"ㄧㄤˋ","怏","","2","待補充","https://dict.concised.moe.edu.tw/searchP.jsp?SN=%E3%84%A7&SN2=%E3%84%A7%E3%84%A4%CB%8B&word=%E6%80%8F"
"ㄧㄤˋ","恙","","1","待補充","https://dict.concised.moe.edu.tw/searchP.jsp?SN=%E3%84%A7&SN2=%E3%84%A7%E3%84%A4%CB%8B&word=%E6%81%99"
"ㄧㄤˋ","漾","","1","待補充","https://dict.concised.moe.edu.tw/searchP.jsp?SN=%E3%84%A7&SN2=%E3%84%A7%E3%84%A4%CB%8B&word=%E6%BC%BE"
"ㄧㄤˋ","樣","","9","待補充","https://dict.concised.moe.edu.tw/searchP.jsp?SN=%E3%84%A7&SN2=%E3%84%A7%E3%84%A4%CB%8B&word=%E6%A8%A3"
"ㄧㄤˋ","養","","2","待補充","https://dict.concised.moe.edu.tw/searchP.jsp?SN=%E3%84%A7&SN2=%E3%84%A7%E3%84%A4%CB%8B&word=%E9%A4%8A"
"ㄧㄥ","英","","20","待補充","https://dict.concised.moe.edu.tw/searchP.jsp?SN=%E3%84%A7&SN2=%E3%84%A7%E3%84%A5&word=%E8%8B%B1"
"ㄧㄥ","瑛","","1","待補充","https://dict.concised.moe.edu.tw/searchP.jsp?SN=%E3%84%A7&SN2=%E3%84%A7%E3%84%A5&word=%E7%91%9B"
"ㄧㄥ","嬰","","3","待補充","https://dict.concised.moe.edu.tw/searchP.jsp?SN=%E3%84%A7&SN2=%E3%84%A7%E3%84%A5&word=%E5%AC%B0"
"ㄧㄥ","應","","18","待補充","https://dict.concised.moe.edu.tw/searchP.jsp?SN=%E3%84%A7&SN2=%E3%84%A7%E3%84%A5&word=%E6%87%89"
"ㄧㄥ","膺","","3","待補充","https://dict.concised.moe.edu.tw/searchP.jsp?SN=%E3%84%A7&SN2=%E3%84%A7%E3%84%A5&word=%E8%86%BA"
"ㄧㄥ","嚶","","2","待補充","https://dict.concised.moe.edu.tw/searchP.jsp?SN=%E3%84%A7&SN2=%E3%84%A7%E3%84%A5&word=%E5%9A%B6"
"ㄧㄥ","罌","","3","待補充","https://dict.concised.moe.edu.tw/searchP.jsp?SN=%E3%84%A7&SN2=%E3%84%A7%E3%84%A5&word=%E7%BD%8C"
"ㄧㄥ","櫻","","5","待補充","https://dict.concised.moe.edu.tw/searchP.jsp?SN=%E3%84%A7&SN2=%E3%84%A7%E3%84%A5&word=%E6%AB%BB"
"ㄧㄥ","瓔","","2","待補充","https://dict.concised.moe.edu.tw/searchP.jsp?SN=%E3%84%A7&SN2=%E3%84%A7%E3%84%A5&word=%E7%93%94"
"ㄧㄥ","鶯","","3","待補充","https://dict.concised.moe.edu.tw/searchP.jsp?SN=%E3%84%A7&SN2=%E3%84%A7%E3%84%A5&word=%E9%B6%AF"
"ㄧㄥ","纓","","1","待補充","https://dict.concised.moe.edu.tw/searchP.jsp?SN=%E3%84%A7&SN2=%E3%84%A7%E3%84%A5&word=%E7%BA%93"
"ㄧㄥ","鷹","","7","待補充","https://dict.concised.moe.edu.tw/searchP.jsp?SN=%E3%84%A7&SN2=%E3%84%A7%E3%84%A5&word=%E9%B7%B9"
"ㄧㄥ","鸚","","4","待補充","https://dict.concised.moe.edu.tw/searchP.jsp?SN=%E3%84%A7&SN2=%E3%84%A7%E3%84%A5&word=%E9%B8%9A"
"ㄧㄥˇ","郢","","1","待補充","https://dict.concised.moe.edu.tw/searchP.jsp?SN=%E3%84%A7&SN2=%E3%84%A7%E3%84%A5%CB%87&word=%E9%83%A2"
"ㄧㄥˇ","景","","10","待補充","https://dict.concised.moe.edu.tw/searchP.jsp?SN=%E3%84%A7&SN2=%E3%84%A7%E3%84%A5%CB%87&word=%E6%99%AF"
"ㄧㄥˇ","影","","20","待補充","https://dict.concised.moe.edu.tw/searchP.jsp?SN=%E3%84%A7&SN2=%E3%84%A7%E3%84%A5%CB%87&word=%E5%BD%B1"
"ㄧㄥˇ","潁","","1","待補充","https://dict.concised.moe.edu.tw/searchP.jsp?SN=%E3%84%A7&SN2=%E3%84%A7%E3%84%A5%CB%87&word=%E6%BD%81"
"ㄧㄥˇ","穎","","1","待補充","https://dict.concised.moe.edu.tw/searchP.jsp?SN=%E3%84%A7&SN2=%E3%84%A7%E3%84%A5%CB%87&word=%E7%A9%8E"
"ㄧㄥˊ","迎","","16","待補充","https://dict.concised.moe.edu.tw/searchP.jsp?SN=%E3%84%A7&SN2=%E3%84%A7%E3%84%A5%CB%8A&word=%E8%BF%8E"
"ㄧㄥˊ","盈","","5","待補充","https://dict.concised.moe.edu.tw/searchP.jsp?SN=%E3%84%A7&SN2=%E3%84%A7%E3%84%A5%CB%8A&word=%E7%9B%88"
"ㄧㄥˊ","塋","","1","待補充","https://dict.concised.moe.edu.tw/searchP.jsp?SN=%E3%84%A7&SN2=%E3%84%A7%E3%84%A5%CB%8A&word=%E5%A1%8B"
"ㄧㄥˊ","楹","","2","待補充","https://dict.concised.moe.edu.tw/searchP.jsp?SN=%E3%84%A7&SN2=%E3%84%A7%E3%84%A5%CB%8A&word=%E6%A5%B9"
"ㄧㄥˊ","熒","","1","待補充","https://dict.concised.moe.edu.tw/searchP.jsp?SN=%E3%84%A7&SN2=%E3%84%A7%E3%84%A5%CB%8A&word=%E7%86%92"
"ㄧㄥˊ","瑩","","1","待補充","https://dict.concised.moe.edu.tw/searchP.jsp?SN=%E3%84%A7&SN2=%E3%84%A7%E3%84%A5%CB%8A&word=%E7%91%A9"
"ㄧㄥˊ","嬴","","1","待補充","https://dict.concised.moe.edu.tw/searchP.jsp?SN=%E3%84%A7&SN2=%E3%84%A7%E3%84%A5%CB%8A&word=%E5%AC%B4"
"ㄧㄥˊ","縈","","2","待補充","https://dict.concised.moe.edu.tw/searchP.jsp?SN=%E3%84%A7&SN2=%E3%84%A7%E3%84%A5%CB%8A&word=%E7%B8%88"
"ㄧㄥˊ","螢","","6","待補充","https://dict.concised.moe.edu.tw/searchP.jsp?SN=%E3%84%A7&SN2=%E3%84%A7%E3%84%A5%CB%8A&word=%E8%9E%A2"
"ㄧㄥˊ","營","","20","待補充","https://dict.concised.moe.edu.tw/searchP.jsp?SN=%E3%84%A7&SN2=%E3%84%A7%E3%84%A5%CB%8A&word=%E7%87%9F"
"ㄧㄥˊ","瀛","","1","待補充","https://dict.concised.moe.edu.tw/searchP.jsp?SN=%E3%84%A7&SN2=%E3%84%A7%E3%84%A5%CB%8A&word=%E7%80%9B"
"ㄧㄥˊ","蠅","","4","待補充","https://dict.concised.moe.edu.tw/searchP.jsp?SN=%E3%84%A7&SN2=%E3%84%A7%E3%84%A5%CB%8A&word=%E8%A0%85"
"ㄧㄥˊ","贏","","6","待補充","https://dict.concised.moe.edu.tw/searchP.jsp?SN=%E3%84%A7&SN2=%E3%84%A7%E3%84%A5%CB%8A&word=%E8%B4%8F"
"ㄧㄥˋ","映","","6","待補充","https://dict.concised.moe.edu.tw/searchP.jsp?SN=%E3%84%A7&SN2=%E3%84%A7%E3%84%A5%CB%8B&word=%E6%98%A0"
"ㄧㄥˋ","硬","","20","待補充","https://dict.concised.moe.edu.tw/searchP.jsp?SN=%E3%84%A7&SN2=%E3%84%A7%E3%84%A5%CB%8B&word=%E7%A1%AC"
"ㄧㄥˋ","應","","20","待補充","https://dict.concised.moe.edu.tw/searchP.jsp?SN=%E3%84%A7&SN2=%E3%84%A7%E3%84%A5%CB%8B&word=%E6%87%89"
"ㄨ","汙","","13","待補充","https://dict.concised.moe.edu.tw/searchP.jsp?SN=%E3%84%A8&SN2=%E3%84%A8&word=%E6%B1%99"
"ㄨ","污","","1","待補充","https://dict.concised.moe.edu.tw/searchP.jsp?SN=%E3%84%A8&SN2=%E3%84%A8&word=%E6%B1%A1"
"ㄨ","巫","","6","待補充","https://dict.concised.moe.edu.tw/searchP.jsp?SN=%E3%84%A8&SN2=%E3%84%A8&word=%E5%B7%AB"
"ㄨ","於","","6","待補充","https://dict.concised.moe.edu.tw/searchP.jsp?SN=%E3%84%A8&SN2=%E3%84%A8&word=%E6%96%BC"
"ㄨ","屋","","8","待補充","https://dict.concised.moe.edu.tw/searchP.jsp?SN=%E3%84%A8&SN2=%E3%84%A8&word=%E5%B1%8B"
"ㄨ","烏","烏龜","20","已有可用詞","https://dict.concised.moe.edu.tw/searchP.jsp?SN=%E3%84%A8&SN2=%E3%84%A8&word=%E7%83%8F"
"ㄨ","惡","","10","待補充","https://dict.concised.moe.edu.tw/searchP.jsp?SN=%E3%84%A8&SN2=%E3%84%A8&word=%E6%83%A1"
"ㄨ","嗚","","4","待補充","https://dict.concised.moe.edu.tw/searchP.jsp?SN=%E3%84%A8&SN2=%E3%84%A8&word=%E5%97%9A"
"ㄨ","鄔","","1","待補充","https://dict.concised.moe.edu.tw/searchP.jsp?SN=%E3%84%A8&SN2=%E3%84%A8&word=%E9%84%94"
"ㄨ","誣","","6","待補充","https://dict.concised.moe.edu.tw/searchP.jsp?SN=%E3%84%A8&SN2=%E3%84%A8&word=%E8%AA%A3"
"ㄨ","鎢","","1","待補充","https://dict.concised.moe.edu.tw/searchP.jsp?SN=%E3%84%A8&SN2=%E3%84%A8&word=%E9%8E%A2"
"ㄨˇ","五","","20","待補充","https://dict.concised.moe.edu.tw/searchP.jsp?SN=%E3%84%A8&SN2=%E3%84%A8%CB%87&word=%E4%BA%94"
"ㄨˇ","午","午餐","9","已有可用詞","https://dict.concised.moe.edu.tw/searchP.jsp?SN=%E3%84%A8&SN2=%E3%84%A8%CB%87&word=%E5%8D%88"
"ㄨˇ","伍","","1","待補充","https://dict.concised.moe.edu.tw/searchP.jsp?SN=%E3%84%A8&SN2=%E3%84%A8%CB%87&word=%E4%BC%8D"
"ㄨˇ","忤","","2","待補充","https://dict.concised.moe.edu.tw/searchP.jsp?SN=%E3%84%A8&SN2=%E3%84%A8%CB%87&word=%E5%BF%A4"
"ㄨˇ","武","","20","待補充","https://dict.concised.moe.edu.tw/searchP.jsp?SN=%E3%84%A8&SN2=%E3%84%A8%CB%87&word=%E6%AD%A6"
"ㄨˇ","迕","","1","待補充","https://dict.concised.moe.edu.tw/searchP.jsp?SN=%E3%84%A8&SN2=%E3%84%A8%CB%87&word=%E8%BF%95"
"ㄨˇ","侮","","4","待補充","https://dict.concised.moe.edu.tw/searchP.jsp?SN=%E3%84%A8&SN2=%E3%84%A8%CB%87&word=%E4%BE%AE"
"ㄨˇ","捂","","1","待補充","https://dict.concised.moe.edu.tw/searchP.jsp?SN=%E3%84%A8&SN2=%E3%84%A8%CB%87&word=%E6%8D%82"
"ㄨˇ","牾","","1","待補充","https://dict.concised.moe.edu.tw/searchP.jsp?SN=%E3%84%A8&SN2=%E3%84%A8%CB%87&word=%E7%89%BE"
"ㄨˇ","摀","","2","待補充","https://dict.concised.moe.edu.tw/searchP.jsp?SN=%E3%84%A8&SN2=%E3%84%A8%CB%87&word=%E6%91%80"
"ㄨˇ","舞","","20","待補充","https://dict.concised.moe.edu.tw/searchP.jsp?SN=%E3%84%A8&SN2=%E3%84%A8%CB%87&word=%E8%88%9E"
"ㄨˇ","嫵","","2","待補充","https://dict.concised.moe.edu.tw/searchP.jsp?SN=%E3%84%A8&SN2=%E3%84%A8%CB%87&word=%E5%AB%B5"
"ㄨˇ","廡","","1","待補充","https://dict.concised.moe.edu.tw/searchP.jsp?SN=%E3%84%A8&SN2=%E3%84%A8%CB%87&word=%E5%BB%A1"
"ㄨˇ","鵡","","1","待補充","https://dict.concised.moe.edu.tw/searchP.jsp?SN=%E3%84%A8&SN2=%E3%84%A8%CB%87&word=%E9%B5%A1"
"ㄨˊ","亡","","3","待補充","https://dict.concised.moe.edu.tw/searchP.jsp?SN=%E3%84%A8&SN2=%E3%84%A8%CB%8A&word=%E4%BA%A1"
"ㄨˊ","毋","","6","待補充","https://dict.concised.moe.edu.tw/searchP.jsp?SN=%E3%84%A8&SN2=%E3%84%A8%CB%8A&word=%E6%AF%8B"
"ㄨˊ","吳","","3","待補充","https://dict.concised.moe.edu.tw/searchP.jsp?SN=%E3%84%A8&SN2=%E3%84%A8%CB%8A&word=%E5%90%B3"
"ㄨˊ","吾","","2","待補充","https://dict.concised.moe.edu.tw/searchP.jsp?SN=%E3%84%A8&SN2=%E3%84%A8%CB%8A&word=%E5%90%BE"
"ㄨˊ","唔","","1","待補充","https://dict.concised.moe.edu.tw/searchP.jsp?SN=%E3%84%A8&SN2=%E3%84%A8%CB%8A&word=%E5%94%94"
"ㄨˊ","梧","","2","待補充","https://dict.concised.moe.edu.tw/searchP.jsp?SN=%E3%84%A8&SN2=%E3%84%A8%CB%8A&word=%E6%A2%A7"
"ㄨˊ","無","","20","待補充","https://dict.concised.moe.edu.tw/searchP.jsp?SN=%E3%84%A8&SN2=%E3%84%A8%CB%8A&word=%E7%84%A1"
"ㄨˊ","蜈","","2","待補充","https://dict.concised.moe.edu.tw/searchP.jsp?SN=%E3%84%A8&SN2=%E3%84%A8%CB%8A&word=%E8%9C%88"
"ㄨˊ","鋙","","1","待補充","https://dict.concised.moe.edu.tw/searchP.jsp?SN=%E3%84%A8&SN2=%E3%84%A8%CB%8A&word=%E9%8B%99"
"ㄨˊ","蕪","","3","待補充","https://dict.concised.moe.edu.tw/searchP.jsp?SN=%E3%84%A8&SN2=%E3%84%A8%CB%8A&word=%E8%95%AA"
"ㄨˊ","鼯","","2","待補充","https://dict.concised.moe.edu.tw/searchP.jsp?SN=%E3%84%A8&SN2=%E3%84%A8%CB%8A&word=%E9%BC%AF"
"ㄨˋ","兀","","5","待補充","https://dict.concised.moe.edu.tw/searchP.jsp?SN=%E3%84%A8&SN2=%E3%84%A8%CB%8B&word=%E5%85%80"
"ㄨˋ","勿","","2","待補充","https://dict.concised.moe.edu.tw/searchP.jsp?SN=%E3%84%A8&SN2=%E3%84%A8%CB%8B&word=%E5%8B%BF"
"ㄨˋ","戊","","1","待補充","https://dict.concised.moe.edu.tw/searchP.jsp?SN=%E3%84%A8&SN2=%E3%84%A8%CB%8B&word=%E6%88%8A"
"ㄨˋ","屼","","1","待補充","https://dict.concised.moe.edu.tw/searchP.jsp?SN=%E3%84%A8&SN2=%E3%84%A8%CB%8B&word=%E5%B1%BC"
"ㄨˋ","阢","","2","待補充","https://dict.concised.moe.edu.tw/searchP.jsp?SN=%E3%84%A8&SN2=%E3%84%A8%CB%8B&word=%E9%98%A2"
"ㄨˋ","杌","","1","待補充","https://dict.concised.moe.edu.tw/searchP.jsp?SN=%E3%84%A8&SN2=%E3%84%A8%CB%8B&word=%E6%9D%8C"
"ㄨˋ","物","","20","待補充","https://dict.concised.moe.edu.tw/searchP.jsp?SN=%E3%84%A8&SN2=%E3%84%A8%CB%8B&word=%E7%89%A9"
"ㄨˋ","悟","","4","待補充","https://dict.concised.moe.edu.tw/searchP.jsp?SN=%E3%84%A8&SN2=%E3%84%A8%CB%8B&word=%E6%82%9F"
"ㄨˋ","務","","7","待補充","https://dict.concised.moe.edu.tw/searchP.jsp?SN=%E3%84%A8&SN2=%E3%84%A8%CB%8B&word=%E5%8B%99"
"ㄨˋ","晤","","4","待補充","https://dict.concised.moe.edu.tw/searchP.jsp?SN=%E3%84%A8&SN2=%E3%84%A8%CB%8B&word=%E6%99%A4"
"ㄨˋ","惡","","1","待補充","https://dict.concised.moe.edu.tw/searchP.jsp?SN=%E3%84%A8&SN2=%E3%84%A8%CB%8B&word=%E6%83%A1"
"ㄨˋ","塢","","1","待補充","https://dict.concised.moe.edu.tw/searchP.jsp?SN=%E3%84%A8&SN2=%E3%84%A8%CB%8B&word=%E5%A1%A2"
"ㄨˋ","寤","","2","待補充","https://dict.concised.moe.edu.tw/searchP.jsp?SN=%E3%84%A8&SN2=%E3%84%A8%CB%8B&word=%E5%AF%A4"
"ㄨˋ","誤","","18","待補充","https://dict.concised.moe.edu.tw/searchP.jsp?SN=%E3%84%A8&SN2=%E3%84%A8%CB%8B&word=%E8%AA%A4"
"ㄨˋ","霧","","3","待補充","https://dict.concised.moe.edu.tw/searchP.jsp?SN=%E3%84%A8&SN2=%E3%84%A8%CB%8B&word=%E9%9C%A7"
"ㄨˋ","騖","","1","待補充","https://dict.concised.moe.edu.tw/searchP.jsp?SN=%E3%84%A8&SN2=%E3%84%A8%CB%8B&word=%E9%A8%96"
"ㄨˋ","鶩","","1","待補充","https://dict.concised.moe.edu.tw/searchP.jsp?SN=%E3%84%A8&SN2=%E3%84%A8%CB%8B&word=%E9%B6%A9"
"ㄨㄚ","哇","","2","待補充","https://dict.concised.moe.edu.tw/searchP.jsp?SN=%E3%84%A8&SN2=%E3%84%A8%E3%84%9A&word=%E5%93%87"
"ㄨㄚ","挖","","9","待補充","https://dict.concised.moe.edu.tw/searchP.jsp?SN=%E3%84%A8&SN2=%E3%84%A8%E3%84%9A&word=%E6%8C%96"
"ㄨㄚ","媧","","1","待補充","https://dict.concised.moe.edu.tw/searchP.jsp?SN=%E3%84%A8&SN2=%E3%84%A8%E3%84%9A&word=%E5%AA%A7"
"ㄨㄚ","蛙","","5","待補充","https://dict.concised.moe.edu.tw/searchP.jsp?SN=%E3%84%A8&SN2=%E3%84%A8%E3%84%9A&word=%E8%9B%99"
"ㄨㄚ","窪","","2","待補充","https://dict.concised.moe.edu.tw/searchP.jsp?SN=%E3%84%A8&SN2=%E3%84%A8%E3%84%9A&word=%E7%AA%AA"
"ㄨㄚˇ","瓦","","11","待補充","https://dict.concised.moe.edu.tw/searchP.jsp?SN=%E3%84%A8&SN2=%E3%84%A8%E3%84%9A%CB%87&word=%E7%93%A6"
"ㄨㄚˊ","娃","","3","待補充","https://dict.concised.moe.edu.tw/searchP.jsp?SN=%E3%84%A8&SN2=%E3%84%A8%E3%84%9A%CB%8A&word=%E5%A8%83"
"ㄨㄚˋ","襪","","2","待補充","https://dict.concised.moe.edu.tw/searchP.jsp?SN=%E3%84%A8&SN2=%E3%84%A8%E3%84%9A%CB%8B&word=%E8%A5%AA"
"ㄨㄛ","渦","","3","待補充","https://dict.concised.moe.edu.tw/searchP.jsp?SN=%E3%84%A8&SN2=%E3%84%A8%E3%84%9B&word=%E6%B8%A6"
"ㄨㄛ","萵","","2","待補充","https://dict.concised.moe.edu.tw/searchP.jsp?SN=%E3%84%A8&SN2=%E3%84%A8%E3%84%9B&word=%E8%90%B5"
"ㄨㄛ","窩","","5","待補充","https://dict.concised.moe.edu.tw/searchP.jsp?SN=%E3%84%A8&SN2=%E3%84%A8%E3%84%9B&word=%E7%AA%A9"
"ㄨㄛˇ","我","","6","待補充","https://dict.concised.moe.edu.tw/searchP.jsp?SN=%E3%84%A8&SN2=%E3%84%A8%E3%84%9B%CB%87&word=%E6%88%91"
"ㄨㄛˋ","沃","","4","待補充","https://dict.concised.moe.edu.tw/searchP.jsp?SN=%E3%84%A8&SN2=%E3%84%A8%E3%84%9B%CB%8B&word=%E6%B2%83"
"ㄨㄛˋ","臥","","12","待補充","https://dict.concised.moe.edu.tw/searchP.jsp?SN=%E3%84%A8&SN2=%E3%84%A8%E3%84%9B%CB%8B&word=%E8%87%A5"
"ㄨㄛˋ","喔","","1","待補充","https://dict.concised.moe.edu.tw/searchP.jsp?SN=%E3%84%A8&SN2=%E3%84%A8%E3%84%9B%CB%8B&word=%E5%96%94"
"ㄨㄛˋ","幄","","1","待補充","https://dict.concised.moe.edu.tw/searchP.jsp?SN=%E3%84%A8&SN2=%E3%84%A8%E3%84%9B%CB%8B&word=%E5%B9%84"
"ㄨㄛˋ","握","","5","待補充","https://dict.concised.moe.edu.tw/searchP.jsp?SN=%E3%84%A8&SN2=%E3%84%A8%E3%84%9B%CB%8B&word=%E6%8F%A1"
"ㄨㄛˋ","渥","","1","待補充","https://dict.concised.moe.edu.tw/searchP.jsp?SN=%E3%84%A8&SN2=%E3%84%A8%E3%84%9B%CB%8B&word=%E6%B8%A5"
"ㄨㄛˋ","斡","","2","待補充","https://dict.concised.moe.edu.tw/searchP.jsp?SN=%E3%84%A8&SN2=%E3%84%A8%E3%84%9B%CB%8B&word=%E6%96%A1"
"ㄨㄛˋ","齷","","2","待補充","https://dict.concised.moe.edu.tw/searchP.jsp?SN=%E3%84%A8&SN2=%E3%84%A8%E3%84%9B%CB%8B&word=%E9%BD%B7"
"ㄨㄞ","歪","","8","待補充","https://dict.concised.moe.edu.tw/searchP.jsp?SN=%E3%84%A8&SN2=%E3%84%A8%E3%84%9E&word=%E6%AD%AA"
"ㄨㄞˇ","歪","","1","待補充","https://dict.concised.moe.edu.tw/searchP.jsp?SN=%E3%84%A8&SN2=%E3%84%A8%E3%84%9E%CB%87&word=%E6%AD%AA"
"ㄨㄞˋ","外","","20","待補充","https://dict.concised.moe.edu.tw/searchP.jsp?SN=%E3%84%A8&SN2=%E3%84%A8%E3%84%9E%CB%8B&word=%E5%A4%96"
"ㄨㄟ","委","","19","待補充","https://dict.concised.moe.edu.tw/searchP.jsp?SN=%E3%84%A8&SN2=%E3%84%A8%E3%84%9F&word=%E5%A7%94"
"ㄨㄟ","威","","20","待補充","https://dict.concised.moe.edu.tw/searchP.jsp?SN=%E3%84%A8&SN2=%E3%84%A8%E3%84%9F&word=%E5%A8%81"
"ㄨㄟ","偎","","1","待補充","https://dict.concised.moe.edu.tw/searchP.jsp?SN=%E3%84%A8&SN2=%E3%84%A8%E3%84%9F&word=%E5%81%8E"
"ㄨㄟ","崴","","2","待補充","https://dict.concised.moe.edu.tw/searchP.jsp?SN=%E3%84%A8&SN2=%E3%84%A8%E3%84%9F&word=%E5%B4%B4"
"ㄨㄟ","萎","","3","待補充","https://dict.concised.moe.edu.tw/searchP.jsp?SN=%E3%84%A8&SN2=%E3%84%A8%E3%84%9F&word=%E8%90%8E"
"ㄨㄟ","逶","","2","待補充","https://dict.concised.moe.edu.tw/searchP.jsp?SN=%E3%84%A8&SN2=%E3%84%A8%E3%84%9F&word=%E9%80%B6"
"ㄨㄟ","隈","","1","待補充","https://dict.concised.moe.edu.tw/searchP.jsp?SN=%E3%84%A8&SN2=%E3%84%A8%E3%84%9F&word=%E9%9A%88"
"ㄨㄟ","葳","","2","待補充","https://dict.concised.moe.edu.tw/searchP.jsp?SN=%E3%84%A8&SN2=%E3%84%A8%E3%84%9F&word=%E8%91%B3"
"ㄨㄟˇ","尾","","10","待補充","https://dict.concised.moe.edu.tw/searchP.jsp?SN=%E3%84%A8&SN2=%E3%84%A8%E3%84%9F%CB%87&word=%E5%B0%BE"
"ㄨㄟˇ","委","","19","待補充","https://dict.concised.moe.edu.tw/searchP.jsp?SN=%E3%84%A8&SN2=%E3%84%A8%E3%84%9F%CB%87&word=%E5%A7%94"
"ㄨㄟˇ","娓","","4","待補充","https://dict.concised.moe.edu.tw/searchP.jsp?SN=%E3%84%A8&SN2=%E3%84%A8%E3%84%9F%CB%87&word=%E5%A8%93"
"ㄨㄟˇ","偉","","4","待補充","https://dict.concised.moe.edu.tw/searchP.jsp?SN=%E3%84%A8&SN2=%E3%84%A8%E3%84%9F%CB%87&word=%E5%81%89"
"ㄨㄟˇ","猥","","3","待補充","https://dict.concised.moe.edu.tw/searchP.jsp?SN=%E3%84%A8&SN2=%E3%84%A8%E3%84%9F%CB%87&word=%E7%8C%A5"
"ㄨㄟˇ","煒","","1","待補充","https://dict.concised.moe.edu.tw/searchP.jsp?SN=%E3%84%A8&SN2=%E3%84%A8%E3%84%9F%CB%87&word=%E7%85%92"
"ㄨㄟˇ","瑋","","1","待補充","https://dict.concised.moe.edu.tw/searchP.jsp?SN=%E3%84%A8&SN2=%E3%84%A8%E3%84%9F%CB%87&word=%E7%91%8B"
"ㄨㄟˇ","痿","","1","待補充","https://dict.concised.moe.edu.tw/searchP.jsp?SN=%E3%84%A8&SN2=%E3%84%A8%E3%84%9F%CB%87&word=%E7%97%BF"
"ㄨㄟˇ","艉","","1","待補充","https://dict.concised.moe.edu.tw/searchP.jsp?SN=%E3%84%A8&SN2=%E3%84%A8%E3%84%9F%CB%87&word=%E8%89%89"
"ㄨㄟˇ","葦","","1","待補充","https://dict.concised.moe.edu.tw/searchP.jsp?SN=%E3%84%A8&SN2=%E3%84%A8%E3%84%9F%CB%87&word=%E8%91%A6"
"ㄨㄟˇ","緯","","3","待補充","https://dict.concised.moe.edu.tw/searchP.jsp?SN=%E3%84%A8&SN2=%E3%84%A8%E3%84%9F%CB%87&word=%E7%B7%AF"
"ㄨㄟˇ","諉","","2","待補充","https://dict.concised.moe.edu.tw/searchP.jsp?SN=%E3%84%A8&SN2=%E3%84%A8%E3%84%9F%CB%87&word=%E8%AB%89"
"ㄨㄟˇ","鮪","","2","待補充","https://dict.concised.moe.edu.tw/searchP.jsp?SN=%E3%84%A8&SN2=%E3%84%A8%E3%84%9F%CB%87&word=%E9%AE%AA"
"ㄨㄟˇ","韙","","1","待補充","https://dict.concised.moe.edu.tw/searchP.jsp?SN=%E3%84%A8&SN2=%E3%84%A8%E3%84%9F%CB%87&word=%E9%9F%99"
"ㄨㄟˊ","危","","16","待補充","https://dict.concised.moe.edu.tw/searchP.jsp?SN=%E3%84%A8&SN2=%E3%84%A8%E3%84%9F%CB%8A&word=%E5%8D%B1"
"ㄨㄟˊ","為","","18","待補充","https://dict.concised.moe.edu.tw/searchP.jsp?SN=%E3%84%A8&SN2=%E3%84%A8%E3%84%9F%CB%8A&word=%E7%82%BA"
"ㄨㄟˊ","韋","","1","待補充","https://dict.concised.moe.edu.tw/searchP.jsp?SN=%E3%84%A8&SN2=%E3%84%A8%E3%84%9F%CB%8A&word=%E9%9F%8B"
"ㄨㄟˊ","桅","","2","待補充","https://dict.concised.moe.edu.tw/searchP.jsp?SN=%E3%84%A8&SN2=%E3%84%A8%E3%84%9F%CB%8A&word=%E6%A1%85"
"ㄨㄟˊ","唯","","13","待補充","https://dict.concised.moe.edu.tw/searchP.jsp?SN=%E3%84%A8&SN2=%E3%84%A8%E3%84%9F%CB%8A&word=%E5%94%AF"
"ㄨㄟˊ","帷","","2","待補充","https://dict.concised.moe.edu.tw/searchP.jsp?SN=%E3%84%A8&SN2=%E3%84%A8%E3%84%9F%CB%8A&word=%E5%B8%B7"
"ㄨㄟˊ","惟","","1","待補充","https://dict.concised.moe.edu.tw/searchP.jsp?SN=%E3%84%A8&SN2=%E3%84%A8%E3%84%9F%CB%8A&word=%E6%83%9F"
"ㄨㄟˊ","圍","","18","待補充","https://dict.concised.moe.edu.tw/searchP.jsp?SN=%E3%84%A8&SN2=%E3%84%A8%E3%84%9F%CB%8A&word=%E5%9C%8D"
"ㄨㄟˊ","幃","","1","待補充","https://dict.concised.moe.edu.tw/searchP.jsp?SN=%E3%84%A8&SN2=%E3%84%A8%E3%84%9F%CB%8A&word=%E5%B9%83"
"ㄨㄟˊ","嵬","","1","待補充","https://dict.concised.moe.edu.tw/searchP.jsp?SN=%E3%84%A8&SN2=%E3%84%A8%E3%84%9F%CB%8A&word=%E5%B5%AC"
"ㄨㄟˊ","微","","20","待補充","https://dict.concised.moe.edu.tw/searchP.jsp?SN=%E3%84%A8&SN2=%E3%84%A8%E3%84%9F%CB%8A&word=%E5%BE%AE"
"ㄨㄟˊ","違","","20","待補充","https://dict.concised.moe.edu.tw/searchP.jsp?SN=%E3%84%A8&SN2=%E3%84%A8%E3%84%9F%CB%8A&word=%E9%81%95"
"ㄨㄟˊ","維","","12","待補充","https://dict.concised.moe.edu.tw/searchP.jsp?SN=%E3%84%A8&SN2=%E3%84%A8%E3%84%9F%CB%8A&word=%E7%B6%AD"
"ㄨㄟˊ","薇","","1","待補充","https://dict.concised.moe.edu.tw/searchP.jsp?SN=%E3%84%A8&SN2=%E3%84%A8%E3%84%9F%CB%8A&word=%E8%96%87"
"ㄨㄟˊ","闈","","2","待補充","https://dict.concised.moe.edu.tw/searchP.jsp?SN=%E3%84%A8&SN2=%E3%84%A8%E3%84%9F%CB%8A&word=%E9%97%88"
"ㄨㄟˊ","巍","","3","待補充","https://dict.concised.moe.edu.tw/searchP.jsp?SN=%E3%84%A8&SN2=%E3%84%A8%E3%84%9F%CB%8A&word=%E5%B7%8D"
"ㄨㄟˋ","未","","20","待補充","https://dict.concised.moe.edu.tw/searchP.jsp?SN=%E3%84%A8&SN2=%E3%84%A8%E3%84%9F%CB%8B&word=%E6%9C%AA"
"ㄨㄟˋ","位","","10","待補充","https://dict.concised.moe.edu.tw/searchP.jsp?SN=%E3%84%A8&SN2=%E3%84%A8%E3%84%9F%CB%8B&word=%E4%BD%8D"
"ㄨㄟˋ","味","味道","8","已有可用詞","https://dict.concised.moe.edu.tw/searchP.jsp?SN=%E3%84%A8&SN2=%E3%84%A8%E3%84%9F%CB%8B&word=%E5%91%B3"
"ㄨㄟˋ","為","","9","待補充","https://dict.concised.moe.edu.tw/searchP.jsp?SN=%E3%84%A8&SN2=%E3%84%A8%E3%84%9F%CB%8B&word=%E7%82%BA"
"ㄨㄟˋ","畏","","12","待補充","https://dict.concised.moe.edu.tw/searchP.jsp?SN=%E3%84%A8&SN2=%E3%84%A8%E3%84%9F%CB%8B&word=%E7%95%8F"
"ㄨㄟˋ","胃","","7","待補充","https://dict.concised.moe.edu.tw/searchP.jsp?SN=%E3%84%A8&SN2=%E3%84%A8%E3%84%9F%CB%8B&word=%E8%83%83"
"ㄨㄟˋ","偽","","7","待補充","https://dict.concised.moe.edu.tw/searchP.jsp?SN=%E3%84%A8&SN2=%E3%84%A8%E3%84%9F%CB%8B&word=%E5%81%BD"
"ㄨㄟˋ","尉","","1","待補充","https://dict.concised.moe.edu.tw/searchP.jsp?SN=%E3%84%A8&SN2=%E3%84%A8%E3%84%9F%CB%8B&word=%E5%B0%89"
"ㄨㄟˋ","喂","","1","待補充","https://dict.concised.moe.edu.tw/searchP.jsp?SN=%E3%84%A8&SN2=%E3%84%A8%E3%84%9F%CB%8B&word=%E5%96%82"
"ㄨㄟˋ","渭","","1","待補充","https://dict.concised.moe.edu.tw/searchP.jsp?SN=%E3%84%A8&SN2=%E3%84%A8%E3%84%9F%CB%8B&word=%E6%B8%AD"
"ㄨㄟˋ","慰","","6","待補充","https://dict.concised.moe.edu.tw/searchP.jsp?SN=%E3%84%A8&SN2=%E3%84%A8%E3%84%9F%CB%8B&word=%E6%85%B0"
"ㄨㄟˋ","蔚","","6","待補充","https://dict.concised.moe.edu.tw/searchP.jsp?SN=%E3%84%A8&SN2=%E3%84%A8%E3%84%9F%CB%8B&word=%E8%94%9A"
"ㄨㄟˋ","蝟","","1","待補充","https://dict.concised.moe.edu.tw/searchP.jsp?SN=%E3%84%A8&SN2=%E3%84%A8%E3%84%9F%CB%8B&word=%E8%9D%9F"
"ㄨㄟˋ","衛","","16","待補充","https://dict.concised.moe.edu.tw/searchP.jsp?SN=%E3%84%A8&SN2=%E3%84%A8%E3%84%9F%CB%8B&word=%E8%A1%9B"
"ㄨㄟˋ","謂","","1","待補充","https://dict.concised.moe.edu.tw/searchP.jsp?SN=%E3%84%A8&SN2=%E3%84%A8%E3%84%9F%CB%8B&word=%E8%AC%82"
"ㄨㄟˋ","遺","","1","待補充","https://dict.concised.moe.edu.tw/searchP.jsp?SN=%E3%84%A8&SN2=%E3%84%A8%E3%84%9F%CB%8B&word=%E9%81%BA"
"ㄨㄟˋ","餵","","3","待補充","https://dict.concised.moe.edu.tw/searchP.jsp?SN=%E3%84%A8&SN2=%E3%84%A8%E3%84%9F%CB%8B&word=%E9%A4%B5"
"ㄨㄟˋ","魏","","1","待補充","https://dict.concised.moe.edu.tw/searchP.jsp?SN=%E3%84%A8&SN2=%E3%84%A8%E3%84%9F%CB%8B&word=%E9%AD%8F"
"ㄨㄢ","剜","","2","待補充","https://dict.concised.moe.edu.tw/searchP.jsp?SN=%E3%84%A8&SN2=%E3%84%A8%E3%84%A2&word=%E5%89%9C"
"ㄨㄢ","蜿","","2","待補充","https://dict.concised.moe.edu.tw/searchP.jsp?SN=%E3%84%A8&SN2=%E3%84%A8%E3%84%A2&word=%E8%9C%BF"
"ㄨㄢ","豌","","1","待補充","https://dict.concised.moe.edu.tw/searchP.jsp?SN=%E3%84%A8&SN2=%E3%84%A8%E3%84%A2&word=%E8%B1%8C"
"ㄨㄢ","彎","","6","待補充","https://dict.concised.moe.edu.tw/searchP.jsp?SN=%E3%84%A8&SN2=%E3%84%A8%E3%84%A2&word=%E5%BD%8E"
"ㄨㄢ","灣","","1","待補充","https://dict.concised.moe.edu.tw/searchP.jsp?SN=%E3%84%A8&SN2=%E3%84%A8%E3%84%A2&word=%E7%81%A3"
"ㄨㄢˇ","宛","","5","待補充","https://dict.concised.moe.edu.tw/searchP.jsp?SN=%E3%84%A8&SN2=%E3%84%A8%E3%84%A2%CB%87&word=%E5%AE%9B"
"ㄨㄢˇ","娩","","1","待補充","https://dict.concised.moe.edu.tw/searchP.jsp?SN=%E3%84%A8&SN2=%E3%84%A8%E3%84%A2%CB%87&word=%E5%A8%A9"
"ㄨㄢˇ","挽","","5","待補充","https://dict.concised.moe.edu.tw/searchP.jsp?SN=%E3%84%A8&SN2=%E3%84%A8%E3%84%A2%CB%87&word=%E6%8C%BD"
"ㄨㄢˇ","浣","","2","待補充","https://dict.concised.moe.edu.tw/searchP.jsp?SN=%E3%84%A8&SN2=%E3%84%A8%E3%84%A2%CB%87&word=%E6%B5%A3"
"ㄨㄢˇ","婉","","7","待補充","https://dict.concised.moe.edu.tw/searchP.jsp?SN=%E3%84%A8&SN2=%E3%84%A8%E3%84%A2%CB%87&word=%E5%A9%89"
"ㄨㄢˇ","晚","晚餐","20","已有可用詞","https://dict.concised.moe.edu.tw/searchP.jsp?SN=%E3%84%A8&SN2=%E3%84%A8%E3%84%A2%CB%87&word=%E6%99%9A"
"ㄨㄢˇ","莞","","2","待補充","https://dict.concised.moe.edu.tw/searchP.jsp?SN=%E3%84%A8&SN2=%E3%84%A8%E3%84%A2%CB%87&word=%E8%8E%9E"
"ㄨㄢˇ","琬","","1","待補充","https://dict.concised.moe.edu.tw/searchP.jsp?SN=%E3%84%A8&SN2=%E3%84%A8%E3%84%A2%CB%87&word=%E7%90%AC"
"ㄨㄢˇ","皖","","1","待補充","https://dict.concised.moe.edu.tw/searchP.jsp?SN=%E3%84%A8&SN2=%E3%84%A8%E3%84%A2%CB%87&word=%E7%9A%96"
"ㄨㄢˇ","畹","","1","待補充","https://dict.concised.moe.edu.tw/searchP.jsp?SN=%E3%84%A8&SN2=%E3%84%A8%E3%84%A2%CB%87&word=%E7%95%B9"
"ㄨㄢˇ","碗","","3","待補充","https://dict.concised.moe.edu.tw/searchP.jsp?SN=%E3%84%A8&SN2=%E3%84%A8%E3%84%A2%CB%87&word=%E7%A2%97"
"ㄨㄢˇ","綰","","1","待補充","https://dict.concised.moe.edu.tw/searchP.jsp?SN=%E3%84%A8&SN2=%E3%84%A8%E3%84%A2%CB%87&word=%E7%B6%B0"
"ㄨㄢˇ","輓","","4","待補充","https://dict.concised.moe.edu.tw/searchP.jsp?SN=%E3%84%A8&SN2=%E3%84%A8%E3%84%A2%CB%87&word=%E8%BC%93"
"ㄨㄢˊ","丸","","2","待補充","https://dict.concised.moe.edu.tw/searchP.jsp?SN=%E3%84%A8&SN2=%E3%84%A8%E3%84%A2%CB%8A&word=%E4%B8%B8"
"ㄨㄢˊ","完","","19","待補充","https://dict.concised.moe.edu.tw/searchP.jsp?SN=%E3%84%A8&SN2=%E3%84%A8%E3%84%A2%CB%8A&word=%E5%AE%8C"
"ㄨㄢˊ","玩","玩具","20","已有可用詞","https://dict.concised.moe.edu.tw/searchP.jsp?SN=%E3%84%A8&SN2=%E3%84%A8%E3%84%A2%CB%8A&word=%E7%8E%A9"
"ㄨㄢˊ","紈","","2","待補充","https://dict.concised.moe.edu.tw/searchP.jsp?SN=%E3%84%A8&SN2=%E3%84%A8%E3%84%A2%CB%8A&word=%E7%B4%88"
"ㄨㄢˊ","烷","","1","待補充","https://dict.concised.moe.edu.tw/searchP.jsp?SN=%E3%84%A8&SN2=%E3%84%A8%E3%84%A2%CB%8A&word=%E7%83%B7"
"ㄨㄢˊ","頑","","10","待補充","https://dict.concised.moe.edu.tw/searchP.jsp?SN=%E3%84%A8&SN2=%E3%84%A8%E3%84%A2%CB%8A&word=%E9%A0%91"
"ㄨㄢˋ","卍","","1","待補充","https://dict.concised.moe.edu.tw/searchP.jsp?SN=%E3%84%A8&SN2=%E3%84%A8%E3%84%A2%CB%8B&word=%E5%8D%8D"
"ㄨㄢˋ","惋","","2","待補充","https://dict.concised.moe.edu.tw/searchP.jsp?SN=%E3%84%A8&SN2=%E3%84%A8%E3%84%A2%CB%8B&word=%E6%83%8B"
"ㄨㄢˋ","腕","","4","待補充","https://dict.concised.moe.edu.tw/searchP.jsp?SN=%E3%84%A8&SN2=%E3%84%A8%E3%84%A2%CB%8B&word=%E8%85%95"
"ㄨㄢˋ","萬","","19","待補充","https://dict.concised.moe.edu.tw/searchP.jsp?SN=%E3%84%A8&SN2=%E3%84%A8%E3%84%A2%CB%8B&word=%E8%90%AC"
"ㄨㄢˋ","翫","","1","待補充","https://dict.concised.moe.edu.tw/searchP.jsp?SN=%E3%84%A8&SN2=%E3%84%A8%E3%84%A2%CB%8B&word=%E7%BF%AB"
"ㄨㄣ","塭","","1","待補充","https://dict.concised.moe.edu.tw/searchP.jsp?SN=%E3%84%A8&SN2=%E3%84%A8%E3%84%A3&word=%E5%A1%AD"
"ㄨㄣ","溫","","20","待補充","https://dict.concised.moe.edu.tw/searchP.jsp?SN=%E3%84%A8&SN2=%E3%84%A8%E3%84%A3&word=%E6%BA%AB"
"ㄨㄣ","瘟","","3","待補充","https://dict.concised.moe.edu.tw/searchP.jsp?SN=%E3%84%A8&SN2=%E3%84%A8%E3%84%A3&word=%E7%98%9F"
"ㄨㄣˇ","刎","","3","待補充","https://dict.concised.moe.edu.tw/searchP.jsp?SN=%E3%84%A8&SN2=%E3%84%A8%E3%84%A3%CB%87&word=%E5%88%8E"
"ㄨㄣˇ","吻","","2","待補充","https://dict.concised.moe.edu.tw/searchP.jsp?SN=%E3%84%A8&SN2=%E3%84%A8%E3%84%A3%CB%87&word=%E5%90%BB"
"ㄨㄣˇ","穩","","12","待補充","https://dict.concised.moe.edu.tw/searchP.jsp?SN=%E3%84%A8&SN2=%E3%84%A8%E3%84%A3%CB%87&word=%E7%A9%A9"
"ㄨㄣˊ","文","","20","待補充","https://dict.concised.moe.edu.tw/searchP.jsp?SN=%E3%84%A8&SN2=%E3%84%A8%E3%84%A3%CB%8A&word=%E6%96%87"
"ㄨㄣˊ","玟","","1","待補充","https://dict.concised.moe.edu.tw/searchP.jsp?SN=%E3%84%A8&SN2=%E3%84%A8%E3%84%A3%CB%8A&word=%E7%8E%9F"
"ㄨㄣˊ","紋","","8","待補充","https://dict.concised.moe.edu.tw/searchP.jsp?SN=%E3%84%A8&SN2=%E3%84%A8%E3%84%A3%CB%8A&word=%E7%B4%8B"
"ㄨㄣˊ","蚊","","6","待補充","https://dict.concised.moe.edu.tw/searchP.jsp?SN=%E3%84%A8&SN2=%E3%84%A8%E3%84%A3%CB%8A&word=%E8%9A%8A"
"ㄨㄣˊ","雯","","1","待補充","https://dict.concised.moe.edu.tw/searchP.jsp?SN=%E3%84%A8&SN2=%E3%84%A8%E3%84%A3%CB%8A&word=%E9%9B%AF"
"ㄨㄣˊ","聞","","14","待補充","https://dict.concised.moe.edu.tw/searchP.jsp?SN=%E3%84%A8&SN2=%E3%84%A8%E3%84%A3%CB%8A&word=%E8%81%9E"
"ㄨㄣˋ","文","","3","待補充","https://dict.concised.moe.edu.tw/searchP.jsp?SN=%E3%84%A8&SN2=%E3%84%A8%E3%84%A3%CB%8B&word=%E6%96%87"
"ㄨㄣˋ","抆","","1","待補充","https://dict.concised.moe.edu.tw/searchP.jsp?SN=%E3%84%A8&SN2=%E3%84%A8%E3%84%A3%CB%8B&word=%E6%8A%86"
"ㄨㄣˋ","汶","","1","待補充","https://dict.concised.moe.edu.tw/searchP.jsp?SN=%E3%84%A8&SN2=%E3%84%A8%E3%84%A3%CB%8B&word=%E6%B1%B6"
"ㄨㄣˋ","紊","","2","待補充","https://dict.concised.moe.edu.tw/searchP.jsp?SN=%E3%84%A8&SN2=%E3%84%A8%E3%84%A3%CB%8B&word=%E7%B4%8A"
"ㄨㄣˋ","問","","20","待補充","https://dict.concised.moe.edu.tw/searchP.jsp?SN=%E3%84%A8&SN2=%E3%84%A8%E3%84%A3%CB%8B&word=%E5%95%8F"
"ㄨㄣˋ","絻","","1","待補充","https://dict.concised.moe.edu.tw/searchP.jsp?SN=%E3%84%A8&SN2=%E3%84%A8%E3%84%A3%CB%8B&word=%E7%B5%BB"
"ㄨㄤ","尪","","1","待補充","https://dict.concised.moe.edu.tw/searchP.jsp?SN=%E3%84%A8&SN2=%E3%84%A8%E3%84%A4&word=%E5%B0%AA"
"ㄨㄤ","汪","","3","待補充","https://dict.concised.moe.edu.tw/searchP.jsp?SN=%E3%84%A8&SN2=%E3%84%A8%E3%84%A4&word=%E6%B1%AA"
"ㄨㄤˇ","往","","16","待補充","https://dict.concised.moe.edu.tw/searchP.jsp?SN=%E3%84%A8&SN2=%E3%84%A8%E3%84%A4%CB%87&word=%E5%BE%80"
"ㄨㄤˇ","枉","","6","待補充","https://dict.concised.moe.edu.tw/searchP.jsp?SN=%E3%84%A8&SN2=%E3%84%A8%E3%84%A4%CB%87&word=%E6%9E%89"
"ㄨㄤˇ","罔","","2","待補充","https://dict.concised.moe.edu.tw/searchP.jsp?SN=%E3%84%A8&SN2=%E3%84%A8%E3%84%A4%CB%87&word=%E7%BD%94"
"ㄨㄤˇ","惘","","2","待補充","https://dict.concised.moe.edu.tw/searchP.jsp?SN=%E3%84%A8&SN2=%E3%84%A8%E3%84%A4%CB%87&word=%E6%83%98"
"ㄨㄤˇ","網","","20","待補充","https://dict.concised.moe.edu.tw/searchP.jsp?SN=%E3%84%A8&SN2=%E3%84%A8%E3%84%A4%CB%87&word=%E7%B6%B2"
"ㄨㄤˇ","輞","","1","待補充","https://dict.concised.moe.edu.tw/searchP.jsp?SN=%E3%84%A8&SN2=%E3%84%A8%E3%84%A4%CB%87&word=%E8%BC%9E"
"ㄨㄤˇ","魍","","2","待補充","https://dict.concised.moe.edu.tw/searchP.jsp?SN=%E3%84%A8&SN2=%E3%84%A8%E3%84%A4%CB%87&word=%E9%AD%8D"
"ㄨㄤˊ","亡","","9","待補充","https://dict.concised.moe.edu.tw/searchP.jsp?SN=%E3%84%A8&SN2=%E3%84%A8%E3%84%A4%CB%8A&word=%E4%BA%A1"
"ㄨㄤˊ","王","","20","待補充","https://dict.concised.moe.edu.tw/searchP.jsp?SN=%E3%84%A8&SN2=%E3%84%A8%E3%84%A4%CB%8A&word=%E7%8E%8B"
"ㄨㄤˋ","王","","1","待補充","https://dict.concised.moe.edu.tw/searchP.jsp?SN=%E3%84%A8&SN2=%E3%84%A8%E3%84%A4%CB%8B&word=%E7%8E%8B"
"ㄨㄤˋ","妄","","8","待補充","https://dict.concised.moe.edu.tw/searchP.jsp?SN=%E3%84%A8&SN2=%E3%84%A8%E3%84%A4%CB%8B&word=%E5%A6%84"
"ㄨㄤˋ","忘","","11","待補充","https://dict.concised.moe.edu.tw/searchP.jsp?SN=%E3%84%A8&SN2=%E3%84%A8%E3%84%A4%CB%8B&word=%E5%BF%98"
"ㄨㄤˋ","旺","","3","待補充","https://dict.concised.moe.edu.tw/searchP.jsp?SN=%E3%84%A8&SN2=%E3%84%A8%E3%84%A4%CB%8B&word=%E6%97%BA"
"ㄨㄤˋ","望","","15","待補充","https://dict.concised.moe.edu.tw/searchP.jsp?SN=%E3%84%A8&SN2=%E3%84%A8%E3%84%A4%CB%8B&word=%E6%9C%9B"
"ㄨㄥ","翁","","3","待補充","https://dict.concised.moe.edu.tw/searchP.jsp?SN=%E3%84%A8&SN2=%E3%84%A8%E3%84%A5&word=%E7%BF%81"
"ㄨㄥ","嗡","","2","待補充","https://dict.concised.moe.edu.tw/searchP.jsp?SN=%E3%84%A8&SN2=%E3%84%A8%E3%84%A5&word=%E5%97%A1"
"ㄨㄥˇ","蓊","","2","待補充","https://dict.concised.moe.edu.tw/searchP.jsp?SN=%E3%84%A8&SN2=%E3%84%A8%E3%84%A5%CB%87&word=%E8%93%8A"
"ㄨㄥˋ","瓮","","1","待補充","https://dict.concised.moe.edu.tw/searchP.jsp?SN=%E3%84%A8&SN2=%E3%84%A8%E3%84%A5%CB%8B&word=%E7%93%AE"
"ㄨㄥˋ","甕","","3","待補充","https://dict.concised.moe.edu.tw/searchP.jsp?SN=%E3%84%A8&SN2=%E3%84%A8%E3%84%A5%CB%8B&word=%E7%94%95"
"ㄩ","迂","","5","待補充","https://dict.concised.moe.edu.tw/searchP.jsp?SN=%E3%84%A9&SN2=%E3%84%A9&word=%E8%BF%82"
"ㄩ","紆","","2","待補充","https://dict.concised.moe.edu.tw/searchP.jsp?SN=%E3%84%A9&SN2=%E3%84%A9&word=%E7%B4%86"
"ㄩ","淤","","5","待補充","https://dict.concised.moe.edu.tw/searchP.jsp?SN=%E3%84%A9&SN2=%E3%84%A9&word=%E6%B7%A4"
"ㄩ","瘀","","2","待補充","https://dict.concised.moe.edu.tw/searchP.jsp?SN=%E3%84%A9&SN2=%E3%84%A9&word=%E7%98%80"
"ㄩˇ","予","","3","待補充","https://dict.concised.moe.edu.tw/searchP.jsp?SN=%E3%84%A9&SN2=%E3%84%A9%CB%87&word=%E4%BA%88"
"ㄩˇ","宇","","3","待補充","https://dict.concised.moe.edu.tw/searchP.jsp?SN=%E3%84%A9&SN2=%E3%84%A9%CB%87&word=%E5%AE%87"
"ㄩˇ","羽","","11","待補充","https://dict.concised.moe.edu.tw/searchP.jsp?SN=%E3%84%A9&SN2=%E3%84%A9%CB%87&word=%E7%BE%BD"
"ㄩˇ","雨","雨衣、雨傘","20","已有可用詞","https://dict.concised.moe.edu.tw/searchP.jsp?SN=%E3%84%A9&SN2=%E3%84%A9%CB%87&word=%E9%9B%A8"
"ㄩˇ","禹","","1","待補充","https://dict.concised.moe.edu.tw/searchP.jsp?SN=%E3%84%A9&SN2=%E3%84%A9%CB%87&word=%E7%A6%B9"
"ㄩˇ","圄","","1","待補充","https://dict.concised.moe.edu.tw/searchP.jsp?SN=%E3%84%A9&SN2=%E3%84%A9%CB%87&word=%E5%9C%84"
"ㄩˇ","圉","","1","待補充","https://dict.concised.moe.edu.tw/searchP.jsp?SN=%E3%84%A9&SN2=%E3%84%A9%CB%87&word=%E5%9C%89"
"ㄩˇ","庾","","1","待補充","https://dict.concised.moe.edu.tw/searchP.jsp?SN=%E3%84%A9&SN2=%E3%84%A9%CB%87&word=%E5%BA%BE"
"ㄩˇ","傴","","1","待補充","https://dict.concised.moe.edu.tw/searchP.jsp?SN=%E3%84%A9&SN2=%E3%84%A9%CB%87&word=%E5%82%B4"
"ㄩˇ","與","","13","待補充","https://dict.concised.moe.edu.tw/searchP.jsp?SN=%E3%84%A9&SN2=%E3%84%A9%CB%87&word=%E8%88%87"
"ㄩˇ","語","","20","待補充","https://dict.concised.moe.edu.tw/searchP.jsp?SN=%E3%84%A9&SN2=%E3%84%A9%CB%87&word=%E8%AA%9E"
"ㄩˇ","窳","","1","待補充","https://dict.concised.moe.edu.tw/searchP.jsp?SN=%E3%84%A9&SN2=%E3%84%A9%CB%87&word=%E7%AA%B3"
"ㄩˇ","噢","","2","待補充","https://dict.concised.moe.edu.tw/searchP.jsp?SN=%E3%84%A9&SN2=%E3%84%A9%CB%87&word=%E5%99%A2"
"ㄩˇ","嶼","","1","待補充","https://dict.concised.moe.edu.tw/searchP.jsp?SN=%E3%84%A9&SN2=%E3%84%A9%CB%87&word=%E5%B6%BC"
"ㄩˇ","齬","","1","待補充","https://dict.concised.moe.edu.tw/searchP.jsp?SN=%E3%84%A9&SN2=%E3%84%A9%CB%87&word=%E9%BD%AC"
"ㄩˊ","于","","3","待補充","https://dict.concised.moe.edu.tw/searchP.jsp?SN=%E3%84%A9&SN2=%E3%84%A9%CB%8A&word=%E4%BA%8E"
"ㄩˊ","予","","2","待補充","https://dict.concised.moe.edu.tw/searchP.jsp?SN=%E3%84%A9&SN2=%E3%84%A9%CB%8A&word=%E4%BA%88"
"ㄩˊ","圩","","1","待補充","https://dict.concised.moe.edu.tw/searchP.jsp?SN=%E3%84%A9&SN2=%E3%84%A9%CB%8A&word=%E5%9C%A9"
"ㄩˊ","余","","1","待補充","https://dict.concised.moe.edu.tw/searchP.jsp?SN=%E3%84%A9&SN2=%E3%84%A9%CB%8A&word=%E4%BD%99"
"ㄩˊ","妤","","1","待補充","https://dict.concised.moe.edu.tw/searchP.jsp?SN=%E3%84%A9&SN2=%E3%84%A9%CB%8A&word=%E5%A6%A4"
"ㄩˊ","於","","8","待補充","https://dict.concised.moe.edu.tw/searchP.jsp?SN=%E3%84%A9&SN2=%E3%84%A9%CB%8A&word=%E6%96%BC"
"ㄩˊ","盂","","3","待補充","https://dict.concised.moe.edu.tw/searchP.jsp?SN=%E3%84%A9&SN2=%E3%84%A9%CB%8A&word=%E7%9B%82"
"ㄩˊ","臾","","1","待補充","https://dict.concised.moe.edu.tw/searchP.jsp?SN=%E3%84%A9&SN2=%E3%84%A9%CB%8A&word=%E8%87%BE"
"ㄩˊ","俞","","1","待補充","https://dict.concised.moe.edu.tw/searchP.jsp?SN=%E3%84%A9&SN2=%E3%84%A9%CB%8A&word=%E4%BF%9E"
"ㄩˊ","禺","","1","待補充","https://dict.concised.moe.edu.tw/searchP.jsp?SN=%E3%84%A9&SN2=%E3%84%A9%CB%8A&word=%E7%A6%BA"
"ㄩˊ","竽","","1","待補充","https://dict.concised.moe.edu.tw/searchP.jsp?SN=%E3%84%A9&SN2=%E3%84%A9%CB%8A&word=%E7%AB%BD"
"ㄩˊ","娛","","4","待補充","https://dict.concised.moe.edu.tw/searchP.jsp?SN=%E3%84%A9&SN2=%E3%84%A9%CB%8A&word=%E5%A8%9B"
"ㄩˊ","狳","","1","待補充","https://dict.concised.moe.edu.tw/searchP.jsp?SN=%E3%84%A9&SN2=%E3%84%A9%CB%8A&word=%E7%8B%B3"
"ㄩˊ","雩","","1","待補充","https://dict.concised.moe.edu.tw/searchP.jsp?SN=%E3%84%A9&SN2=%E3%84%A9%CB%8A&word=%E9%9B%A9"
"ㄩˊ","魚","","20","待補充","https://dict.concised.moe.edu.tw/searchP.jsp?SN=%E3%84%A9&SN2=%E3%84%A9%CB%8A&word=%E9%AD%9A"
"ㄩˊ","喁","","2","待補充","https://dict.concised.moe.edu.tw/searchP.jsp?SN=%E3%84%A9&SN2=%E3%84%A9%CB%8A&word=%E5%96%81"
"ㄩˊ","嵎","","1","待補充","https://dict.concised.moe.edu.tw/searchP.jsp?SN=%E3%84%A9&SN2=%E3%84%A9%CB%8A&word=%E5%B5%8E"
"ㄩˊ","愉","","3","待補充","https://dict.concised.moe.edu.tw/searchP.jsp?SN=%E3%84%A9&SN2=%E3%84%A9%CB%8A&word=%E6%84%89"
"ㄩˊ","揄","","1","待補充","https://dict.concised.moe.edu.tw/searchP.jsp?SN=%E3%84%A9&SN2=%E3%84%A9%CB%8A&word=%E6%8F%84"
"ㄩˊ","渝","","1","待補充","https://dict.concised.moe.edu.tw/searchP.jsp?SN=%E3%84%A9&SN2=%E3%84%A9%CB%8A&word=%E6%B8%9D"
"ㄩˊ","畬","","1","待補充","https://dict.concised.moe.edu.tw/searchP.jsp?SN=%E3%84%A9&SN2=%E3%84%A9%CB%8A&word=%E7%95%AC"
"ㄩˊ","腴","","1","待補充","https://dict.concised.moe.edu.tw/searchP.jsp?SN=%E3%84%A9&SN2=%E3%84%A9%CB%8A&word=%E8%85%B4"
"ㄩˊ","萸","","1","待補充","https://dict.concised.moe.edu.tw/searchP.jsp?SN=%E3%84%A9&SN2=%E3%84%A9%CB%8A&word=%E8%90%B8"
"ㄩˊ","隅","","1","待補充","https://dict.concised.moe.edu.tw/searchP.jsp?SN=%E3%84%A9&SN2=%E3%84%A9%CB%8A&word=%E9%9A%85"
"ㄩˊ","愚","","13","待補充","https://dict.concised.moe.edu.tw/searchP.jsp?SN=%E3%84%A9&SN2=%E3%84%A9%CB%8A&word=%E6%84%9A"
"ㄩˊ","榆","","1","待補充","https://dict.concised.moe.edu.tw/searchP.jsp?SN=%E3%84%A9&SN2=%E3%84%A9%CB%8A&word=%E6%A6%86"
"ㄩˊ","瑜","","2","待補充","https://dict.concised.moe.edu.tw/searchP.jsp?SN=%E3%84%A9&SN2=%E3%84%A9%CB%8A&word=%E7%91%9C"
"ㄩˊ","虞","","1","待補充","https://dict.concised.moe.edu.tw/searchP.jsp?SN=%E3%84%A9&SN2=%E3%84%A9%CB%8A&word=%E8%99%9E"
"ㄩˊ","逾","","5","待補充","https://dict.concised.moe.edu.tw/searchP.jsp?SN=%E3%84%A9&SN2=%E3%84%A9%CB%8A&word=%E9%80%BE"
"ㄩˊ","漁","","19","待補充","https://dict.concised.moe.edu.tw/searchP.jsp?SN=%E3%84%A9&SN2=%E3%84%A9%CB%8A&word=%E6%BC%81"
"ㄩˊ","窬","","1","待補充","https://dict.concised.moe.edu.tw/searchP.jsp?SN=%E3%84%A9&SN2=%E3%84%A9%CB%8A&word=%E7%AA%AC"
"ㄩˊ","與","","1","待補充","https://dict.concised.moe.edu.tw/searchP.jsp?SN=%E3%84%A9&SN2=%E3%84%A9%CB%8A&word=%E8%88%87"
"ㄩˊ","諛","","1","待補充","https://dict.concised.moe.edu.tw/searchP.jsp?SN=%E3%84%A9&SN2=%E3%84%A9%CB%8A&word=%E8%AB%9B"
"ㄩˊ","餘","","20","待補充","https://dict.concised.moe.edu.tw/searchP.jsp?SN=%E3%84%A9&SN2=%E3%84%A9%CB%8A&word=%E9%A4%98"
"ㄩˊ","覦","","1","待補充","https://dict.concised.moe.edu.tw/searchP.jsp?SN=%E3%84%A9&SN2=%E3%84%A9%CB%8A&word=%E8%A6%A6"
"ㄩˊ","踰","","3","待補充","https://dict.concised.moe.edu.tw/searchP.jsp?SN=%E3%84%A9&SN2=%E3%84%A9%CB%8A&word=%E8%B8%B0"
"ㄩˊ","輿","","5","待補充","https://dict.concised.moe.edu.tw/searchP.jsp?SN=%E3%84%A9&SN2=%E3%84%A9%CB%8A&word=%E8%BC%BF"
"ㄩˊ","歟","","1","待補充","https://dict.concised.moe.edu.tw/searchP.jsp?SN=%E3%84%A9&SN2=%E3%84%A9%CB%8A&word=%E6%AD%9F"
"ㄩˋ","玉","","20","待補充","https://dict.concised.moe.edu.tw/searchP.jsp?SN=%E3%84%A9&SN2=%E3%84%A9%CB%8B&word=%E7%8E%89"
"ㄩˋ","聿","","1","待補充","https://dict.concised.moe.edu.tw/searchP.jsp?SN=%E3%84%A9&SN2=%E3%84%A9%CB%8B&word=%E8%81%BF"
"ㄩˋ","芋","","3","待補充","https://dict.concised.moe.edu.tw/searchP.jsp?SN=%E3%84%A9&SN2=%E3%84%A9%CB%8B&word=%E8%8A%8B"
"ㄩˋ","谷","","1","待補充","https://dict.concised.moe.edu.tw/searchP.jsp?SN=%E3%84%A9&SN2=%E3%84%A9%CB%8B&word=%E8%B0%B7"
"ㄩˋ","育","","8","待補充","https://dict.concised.moe.edu.tw/searchP.jsp?SN=%E3%84%A9&SN2=%E3%84%A9%CB%8B&word=%E8%82%B2"
"ㄩˋ","雨","","2","待補充","https://dict.concised.moe.edu.tw/searchP.jsp?SN=%E3%84%A9&SN2=%E3%84%A9%CB%8B&word=%E9%9B%A8"
"ㄩˋ","昱","","1","待補充","https://dict.concised.moe.edu.tw/searchP.jsp?SN=%E3%84%A9&SN2=%E3%84%A9%CB%8B&word=%E6%98%B1"
"ㄩˋ","郁","","2","待補充","https://dict.concised.moe.edu.tw/searchP.jsp?SN=%E3%84%A9&SN2=%E3%84%A9%CB%8B&word=%E9%83%81"
"ㄩˋ","浴","","9","待補充","https://dict.concised.moe.edu.tw/searchP.jsp?SN=%E3%84%A9&SN2=%E3%84%A9%CB%8B&word=%E6%B5%B4"
"ㄩˋ","域","","2","待補充","https://dict.concised.moe.edu.tw/searchP.jsp?SN=%E3%84%A9&SN2=%E3%84%A9%CB%8B&word=%E5%9F%9F"
"ㄩˋ","尉","","2","待補充","https://dict.concised.moe.edu.tw/searchP.jsp?SN=%E3%84%A9&SN2=%E3%84%A9%CB%8B&word=%E5%B0%89"
"ㄩˋ","御","","8","待補充","https://dict.concised.moe.edu.tw/searchP.jsp?SN=%E3%84%A9&SN2=%E3%84%A9%CB%8B&word=%E5%BE%A1"
"ㄩˋ","欲","","10","待補充","https://dict.concised.moe.edu.tw/searchP.jsp?SN=%E3%84%A9&SN2=%E3%84%A9%CB%8B&word=%E6%AC%B2"
"ㄩˋ","喻","","1","待補充","https://dict.concised.moe.edu.tw/searchP.jsp?SN=%E3%84%A9&SN2=%E3%84%A9%CB%8B&word=%E5%96%BB"
"ㄩˋ","寓","","7","待補充","https://dict.concised.moe.edu.tw/searchP.jsp?SN=%E3%84%A9&SN2=%E3%84%A9%CB%8B&word=%E5%AF%93"
"ㄩˋ","粥","","1","待補充","https://dict.concised.moe.edu.tw/searchP.jsp?SN=%E3%84%A9&SN2=%E3%84%A9%CB%8B&word=%E7%B2%A5"
"ㄩˋ","飫","","1","待補充","https://dict.concised.moe.edu.tw/searchP.jsp?SN=%E3%84%A9&SN2=%E3%84%A9%CB%8B&word=%E9%A3%AB"
"ㄩˋ","馭","","1","待補充","https://dict.concised.moe.edu.tw/searchP.jsp?SN=%E3%84%A9&SN2=%E3%84%A9%CB%8B&word=%E9%A6%AD"
"ㄩˋ","愈","","3","待補充","https://dict.concised.moe.edu.tw/searchP.jsp?SN=%E3%84%A9&SN2=%E3%84%A9%CB%8B&word=%E6%84%88"
"ㄩˋ","毓","","1","待補充","https://dict.concised.moe.edu.tw/searchP.jsp?SN=%E3%84%A9&SN2=%E3%84%A9%CB%8B&word=%E6%AF%93"
"ㄩˋ","煜","","1","待補充","https://dict.concised.moe.edu.tw/searchP.jsp?SN=%E3%84%A9&SN2=%E3%84%A9%CB%8B&word=%E7%85%9C"
"ㄩˋ","裕","","2","待補充","https://dict.concised.moe.edu.tw/searchP.jsp?SN=%E3%84%A9&SN2=%E3%84%A9%CB%8B&word=%E8%A3%95"
"ㄩˋ","遇","","12","待補充","https://dict.concised.moe.edu.tw/searchP.jsp?SN=%E3%84%A9&SN2=%E3%84%A9%CB%8B&word=%E9%81%87"
"ㄩˋ","鈺","","1","待補充","https://dict.concised.moe.edu.tw/searchP.jsp?SN=%E3%84%A9&SN2=%E3%84%A9%CB%8B&word=%E9%88%BA"
"ㄩˋ","預","","20","待補充","https://dict.concised.moe.edu.tw/searchP.jsp?SN=%E3%84%A9&SN2=%E3%84%A9%CB%8B&word=%E9%A0%90"
"ㄩˋ","嫗","","1","待補充","https://dict.concised.moe.edu.tw/searchP.jsp?SN=%E3%84%A9&SN2=%E3%84%A9%CB%8B&word=%E5%AB%97"
"ㄩˋ","獄","","2","待補充","https://dict.concised.moe.edu.tw/searchP.jsp?SN=%E3%84%A9&SN2=%E3%84%A9%CB%8B&word=%E7%8D%84"
"ㄩˋ","瘉","","1","待補充","https://dict.concised.moe.edu.tw/searchP.jsp?SN=%E3%84%A9&SN2=%E3%84%A9%CB%8B&word=%E7%98%89"
"ㄩˋ","與","","7","待補充","https://dict.concised.moe.edu.tw/searchP.jsp?SN=%E3%84%A9&SN2=%E3%84%A9%CB%8B&word=%E8%88%87"
"ㄩˋ","語","","2","待補充","https://dict.concised.moe.edu.tw/searchP.jsp?SN=%E3%84%A9&SN2=%E3%84%A9%CB%8B&word=%E8%AA%9E"
"ㄩˋ","慾","","5","待補充","https://dict.concised.moe.edu.tw/searchP.jsp?SN=%E3%84%A9&SN2=%E3%84%A9%CB%8B&word=%E6%85%BE"
"ㄩˋ","熨","","2","待補充","https://dict.concised.moe.edu.tw/searchP.jsp?SN=%E3%84%A9&SN2=%E3%84%A9%CB%8B&word=%E7%86%A8"
"ㄩˋ","禦","","3","待補充","https://dict.concised.moe.edu.tw/searchP.jsp?SN=%E3%84%A9&SN2=%E3%84%A9%CB%8B&word=%E7%A6%A6"
"ㄩˋ","諭","","4","待補充","https://dict.concised.moe.edu.tw/searchP.jsp?SN=%E3%84%A9&SN2=%E3%84%A9%CB%8B&word=%E8%AB%AD"
"ㄩˋ","豫","","1","待補充","https://dict.concised.moe.edu.tw/searchP.jsp?SN=%E3%84%A9&SN2=%E3%84%A9%CB%8B&word=%E8%B1%AB"
"ㄩˋ","燠","","3","待補充","https://dict.concised.moe.edu.tw/searchP.jsp?SN=%E3%84%A9&SN2=%E3%84%A9%CB%8B&word=%E7%87%A0"
"ㄩˋ","癒","","2","待補充","https://dict.concised.moe.edu.tw/searchP.jsp?SN=%E3%84%A9&SN2=%E3%84%A9%CB%8B&word=%E7%99%92"
"ㄩˋ","譽","","1","待補充","https://dict.concised.moe.edu.tw/searchP.jsp?SN=%E3%84%A9&SN2=%E3%84%A9%CB%8B&word=%E8%AD%BD"
"ㄩˋ","鬻","","1","待補充","https://dict.concised.moe.edu.tw/searchP.jsp?SN=%E3%84%A9&SN2=%E3%84%A9%CB%8B&word=%E9%AC%BB"
"ㄩˋ","鷸","","2","待補充","https://dict.concised.moe.edu.tw/searchP.jsp?SN=%E3%84%A9&SN2=%E3%84%A9%CB%8B&word=%E9%B7%B8"
"ㄩˋ","鬱","","8","待補充","https://dict.concised.moe.edu.tw/searchP.jsp?SN=%E3%84%A9&SN2=%E3%84%A9%CB%8B&word=%E9%AC%B1"
"ㄩˋ","籲","","2","待補充","https://dict.concised.moe.edu.tw/searchP.jsp?SN=%E3%84%A9&SN2=%E3%84%A9%CB%8B&word=%E7%B1%B2"
"ㄩㄝ","曰","","1","待補充","https://dict.concised.moe.edu.tw/searchP.jsp?SN=%E3%84%A9&SN2=%E3%84%A9%E3%84%9D&word=%E6%9B%B0"
"ㄩㄝ","約","","16","待補充","https://dict.concised.moe.edu.tw/searchP.jsp?SN=%E3%84%A9&SN2=%E3%84%A9%E3%84%9D&word=%E7%B4%84"
"ㄩㄝˋ","月","月亮","20","已有可用詞","https://dict.concised.moe.edu.tw/searchP.jsp?SN=%E3%84%A9&SN2=%E3%84%A9%E3%84%9D%CB%8B&word=%E6%9C%88"
"ㄩㄝˋ","岳","","5","待補充","https://dict.concised.moe.edu.tw/searchP.jsp?SN=%E3%84%A9&SN2=%E3%84%A9%E3%84%9D%CB%8B&word=%E5%B2%B3"
"ㄩㄝˋ","悅","","6","待補充","https://dict.concised.moe.edu.tw/searchP.jsp?SN=%E3%84%A9&SN2=%E3%84%A9%E3%84%9D%CB%8B&word=%E6%82%85"
"ㄩㄝˋ","越","","15","待補充","https://dict.concised.moe.edu.tw/searchP.jsp?SN=%E3%84%A9&SN2=%E3%84%A9%E3%84%9D%CB%8B&word=%E8%B6%8A"
"ㄩㄝˋ","粵","","2","待補充","https://dict.concised.moe.edu.tw/searchP.jsp?SN=%E3%84%A9&SN2=%E3%84%A9%E3%84%9D%CB%8B&word=%E7%B2%B5"
"ㄩㄝˋ","說","","1","待補充","https://dict.concised.moe.edu.tw/searchP.jsp?SN=%E3%84%A9&SN2=%E3%84%A9%E3%84%9D%CB%8B&word=%E8%AA%AA"
"ㄩㄝˋ","樂","","13","待補充","https://dict.concised.moe.edu.tw/searchP.jsp?SN=%E3%84%A9&SN2=%E3%84%A9%E3%84%9D%CB%8B&word=%E6%A8%82"
"ㄩㄝˋ","閱","","6","待補充","https://dict.concised.moe.edu.tw/searchP.jsp?SN=%E3%84%A9&SN2=%E3%84%A9%E3%84%9D%CB%8B&word=%E9%96%B1"
"ㄩㄝˋ","嶽","","1","待補充","https://dict.concised.moe.edu.tw/searchP.jsp?SN=%E3%84%A9&SN2=%E3%84%A9%E3%84%9D%CB%8B&word=%E5%B6%BD"
"ㄩㄝˋ","龠","","1","待補充","https://dict.concised.moe.edu.tw/searchP.jsp?SN=%E3%84%A9&SN2=%E3%84%A9%E3%84%9D%CB%8B&word=%E9%BE%A0"
"ㄩㄝˋ","躍","","8","待補充","https://dict.concised.moe.edu.tw/searchP.jsp?SN=%E3%84%A9&SN2=%E3%84%A9%E3%84%9D%CB%8B&word=%E8%BA%8D"
"ㄩㄝˋ","籥","","1","待補充","https://dict.concised.moe.edu.tw/searchP.jsp?SN=%E3%84%A9&SN2=%E3%84%A9%E3%84%9D%CB%8B&word=%E7%B1%A5"
"ㄩㄢ","宛","","1","待補充","https://dict.concised.moe.edu.tw/searchP.jsp?SN=%E3%84%A9&SN2=%E3%84%A9%E3%84%A2&word=%E5%AE%9B"
"ㄩㄢ","冤","","11","待補充","https://dict.concised.moe.edu.tw/searchP.jsp?SN=%E3%84%A9&SN2=%E3%84%A9%E3%84%A2&word=%E5%86%A4"
"ㄩㄢ","淵","","4","待補充","https://dict.concised.moe.edu.tw/searchP.jsp?SN=%E3%84%A9&SN2=%E3%84%A9%E3%84%A2&word=%E6%B7%B5"
"ㄩㄢ","鳶","","2","待補充","https://dict.concised.moe.edu.tw/searchP.jsp?SN=%E3%84%A9&SN2=%E3%84%A9%E3%84%A2&word=%E9%B3%B6"
"ㄩㄢ","鴛","","2","待補充","https://dict.concised.moe.edu.tw/searchP.jsp?SN=%E3%84%A9&SN2=%E3%84%A9%E3%84%A2&word=%E9%B4%9B"
"ㄩㄢˇ","遠","","20","待補充","https://dict.concised.moe.edu.tw/searchP.jsp?SN=%E3%84%A9&SN2=%E3%84%A9%E3%84%A2%CB%87&word=%E9%81%A0"
"ㄩㄢˊ","元","","14","待補充","https://dict.concised.moe.edu.tw/searchP.jsp?SN=%E3%84%A9&SN2=%E3%84%A9%E3%84%A2%CB%8A&word=%E5%85%83"
"ㄩㄢˊ","沅","","1","待補充","https://dict.concised.moe.edu.tw/searchP.jsp?SN=%E3%84%A9&SN2=%E3%84%A9%E3%84%A2%CB%8A&word=%E6%B2%85"
"ㄩㄢˊ","垣","","1","待補充","https://dict.concised.moe.edu.tw/searchP.jsp?SN=%E3%84%A9&SN2=%E3%84%A9%E3%84%A2%CB%8A&word=%E5%9E%A3"
"ㄩㄢˊ","爰","","1","待補充","https://dict.concised.moe.edu.tw/searchP.jsp?SN=%E3%84%A9&SN2=%E3%84%A9%E3%84%A2%CB%8A&word=%E7%88%B0"
"ㄩㄢˊ","原","","20","待補充","https://dict.concised.moe.edu.tw/searchP.jsp?SN=%E3%84%A9&SN2=%E3%84%A9%E3%84%A2%CB%8A&word=%E5%8E%9F"
"ㄩㄢˊ","員","","5","待補充","https://dict.concised.moe.edu.tw/searchP.jsp?SN=%E3%84%A9&SN2=%E3%84%A9%E3%84%A2%CB%8A&word=%E5%93%A1"
"ㄩㄢˊ","袁","","1","待補充","https://dict.concised.moe.edu.tw/searchP.jsp?SN=%E3%84%A9&SN2=%E3%84%A9%E3%84%A2%CB%8A&word=%E8%A2%81"
"ㄩㄢˊ","媛","","1","待補充","https://dict.concised.moe.edu.tw/searchP.jsp?SN=%E3%84%A9&SN2=%E3%84%A9%E3%84%A2%CB%8A&word=%E5%AA%9B"
"ㄩㄢˊ","援","","9","待補充","https://dict.concised.moe.edu.tw/searchP.jsp?SN=%E3%84%A9&SN2=%E3%84%A9%E3%84%A2%CB%8A&word=%E6%8F%B4"
"ㄩㄢˊ","園","","9","待補充","https://dict.concised.moe.edu.tw/searchP.jsp?SN=%E3%84%A9&SN2=%E3%84%A9%E3%84%A2%CB%8A&word=%E5%9C%92"
"ㄩㄢˊ","圓","圓形","20","已有可用詞","https://dict.concised.moe.edu.tw/searchP.jsp?SN=%E3%84%A9&SN2=%E3%84%A9%E3%84%A2%CB%8A&word=%E5%9C%93"
"ㄩㄢˊ","嫄","","1","待補充","https://dict.concised.moe.edu.tw/searchP.jsp?SN=%E3%84%A9&SN2=%E3%84%A9%E3%84%A2%CB%8A&word=%E5%AB%84"
"ㄩㄢˊ","源","","11","待補充","https://dict.concised.moe.edu.tw/searchP.jsp?SN=%E3%84%A9&SN2=%E3%84%A9%E3%84%A2%CB%8A&word=%E6%BA%90"
"ㄩㄢˊ","猿","","3","待補充","https://dict.concised.moe.edu.tw/searchP.jsp?SN=%E3%84%A9&SN2=%E3%84%A9%E3%84%A2%CB%8A&word=%E7%8C%BF"
"ㄩㄢˊ","緣","","7","待補充","https://dict.concised.moe.edu.tw/searchP.jsp?SN=%E3%84%A9&SN2=%E3%84%A9%E3%84%A2%CB%8A&word=%E7%B7%A3"
"ㄩㄢˊ","圜","","1","待補充","https://dict.concised.moe.edu.tw/searchP.jsp?SN=%E3%84%A9&SN2=%E3%84%A9%E3%84%A2%CB%8A&word=%E5%9C%9C"
"ㄩㄢˊ","螈","","1","待補充","https://dict.concised.moe.edu.tw/searchP.jsp?SN=%E3%84%A9&SN2=%E3%84%A9%E3%84%A2%CB%8A&word=%E8%9E%88"
"ㄩㄢˊ","轅","","1","待補充","https://dict.concised.moe.edu.tw/searchP.jsp?SN=%E3%84%A9&SN2=%E3%84%A9%E3%84%A2%CB%8A&word=%E8%BD%85"
"ㄩㄢˊ","黿","","1","待補充","https://dict.concised.moe.edu.tw/searchP.jsp?SN=%E3%84%A9&SN2=%E3%84%A9%E3%84%A2%CB%8A&word=%E9%BB%BF"
"ㄩㄢˊ","櫞","","1","待補充","https://dict.concised.moe.edu.tw/searchP.jsp?SN=%E3%84%A9&SN2=%E3%84%A9%E3%84%A2%CB%8A&word=%E6%AB%9E"
"ㄩㄢˋ","怨","","11","待補充","https://dict.concised.moe.edu.tw/searchP.jsp?SN=%E3%84%A9&SN2=%E3%84%A9%E3%84%A2%CB%8B&word=%E6%80%A8"
"ㄩㄢˋ","苑","","1","待補充","https://dict.concised.moe.edu.tw/searchP.jsp?SN=%E3%84%A9&SN2=%E3%84%A9%E3%84%A2%CB%8B&word=%E8%8B%91"
"ㄩㄢˋ","院","","4","待補充","https://dict.concised.moe.edu.tw/searchP.jsp?SN=%E3%84%A9&SN2=%E3%84%A9%E3%84%A2%CB%8B&word=%E9%99%A2"
"ㄩㄢˋ","瑗","","1","待補充","https://dict.concised.moe.edu.tw/searchP.jsp?SN=%E3%84%A9&SN2=%E3%84%A9%E3%84%A2%CB%8B&word=%E7%91%97"
"ㄩㄢˋ","愿","","1","待補充","https://dict.concised.moe.edu.tw/searchP.jsp?SN=%E3%84%A9&SN2=%E3%84%A9%E3%84%A2%CB%8B&word=%E6%84%BF"
"ㄩㄢˋ","遠","","1","待補充","https://dict.concised.moe.edu.tw/searchP.jsp?SN=%E3%84%A9&SN2=%E3%84%A9%E3%84%A2%CB%8B&word=%E9%81%A0"
"ㄩㄢˋ","願","","4","待補充","https://dict.concised.moe.edu.tw/searchP.jsp?SN=%E3%84%A9&SN2=%E3%84%A9%E3%84%A2%CB%8B&word=%E9%A1%98"
"ㄩㄣ","暈","","5","待補充","https://dict.concised.moe.edu.tw/searchP.jsp?SN=%E3%84%A9&SN2=%E3%84%A9%E3%84%A3&word=%E6%9A%88"
"ㄩㄣ","氳","","1","待補充","https://dict.concised.moe.edu.tw/searchP.jsp?SN=%E3%84%A9&SN2=%E3%84%A9%E3%84%A3&word=%E6%B0%B3"
"ㄩㄣˇ","允","","6","待補充","https://dict.concised.moe.edu.tw/searchP.jsp?SN=%E3%84%A9&SN2=%E3%84%A9%E3%84%A3%CB%87&word=%E5%85%81"
"ㄩㄣˇ","狁","","1","待補充","https://dict.concised.moe.edu.tw/searchP.jsp?SN=%E3%84%A9&SN2=%E3%84%A9%E3%84%A3%CB%87&word=%E7%8B%81"
"ㄩㄣˇ","隕","","3","待補充","https://dict.concised.moe.edu.tw/searchP.jsp?SN=%E3%84%A9&SN2=%E3%84%A9%E3%84%A3%CB%87&word=%E9%9A%95"
"ㄩㄣˇ","殞","","2","待補充","https://dict.concised.moe.edu.tw/searchP.jsp?SN=%E3%84%A9&SN2=%E3%84%A9%E3%84%A3%CB%87&word=%E6%AE%9E"
"ㄩㄣˊ","云","","2","待補充","https://dict.concised.moe.edu.tw/searchP.jsp?SN=%E3%84%A9&SN2=%E3%84%A9%E3%84%A3%CB%8A&word=%E4%BA%91"
"ㄩㄣˊ","勻","","2","待補充","https://dict.concised.moe.edu.tw/searchP.jsp?SN=%E3%84%A9&SN2=%E3%84%A9%E3%84%A3%CB%8A&word=%E5%8B%BB"
"ㄩㄣˊ","昀","","1","待補充","https://dict.concised.moe.edu.tw/searchP.jsp?SN=%E3%84%A9&SN2=%E3%84%A9%E3%84%A3%CB%8A&word=%E6%98%80"
"ㄩㄣˊ","芸","","3","待補充","https://dict.concised.moe.edu.tw/searchP.jsp?SN=%E3%84%A9&SN2=%E3%84%A9%E3%84%A3%CB%8A&word=%E8%8A%B8"
"ㄩㄣˊ","員","","1","待補充","https://dict.concised.moe.edu.tw/searchP.jsp?SN=%E3%84%A9&SN2=%E3%84%A9%E3%84%A3%CB%8A&word=%E5%93%A1"
"ㄩㄣˊ","紜","","1","待補充","https://dict.concised.moe.edu.tw/searchP.jsp?SN=%E3%84%A9&SN2=%E3%84%A9%E3%84%A3%CB%8A&word=%E7%B4%9C"
"ㄩㄣˊ","耘","","1","待補充","https://dict.concised.moe.edu.tw/searchP.jsp?SN=%E3%84%A9&SN2=%E3%84%A9%E3%84%A3%CB%8A&word=%E8%80%98"
"ㄩㄣˊ","雲","雲朵","20","已有可用詞","https://dict.concised.moe.edu.tw/searchP.jsp?SN=%E3%84%A9&SN2=%E3%84%A9%E3%84%A3%CB%8A&word=%E9%9B%B2"
"ㄩㄣˊ","筠","","1","待補充","https://dict.concised.moe.edu.tw/searchP.jsp?SN=%E3%84%A9&SN2=%E3%84%A9%E3%84%A3%CB%8A&word=%E7%AD%A0"
"ㄩㄣˋ","孕","","3","待補充","https://dict.concised.moe.edu.tw/searchP.jsp?SN=%E3%84%A9&SN2=%E3%84%A9%E3%84%A3%CB%8B&word=%E5%AD%95"
"ㄩㄣˋ","惲","","1","待補充","https://dict.concised.moe.edu.tw/searchP.jsp?SN=%E3%84%A9&SN2=%E3%84%A9%E3%84%A3%CB%8B&word=%E6%83%B2"
"ㄩㄣˋ","慍","","1","待補充","https://dict.concised.moe.edu.tw/searchP.jsp?SN=%E3%84%A9&SN2=%E3%84%A9%E3%84%A3%CB%8B&word=%E6%85%8D"
"ㄩㄣˋ","暈","","1","待補充","https://dict.concised.moe.edu.tw/searchP.jsp?SN=%E3%84%A9&SN2=%E3%84%A9%E3%84%A3%CB%8B&word=%E6%9A%88"
"ㄩㄣˋ","運","","19","待補充","https://dict.concised.moe.edu.tw/searchP.jsp?SN=%E3%84%A9&SN2=%E3%84%A9%E3%84%A3%CB%8B&word=%E9%81%8B"
"ㄩㄣˋ","熨","","2","待補充","https://dict.concised.moe.edu.tw/searchP.jsp?SN=%E3%84%A9&SN2=%E3%84%A9%E3%84%A3%CB%8B&word=%E7%86%A8"
"ㄩㄣˋ","醞","","2","待補充","https://dict.concised.moe.edu.tw/searchP.jsp?SN=%E3%84%A9&SN2=%E3%84%A9%E3%84%A3%CB%8B&word=%E9%86%9E"
"ㄩㄣˋ","韞","","1","待補充","https://dict.concised.moe.edu.tw/searchP.jsp?SN=%E3%84%A9&SN2=%E3%84%A9%E3%84%A3%CB%8B&word=%E9%9F%9E"
"ㄩㄣˋ","韻","","8","待補充","https://dict.concised.moe.edu.tw/searchP.jsp?SN=%E3%84%A9&SN2=%E3%84%A9%E3%84%A3%CB%8B&word=%E9%9F%BB"
"ㄩㄣˋ","蘊","","4","待補充","https://dict.concised.moe.edu.tw/searchP.jsp?SN=%E3%84%A9&SN2=%E3%84%A9%E3%84%A3%CB%8B&word=%E8%98%8A"
"ㄩㄥ","邕","","1","待補充","https://dict.concised.moe.edu.tw/searchP.jsp?SN=%E3%84%A9&SN2=%E3%84%A9%E3%84%A5&word=%E9%82%95"
"ㄩㄥ","庸","","6","待補充","https://dict.concised.moe.edu.tw/searchP.jsp?SN=%E3%84%A9&SN2=%E3%84%A9%E3%84%A5&word=%E5%BA%B8"
"ㄩㄥ","傭","","4","待補充","https://dict.concised.moe.edu.tw/searchP.jsp?SN=%E3%84%A9&SN2=%E3%84%A9%E3%84%A5&word=%E5%82%AD"
"ㄩㄥ","雍","","3","待補充","https://dict.concised.moe.edu.tw/searchP.jsp?SN=%E3%84%A9&SN2=%E3%84%A9%E3%84%A5&word=%E9%9B%8D"
"ㄩㄥ","墉","","1","待補充","https://dict.concised.moe.edu.tw/searchP.jsp?SN=%E3%84%A9&SN2=%E3%84%A9%E3%84%A5&word=%E5%A2%89"
"ㄩㄥ","慵","","2","待補充","https://dict.concised.moe.edu.tw/searchP.jsp?SN=%E3%84%A9&SN2=%E3%84%A9%E3%84%A5&word=%E6%85%B5"
"ㄩㄥ","鄘","","1","待補充","https://dict.concised.moe.edu.tw/searchP.jsp?SN=%E3%84%A9&SN2=%E3%84%A9%E3%84%A5&word=%E9%84%98"
"ㄩㄥ","壅","","2","待補充","https://dict.concised.moe.edu.tw/searchP.jsp?SN=%E3%84%A9&SN2=%E3%84%A9%E3%84%A5&word=%E5%A3%85"
"ㄩㄥ","臃","","2","待補充","https://dict.concised.moe.edu.tw/searchP.jsp?SN=%E3%84%A9&SN2=%E3%84%A9%E3%84%A5&word=%E8%87%83"
"ㄩㄥ","雝","","1","待補充","https://dict.concised.moe.edu.tw/searchP.jsp?SN=%E3%84%A9&SN2=%E3%84%A9%E3%84%A5&word=%E9%9B%9D"
"ㄩㄥ","鏞","","1","待補充","https://dict.concised.moe.edu.tw/searchP.jsp?SN=%E3%84%A9&SN2=%E3%84%A9%E3%84%A5&word=%E9%8F%9E"
"ㄩㄥ","癰","","1","待補充","https://dict.concised.moe.edu.tw/searchP.jsp?SN=%E3%84%A9&SN2=%E3%84%A9%E3%84%A5&word=%E7%99%B0"
"ㄩㄥˇ","永","","13","待補充","https://dict.concised.moe.edu.tw/searchP.jsp?SN=%E3%84%A9&SN2=%E3%84%A9%E3%84%A5%CB%87&word=%E6%B0%B8"
"ㄩㄥˇ","甬","","1","待補充","https://dict.concised.moe.edu.tw/searchP.jsp?SN=%E3%84%A9&SN2=%E3%84%A9%E3%84%A5%CB%87&word=%E7%94%AC"
"ㄩㄥˇ","泳","泳衣","4","已有可用詞","https://dict.concised.moe.edu.tw/searchP.jsp?SN=%E3%84%A9&SN2=%E3%84%A9%E3%84%A5%CB%87&word=%E6%B3%B3"
"ㄩㄥˇ","俑","","1","待補充","https://dict.concised.moe.edu.tw/searchP.jsp?SN=%E3%84%A9&SN2=%E3%84%A9%E3%84%A5%CB%87&word=%E4%BF%91"
"ㄩㄥˇ","勇","","9","待補充","https://dict.concised.moe.edu.tw/searchP.jsp?SN=%E3%84%A9&SN2=%E3%84%A9%E3%84%A5%CB%87&word=%E5%8B%87"
"ㄩㄥˇ","涌","","1","待補充","https://dict.concised.moe.edu.tw/searchP.jsp?SN=%E3%84%A9&SN2=%E3%84%A9%E3%84%A5%CB%87&word=%E6%B6%8C"
"ㄩㄥˇ","恿","","1","待補充","https://dict.concised.moe.edu.tw/searchP.jsp?SN=%E3%84%A9&SN2=%E3%84%A9%E3%84%A5%CB%87&word=%E6%81%BF"
"ㄩㄥˇ","湧","","5","待補充","https://dict.concised.moe.edu.tw/searchP.jsp?SN=%E3%84%A9&SN2=%E3%84%A9%E3%84%A5%CB%87&word=%E6%B9%A7"
"ㄩㄥˇ","詠","","1","待補充","https://dict.concised.moe.edu.tw/searchP.jsp?SN=%E3%84%A9&SN2=%E3%84%A9%E3%84%A5%CB%87&word=%E8%A9%A0"
"ㄩㄥˇ","蛹","","1","待補充","https://dict.concised.moe.edu.tw/searchP.jsp?SN=%E3%84%A9&SN2=%E3%84%A9%E3%84%A5%CB%87&word=%E8%9B%B9"
"ㄩㄥˇ","擁","","7","待補充","https://dict.concised.moe.edu.tw/searchP.jsp?SN=%E3%84%A9&SN2=%E3%84%A9%E3%84%A5%CB%87&word=%E6%93%81"
"ㄩㄥˇ","踴","","2","待補充","https://dict.concised.moe.edu.tw/searchP.jsp?SN=%E3%84%A9&SN2=%E3%84%A9%E3%84%A5%CB%87&word=%E8%B8%B4"
"ㄩㄥˊ","喁","","2","待補充","https://dict.concised.moe.edu.tw/searchP.jsp?SN=%E3%84%A9&SN2=%E3%84%A9%E3%84%A5%CB%8A&word=%E5%96%81"
"ㄩㄥˋ","用","","20","待補充","https://dict.concised.moe.edu.tw/searchP.jsp?SN=%E3%84%A9&SN2=%E3%84%A9%E3%84%A5%CB%8B&word=%E7%94%A8"
"ㄩㄥˋ","佣","","2","待補充","https://dict.concised.moe.edu.tw/searchP.jsp?SN=%E3%84%A9&SN2=%E3%84%A9%E3%84%A5%CB%8B&word=%E4%BD%A3"
