"FrequencyRank","Combination","Character","SuggestedWords","ReviewCandidates","AllDictionaryWords","DictionaryWordCount","DictionaryCheck","SourceUrl"
"1","˙ㄉㄜ","的","",,"的","1","有教育部詞目","https://dict.concised.moe.edu.tw/searchP.jsp?SN=%E3%84%89&SN2=%CB%99%E3%84%89%E3%84%9C&word=%E7%9A%84"
"1","ㄉㄧˊ","的","",,"的、的當、的確","3","有教育部詞目","https://dict.concised.moe.edu.tw/searchP.jsp?SN=%E3%84%89&SN2=%E3%84%89%E3%84%A7%CB%8A&word=%E7%9A%84"
"1","ㄉㄧˋ","的","",,"的","1","有教育部詞目","https://dict.concised.moe.edu.tw/searchP.jsp?SN=%E3%84%89&SN2=%E3%84%89%E3%84%A7%CB%8B&word=%E7%9A%84"
"2","ㄧ","一","",,"一、一代、一半、一字、一身、一併、一波、一度、一派、一面、一旁、一般、一陣、一帶、一朝、一番、一幕、一瞥、一邊","19","有教育部詞目","https://dict.concised.moe.edu.tw/searchP.jsp?SN=%E3%84%A7&SN2=%E3%84%A7&word=%E4%B8%80"
"3","ㄕˋ","是","",,"是、是否、是非、是非不分、是非分明、是非曲直、是福不是禍，是禍躲不過","7","有教育部詞目","https://dict.concised.moe.edu.tw/searchP.jsp?SN=%E3%84%95&SN2=%E3%84%95%CB%8B&word=%E6%98%AF"
"4","˙ㄌㄜ","了","",,"了","1","有教育部詞目","https://dict.concised.moe.edu.tw/searchP.jsp?SN=%E3%84%8C&SN2=%CB%99%E3%84%8C%E3%84%9C&word=%E4%BA%86"
"4","ㄌㄧㄠˇ","了","",,"了、了了、了不起、了不得、了事、了卻、了悟、了案、了得、了無生趣、了無新意、了然、了結、了當、了解、了斷","16","有教育部詞目","https://dict.concised.moe.edu.tw/searchP.jsp?SN=%E3%84%8C&SN2=%E3%84%8C%E3%84%A7%E3%84%A0%CB%87&word=%E4%BA%86"
"5","ㄍㄜˇ","個","",,"個","1","有教育部詞目","https://dict.concised.moe.edu.tw/searchP.jsp?SN=%E3%84%8D&SN2=%E3%84%8D%E3%84%9C%CB%87&word=%E5%80%8B"
"5","ㄍㄜˋ","個","",,"個、個人、個人所得稅、個人電腦、個子、個中三昧、個中滋味、個別、個別差異、個把、個兒、個性、個展、個案、個數、個體、個體戶","17","有教育部詞目","https://dict.concised.moe.edu.tw/searchP.jsp?SN=%E3%84%8D&SN2=%E3%84%8D%E3%84%9C%CB%8B&word=%E5%80%8B"
"6","ㄒㄧㄠˇ","小","小狗、小鳥、小貓",,"小、小子、小名、小弟、小妹、小姐、小便、小品、小偷、小販、小麥、小窗、小費、小開、小腦、小腸、小腹、小滿、小腿、小調","20","有教育部詞目","https://dict.concised.moe.edu.tw/searchP.jsp?SN=%E3%84%92&SN2=%E3%84%92%E3%84%A7%E3%84%A0%CB%87&word=%E5%B0%8F"
"7","ㄧㄡˇ","有","",,"有、有力、有分、有功、有利、有底、有空、有勁、有恆、有染、有害、有情、有理、有勞、有喜、有道、有請、有趣、有禮、有關","20","有教育部詞目","https://dict.concised.moe.edu.tw/searchP.jsp?SN=%E3%84%A7&SN2=%E3%84%A7%E3%84%A1%CB%87&word=%E6%9C%89"
"7","ㄧㄡˋ","有","",,"有","1","有教育部詞目","https://dict.concised.moe.edu.tw/searchP.jsp?SN=%E3%84%A7&SN2=%E3%84%A7%E3%84%A1%CB%8B&word=%E6%9C%89"
"8","ㄕㄨˇ","數","",,"數、數一數二、數來寶、數典忘祖、數落、數數兒","6","有教育部詞目","https://dict.concised.moe.edu.tw/searchP.jsp?SN=%E3%84%95&SN2=%E3%84%95%E3%84%A8%CB%87&word=%E6%95%B8"
"8","ㄕㄨˋ","數","",,"數、數以千計、數目、數字、數位、數值、數珠、數理、數量、數數兒、數學、數據、數據機、數額","14","有教育部詞目","https://dict.concised.moe.edu.tw/searchP.jsp?SN=%E3%84%95&SN2=%E3%84%95%E3%84%A8%CB%8B&word=%E6%95%B8"
"8","ㄕㄨㄛˋ","數","",,"數","1","有教育部詞目","https://dict.concised.moe.edu.tw/searchP.jsp?SN=%E3%84%95&SN2=%E3%84%95%E3%84%A8%E3%84%9B%CB%8B&word=%E6%95%B8"
"8","ㄘㄨˋ","數","",,"數","1","有教育部詞目","https://dict.concised.moe.edu.tw/searchP.jsp?SN=%E3%84%98&SN2=%E3%84%98%E3%84%A8%CB%8B&word=%E6%95%B8"
"9","ㄗㄞˋ","在","",,"在、在下、在內、在世、在乎、在外、在在、在行、在位、在即、在室、在家、在座、在案、在逃、在野、在場、在意、在學、在職","20","有教育部詞目","https://dict.concised.moe.edu.tw/searchP.jsp?SN=%E3%84%97&SN2=%E3%84%97%E3%84%9E%CB%8B&word=%E5%9C%A8"
"10","ㄉㄨㄛ","多","",,"多、多久、多少、多心、多方、多半、多事、多重、多情、多量、多寡、多麼、多糖、多頭、多虧、多謝、多禮、多邊、多難、多變","20","有教育部詞目","https://dict.concised.moe.edu.tw/searchP.jsp?SN=%E3%84%89&SN2=%E3%84%89%E3%84%A8%E3%84%9B&word=%E5%A4%9A"
"11","ㄨㄛˇ","我","",,"我、我方、我行我素、我倆、我們、我輩","6","有教育部詞目","https://dict.concised.moe.edu.tw/searchP.jsp?SN=%E3%84%A8&SN2=%E3%84%A8%E3%84%9B%CB%87&word=%E6%88%91"
"12","ㄕㄤˇ","上","上學",,"上、上聲","2","有教育部詞目","https://dict.concised.moe.edu.tw/searchP.jsp?SN=%E3%84%95&SN2=%E3%84%95%E3%84%A4%CB%87&word=%E4%B8%8A"
"12","ㄕㄤˋ","上","",,"上、上方、上片、上半、上吊、上旬、上床、上空、上門、上品、上面、上風、上班、上當、上達、上榜、上端、上賓、上顎、上邊","20","有教育部詞目","https://dict.concised.moe.edu.tw/searchP.jsp?SN=%E3%84%95&SN2=%E3%84%95%E3%84%A4%CB%8B&word=%E4%B8%8A"
"13","ㄖㄣˊ","人","人口、人們、人家",,"人、人丁、人口、人父、人民、人犯、人名、人次、人命、人品、人們、人家、人脈、人馬、人渣、人道、人禍、人種、人證","19","有教育部詞目","https://dict.concised.moe.edu.tw/searchP.jsp?SN=%E3%84%96&SN2=%E3%84%96%E3%84%A3%CB%8A&word=%E4%BA%BA"
"14","ㄅㄨˋ","不","",,"不、不比、不平、不必、不好、不怕、不便、不貞、不時、不配、不備、不勝、不虞、不該、不過、不察、不懂、不變、不讓","19","有教育部詞目","https://dict.concised.moe.edu.tw/searchP.jsp?SN=%E3%84%85&SN2=%E3%84%85%E3%84%A8%CB%8B&word=%E4%B8%8D"
"14","ㄈㄡˇ","不","",,"不、不置可否","2","有教育部詞目","https://dict.concised.moe.edu.tw/searchP.jsp?SN=%E3%84%88&SN2=%E3%84%88%E3%84%A1%CB%87&word=%E4%B8%8D"
"15","ㄌㄞˊ","來","",,"來、來日、來世、來犯、來生、來回、來年、來函、來信、來勁、來處、來訪、來勢、來路、來電、來賓、來歷、來頭、來臨、來襲","20","有教育部詞目","https://dict.concised.moe.edu.tw/searchP.jsp?SN=%E3%84%8C&SN2=%E3%84%8C%E3%84%9E%CB%8A&word=%E4%BE%86"
"16","ㄕㄠˇ","少","",,"少、少見、少見多怪、少來、少許、少量、少數","7","有教育部詞目","https://dict.concised.moe.edu.tw/searchP.jsp?SN=%E3%84%95&SN2=%E3%84%95%E3%84%A0%CB%87&word=%E5%B0%91"
"16","ㄕㄠˋ","少","",,"少、少女、少女情懷、少小、少不更事、少奶奶、少年、少年老成、少年法庭、少壯、少林拳、少時、少婦、少爺","14","有教育部詞目","https://dict.concised.moe.edu.tw/searchP.jsp?SN=%E3%84%95&SN2=%E3%84%95%E3%84%A0%CB%8B&word=%E5%B0%91"
"17","ㄓㄜˋ","這","",,"這、這些、這兒、這個、這般、這會兒、這裡、這麼、這廝、這樣、這輩子","11","有教育部詞目","https://dict.concised.moe.edu.tw/searchP.jsp?SN=%E3%84%93&SN2=%E3%84%93%E3%84%9C%CB%8B&word=%E9%80%99"
"18","ㄒㄧㄚˋ","下","下雨",,"下、下人、下巴、下手、下旬、下行、下坡、下流、下面、下海、下班、下筆、下等、下聘、下端、下賤、下擺、下顎、下襬、下體","20","有教育部詞目","https://dict.concised.moe.edu.tw/searchP.jsp?SN=%E3%84%92&SN2=%E3%84%92%E3%84%A7%E3%84%9A%CB%8B&word=%E4%B8%8B"
"19","ㄇㄧˇ","米","米飯",,"米、米色、米粉、米酒、米粒、米飯、米壽、米漿、米糕、米糧、米蟲","11","有教育部詞目","https://dict.concised.moe.edu.tw/searchP.jsp?SN=%E3%84%87&SN2=%E3%84%87%E3%84%A7%CB%87&word=%E7%B1%B3"
"20","˙ㄉㄜ","地","",,"地","1","有教育部詞目","https://dict.concised.moe.edu.tw/searchP.jsp?SN=%E3%84%89&SN2=%CB%99%E3%84%89%E3%84%9C&word=%E5%9C%B0"
"20","ㄉㄧˋ","地","",,"地、地心、地方、地皮、地目、地步、地坪、地府、地板、地表、地面、地痞、地道、地獄、地貌、地標、地盤、地磅、地壘","19","有教育部詞目","https://dict.concised.moe.edu.tw/searchP.jsp?SN=%E3%84%89&SN2=%E3%84%89%E3%84%A7%CB%8B&word=%E5%9C%B0"
"21","ㄇㄧㄢˋ","面","",,"面、面孔、面皮、面目、面向、面告、面具、面板、面洽、面面、面皰、面紗、面部、面對、面貌、面談、面壁、面積、面頰、面臨","20","有教育部詞目","https://dict.concised.moe.edu.tw/searchP.jsp?SN=%E3%84%87&SN2=%E3%84%87%E3%84%A7%E3%84%A2%CB%8B&word=%E9%9D%A2"
"22","ㄉㄚˋ","大","大豆、大象",,"大、大伯、大把、大豆、大宗、大限、大班、大敗、大悲、大象、大會、大腸、大號、大過、大夥、大褂、大寫、大學、大舉、大膽","20","有教育部詞目","https://dict.concised.moe.edu.tw/searchP.jsp?SN=%E3%84%89&SN2=%E3%84%89%E3%84%9A%CB%8B&word=%E5%A4%A7"
"22","ㄉㄞˋ","大","",,"大、大夫","2","有教育部詞目","https://dict.concised.moe.edu.tw/searchP.jsp?SN=%E3%84%89&SN2=%E3%84%89%E3%84%9E%CB%8B&word=%E5%A4%A7"
"23","ㄈㄣ","分","",,"分、分布、分母、分別、分批、分貝、分店、分明、分泌、分封、分段、分派、分娩、分配、分部、分發、分說、分擔、分辨","19","有教育部詞目","https://dict.concised.moe.edu.tw/searchP.jsp?SN=%E3%84%88&SN2=%E3%84%88%E3%84%A3&word=%E5%88%86"
"23","ㄈㄣˋ","分","",,"分、分子、分內、分外、分外眼紅、分量","6","有教育部詞目","https://dict.concised.moe.edu.tw/searchP.jsp?SN=%E3%84%88&SN2=%E3%84%88%E3%84%A3%CB%8B&word=%E5%88%86"
"24","˙ㄇㄣ","們","",,"們","1","有教育部詞目","https://dict.concised.moe.edu.tw/searchP.jsp?SN=%E3%84%87&SN2=%CB%99%E3%84%87%E3%84%A3&word=%E5%80%91"
"24","ㄇㄣˊ","們","",,"們","1","有教育部詞目","https://dict.concised.moe.edu.tw/searchP.jsp?SN=%E3%84%87&SN2=%E3%84%87%E3%84%A3%CB%8A&word=%E5%80%91"
"25","ㄩㄥˋ","用","",,"用、用人、用力、用心、用戶、用水、用功、用光、用地、用兵、用事、用具、用法、用品、用料、用情、用處、用途、用詞、用餐","20","有教育部詞目","https://dict.concised.moe.edu.tw/searchP.jsp?SN=%E3%84%A9&SN2=%E3%84%A9%E3%84%A5%CB%8B&word=%E7%94%A8"
"26","ㄓㄨㄥ","中","中午、中國",,"中、中止、中古、中立、中年、中旬、中流、中風、中庭、中途、中等、中隊、中飯、中傷、中飽、中盤、中鋒、中點、中斷","19","有教育部詞目","https://dict.concised.moe.edu.tw/searchP.jsp?SN=%E3%84%93&SN2=%E3%84%93%E3%84%A8%E3%84%A5&word=%E4%B8%AD"
"26","ㄓㄨㄥˋ","中","",,"中、中用、中肯、中毒、中看、中計、中風、中規中矩、中暑、中傷、中意、中彈、中獎、中選、中聽","15","有教育部詞目","https://dict.concised.moe.edu.tw/searchP.jsp?SN=%E3%84%93&SN2=%E3%84%93%E3%84%A8%E3%84%A5%CB%8B&word=%E4%B8%AD"
"27","ㄔㄨ","出","",,"出、出名、出兵、出沒、出來、出版、出門、出品、出面、出席、出息、出氣、出浴、出馬、出脫、出落、出遊、出閣、出賣、出殯","20","有教育部詞目","https://dict.concised.moe.edu.tw/searchP.jsp?SN=%E3%84%94&SN2=%E3%84%94%E3%84%A8&word=%E5%87%BA"
"28","˙ㄏㄨㄛ","和","",,"和","1","有教育部詞目","https://dict.concised.moe.edu.tw/searchP.jsp?SN=%E3%84%8F&SN2=%CB%99%E3%84%8F%E3%84%A8%E3%84%9B&word=%E5%92%8C"
"28","ㄏㄜˊ","和","",,"和、和平、和好、和局、和協、和尚、和服、和約、和風、和氣、和善、和煦、和睦、和解、和數、和樂、和緩、和談、和諧、和聲","20","有教育部詞目","https://dict.concised.moe.edu.tw/searchP.jsp?SN=%E3%84%8F&SN2=%E3%84%8F%E3%84%9C%CB%8A&word=%E5%92%8C"
"28","ㄏㄜˋ","和","",,"和","1","有教育部詞目","https://dict.concised.moe.edu.tw/searchP.jsp?SN=%E3%84%8F&SN2=%E3%84%8F%E3%84%9C%CB%8B&word=%E5%92%8C"
"28","ㄏㄢˋ","和","",,"和","1","有教育部詞目","https://dict.concised.moe.edu.tw/searchP.jsp?SN=%E3%84%8F&SN2=%E3%84%8F%E3%84%A2%CB%8B&word=%E5%92%8C"
"28","ㄏㄨˊ","和","",,"和","1","有教育部詞目","https://dict.concised.moe.edu.tw/searchP.jsp?SN=%E3%84%8F&SN2=%E3%84%8F%E3%84%A8%CB%8A&word=%E5%92%8C"
"28","ㄏㄨㄛˋ","和","",,"和、和稀泥","2","有教育部詞目","https://dict.concised.moe.edu.tw/searchP.jsp?SN=%E3%84%8F&SN2=%E3%84%8F%E3%84%A8%E3%84%9B%CB%8B&word=%E5%92%8C"
"29","ㄕㄨㄛ","說","",,"說、說不定、說不得、說不清、說白、說明、說法、說穿、說書、說笑、說情、說教、說理、說媒、說閒話、說項、說話、說道、說謊、說辭","20","有教育部詞目","https://dict.concised.moe.edu.tw/searchP.jsp?SN=%E3%84%95&SN2=%E3%84%95%E3%84%A8%E3%84%9B&word=%E8%AA%AA"
"29","ㄕㄨㄟˋ","說","",,"說、說服、說客","3","有教育部詞目","https://dict.concised.moe.edu.tw/searchP.jsp?SN=%E3%84%95&SN2=%E3%84%95%E3%84%A8%E3%84%9F%CB%8B&word=%E8%AA%AA"
"29","ㄩㄝˋ","說","",,"說","1","有教育部詞目","https://dict.concised.moe.edu.tw/searchP.jsp?SN=%E3%84%A9&SN2=%E3%84%A9%E3%84%9D%CB%8B&word=%E8%AA%AA"
"30","˙ㄇㄜ","麼","",,"麼","1","有教育部詞目","https://dict.concised.moe.edu.tw/searchP.jsp?SN=%E3%84%87&SN2=%CB%99%E3%84%87%E3%84%9C&word=%E9%BA%BC"
"30","ㄇㄚˊ","麼","",,"麼","1","有教育部詞目","https://dict.concised.moe.edu.tw/searchP.jsp?SN=%E3%84%87&SN2=%E3%84%87%E3%84%9A%CB%8A&word=%E9%BA%BC"
"30","ㄇㄛˊ","麼","",,"麼","1","有教育部詞目","https://dict.concised.moe.edu.tw/searchP.jsp?SN=%E3%84%87&SN2=%E3%84%87%E3%84%9B%CB%8A&word=%E9%BA%BC"
"31","˙ㄗ","子","",,"子","1","有教育部詞目","https://dict.concised.moe.edu.tw/searchP.jsp?SN=%E3%84%97&SN2=%CB%99%E3%84%97&word=%E5%AD%90"
"31","ㄗˇ","子","",,"子、子女、子子孫孫、子午線、子民、子目、子弟、子弟戲、子夜、子房、子孫、子宮、子宮外孕、子宮頸、子息、子時、子虛烏有、子嗣、子彈","19","有教育部詞目","https://dict.concised.moe.edu.tw/searchP.jsp?SN=%E3%84%97&SN2=%E3%84%97%CB%87&word=%E5%AD%90"
"32","ㄉㄠˋ","到","",,"到、到手、到任、到來、到底、到家、到時、到案、到處、到場、到期、到達、到齊、到頭、到頭來、到職","16","有教育部詞目","https://dict.concised.moe.edu.tw/searchP.jsp?SN=%E3%84%89&SN2=%E3%84%89%E3%84%A0%CB%8B&word=%E5%88%B0"
"33","ㄕˊ","時","",,"時、時下、時分、時代、時令、時光、時局、時刻、時空、時段、時候、時差、時常、時期、時間、時節、時髦、時價、時機、時艱","20","有教育部詞目","https://dict.concised.moe.edu.tw/searchP.jsp?SN=%E3%84%95&SN2=%E3%84%95%CB%8A&word=%E6%99%82"
"34","˙ㄓㄜ","著","",,"著","1","有教育部詞目","https://dict.concised.moe.edu.tw/searchP.jsp?SN=%E3%84%93&SN2=%CB%99%E3%84%93%E3%84%9C&word=%E8%91%97"
"34","ㄓㄠ","著","",,"著、著火、著急、著迷、著涼、著想、著魔","7","有教育部詞目","https://dict.concised.moe.edu.tw/searchP.jsp?SN=%E3%84%93&SN2=%E3%84%93%E3%84%A0&word=%E8%91%97"
"34","ㄓㄠˊ","著","",,"著、著火、著迷、著想、著魔","5","有教育部詞目","https://dict.concised.moe.edu.tw/searchP.jsp?SN=%E3%84%93&SN2=%E3%84%93%E3%84%A0%CB%8A&word=%E8%91%97"
"34","ㄓㄨˋ","著","",,"著、著名、著作、著者、著述、著書、著書立說、著稱","8","有教育部詞目","https://dict.concised.moe.edu.tw/searchP.jsp?SN=%E3%84%93&SN2=%E3%84%93%E3%84%A8%CB%8B&word=%E8%91%97"
"34","ㄓㄨㄛˊ","著","",,"著、著力、著手、著地、著重、著眼、著陸、著落、著實、著墨","10","有教育部詞目","https://dict.concised.moe.edu.tw/searchP.jsp?SN=%E3%84%93&SN2=%E3%84%93%E3%84%A8%E3%84%9B%CB%8A&word=%E8%91%97"
"35","ㄊㄧㄢ","天","天平、天地、天氣",,"天、天分、天父、天平、天地、天兵、天命、天氣、天秤、天堂、天葬、天道、天團、天幕、天敵、天賦、天燈、天邊、天聽","19","有教育部詞目","https://dict.concised.moe.edu.tw/searchP.jsp?SN=%E3%84%8A&SN2=%E3%84%8A%E3%84%A7%E3%84%A2&word=%E5%A4%A9"
"36","ㄧㄠ","要","",,"要、要犯、要目、要件、要地、要好、要求、要命、要津、要害、要挾、要脅、要得、要略、要路、要道、要領、要價、要點","19","有教育部詞目","https://dict.concised.moe.edu.tw/searchP.jsp?SN=%E3%84%A7&SN2=%E3%84%A7%E3%84%A0&word=%E8%A6%81"
"36","ㄧㄠˋ","要","",,"要、要犯、要目、要件、要地、要好、要角、要命、要津、要害、要強、要得、要略、要訣、要路、要道、要緊、要領、要價、要點","20","有教育部詞目","https://dict.concised.moe.edu.tw/searchP.jsp?SN=%E3%84%A7&SN2=%E3%84%A7%E3%84%A0%CB%8B&word=%E8%A6%81"
"37","ㄊㄚ","他","",,"他、他人、他力、他山之石、他方、他日、他倆、他們、他國、他殺、他處、他鄉、他鄉遇故知、他說","14","有教育部詞目","https://dict.concised.moe.edu.tw/searchP.jsp?SN=%E3%84%8A&SN2=%E3%84%8A%E3%84%9A&word=%E4%BB%96"
"38","ㄒㄩㄝˊ","學","",,"學、學力、學分、學名、學制、學店、學府、學派、學界、學科、學風、學徒、學堂、學報、學童、學費、學會、學號、學歷、學籍","20","有教育部詞目","https://dict.concised.moe.edu.tw/searchP.jsp?SN=%E3%84%92&SN2=%E3%84%92%E3%84%A9%E3%84%9D%CB%8A&word=%E5%AD%B8"
"39","ㄅㄚˇ","把","",,"把、把手、把守、把式、把玩、把門、把持、把柄、把風、把脈、把握、把盞、把戲、把關","14","有教育部詞目","https://dict.concised.moe.edu.tw/searchP.jsp?SN=%E3%84%85&SN2=%E3%84%85%E3%84%9A%CB%87&word=%E6%8A%8A"
"39","ㄅㄚˋ","把","",,"把","1","有教育部詞目","https://dict.concised.moe.edu.tw/searchP.jsp?SN=%E3%84%85&SN2=%E3%84%85%E3%84%9A%CB%8B&word=%E6%8A%8A"
"41","ㄈㄤ","方","",,"方、方丈、方士、方子、方寸、方才、方正、方向、方式、方舟、方志、方言、方法、方便、方面、方家、方格、方桌、方針、方塊","20","有教育部詞目","https://dict.concised.moe.edu.tw/searchP.jsp?SN=%E3%84%88&SN2=%E3%84%88%E3%84%A4&word=%E6%96%B9"
"42","ㄒㄧㄤˇ","想","",,"想、想入非非、想不到、想不透、想不開、想必、想見、想念、想法、想當然、想像、想像力","12","有教育部詞目","https://dict.concised.moe.edu.tw/searchP.jsp?SN=%E3%84%92&SN2=%E3%84%92%E3%84%A7%E3%84%A4%CB%87&word=%E6%83%B3"
"43","ㄋㄧˇ","你","",,"你、你死我活、你我、你來我往、你爭我奪、你們、你推我擠、你儂我儂","8","有教育部詞目","https://dict.concised.moe.edu.tw/searchP.jsp?SN=%E3%84%8B&SN2=%E3%84%8B%E3%84%A7%CB%87&word=%E4%BD%A0"
"44","ㄇㄟˇ","每","",,"每、每下愈況、每天、每位、每每、每況愈下、每逢、每當、每隔","9","有教育部詞目","https://dict.concised.moe.edu.tw/searchP.jsp?SN=%E3%84%87&SN2=%E3%84%87%E3%84%9F%CB%87&word=%E6%AF%8F"
"45","ㄎㄢ","看","",,"看、看守、看似、看來、看板、看法、看門、看待、看扁、看家、看病、看破、看透、看管、看臺、看輕、看頭、看護、看顧","19","有教育部詞目","https://dict.concised.moe.edu.tw/searchP.jsp?SN=%E3%84%8E&SN2=%E3%84%8E%E3%84%A2&word=%E7%9C%8B"
"45","ㄎㄢˋ","看","",,"看、看好、看似、看見、看來、看官、看板、看法、看待、看扁、看看、看病、看破、看透、看慣、看臺、看輕、看齊、看頭","19","有教育部詞目","https://dict.concised.moe.edu.tw/searchP.jsp?SN=%E3%84%8E&SN2=%E3%84%8E%E3%84%A2%CB%8B&word=%E7%9C%8B"
"46","ㄓㄤˇ","長","",,"長、長大、長子、長老、長尾巴、長官、長者、長相、長進、長輩","10","有教育部詞目","https://dict.concised.moe.edu.tw/searchP.jsp?SN=%E3%84%93&SN2=%E3%84%93%E3%84%A4%CB%87&word=%E9%95%B7"
"46","ㄔㄤˊ","長","",,"長、長久、長年、長舌、長命、長青、長度、長衫、長眠、長笛、長袍、長途、長短、長跑、長跪、長嘆、長遠、長談、長篙、長龍","20","有教育部詞目","https://dict.concised.moe.edu.tw/searchP.jsp?SN=%E3%84%94&SN2=%E3%84%94%E3%84%A4%CB%8A&word=%E9%95%B7"
"47","ㄍㄨㄛˊ","國","",,"國、國力、國父、國片、國本、國民、國防、國服、國法、國門、國是、國教、國都、國貿、國賓、國魂、國劇、國慶、國學、國寶","20","有教育部詞目","https://dict.concised.moe.edu.tw/searchP.jsp?SN=%E3%84%8D&SN2=%E3%84%8D%E3%84%A8%E3%84%9B%CB%8A&word=%E5%9C%8B"
"48","ㄧˇ","以","",,"以、以上、以下、以內、以及、以外、以免、以身作則、以身相許、以來、以往、以便、以前、以後、以為、以致、以降、以假亂真、以偏概全、以逸待勞","20","有教育部詞目","https://dict.concised.moe.edu.tw/searchP.jsp?SN=%E3%84%A7&SN2=%E3%84%A7%CB%87&word=%E4%BB%A5"
"49","ㄙㄨㄢˋ","算","",,"算、算了、算命、算法、算計、算帳、算術、算數、算盤","9","有教育部詞目","https://dict.concised.moe.edu.tw/searchP.jsp?SN=%E3%84%99&SN2=%E3%84%99%E3%84%A8%E3%84%A2%CB%8B&word=%E7%AE%97"
"50","ㄕˊ","什","",,"什、什物、什錦","3","有教育部詞目","https://dict.concised.moe.edu.tw/searchP.jsp?SN=%E3%84%95&SN2=%E3%84%95%CB%8A&word=%E4%BB%80"
"50","ㄕㄣˊ","什","",,"什、什麼","2","有教育部詞目","https://dict.concised.moe.edu.tw/searchP.jsp?SN=%E3%84%95&SN2=%E3%84%95%E3%84%A3%CB%8A&word=%E4%BB%80"
"51","ㄔㄥˊ","成","",,"成、成分、成天、成文、成功、成本、成立、成名、成因、成年、成命、成果、成品、成為、成堆、成婚、成敗、成規、成親、成績","20","有教育部詞目","https://dict.concised.moe.edu.tw/searchP.jsp?SN=%E3%84%94&SN2=%E3%84%94%E3%84%A5%CB%8A&word=%E6%88%90"
"52","ㄋㄧㄢˊ","年","",,"年、年下、年分、年代、年年、年老、年利、年來、年底、年表、年度、年報、年費、年輪、年曆、年頭、年邁、年禮、年譜、年關","20","有教育部詞目","https://dict.concised.moe.edu.tw/searchP.jsp?SN=%E3%84%8B&SN2=%E3%84%8B%E3%84%A7%E3%84%A2%CB%8A&word=%E5%B9%B4"
"53","ㄑㄧㄢ","千","",,"千、千刀萬剮、千斤頂、千方百計、千古、千瓦、千瓦時、千里迢迢、千里馬、千依百順、千呼萬喚、千金、千姿百態、千挑萬選、千秋、千萬、千赫、千篇一律、千頭萬緒、千變萬化","20","有教育部詞目","https://dict.concised.moe.edu.tw/searchP.jsp?SN=%E3%84%91&SN2=%E3%84%91%E3%84%A7%E3%84%A2&word=%E5%8D%83"
"54","ㄕㄥ","生","",,"生、生父、生平、生母、生吃、生年、生冷、生肖、生命、生怕、生根、生氣、生病、生動、生理、生路、生態、生機、生鐵、生變","20","有教育部詞目","https://dict.concised.moe.edu.tw/searchP.jsp?SN=%E3%84%95&SN2=%E3%84%95%E3%84%A5&word=%E7%94%9F"
"55","ㄐㄧㄡˋ","就","",,"就、就任、就地、就地正法、就地取材、就位、就坐、就近、就教、就診、就逮、就業、就義、就寢、就緒、就範、就學、就職、就醫、就讀","20","有教育部詞目","https://dict.concised.moe.edu.tw/searchP.jsp?SN=%E3%84%90&SN2=%E3%84%90%E3%84%A7%E3%84%A1%CB%8B&word=%E5%B0%B1"
"56","ㄧㄤˋ","樣","",,"樣、樣子、樣本、樣式、樣品、樣書、樣張、樣貌、樣樣","9","有教育部詞目","https://dict.concised.moe.edu.tw/searchP.jsp?SN=%E3%84%A7&SN2=%E3%84%A7%E3%84%A4%CB%8B&word=%E6%A8%A3"
"57","ㄊㄨㄥˊ","同","",,"同、同名、同年、同伴、同步、同居、同房、同門、同胞、同班、同堂、同理、同袍、同等、同盟、同道、同樂、同輩、同謀、同類","20","有教育部詞目","https://dict.concised.moe.edu.tw/searchP.jsp?SN=%E3%84%8A&SN2=%E3%84%8A%E3%84%A8%E3%84%A5%CB%8A&word=%E5%90%8C"
"58","ㄌㄧㄤˇ","兩","",,"兩、兩口子、兩手、兩可、兩用、兩全、兩岸、兩性、兩面光、兩造、兩棲、兩極、兩極化、兩端、兩樣、兩碼事、兩頰、兩翼、兩邊倒、兩難","20","有教育部詞目","https://dict.concised.moe.edu.tw/searchP.jsp?SN=%E3%84%8C&SN2=%E3%84%8C%E3%84%A7%E3%84%A4%CB%87&word=%E5%85%A9"
"59","˙ㄉㄜ","得","",,"得","1","有教育部詞目","https://dict.concised.moe.edu.tw/searchP.jsp?SN=%E3%84%89&SN2=%CB%99%E3%84%89%E3%84%9C&word=%E5%BE%97"
"59","ㄉㄜˊ","得","",,"得、得了、得力、得分、得名、得利、得志、得法、得知、得病、得悉、得救、得票、得逞、得當、得道、得標、得獎、得體","19","有教育部詞目","https://dict.concised.moe.edu.tw/searchP.jsp?SN=%E3%84%89&SN2=%E3%84%89%E3%84%9C%CB%8A&word=%E5%BE%97"
"59","ㄉㄟˇ","得","",,"得","1","有教育部詞目","https://dict.concised.moe.edu.tw/searchP.jsp?SN=%E3%84%89&SN2=%E3%84%89%E3%84%9F%CB%87&word=%E5%BE%97"
"60","ㄑㄩˋ","去","",,"去、去世、去向、去年、去函、去留、去除、去偽存真、去處、去勢、去路、去蕪存菁、去聲、去職","14","有教育部詞目","https://dict.concised.moe.edu.tw/searchP.jsp?SN=%E3%84%91&SN2=%E3%84%91%E3%84%A9%CB%8B&word=%E5%8E%BB"
"61","ㄙㄢ","三","",,"三、三大洋、三才、三不朽、三光、三多、三角板、三明治、三思、三昧、三流、三牲、三秋、三軍、三振、三部曲、三圍、三腳架、三餐、三寶","20","有教育部詞目","https://dict.concised.moe.edu.tw/searchP.jsp?SN=%E3%84%99&SN2=%E3%84%99%E3%84%A2&word=%E4%B8%89"
"62","ㄦˋ","二","",,"二、二八佳人、二心、二手、二手貨、二手傳播、二手煙、二次大戰、二次全倒、二百五、二房東、二胡、二郎神、二郎腿、二氧化錳、二副、二專、二愣子、二黃、二輪電影","20","有教育部詞目","https://dict.concised.moe.edu.tw/searchP.jsp?SN=%E3%84%A6&SN2=%E3%84%A6%CB%8B&word=%E4%BA%8C"
"63","ㄨㄟˊ","為","",,"為、為人、為人師表、為今之計、為止、為民喉舌、為生、為伍、為所欲為、為非作歹、為政、為首、為害、為時已晚、為善、為期、為德不卒、為難","18","有教育部詞目","https://dict.concised.moe.edu.tw/searchP.jsp?SN=%E3%84%A8&SN2=%E3%84%A8%E3%84%9F%CB%8A&word=%E7%82%BA"
"63","ㄨㄟˋ","為","",,"為、為人作嫁、為什麼、為民請命、為何、為虎作倀、為甚麼、為國爭光、為國捐軀","9","有教育部詞目","https://dict.concised.moe.edu.tw/searchP.jsp?SN=%E3%84%A8&SN2=%E3%84%A8%E3%84%9F%CB%8B&word=%E7%82%BA"
"64","ㄎㄜˇ","可","",,"可、可口、可可、可否、可見、可取、可怕、可怖、可恨、可能、可悲、可惱、可貴、可敬、可嘆、可憐、可樂、可靠、可親、可觀","20","有教育部詞目","https://dict.concised.moe.edu.tw/searchP.jsp?SN=%E3%84%8E&SN2=%E3%84%8E%E3%84%9C%CB%87&word=%E5%8F%AF"
"64","ㄎㄜˋ","可","",,"可、可汗","2","有教育部詞目","https://dict.concised.moe.edu.tw/searchP.jsp?SN=%E3%84%8E&SN2=%E3%84%8E%E3%84%9C%CB%8B&word=%E5%8F%AF"
"65","ㄉㄡˋ","讀","",,"讀","1","有教育部詞目","https://dict.concised.moe.edu.tw/searchP.jsp?SN=%E3%84%89&SN2=%E3%84%89%E3%84%A1%CB%8B&word=%E8%AE%80"
"65","ㄉㄨˊ","讀","",,"讀、讀友、讀本、讀死書、讀取、讀物、讀者、讀者投書、讀後感、讀秒、讀音、讀書、讀書人、讀寫、讀數","15","有教育部詞目","https://dict.concised.moe.edu.tw/searchP.jsp?SN=%E3%84%89&SN2=%E3%84%89%E3%84%A8%CB%8A&word=%E8%AE%80"
"66","ㄑㄧˇ","起","",,"起、起火、起立、起伏、起兵、起步、起來、起飛、起家、起動、起跑、起義、起落、起跳、起碼、起頭、起鬨、起薪、起錨、起點","20","有教育部詞目","https://dict.concised.moe.edu.tw/searchP.jsp?SN=%E3%84%91&SN2=%E3%84%91%E3%84%A7%CB%87&word=%E8%B5%B7"
"67","ㄒㄧㄝˇ","寫","",,"寫、寫本、寫生、寫字、寫字樓、寫作、寫真、寫意、寫照、寫實、寫稿","11","有教育部詞目","https://dict.concised.moe.edu.tw/searchP.jsp?SN=%E3%84%92&SN2=%E3%84%92%E3%84%A7%E3%84%9D%CB%87&word=%E5%AF%AB"
"68","ㄐㄧ","幾","",,"幾、幾乎、幾多、幾何、幾何學、幾許","6","有教育部詞目","https://dict.concised.moe.edu.tw/searchP.jsp?SN=%E3%84%90&SN2=%E3%84%90%E3%84%A7&word=%E5%B9%BE"
"68","ㄐㄧˇ","幾","",,"幾、幾多、幾何、幾何學、幾許","5","有教育部詞目","https://dict.concised.moe.edu.tw/searchP.jsp?SN=%E3%84%90&SN2=%E3%84%90%E3%84%A7%CB%87&word=%E5%B9%BE"
"69","ㄗㄨㄛˋ","做","",,"做、做七、做人、做人情、做人處事、做工、做生意、做作、做事、做官、做東道、做客、做案、做莊、做飯、做夢、做聲、做臉、做禮拜","19","有教育部詞目","https://dict.concised.moe.edu.tw/searchP.jsp?SN=%E3%84%97&SN2=%E3%84%97%E3%84%A8%E3%84%9B%CB%8B&word=%E5%81%9A"
"70","ㄕˊ","十","",,"十、十二生肖、十八羅漢、十三經、十三點、十之八九、十分、十四行詩、十全、十全十美、十字架、十字路口、十成、十足、十里洋場、十拿九穩、十惡不赦、十進法、十項全能、十誡","20","有教育部詞目","https://dict.concised.moe.edu.tw/searchP.jsp?SN=%E3%84%95&SN2=%E3%84%95%CB%8A&word=%E5%8D%81"
"71","ㄉㄧˋ","第","",,"第、第一、第一人、第一手、第一名、第一把手、第一步、第一波、第一流、第一眼、第一線、第九藝術、第二春、第二職業、第八藝術、第三世界、第三地、第三者、第六感、第四臺","20","有教育部詞目","https://dict.concised.moe.edu.tw/searchP.jsp?SN=%E3%84%89&SN2=%E3%84%89%E3%84%A7%CB%8B&word=%E7%AC%AC"
"72","ㄏㄠˇ","好","",,"好、好久、好心、好手、好歹、好比、好吃、好多、好事、好受、好看、好球、好處、好評、好感、好像、好漢、好學、好險、好轉","20","有教育部詞目","https://dict.concised.moe.edu.tw/searchP.jsp?SN=%E3%84%8F&SN2=%E3%84%8F%E3%84%A0%CB%87&word=%E5%A5%BD"
"72","ㄏㄠˋ","好","",,"好、好大喜功、好生之德、好吃、好吃懶做、好色、好事、好奇、好玩、好勇鬥狠、好客、好高騖遠、好強、好勝、好惡、好逸惡勞、好學、好學不倦、好學專輯、好整以暇","20","有教育部詞目","https://dict.concised.moe.edu.tw/searchP.jsp?SN=%E3%84%8F&SN2=%E3%84%8F%E3%84%A0%CB%8B&word=%E5%A5%BD"
"73","ㄉㄨㄥˋ","動","",,"動、動力、動口、動土、動工、動怒、動氣、動能、動脈、動畫、動筆、動亂、動感、動腦、動態、動漫、動機、動靜、動盪、動聽","20","有教育部詞目","https://dict.concised.moe.edu.tw/searchP.jsp?SN=%E3%84%89&SN2=%E3%84%89%E3%84%A8%E3%84%A5%CB%8B&word=%E5%8B%95"
"74","ㄗㄨㄛˊ","作","",,"作、作料","2","有教育部詞目","https://dict.concised.moe.edu.tw/searchP.jsp?SN=%E3%84%97&SN2=%E3%84%97%E3%84%A8%E3%84%9B%CB%8A&word=%E4%BD%9C"
"74","ㄗㄨㄛˋ","作","",,"作、作工、作伴、作坊、作弄、作東、作法、作保、作品、作為、作風、作梗、作陪、作答、作亂、作對、作弊、作廢、作樂、作罷","20","有教育部詞目","https://dict.concised.moe.edu.tw/searchP.jsp?SN=%E3%84%97&SN2=%E3%84%97%E3%84%A8%E3%84%9B%CB%8B&word=%E4%BD%9C"
"75","ㄍㄨ","家","",,"家、家規","2","有教育部詞目","https://dict.concised.moe.edu.tw/searchP.jsp?SN=%E3%84%8D&SN2=%E3%84%8D%E3%84%A8&word=%E5%AE%B6"
"75","ㄐㄧㄚ","家","家人、家門、家庭",,"家、家丁、家人、家父、家奴、家母、家事、家法、家門、家計、家風、家庭、家畜、家務、家規、家貧、家當、家道、家電、家譜","20","有教育部詞目","https://dict.concised.moe.edu.tw/searchP.jsp?SN=%E3%84%90&SN2=%E3%84%90%E3%84%A7%E3%84%9A&word=%E5%AE%B6"
"76","ㄅㄧˇ","比","",,"比、比方、比方說、比丘、比目魚、比如、比例、比重、比值、比率、比喻、比照、比試、比較、比劃、比對、比價、比數、比擬、比賽","20","有教育部詞目","https://dict.concised.moe.edu.tw/searchP.jsp?SN=%E3%84%85&SN2=%E3%84%85%E3%84%A7%CB%87&word=%E6%AF%94"
"76","ㄅㄧˋ","比","",,"比、比比皆是、比肩、比鄰、比鄰而居","5","有教育部詞目","https://dict.concised.moe.edu.tw/searchP.jsp?SN=%E3%84%85&SN2=%E3%84%85%E3%84%A7%CB%8B&word=%E6%AF%94"
"76","ㄆㄧˊ","比","",,"比","1","有教育部詞目","https://dict.concised.moe.edu.tw/searchP.jsp?SN=%E3%84%86&SN2=%E3%84%86%E3%84%A7%CB%8A&word=%E6%AF%94"
"78","ㄏㄞˊ","還","",,"還、還可以、還好、還早、還有、還是","6","有教育部詞目","https://dict.concised.moe.edu.tw/searchP.jsp?SN=%E3%84%8F&SN2=%E3%84%8F%E3%84%9E%CB%8A&word=%E9%82%84"
"78","ㄏㄨㄢˊ","還","",,"還、還手、還以顏色、還本、還我河山、還俗、還原、還債、還魂、還價、還錢、還擊、還禮、還願","14","有教育部詞目","https://dict.concised.moe.edu.tw/searchP.jsp?SN=%E3%84%8F&SN2=%E3%84%8F%E3%84%A8%E3%84%A2%CB%8A&word=%E9%82%84"
"79","ㄍㄨㄛ","過","",,"過、過分、過戶、過失、過目、過年、過來、過門、過客、過度、過敏、過渡、過量、過當、過慮、過磅、過頭、過濾、過關","19","有教育部詞目","https://dict.concised.moe.edu.tw/searchP.jsp?SN=%E3%84%8D&SN2=%E3%84%8D%E3%84%A8%E3%84%9B&word=%E9%81%8E"
"79","ㄍㄨㄛˋ","過","",,"過、過分、過戶、過失、過目、過年、過來、過門、過客、過度、過活、過敏、過渡、過量、過當、過慮、過磅、過頭、過濾、過關","20","有教育部詞目","https://dict.concised.moe.edu.tw/searchP.jsp?SN=%E3%84%8D&SN2=%E3%84%8D%E3%84%A8%E3%84%9B%CB%8B&word=%E9%81%8E"
"80","ㄨㄟˋ","位","",,"位、位子、位元、位元組、位居要津、位於、位能、位移、位階、位置","10","有教育部詞目","https://dict.concised.moe.edu.tw/searchP.jsp?SN=%E3%84%A8&SN2=%E3%84%A8%E3%84%9F%CB%8B&word=%E4%BD%8D"
"81","ㄕㄨㄟˇ","水","水牛、水母、水泡",,"水、水刀、水牛、水平、水母、水圳、水性、水泡、水肺、水表、水門、水面、水珠、水渠、水舞、水餃、水潭、水墨、水瓢、水壩","20","有教育部詞目","https://dict.concised.moe.edu.tw/searchP.jsp?SN=%E3%84%95&SN2=%E3%84%95%E3%84%A8%E3%84%9F%CB%87&word=%E6%B0%B4"
"82","ㄏㄤˊ","行","",,"行、行伍、行列、行行出狀元、行員、行家、行庫、行情、行規、行業、行當、行號","12","有教育部詞目","https://dict.concised.moe.edu.tw/searchP.jsp?SN=%E3%84%8F&SN2=%E3%84%8F%E3%84%A4%CB%8A&word=%E8%A1%8C"
"82","ㄏㄤˋ","行","",,"行、行行","2","有教育部詞目","https://dict.concised.moe.edu.tw/searchP.jsp?SN=%E3%84%8F&SN2=%E3%84%8F%E3%84%A4%CB%8B&word=%E8%A1%8C"
"82","ㄒㄧㄥˊ","行","",,"行、行李、行房、行軍、行宮、行徑、行旅、行動、行將、行都、行期、行進、行照、行經、行賄、行跡、行館、行禮、行騙、行囊","20","有教育部詞目","https://dict.concised.moe.edu.tw/searchP.jsp?SN=%E3%84%92&SN2=%E3%84%92%E3%84%A7%E3%84%A5%CB%8A&word=%E8%A1%8C"
"82","ㄒㄧㄥˋ","行","",,"行","1","有教育部詞目","https://dict.concised.moe.edu.tw/searchP.jsp?SN=%E3%84%92&SN2=%E3%84%92%E3%84%A7%E3%84%A5%CB%8B&word=%E8%A1%8C"
"83","ㄋㄥˊ","能","",,"能、能人、能力、能力分班、能力測驗、能手、能否、能忍自安、能見度、能言善辯、能事、能屈能伸、能者多勞、能耐、能夠、能量、能幹、能源、能說善道、能劇","20","有教育部詞目","https://dict.concised.moe.edu.tw/searchP.jsp?SN=%E3%84%8B&SN2=%E3%84%8B%E3%84%A5%CB%8A&word=%E8%83%BD"
"84","ㄊㄚ","它","",,"它、它們","2","有教育部詞目","https://dict.concised.moe.edu.tw/searchP.jsp?SN=%E3%84%8A&SN2=%E3%84%8A%E3%84%9A&word=%E5%AE%83"
"85","ㄊㄧˊ","題","",,"題、題外話、題目、題名、題字、題材、題型、題庫、題款、題詞、題跋、題署、題解、題辭","14","有教育部詞目","https://dict.concised.moe.edu.tw/searchP.jsp?SN=%E3%84%8A&SN2=%E3%84%8A%E3%84%A7%CB%8A&word=%E9%A1%8C"
"86","ㄆㄧㄥˊ","平","",,"平、平凡、平分、平反、平方、平平、平民、平生、平白、平和、平底、平房、平放、平板、平面、平淡、平復、平等、平撫、平輩","20","有教育部詞目","https://dict.concised.moe.edu.tw/searchP.jsp?SN=%E3%84%86&SN2=%E3%84%86%E3%84%A7%E3%84%A5%CB%8A&word=%E5%B9%B3"
"87","ㄐㄧˋ","計","",,"計、計分、計時、計票、計畫、計畫經濟、計程車、計策、計費、計量、計較、計劃、計算、計算機、計價、計謀","16","有教育部詞目","https://dict.concised.moe.edu.tw/searchP.jsp?SN=%E3%84%90&SN2=%E3%84%90%E3%84%A7%CB%8B&word=%E8%A8%88"
"88","ㄍㄜˋ","各","",,"各、各不相讓、各式各樣、各自、各行各業、各行其是、各位、各別、各奔東西、各奔前程、各界、各執一詞、各得其所、各盡所能、各種、各說各話、各憑本事、各懷鬼胎、各闢蹊徑、各顯神通","20","有教育部詞目","https://dict.concised.moe.edu.tw/searchP.jsp?SN=%E3%84%8D&SN2=%E3%84%8D%E3%84%9C%CB%8B&word=%E5%90%84"
"89","ㄌㄧㄢˋ","練","",,"練、練功、練字、練兵、練武、練唱、練球、練習、練習生、練就、練達","11","有教育部詞目","https://dict.concised.moe.edu.tw/searchP.jsp?SN=%E3%84%8C&SN2=%E3%84%8C%E3%84%A7%E3%84%A2%CB%8B&word=%E7%B7%B4"
"90","ㄋㄚ","那","",,"那、那天、那些、那怕、那般、那裡、那麼、那樣","8","有教育部詞目","https://dict.concised.moe.edu.tw/searchP.jsp?SN=%E3%84%8B&SN2=%E3%84%8B%E3%84%9A&word=%E9%82%A3"
"90","ㄋㄚˇ","那","",,"那、那些、那怕、那般、那裡、那樣","6","有教育部詞目","https://dict.concised.moe.edu.tw/searchP.jsp?SN=%E3%84%8B&SN2=%E3%84%8B%E3%84%9A%CB%87&word=%E9%82%A3"
"90","ㄋㄚˋ","那","",,"那、那天、那些、那般、那裡、那麼、那樣","7","有教育部詞目","https://dict.concised.moe.edu.tw/searchP.jsp?SN=%E3%84%8B&SN2=%E3%84%8B%E3%84%9A%CB%8B&word=%E9%82%A3"
"91","ㄊㄧˇ","體","",,"體、體力、體己、體毛、體位、體例、體味、體念、體法、體面、體格、體能、體統、體貼、體會、體態、體罰、體諒、體魄、體壇","20","有教育部詞目","https://dict.concised.moe.edu.tw/searchP.jsp?SN=%E3%84%8A&SN2=%E3%84%8A%E3%84%A7%CB%87&word=%E9%AB%94"
"92","ㄨㄣˊ","文","",,"文、文化、文本、文字、文告、文官、文定、文明、文法、文盲、文科、文革、文理、文筆、文蛤、文德、文稿、文壇、文憑、文體","20","有教育部詞目","https://dict.concised.moe.edu.tw/searchP.jsp?SN=%E3%84%A8&SN2=%E3%84%A8%E3%84%A3%CB%8A&word=%E6%96%87"
"92","ㄨㄣˋ","文","",,"文、文過飾非、文飾","3","有教育部詞目","https://dict.concised.moe.edu.tw/searchP.jsp?SN=%E3%84%A8&SN2=%E3%84%A8%E3%84%A3%CB%8B&word=%E6%96%87"
"93","ㄗˋ","自","",,"自、自大、自白、自有、自決、自卑、自拔、自保、自信、自勉、自負、自得、自備、自焚、自發、自裁、自費、自滿、自豪、自衛","20","有教育部詞目","https://dict.concised.moe.edu.tw/searchP.jsp?SN=%E3%84%97&SN2=%E3%84%97%CB%8B&word=%E8%87%AA"
"94","ㄑㄩ","曲","",,"曲、曲子、曲尺、曲水流觴、曲目、曲折、曲折離奇、曲直、曲徑通幽、曲高和寡、曲球、曲終人散、曲棍球、曲牌、曲意逢迎、曲解、曲線、曲調、曲譜","19","有教育部詞目","https://dict.concised.moe.edu.tw/searchP.jsp?SN=%E3%84%91&SN2=%E3%84%91%E3%84%A9&word=%E6%9B%B2"
"94","ㄑㄩˇ","曲","",,"曲、曲子、曲目、曲高和寡、曲終人散、曲牌、曲調、曲譜","8","有教育部詞目","https://dict.concised.moe.edu.tw/searchP.jsp?SN=%E3%84%91&SN2=%E3%84%91%E3%84%A9%CB%87&word=%E6%9B%B2"
"95","ㄈㄚˇ","法","",,"法、法力、法令、法典、法官、法定、法帖、法門、法度、法律、法郎、法庭、法理、法規、法統、法會、法號、法辦、法醫、法寶","20","有教育部詞目","https://dict.concised.moe.edu.tw/searchP.jsp?SN=%E3%84%88&SN2=%E3%84%88%E3%84%9A%CB%87&word=%E6%B3%95"
"95","ㄈㄚˊ","法","",,"法、法子","2","有教育部詞目","https://dict.concised.moe.edu.tw/searchP.jsp?SN=%E3%84%88&SN2=%E3%84%88%E3%84%9A%CB%8A&word=%E6%B3%95"
"96","ㄧㄝˇ","也","",,"也、也許、也罷","3","有教育部詞目","https://dict.concised.moe.edu.tw/searchP.jsp?SN=%E3%84%A7&SN2=%E3%84%A7%E3%84%9D%CB%87&word=%E4%B9%9F"
"97","ㄒㄧㄥˊ","形","",,"形、形上學、形同具文、形同虛設、形式、形成、形色、形似、形狀、形相、形容、形容詞、形單影隻、形象、形勢、形跡、形態、形貌、形骸、形體","20","有教育部詞目","https://dict.concised.moe.edu.tw/searchP.jsp?SN=%E3%84%92&SN2=%E3%84%92%E3%84%A7%E3%84%A5%CB%8A&word=%E5%BD%A2"
"98","ㄍㄨㄟˋ","會","",,"會、會稽縣","2","有教育部詞目","https://dict.concised.moe.edu.tw/searchP.jsp?SN=%E3%84%8D&SN2=%E3%84%8D%E3%84%A8%E3%84%9F%CB%8B&word=%E6%9C%83"
"98","ㄎㄨㄞˋ","會","",,"會、會計、會計年度、會計師","4","有教育部詞目","https://dict.concised.moe.edu.tw/searchP.jsp?SN=%E3%84%8E&SN2=%E3%84%8E%E3%84%A8%E3%84%9E%CB%8B&word=%E6%9C%83"
"98","ㄏㄨㄟˇ","會","",,"會","1","有教育部詞目","https://dict.concised.moe.edu.tw/searchP.jsp?SN=%E3%84%8F&SN2=%E3%84%8F%E3%84%A8%E3%84%9F%CB%87&word=%E6%9C%83"
"98","ㄏㄨㄟˋ","會","",,"會、會心、會合、會同、會考、會見、會客、會面、會勘、會規、會報、會期、會費、會話、會談、會戰、會錢、會頭、會館、會籍","20","有教育部詞目","https://dict.concised.moe.edu.tw/searchP.jsp?SN=%E3%84%8F&SN2=%E3%84%8F%E3%84%A8%E3%84%9F%CB%8B&word=%E6%9C%83"
"99","ㄓㄨㄥˇ","種","",,"種、種子、種子球員、種子網路、種性、種苗、種族、種族主義、種種、種類","10","有教育部詞目","https://dict.concised.moe.edu.tw/searchP.jsp?SN=%E3%84%93&SN2=%E3%84%93%E3%84%A8%E3%84%A5%CB%87&word=%E7%A8%AE"
"99","ㄓㄨㄥˋ","種","",,"種、種瓜得瓜，種豆得豆、種田、種因、種植","5","有教育部詞目","https://dict.concised.moe.edu.tw/searchP.jsp?SN=%E3%84%93&SN2=%E3%84%93%E3%84%A8%E3%84%A5%CB%8B&word=%E7%A8%AE"
"100","ㄎㄜˋ","課","",,"課、課文、課外、課外讀物、課本、課目、課表、課長、課後輔導、課員、課堂、課稅、課程、課業、課輔、課徵、課餘、課題","18","有教育部詞目","https://dict.concised.moe.edu.tw/searchP.jsp?SN=%E3%84%8E&SN2=%E3%84%8E%E3%84%9C%CB%8B&word=%E8%AA%B2"
"101","ㄊㄧㄥ","聽","",,"聽、聽力、聽取、聽命、聽信、聽候、聽差、聽訓、聽眾、聽筒、聽診、聽話、聽說、聽障、聽審、聽課、聽講、聽證、聽覺","19","有教育部詞目","https://dict.concised.moe.edu.tw/searchP.jsp?SN=%E3%84%8A&SN2=%E3%84%8A%E3%84%A7%E3%84%A5&word=%E8%81%BD"
"101","ㄊㄧㄥˋ","聽","",,"聽、聽天由命、聽任、聽其自然、聽命、聽憑","6","有教育部詞目","https://dict.concised.moe.edu.tw/searchP.jsp?SN=%E3%84%8A&SN2=%E3%84%8A%E3%84%A7%E3%84%A5%CB%8B&word=%E8%81%BD"
"102","ㄗㄨㄥ","從","",,"從、從兄弟、從犯","3","有教育部詞目","https://dict.concised.moe.edu.tw/searchP.jsp?SN=%E3%84%97&SN2=%E3%84%97%E3%84%A8%E3%84%A5&word=%E5%BE%9E"
"102","ㄗㄨㄥˋ","從","",,"從、從兄弟、從犯","3","有教育部詞目","https://dict.concised.moe.edu.tw/searchP.jsp?SN=%E3%84%97&SN2=%E3%84%97%E3%84%A8%E3%84%A5%CB%8B&word=%E5%BE%9E"
"102","ㄘㄨㄥ","從","",,"從、從此、從事、從來、從命、從俗、從前、從政、從軍、從容、從缺、從商、從速、從寬、從頭、從優、從簡、從嚴、從屬","19","有教育部詞目","https://dict.concised.moe.edu.tw/searchP.jsp?SN=%E3%84%98&SN2=%E3%84%98%E3%84%A8%E3%84%A5&word=%E5%BE%9E"
"102","ㄘㄨㄥˊ","從","",,"從、從一而終、從此、從事、從來、從命、從俗、從前、從政、從軍、從缺、從商、從速、從寬、從影、從頭、從優、從簡、從嚴、從屬","20","有教育部詞目","https://dict.concised.moe.edu.tw/searchP.jsp?SN=%E3%84%98&SN2=%E3%84%98%E3%84%A8%E3%84%A5%CB%8A&word=%E5%BE%9E"
"103","ㄍㄠ","高","",,"高、高大、高山、高妙、高呼、高尚、高明、高架、高飛、高峰、高級、高湯、高䠷、高壽、高潮、高燒、高興、高頻、高攀、高懸","20","有教育部詞目","https://dict.concised.moe.edu.tw/searchP.jsp?SN=%E3%84%8D&SN2=%E3%84%8D%E3%84%A0&word=%E9%AB%98"
"104","ㄍㄜ","歌","",,"歌、歌女、歌友會、歌手、歌仔戲、歌功頌德、歌曲、歌星、歌迷、歌唱、歌喉、歌詞、歌詠、歌頌、歌舞、歌劇、歌壇、歌謠、歌譜、歌廳","20","有教育部詞目","https://dict.concised.moe.edu.tw/searchP.jsp?SN=%E3%84%8D&SN2=%E3%84%8D%E3%84%9C&word=%E6%AD%8C"
"105","ㄅㄧㄠˇ","表","",,"表、表白、表皮、表件、表弟、表決、表妹、表姊、表姐、表明、表面、表哥、表格、表情、表現、表象、表裡、表達、表態、表露","20","有教育部詞目","https://dict.concised.moe.edu.tw/searchP.jsp?SN=%E3%84%85&SN2=%E3%84%85%E3%84%A7%E3%84%A0%CB%87&word=%E8%A1%A8"
"106","ㄅㄧㄢ","邊","",,"邊、邊防、邊門、邊界、邊幅、邊陲、邊境、邊遠、邊際、邊緣、邊疆","11","有教育部詞目","https://dict.concised.moe.edu.tw/searchP.jsp?SN=%E3%84%85&SN2=%E3%84%85%E3%84%A7%E3%84%A2&word=%E9%82%8A"
"107","ㄎㄜˋ","克","",,"克、克己、克制、克拉、克服、克紹箕裘、克復、克勤克儉、克盡己職、克敵、克敵制勝、克難","12","有教育部詞目","https://dict.concised.moe.edu.tw/searchP.jsp?SN=%E3%84%8E&SN2=%E3%84%8E%E3%84%9C%CB%8B&word=%E5%85%8B"
"108","ㄉㄡ","都","",,"都","1","有教育部詞目","https://dict.concised.moe.edu.tw/searchP.jsp?SN=%E3%84%89&SN2=%E3%84%89%E3%84%A1&word=%E9%83%BD"
"108","ㄉㄨ","都","",,"都、都市、都市化、都市計畫、都市病、都城、都馬調、都會","8","有教育部詞目","https://dict.concised.moe.edu.tw/searchP.jsp?SN=%E3%84%89&SN2=%E3%84%89%E3%84%A8&word=%E9%83%BD"
"109","ㄉㄨㄟˋ","對","",,"對、對上、對分、對方、對比、對付、對半、對打、對白、對折、對門、對保、對待、對面、對等、對答、對號、對稱、對簿、對邊","20","有教育部詞目","https://dict.concised.moe.edu.tw/searchP.jsp?SN=%E3%84%89&SN2=%E3%84%89%E3%84%A8%E3%84%9F%CB%8B&word=%E5%B0%8D"
"110","ㄒㄧˊ","習","",,"習、習以為常、習作、習見、習性、習俗、習氣、習慣、習慣性、習題、習辭","11","有教育部詞目","https://dict.concised.moe.edu.tw/searchP.jsp?SN=%E3%84%92&SN2=%E3%84%92%E3%84%A7%CB%8A&word=%E7%BF%92"
"111","ㄗㄣˇ","怎","",,"怎、怎不、怎麼、怎麼辦、怎樣","5","有教育部詞目","https://dict.concised.moe.edu.tw/searchP.jsp?SN=%E3%84%97&SN2=%E3%84%97%E3%84%A3%CB%87&word=%E6%80%8E"
"112","ㄋㄧˊ","兒","",,"兒","1","有教育部詞目","https://dict.concised.moe.edu.tw/searchP.jsp?SN=%E3%84%8B&SN2=%E3%84%8B%E3%84%A7%CB%8A&word=%E5%85%92"
"112","ㄦ","兒","",,"兒、兒女、兒子、兒化音、兒科、兒郎、兒孫、兒童、兒童文學、兒童受虐、兒童福利、兒童樂園、兒媳、兒歌、兒語、兒戲","16","有教育部詞目","https://dict.concised.moe.edu.tw/searchP.jsp?SN=%E3%84%A6&SN2=%E3%84%A6&word=%E5%85%92"
"112","ㄦˊ","兒","",,"兒、兒女、兒子、兒科、兒郎、兒孫、兒童、兒童文學、兒童受虐、兒童福利、兒童樂園、兒媳、兒歌、兒語、兒戲","15","有教育部詞目","https://dict.concised.moe.edu.tw/searchP.jsp?SN=%E3%84%A6&SN2=%E3%84%A6%CB%8A&word=%E5%85%92"
"113","ㄧㄡˋ","又","",,"又、又是","2","有教育部詞目","https://dict.concised.moe.edu.tw/searchP.jsp?SN=%E3%84%A7&SN2=%E3%84%A7%E3%84%A1%CB%8B&word=%E5%8F%88"
"114","ㄏㄨㄚ","花","花朵、花盆、花苗",,"花、花心、花木、花旦、花白、花朵、花盆、花苗、花苞、花圃、花粉、花掉、花瓶、花絮、花費、花鼓、花蜜、花燈、花瓣、花邊","20","有教育部詞目","https://dict.concised.moe.edu.tw/searchP.jsp?SN=%E3%84%8F&SN2=%E3%84%8F%E3%84%A8%E3%84%9A&word=%E8%8A%B1"
"115","ㄙˋ","四","",,"四、四方、四方形、四民、四周、四季、四肢、四面、四時、四書、四海、四起、四處、四部、四散、四鄰、四壁、四聲、四邊形、四顧","20","有教育部詞目","https://dict.concised.moe.edu.tw/searchP.jsp?SN=%E3%84%99&SN2=%E3%84%99%CB%8B&word=%E5%9B%9B"
"116","ㄒㄧㄣ","心","",,"心、心田、心目、心地、心念、心房、心服、心法、心疼、心病、心動、心得、心理、心扉、心痛、心煩、心腹、心跳、心態、心頭","20","有教育部詞目","https://dict.concised.moe.edu.tw/searchP.jsp?SN=%E3%84%92&SN2=%E3%84%92%E3%84%A7%E3%84%A3&word=%E5%BF%83"
"117","ㄍㄨㄥ","工","",,"工、工友、工夫、工本、工匠、工地、工兵、工具、工科、工筆、工會、工蜂、工價、工寮、工學、工錢、工頭、工藝、工讀","19","有教育部詞目","https://dict.concised.moe.edu.tw/searchP.jsp?SN=%E3%84%8D&SN2=%E3%84%8D%E3%84%A8%E3%84%A5&word=%E5%B7%A5"
"118","ㄐㄧㄚ","加","",,"加、加工、加快、加侖、加法、加派、加倍、加害、加料、加班、加冕、加強、加添、加減、加給、加盟、加緊、加劇、加碼、加薪","20","有教育部詞目","https://dict.concised.moe.edu.tw/searchP.jsp?SN=%E3%84%90&SN2=%E3%84%90%E3%84%A7%E3%84%9A&word=%E5%8A%A0"
"119","ㄒㄧㄝ","些","",,"些、些許、些須、些微","4","有教育部詞目","https://dict.concised.moe.edu.tw/searchP.jsp?SN=%E3%84%92&SN2=%E3%84%92%E3%84%A7%E3%84%9D&word=%E4%BA%9B"
"119","ㄙㄨㄛˋ","些","",,"些","1","有教育部詞目","https://dict.concised.moe.edu.tw/searchP.jsp?SN=%E3%84%99&SN2=%E3%84%99%E3%84%A8%E3%84%9B%CB%8B&word=%E4%BA%9B"
"120","ㄌㄠˇ","老","",,"老、老公、老兄、老外、老本、老伯、老伴、老兵、老板、老爸、老虎、老娘、老婆、老粗、老爺、老賊、老輩、老鴇、老頭、老闆","20","有教育部詞目","https://dict.concised.moe.edu.tw/searchP.jsp?SN=%E3%84%8C&SN2=%E3%84%8C%E3%84%A0%CB%87&word=%E8%80%81"
"121","ㄗㄞˋ","再","",,"再、再三、再犯、再生、再生紙、再再、再次、再見、再版、再者、再度、再婚、再接再厲、再嫁、再會、再說","16","有教育部詞目","https://dict.concised.moe.edu.tw/searchP.jsp?SN=%E3%84%97&SN2=%E3%84%97%E3%84%9E%CB%8B&word=%E5%86%8D"
"122","ㄧㄣ","音","",,"音、音叉、音色、音波、音信、音律、音容、音效、音訊、音符、音速、音量、音階、音感、音節、音標、音調、音質、音頻、音響","20","有教育部詞目","https://dict.concised.moe.edu.tw/searchP.jsp?SN=%E3%84%A7&SN2=%E3%84%A7%E3%84%A3&word=%E9%9F%B3"
"123","ㄈㄚ","發","",,"發、發包、發布、發白、發兵、發明、發表、發展、發病、發粉、發掘、發黃、發電、發瘋、發福、發酵、發霉、發聲、發難、發飆","20","有教育部詞目","https://dict.concised.moe.edu.tw/searchP.jsp?SN=%E3%84%88&SN2=%E3%84%88%E3%84%9A&word=%E7%99%BC"
"124","ㄐㄩ","車","",,"車","1","有教育部詞目","https://dict.concised.moe.edu.tw/searchP.jsp?SN=%E3%84%90&SN2=%E3%84%90%E3%84%A9&word=%E8%BB%8A"
"124","ㄔㄜ","車","車庫、車站、車票",,"車、車工、車夫、車行、車把、車流、車胎、車軌、車庫、車站、車票、車廂、車掌、車牌、車隊、車道、車禍、車輛、車錢、車頭","20","有教育部詞目","https://dict.concised.moe.edu.tw/searchP.jsp?SN=%E3%84%94&SN2=%E3%84%94%E3%84%9C&word=%E8%BB%8A"
"125","ㄍㄨㄥ","共","",,"共、共犯、共用、共同、共同體、共存、共有、共事、共享、共和、共度、共計、共乘、共振、共處、共通、共鳴、共謀、共識","19","有教育部詞目","https://dict.concised.moe.edu.tw/searchP.jsp?SN=%E3%84%8D&SN2=%E3%84%8D%E3%84%A8%E3%84%A5&word=%E5%85%B1"
"125","ㄍㄨㄥˋ","共","",,"共、共犯、共用、共同、共同體、共存、共有、共事、共享、共和、共和國、共度、共計、共乘、共振、共處、共通、共鳴、共謀、共識","20","有教育部詞目","https://dict.concised.moe.edu.tw/searchP.jsp?SN=%E3%84%8D&SN2=%E3%84%8D%E3%84%A8%E3%84%A5%CB%8B&word=%E5%85%B1"
"126","ㄧˋ","意","",,"意、意下、意向、意旨、意志、意見、意念、意表、意思、意料、意氣、意涵、意象、意會、意圖、意境、意趣、意興、意識","19","有教育部詞目","https://dict.concised.moe.edu.tw/searchP.jsp?SN=%E3%84%A7&SN2=%E3%84%A7%CB%8B&word=%E6%84%8F"
"127","ㄩㄝˋ","月","月光、月亮、月球",,"月、月分、月刊、月光、月老、月考、月底、月亮、月俸、月宮、月桂、月球、月票、月報、月琴、月暈、月經、月臺、月餅、月曆","20","有教育部詞目","https://dict.concised.moe.edu.tw/searchP.jsp?SN=%E3%84%A9&SN2=%E3%84%A9%E3%84%9D%CB%8B&word=%E6%9C%88"
"128","ㄊㄨˊ","圖","",,"圖、圖片、圖示、圖存、圖利、圖形、圖表、圖書、圖案、圖紙、圖記、圖章、圖畫、圖解、圖像、圖說、圖樣、圖謀、圖繪、圖譜","20","有教育部詞目","https://dict.concised.moe.edu.tw/searchP.jsp?SN=%E3%84%8A&SN2=%E3%84%8A%E3%84%A8%CB%8A&word=%E5%9C%96"
"129","ㄒㄧㄤ","相","",,"相、相公、相反、相比、相仿、相伴、相助、相思、相挺、相配、相符、相逢、相陪、相距、相搏、相稱、相撲、相親、相戀","19","有教育部詞目","https://dict.concised.moe.edu.tw/searchP.jsp?SN=%E3%84%92&SN2=%E3%84%92%E3%84%A7%E3%84%A4&word=%E7%9B%B8"
"129","ㄒㄧㄤˋ","相","",,"相、相士、相公、相片、相片光碟、相向、相字、相命、相法、相框、相國、相術、相像、相貌、相貌堂堂、相機、相親、相聲、相簿","19","有教育部詞目","https://dict.concised.moe.edu.tw/searchP.jsp?SN=%E3%84%92&SN2=%E3%84%92%E3%84%A7%E3%84%A4%CB%8B&word=%E7%9B%B8"
"130","˙ㄋㄚ","哪","",,"哪","1","有教育部詞目","https://dict.concised.moe.edu.tw/searchP.jsp?SN=%E3%84%8B&SN2=%CB%99%E3%84%8B%E3%84%9A&word=%E5%93%AA"
"130","ㄋㄚˇ","哪","",,"哪、哪門子、哪裡","3","有教育部詞目","https://dict.concised.moe.edu.tw/searchP.jsp?SN=%E3%84%8B&SN2=%E3%84%8B%E3%84%9A%CB%87&word=%E5%93%AA"
"130","ㄋㄨㄛˊ","哪","",,"哪、哪吒","2","有教育部詞目","https://dict.concised.moe.edu.tw/searchP.jsp?SN=%E3%84%8B&SN2=%E3%84%8B%E3%84%A8%E3%84%9B%CB%8A&word=%E5%93%AA"
"131","ㄔㄤˋ","唱","",,"唱、唱反調、唱片、唱名、唱作俱佳、唱和、唱空城計、唱針、唱高調、唱票、唱腔、唱遊、唱歌、唱盤、唱機、唱獨角戲、唱戲","17","有教育部詞目","https://dict.concised.moe.edu.tw/searchP.jsp?SN=%E3%84%94&SN2=%E3%84%94%E3%84%A4%CB%8B&word=%E5%94%B1"
"132","ㄨˋ","物","",,"物、物力、物化、物件、物色、物品、物料、物欲、物理、物產、物極必反、物資、物種、物價、物質、物證、物類、物競天擇、物議、物體","20","有教育部詞目","https://dict.concised.moe.edu.tw/searchP.jsp?SN=%E3%84%A8&SN2=%E3%84%A8%CB%8B&word=%E7%89%A9"
"133","ㄕㄥ","聲","",,"聲、聲光、聲名、聲色、聲言、聲明、聲波、聲律、聲息、聲浪、聲納、聲討、聲帶、聲張、聲量、聲勢、聲稱、聲調、聲請、聲響","20","有教育部詞目","https://dict.concised.moe.edu.tw/searchP.jsp?SN=%E3%84%95&SN2=%E3%84%95%E3%84%A5&word=%E8%81%B2"
"134","ㄎㄞ","開","開門",,"開、開化、開拍、開明、開花、開炮、開胃、開恩、開班、開採、開票、開發、開跑、開飯、開幕、開播、開標、開盤、開辦、開闢","20","有教育部詞目","https://dict.concised.moe.edu.tw/searchP.jsp?SN=%E3%84%8E&SN2=%E3%84%8E%E3%84%9E&word=%E9%96%8B"
"135","ㄕˋ","事","",,"事、事主、事功、事件、事先、事例、事前、事後、事故、事情、事理、事略、事項、事實、事態、事端、事機、事蹟、事權、事變","20","有教育部詞目","https://dict.concised.moe.edu.tw/searchP.jsp?SN=%E3%84%95&SN2=%E3%84%95%CB%8B&word=%E4%BA%8B"
"136","ㄅㄣˇ","本","",,"本、本土、本分、本末、本名、本地、本利、本事、本來、本紀、本俸、本島、本能、本國、本埠、本票、本部、本質、本壘、本體","20","有教育部詞目","https://dict.concised.moe.edu.tw/searchP.jsp?SN=%E3%84%85&SN2=%E3%84%85%E3%84%A3%CB%87&word=%E6%9C%AC"
"137","ㄍㄨㄛˇ","果","果汁",,"果、果汁、果皮、果肉、果決、果品、果凍、果核、果真、果敢、果然、果腹、果實、果酸、果盤、果樹、果糖、果嶺、果斷、果醬","20","有教育部詞目","https://dict.concised.moe.edu.tw/searchP.jsp?SN=%E3%84%8D&SN2=%E3%84%8D%E3%84%A8%E3%84%9B%CB%87&word=%E6%9E%9C"
"138","ㄐㄧㄣˋ","進","",,"進、進口、進士、進化、進出、進犯、進攻、進步、進來、進度、進軍、進貢、進退、進貨、進發、進補、進逼、進德、進諫、進襲","20","有教育部詞目","https://dict.concised.moe.edu.tw/searchP.jsp?SN=%E3%84%90&SN2=%E3%84%90%E3%84%A7%E3%84%A3%CB%8B&word=%E9%80%B2"
"139","ㄉㄧㄢˇ","點","",,"點、點化、點心、點火、點召、點穴、點名、點券、點破、點著、點睛、點歌、點滴、點綴、點播、點閱、點燈、點醒、點頭、點鐘","20","有教育部詞目","https://dict.concised.moe.edu.tw/searchP.jsp?SN=%E3%84%89&SN2=%E3%84%89%E3%84%A7%E3%84%A2%CB%87&word=%E9%BB%9E"
"140","ㄕㄨˋ","樹","",,"樹、樹人、樹大招風、樹木、樹立、樹林、樹枝、樹苗、樹倒猢猻散、樹根、樹脂、樹梢、樹幹、樹葉、樹種、樹敵、樹樁、樹蔭、樹薯、樹叢","20","有教育部詞目","https://dict.concised.moe.edu.tw/searchP.jsp?SN=%E3%84%95&SN2=%E3%84%95%E3%84%A8%CB%8B&word=%E6%A8%B9"
"141","ㄒㄧㄢˋ","現","",,"現、現今、現代、現出、現存、現成、現行、現址、現形、現況、現狀、現金、現值、現時、現貨、現場、現款、現象、現鈔、現職","20","有教育部詞目","https://dict.concised.moe.edu.tw/searchP.jsp?SN=%E3%84%92&SN2=%E3%84%92%E3%84%A7%E3%84%A2%CB%8B&word=%E7%8F%BE"
"142","ㄖㄢˊ","然","",,"然、然而、然則、然後","4","有教育部詞目","https://dict.concised.moe.edu.tw/searchP.jsp?SN=%E3%84%96&SN2=%E3%84%96%E3%84%A2%CB%8A&word=%E7%84%B6"
"143","ㄍㄜˇ","合","",,"合","1","有教育部詞目","https://dict.concised.moe.edu.tw/searchP.jsp?SN=%E3%84%8D&SN2=%E3%84%8D%E3%84%9C%CB%87&word=%E5%90%88"
"143","ㄏㄜˊ","合","",,"合、合力、合同、合併、合抱、合法、合股、合金、合計、合家、合格、合租、合婚、合理、合群、合該、合夥、合辦、合攏、合歡","20","有教育部詞目","https://dict.concised.moe.edu.tw/searchP.jsp?SN=%E3%84%8F&SN2=%E3%84%8F%E3%84%9C%CB%8A&word=%E5%90%88"
"144","ㄐㄧ","積","積木",,"積、積分、積少成多、積木、積欠、積非成是、積怨、積重難返、積累、積勞成疾、積極、積弊、積漸、積聚、積蓄、積德、積壓、積體電路、積鬱","19","有教育部詞目","https://dict.concised.moe.edu.tw/searchP.jsp?SN=%E3%84%90&SN2=%E3%84%90%E3%84%A7&word=%E7%A9%8D"
"145","ㄔㄢˇ","產","",,"產、產生、產地、產卵、產房、產物、產物保險、產品、產科、產值、產能、產假、產婆、產婦、產量、產業、產銷、產褥熱、產險、產權","20","有教育部詞目","https://dict.concised.moe.edu.tw/searchP.jsp?SN=%E3%84%94&SN2=%E3%84%94%E3%84%A2%CB%87&word=%E7%94%A2"
"146","ㄑㄧㄢˊ","前","",,"前、前天、前夫、前方、前任、前年、前來、前妻、前門、前科、前面、前途、前提、前端、前導、前輩、前鋒、前頭、前邊、前驅","20","有教育部詞目","https://dict.concised.moe.edu.tw/searchP.jsp?SN=%E3%84%91&SN2=%E3%84%91%E3%84%A7%E3%84%A2%CB%8A&word=%E5%89%8D"
"147","ㄇㄛˋ","沒","",,"沒、沒收、沒沒無聞、沒奈何、沒落、沒齒難忘","6","有教育部詞目","https://dict.concised.moe.edu.tw/searchP.jsp?SN=%E3%84%87&SN2=%E3%84%87%E3%84%9B%CB%8B&word=%E6%B2%92"
"147","ㄇㄟˊ","沒","",,"沒、沒用、沒好氣、沒有、沒志氣、沒良心、沒來由、沒命、沒法子、沒空、沒勁、沒指望、沒骨氣、沒想到、沒道理、沒趣、沒辦法、沒錯、沒轍、沒關係","20","有教育部詞目","https://dict.concised.moe.edu.tw/searchP.jsp?SN=%E3%84%87&SN2=%E3%84%87%E3%84%9F%CB%8A&word=%E6%B2%92"
"148","ㄕㄢ","山","山坡、山林、山洞",,"山、山地、山坡、山林、山門、山城、山洞、山峰、山脈、山崗、山頂、山嵐、山溝、山歌、山頭、山嶺、山難、山麓、山巒、山巔","20","有教育部詞目","https://dict.concised.moe.edu.tw/searchP.jsp?SN=%E3%84%95&SN2=%E3%84%95%E3%84%A2&word=%E5%B1%B1"
"149","ㄊㄧㄠˊ","條","",,"條、條子、條文、條目、條件、條列、條例、條金、條約、條紋、條理、條規、條款","13","有教育部詞目","https://dict.concised.moe.edu.tw/searchP.jsp?SN=%E3%84%8A&SN2=%E3%84%8A%E3%84%A7%E3%84%A0%CB%8A&word=%E6%A2%9D"
"150","˙ㄊㄡ","頭","",,"頭","1","有教育部詞目","https://dict.concised.moe.edu.tw/searchP.jsp?SN=%E3%84%8A&SN2=%CB%99%E3%84%8A%E3%84%A1&word=%E9%A0%AD"
"150","ㄊㄡˊ","頭","",,"頭、頭大、頭皮、頭目、頭昏、頭版、頭套、頭家、頭疼、頭骨、頭盔、頭部、頭頂、頭痛、頭等、頭腦、頭路、頭領、頭髮、頭顱","20","有教育部詞目","https://dict.concised.moe.edu.tw/searchP.jsp?SN=%E3%84%8A&SN2=%E3%84%8A%E3%84%A1%CB%8A&word=%E9%A0%AD"
"151","ㄗㄡˇ","走","",,"走、走火、走失、走向、走步、走私、走走、走狗、走近、走紅、走動、走訪、走廊、走進、走勢、走路、走道、走漏、走避、走獸","20","有教育部詞目","https://dict.concised.moe.edu.tw/searchP.jsp?SN=%E3%84%97&SN2=%E3%84%97%E3%84%A1%CB%87&word=%E8%B5%B0"
"152","ㄇㄧㄣˊ","民","",,"民、民代、民有、民兵、民防、民享、民房、民治、民法、民風、民氣、民航、民國、民情、民眾、民間、民意、民歌、民憤、民權","20","有教育部詞目","https://dict.concised.moe.edu.tw/searchP.jsp?SN=%E3%84%87&SN2=%E3%84%87%E3%84%A7%E3%84%A3%CB%8A&word=%E6%B0%91"
"153","ㄑㄧㄡˊ","求","",,"求、求全、求助、求見、求取、求和、求知、求售、求婚、求情、求救、求教、求診、求學、求親、求償、求職、求證、求饒、求籤","20","有教育部詞目","https://dict.concised.moe.edu.tw/searchP.jsp?SN=%E3%84%91&SN2=%E3%84%91%E3%84%A7%E3%84%A1%CB%8A&word=%E6%B1%82"
"154","ㄉㄠˋ","道","",,"道、道出、道地、道行、道別、道里、道具、道姑、道家、道教、道理、道袍、道喜、道統、道賀、道路、道歉、道德、道謝、道觀","20","有教育部詞目","https://dict.concised.moe.edu.tw/searchP.jsp?SN=%E3%84%89&SN2=%E3%84%89%E3%84%A0%CB%8B&word=%E9%81%93"
"155","ㄗㄨˇ","組","",,"組、組件、組合、組成、組曲、組長、組員、組訓、組裝、組頭、組織","11","有教育部詞目","https://dict.concised.moe.edu.tw/searchP.jsp?SN=%E3%84%97&SN2=%E3%84%97%E3%84%A8%CB%87&word=%E7%B5%84"
"156","ㄍㄟˇ","給","",,"給","1","有教育部詞目","https://dict.concised.moe.edu.tw/searchP.jsp?SN=%E3%84%8D&SN2=%E3%84%8D%E3%84%9F%CB%87&word=%E7%B5%A6"
"156","ㄐㄧˇ","給","",,"給、給予、給水、給付、給與","5","有教育部詞目","https://dict.concised.moe.edu.tw/searchP.jsp?SN=%E3%84%90&SN2=%E3%84%90%E3%84%A7%CB%87&word=%E7%B5%A6"
"157","ㄓㄥ","正","",,"正、正方、正月、正比、正本、正名、正步、正果、正法、正門、正室、正派、正面、正途、正殿、正當、正道、正電","18","有教育部詞目","https://dict.concised.moe.edu.tw/searchP.jsp?SN=%E3%84%93&SN2=%E3%84%93%E3%84%A5&word=%E6%AD%A3"
"157","ㄓㄥˋ","正","",,"正、正方、正比、正本、正名、正步、正果、正法、正門、正室、正派、正面、正途、正統、正殿、正當、正路、正道、正電","19","有教育部詞目","https://dict.concised.moe.edu.tw/searchP.jsp?SN=%E3%84%93&SN2=%E3%84%93%E3%84%A5%CB%8B&word=%E6%AD%A3"
"158","ㄎㄨㄞˋ","快","快樂",,"快、快手、快克、快車、快事、快門、快活、快捷、快速、快報、快意、快感、快照、快艇、快遞、快嘴、快慰、快樂、快餐、快點","20","有教育部詞目","https://dict.concised.moe.edu.tw/searchP.jsp?SN=%E3%84%8E&SN2=%E3%84%8E%E3%84%A8%E3%84%9E%CB%8B&word=%E5%BF%AB"
"159","ㄇㄚ","媽","",,"媽、媽咪、媽媽","3","有教育部詞目","https://dict.concised.moe.edu.tw/searchP.jsp?SN=%E3%84%87&SN2=%E3%84%87%E3%84%9A&word=%E5%AA%BD"
"160","ㄕㄨ","書","書包、書本、書店",,"書、書刊、書包、書本、書目、書局、書函、書卷、書店、書房、書架、書面、書庫、書記、書報、書畫、書評、書僮、書籍、書攤","20","有教育部詞目","https://dict.concised.moe.edu.tw/searchP.jsp?SN=%E3%84%95&SN2=%E3%84%95%E3%84%A8&word=%E6%9B%B8"
"161","ㄎㄡˇ","口","口紅、口袋、口渴",,"口、口令、口占、口吃、口快、口技、口供、口服、口紅、口風、口袋、口惠、口渴、口感、口碑、口腹、口號、口福、口德、口頭","20","有教育部詞目","https://dict.concised.moe.edu.tw/searchP.jsp?SN=%E3%84%8E&SN2=%E3%84%8E%E3%84%A1%CB%87&word=%E5%8F%A3"
"162","ㄉㄨㄢˋ","段","",,"段、段考、段落、段數","4","有教育部詞目","https://dict.concised.moe.edu.tw/searchP.jsp?SN=%E3%84%89&SN2=%E3%84%89%E3%84%A8%E3%84%A2%CB%8B&word=%E6%AE%B5"
"163","ㄓㄨㄥˋ","重","",,"重、重力、重大、重犯、重地、重兵、重利、重典、重度、重要、重負、重病、重量、重罰、重擔、重擊、重點、重鎮、重懲、重聽","20","有教育部詞目","https://dict.concised.moe.edu.tw/searchP.jsp?SN=%E3%84%93&SN2=%E3%84%93%E3%84%A8%E3%84%A5%CB%8B&word=%E9%87%8D"
"163","ㄔㄨㄥˊ","重","",,"重、重九、重犯、重生、重申、重考、重返、重奏、重重、重修、重振、重婚、重組、重逢、重新、重劃、重播、重複、重整、重疊","20","有教育部詞目","https://dict.concised.moe.edu.tw/searchP.jsp?SN=%E3%84%94&SN2=%E3%84%94%E3%84%A8%E3%84%A5%CB%8A&word=%E9%87%8D"
"164","ㄇㄧㄥˊ","明","",,"明、明天、明令、明白、明年、明快、明明、明亮、明朗、明理、明媚、明牌、明滅、明道、明德、明辨、明瞭、明講、明礬、明鑑","20","有教育部詞目","https://dict.concised.moe.edu.tw/searchP.jsp?SN=%E3%84%87&SN2=%E3%84%87%E3%84%A7%E3%84%A5%CB%8A&word=%E6%98%8E"
"165","ㄍㄨㄥ","公","",,"公、公分、公尺、公布、公平、公民、公法、公保、公婆、公理、公報、公評、公費、公債、公僕、公墓、公德、公憤、公撮、公賣","20","有教育部詞目","https://dict.concised.moe.edu.tw/searchP.jsp?SN=%E3%84%8D&SN2=%E3%84%8D%E3%84%A8%E3%84%A5&word=%E5%85%AC"
"166","ㄒㄧㄤˋ","向","",,"向、向心力、向日葵、向光性、向地性、向來、向背、向晚、向善、向量、向陽、向隅、向溼性、向學","14","有教育部詞目","https://dict.concised.moe.edu.tw/searchP.jsp?SN=%E3%84%92&SN2=%E3%84%92%E3%84%A7%E3%84%A4%CB%8B&word=%E5%90%91"
"167","ㄌㄨˋ","路","",,"路、路口、路況、路肩、路段、路軌、路面、路徑、路基、路條、路途、路程、路費、路跑、路隊、路過、路障、路標、路線、路燈","20","有教育部詞目","https://dict.concised.moe.edu.tw/searchP.jsp?SN=%E3%84%8C&SN2=%E3%84%8C%E3%84%A8%CB%8B&word=%E8%B7%AF"
"168","ㄍㄨㄥ","紅","",,"紅","1","有教育部詞目","https://dict.concised.moe.edu.tw/searchP.jsp?SN=%E3%84%8D&SN2=%E3%84%8D%E3%84%A8%E3%84%A5&word=%E7%B4%85"
"168","ㄏㄨㄥˊ","紅","",,"紅、紅人、紅中、紅木、紅毛、紅包、紅光、紅利、紅星、紅軍、紅娘、紅酒、紅毯、紅牌、紅腫、紅塵、紅潤、紅盤、紅燒、紅糖","20","有教育部詞目","https://dict.concised.moe.edu.tw/searchP.jsp?SN=%E3%84%8F&SN2=%E3%84%8F%E3%84%A8%E3%84%A5%CB%8A&word=%E7%B4%85"
"169","ㄌㄜˋ","樂","",,"樂、樂土、樂子、樂不可支、樂不思蜀、樂天、樂天知命、樂天派、樂利、樂事、樂捐、樂陶陶、樂善、樂善好施、樂園、樂意、樂極生悲、樂趣、樂觀、樂觀其成","20","有教育部詞目","https://dict.concised.moe.edu.tw/searchP.jsp?SN=%E3%84%8C&SN2=%E3%84%8C%E3%84%9C%CB%8B&word=%E6%A8%82"
"169","ㄧㄠˋ","樂","",,"樂、樂群","2","有教育部詞目","https://dict.concised.moe.edu.tw/searchP.jsp?SN=%E3%84%A7&SN2=%E3%84%A7%E3%84%A0%CB%8B&word=%E6%A8%82"
"169","ㄩㄝˋ","樂","",,"樂、樂工、樂曲、樂音、樂師、樂迷、樂理、樂章、樂隊、樂團、樂器、樂聲、樂譜","13","有教育部詞目","https://dict.concised.moe.edu.tw/searchP.jsp?SN=%E3%84%A9&SN2=%E3%84%A9%E3%84%9D%CB%8B&word=%E6%A8%82"
"170","ㄕㄡˇ","手","手帕、手套、手袋",,"手、手工、手把、手帕、手泐、手法、手段、手背、手風、手套、手術、手袋、手筆、手腳、手銬、手稿、手機、手錶、手頭、手臂","20","有教育部詞目","https://dict.concised.moe.edu.tw/searchP.jsp?SN=%E3%84%95&SN2=%E3%84%95%E3%84%A1%CB%87&word=%E6%89%8B"
"171","ㄒㄧㄢ","先","",,"先、先天、先夫、先父、先民、先考、先妣、先例、先河、先後、先烈、先發、先進、先導、先輩、先鋒、先機、先頭、先覺、先驅","20","有教育部詞目","https://dict.concised.moe.edu.tw/searchP.jsp?SN=%E3%84%92&SN2=%E3%84%92%E3%84%A7%E3%84%A2&word=%E5%85%88"
"172","ㄗˋ","字","",,"字、字句、字母、字形、字典、字帖、字面、字音、字書、字條、字眼、字畫、字彙、字號、字跡、字幕、字據、字頭、字體","19","有教育部詞目","https://dict.concised.moe.edu.tw/searchP.jsp?SN=%E3%84%97&SN2=%E3%84%97%CB%8B&word=%E5%AD%97"
"173","ㄔㄨˊ","除","",,"除、除夕、除去、除外、除名、除此之外、除役、除法、除非、除卻、除掉、除惡務盡、除溼、除塵、除弊、除數、除暴安良、除舊布新、除籍、除權","20","有教育部詞目","https://dict.concised.moe.edu.tw/searchP.jsp?SN=%E3%84%94&SN2=%E3%84%94%E3%84%A8%CB%8A&word=%E9%99%A4"
"174","ㄑㄩㄢˊ","全","",,"全、全力、全民、全局、全長、全面、全家、全能、全副、全國、全球、全票、全部、全然、全勤、全新、全銜、全盤、全權、全體","20","有教育部詞目","https://dict.concised.moe.edu.tw/searchP.jsp?SN=%E3%84%91&SN2=%E3%84%91%E3%84%A9%E3%84%A2%CB%8A&word=%E5%85%A8"
"175","ㄨˇ","五","",,"五、五代、五色、五戒、五折、五更、五味、五官、五育、五金、五指、五香、五倫、五彩、五經、五葷、五福、五穀、五線譜、五臟","20","有教育部詞目","https://dict.concised.moe.edu.tw/searchP.jsp?SN=%E3%84%A8&SN2=%E3%84%A8%CB%87&word=%E4%BA%94"
"176","ㄅㄛˊ","百","",,"百","1","有教育部詞目","https://dict.concised.moe.edu.tw/searchP.jsp?SN=%E3%84%85&SN2=%E3%84%85%E3%84%9B%CB%8A&word=%E7%99%BE"
"176","ㄅㄞˇ","百","",,"百、百分比、百分率、百分點、百日咳、百合、百合花、百年、百老匯、百步蛇、百里侯、百姓、百倍、百病、百般、百貨、百貨業、百褶裙、百寶箱、百靈鳥","20","有教育部詞目","https://dict.concised.moe.edu.tw/searchP.jsp?SN=%E3%84%85&SN2=%E3%84%85%E3%84%9E%CB%87&word=%E7%99%BE"
"177","ㄅㄨˋ","部","",,"部、部下、部分、部曲、部位、部長、部門、部首、部隊、部會、部會首長、部署、部落、部屬","14","有教育部詞目","https://dict.concised.moe.edu.tw/searchP.jsp?SN=%E3%84%85&SN2=%E3%84%85%E3%84%A8%CB%8B&word=%E9%83%A8"
"178","ㄐㄧㄠˋ","叫","",,"叫、叫好、叫好又叫座、叫好不叫座、叫住、叫屈、叫苦連天、叫座、叫陣、叫喊、叫喚、叫罵、叫賣、叫醒、叫嚷、叫囂","16","有教育部詞目","https://dict.concised.moe.edu.tw/searchP.jsp?SN=%E3%84%90&SN2=%E3%84%90%E3%84%A7%E3%84%A0%CB%8B&word=%E5%8F%AB"
"179","˙ㄌㄚ","啦","",,"啦","1","有教育部詞目","https://dict.concised.moe.edu.tw/searchP.jsp?SN=%E3%84%8C&SN2=%CB%99%E3%84%8C%E3%84%9A&word=%E5%95%A6"
"179","ㄌㄚ","啦","啦啦隊",,"啦、啦啦隊","2","有教育部詞目","https://dict.concised.moe.edu.tw/searchP.jsp?SN=%E3%84%8C&SN2=%E3%84%8C%E3%84%9A&word=%E5%95%A6"
"180","ㄓㄨˇ","主","",,"主、主力、主犯、主流、主峰、主動、主婦、主從、主筆、主幹、主腦、主導、主播、主稿、主編、主謀、主辦、主題、主顧、主體","20","有教育部詞目","https://dict.concised.moe.edu.tw/searchP.jsp?SN=%E3%84%93&SN2=%E3%84%93%E3%84%A8%CB%87&word=%E4%B8%BB"
"181","ㄙ","思","",,"思、思古幽情、思考、思念、思前想後、思索、思惟、思量、思想、思想家、思路、思過、思維、思緒、思慕、思慮、思潮、思辨、思戀","19","有教育部詞目","https://dict.concised.moe.edu.tw/searchP.jsp?SN=%E3%84%99&SN2=%E3%84%99&word=%E6%80%9D"
"181","ㄙㄞ","思","",,"思","1","有教育部詞目","https://dict.concised.moe.edu.tw/searchP.jsp?SN=%E3%84%99&SN2=%E3%84%99%E3%84%9E&word=%E6%80%9D"
"182","ㄏㄨㄟˊ","回","回家",,"回、回收、回防、回來、回門、回首、回國、回教、回條、回眸、回報、回復、回答、回祿、回電、回頭、回鍋、回覆、回顧、回籠","20","有教育部詞目","https://dict.concised.moe.edu.tw/searchP.jsp?SN=%E3%84%8F&SN2=%E3%84%8F%E3%84%A8%E3%84%9F%CB%8A&word=%E5%9B%9E"
"183","ㄏㄨㄚˋ","畫","",,"畫、畫刊、畫布、畫皮、畫匠、畫板、畫法、畫派、畫眉、畫面、畫風、畫家、畫舫、畫報、畫廊、畫畫、畫會、畫圖、畫壇、畫糖","20","有教育部詞目","https://dict.concised.moe.edu.tw/searchP.jsp?SN=%E3%84%8F&SN2=%E3%84%8F%E3%84%A8%E3%84%9A%CB%8B&word=%E7%95%AB"
"184","ㄉㄚ","答","",,"答、答允、答非所問、答案、答案卷、答理、答腔、答詢、答話、答對、答數、答錄機、答應、答謝、答禮、答覆、答辯、答辯書","18","有教育部詞目","https://dict.concised.moe.edu.tw/searchP.jsp?SN=%E3%84%89&SN2=%E3%84%89%E3%84%9A&word=%E7%AD%94"
"184","ㄉㄚˊ","答","",,"答、答非所問、答案、答案卷、答詢、答話、答對、答數、答錄機、答謝、答禮、答覆、答辯、答辯書","14","有教育部詞目","https://dict.concised.moe.edu.tw/searchP.jsp?SN=%E3%84%89&SN2=%E3%84%89%E3%84%9A%CB%8A&word=%E7%AD%94"
"185","ㄐㄧ","機","",,"機、機件、機先、機伶、機車、機具、機房、機能、機動、機密、機械、機率、機票、機會、機構、機槍、機器、機關、機警、機靈","20","有教育部詞目","https://dict.concised.moe.edu.tw/searchP.jsp?SN=%E3%84%90&SN2=%E3%84%90%E3%84%A7&word=%E6%A9%9F"
"186","ㄑㄧˋ","氣","",,"氣、氣力、氣氛、氣泡、氣度、氣派、氣流、氣根、氣惱、氣焰、氣短、氣筒、氣量、氣溫、氣團、氣憤、氣餒、氣魄、氣囊、氣體","20","有教育部詞目","https://dict.concised.moe.edu.tw/searchP.jsp?SN=%E3%84%91&SN2=%E3%84%91%E3%84%A7%CB%8B&word=%E6%B0%A3"
"187","ㄩㄢˊ","元","",,"元、元凶、元日、元月、元旦、元年、元老、元帥、元首、元氣、元素、元配、元勛、元寶","14","有教育部詞目","https://dict.concised.moe.edu.tw/searchP.jsp?SN=%E3%84%A9&SN2=%E3%84%A9%E3%84%A2%CB%8A&word=%E5%85%83"
"188","ㄉㄤ","當","",,"當、當口、當天、當代、當令、當地、當年、當作、當兵、當空、當紅、當面、當家、當班、當道、當頭、當歸、當關","18","有教育部詞目","https://dict.concised.moe.edu.tw/searchP.jsp?SN=%E3%84%89&SN2=%E3%84%89%E3%84%A4&word=%E7%95%B6"
"188","ㄉㄤˇ","當","",,"當","1","有教育部詞目","https://dict.concised.moe.edu.tw/searchP.jsp?SN=%E3%84%89&SN2=%E3%84%89%E3%84%A4%CB%87&word=%E7%95%B6"
"188","ㄉㄤˋ","當","",,"當、當成、當作、當真、當做、當掉、當票、當鋪、當機、當頭","10","有教育部詞目","https://dict.concised.moe.edu.tw/searchP.jsp?SN=%E3%84%89&SN2=%E3%84%89%E3%84%A4%CB%8B&word=%E7%95%B6"
"189","ㄕ","師","",,"師、師丈、師父、師兄、師母、師生、師弟、師事、師妹、師承、師法、師長、師門、師徒、師傅、師尊、師爺、師資、師道、師範","20","有教育部詞目","https://dict.concised.moe.edu.tw/searchP.jsp?SN=%E3%84%95&SN2=%E3%84%95&word=%E5%B8%AB"
"190","ㄒㄧㄤˋ","像","",,"像、像片、像樣","3","有教育部詞目","https://dict.concised.moe.edu.tw/searchP.jsp?SN=%E3%84%92&SN2=%E3%84%92%E3%84%A7%E3%84%A4%CB%8B&word=%E5%83%8F"
"191","ㄐㄧㄢ","間","",,"間、間不容髮、間奏、間接、間歇、間隔、間隙、間諜、間斷、間雜","10","有教育部詞目","https://dict.concised.moe.edu.tw/searchP.jsp?SN=%E3%84%90&SN2=%E3%84%90%E3%84%A7%E3%84%A2&word=%E9%96%93"
"191","ㄐㄧㄢˋ","間","",,"間、間不容髮、間接、間歇、間隔、間隙、間諜、間斷、間雜","9","有教育部詞目","https://dict.concised.moe.edu.tw/searchP.jsp?SN=%E3%84%90&SN2=%E3%84%90%E3%84%A7%E3%84%A2%CB%8B&word=%E9%96%93"
"192","ㄌㄧˋ","例","",,"例、例子、例句、例外、例如、例行、例行公事、例假、例假日、例題、例證","11","有教育部詞目","https://dict.concised.moe.edu.tw/searchP.jsp?SN=%E3%84%8C&SN2=%E3%84%8C%E3%84%A7%CB%8B&word=%E4%BE%8B"
"193","ㄕˊ","實","",,"實、實力、實地、實例、實況、實缺、實情、實習、實惠、實幹、實話、實際、實價、實數、實踐、實據、實錄、實績、實權、實體","20","有教育部詞目","https://dict.concised.moe.edu.tw/searchP.jsp?SN=%E3%84%95&SN2=%E3%84%95%CB%8A&word=%E5%AF%A6"
"194","ㄈㄤˇ","放","",,"放","1","有教育部詞目","https://dict.concised.moe.edu.tw/searchP.jsp?SN=%E3%84%88&SN2=%E3%84%88%E3%84%A4%CB%87&word=%E6%94%BE"
"194","ㄈㄤˋ","放","",,"放、放大、放工、放火、放牛、放屁、放牧、放映、放炮、放風、放浪、放款、放話、放過、放榜、放領、放寬、放誕、放蕩、放膽","20","有教育部詞目","https://dict.concised.moe.edu.tw/searchP.jsp?SN=%E3%84%88&SN2=%E3%84%88%E3%84%A4%CB%8B&word=%E6%94%BE"
"195","ㄗㄨㄟˋ","最","",,"最、最好、最初、最近、最後、最後的晚餐、最後通牒、最拿手、最高法院、最終、最惠國待遇","11","有教育部詞目","https://dict.concised.moe.edu.tw/searchP.jsp?SN=%E3%84%97&SN2=%E3%84%97%E3%84%A8%E3%84%9F%CB%8B&word=%E6%9C%80"
"196","ㄨㄢˋ","萬","",,"萬、萬一、萬分、萬仞、萬全、萬年曆、萬有、萬事、萬事通、萬幸、萬物、萬能、萬般、萬惡、萬象、萬鈞、萬歲、萬福、萬難","19","有教育部詞目","https://dict.concised.moe.edu.tw/searchP.jsp?SN=%E3%84%A8&SN2=%E3%84%A8%E3%84%A2%CB%8B&word=%E8%90%AC"
"197","ㄑㄧㄥˊ","情","",,"情、情分、情況、情侶、情急、情郎、情面、情理、情報、情景、情結、情感、情節、情境、情歌、情慾、情敵、情調、情趣、情懷","20","有教育部詞目","https://dict.concised.moe.edu.tw/searchP.jsp?SN=%E3%84%91&SN2=%E3%84%91%E3%84%A7%E3%84%A5%CB%8A&word=%E6%83%85"
"198","ㄓ","知","",,"知、知了、知己、知心、知交、知名、知府、知性、知恥、知能、知悉、知情、知會、知道、知趣、知曉、知縣、知識、知覺","19","有教育部詞目","https://dict.concised.moe.edu.tw/searchP.jsp?SN=%E3%84%93&SN2=%E3%84%93&word=%E7%9F%A5"
"198","ㄓˋ","知","",,"知","1","有教育部詞目","https://dict.concised.moe.edu.tw/searchP.jsp?SN=%E3%84%93&SN2=%E3%84%93%CB%8B&word=%E7%9F%A5"
"199","ㄐㄧㄝˇ","解","",,"解、解放、解毒、解凍、解剖、解套、解酒、解脫、解悶、解惑、解渴、解答、解開、解聘、解僱、解夢、解謎、解囊、解讀、解體","20","有教育部詞目","https://dict.concised.moe.edu.tw/searchP.jsp?SN=%E3%84%90&SN2=%E3%84%90%E3%84%A7%E3%84%9D%CB%87&word=%E8%A7%A3"
"199","ㄐㄧㄝˋ","解","",,"解、解元、解送","3","有教育部詞目","https://dict.concised.moe.edu.tw/searchP.jsp?SN=%E3%84%90&SN2=%E3%84%90%E3%84%A7%E3%84%9D%CB%8B&word=%E8%A7%A3"
"199","ㄒㄧㄝˋ","解","",,"解、解縣","2","有教育部詞目","https://dict.concised.moe.edu.tw/searchP.jsp?SN=%E3%84%92&SN2=%E3%84%92%E3%84%A7%E3%84%9D%CB%8B&word=%E8%A7%A3"
"200","ㄐㄧㄠˇ","角","",,"角、角力、角尺、角門、角度、角逐、角落、角膜、角鋼","9","有教育部詞目","https://dict.concised.moe.edu.tw/searchP.jsp?SN=%E3%84%90&SN2=%E3%84%90%E3%84%A7%E3%84%A0%CB%87&word=%E8%A7%92"
"200","ㄐㄩㄝˊ","角","",,"角、角色","2","有教育部詞目","https://dict.concised.moe.edu.tw/searchP.jsp?SN=%E3%84%90&SN2=%E3%84%90%E3%84%A9%E3%84%9D%CB%8A&word=%E8%A7%92"
"201","ㄉㄨㄟˋ","隊","",,"隊、隊友、隊伍、隊形、隊長、隊員、隊部","7","有教育部詞目","https://dict.concised.moe.edu.tw/searchP.jsp?SN=%E3%84%89&SN2=%E3%84%89%E3%84%A8%E3%84%9F%CB%8B&word=%E9%9A%8A"
"202","ㄏㄣˇ","很","",,"很","1","有教育部詞目","https://dict.concised.moe.edu.tw/searchP.jsp?SN=%E3%84%8F&SN2=%E3%84%8F%E3%84%A3%CB%87&word=%E5%BE%88"
"203","ㄅㄞˊ","白","",,"白、白天、白白、白忙、白米、白板、白宮、白粉、白骨、白帶、白袍、白描、白斑、白費、白飯、白搭、白痴、白皙、白髮、白醬","20","有教育部詞目","https://dict.concised.moe.edu.tw/searchP.jsp?SN=%E3%84%85&SN2=%E3%84%85%E3%84%9E%CB%8A&word=%E7%99%BD"
"204","ㄩㄣˋ","運","",,"運、運功、運用、運行、運作、運河、運氣、運送、運動、運動員、運動場、運動傷害、運動會、運費、運算、運銷、運輸、運轉、運籌帷幄","19","有教育部詞目","https://dict.concised.moe.edu.tw/searchP.jsp?SN=%E3%84%A9&SN2=%E3%84%A9%E3%84%A3%CB%8B&word=%E9%81%8B"
"205","ㄘˋ","次","",,"次、次子、次日、次序、次要、次級、次級團體、次第、次等、次數","10","有教育部詞目","https://dict.concised.moe.edu.tw/searchP.jsp?SN=%E3%84%98&SN2=%E3%84%98%CB%8B&word=%E6%AC%A1"
"207","ㄏㄨㄚ","化","",,"化、化子、化工、化外、化石、化合、化名、化妝、化妝師、化身、化武、化育、化除、化裝、化解、化緣、化學、化膿、化驗","19","有教育部詞目","https://dict.concised.moe.edu.tw/searchP.jsp?SN=%E3%84%8F&SN2=%E3%84%8F%E3%84%A8%E3%84%9A&word=%E5%8C%96"
"207","ㄏㄨㄚˋ","化","",,"化、化工、化外、化石、化合、化名、化妝、化妝師、化身、化武、化育、化除、化裝、化解、化緣、化學、化學鍵、化糞池、化膿、化驗","20","有教育部詞目","https://dict.concised.moe.edu.tw/searchP.jsp?SN=%E3%84%8F&SN2=%E3%84%8F%E3%84%A8%E3%84%9A%CB%8B&word=%E5%8C%96"
"208","ㄏㄨㄛˊ","活","",,"活、活力、活口、活化、活水、活存、活似、活佛、活命、活性、活門、活頁、活埋、活動、活絡、活塞、活該、活路、活潑、活儲","20","有教育部詞目","https://dict.concised.moe.edu.tw/searchP.jsp?SN=%E3%84%8F&SN2=%E3%84%8F%E3%84%A8%E3%84%9B%CB%8A&word=%E6%B4%BB"
"209","ㄍㄡ","句","",,"句、句當","2","有教育部詞目","https://dict.concised.moe.edu.tw/searchP.jsp?SN=%E3%84%8D&SN2=%E3%84%8D%E3%84%A1&word=%E5%8F%A5"
"209","ㄍㄡˋ","句","",,"句、句當","2","有教育部詞目","https://dict.concised.moe.edu.tw/searchP.jsp?SN=%E3%84%8D&SN2=%E3%84%8D%E3%84%A1%CB%8B&word=%E5%8F%A5"
"209","ㄐㄩˋ","句","",,"句、句子、句法、句型、句號、句點、句讀","7","有教育部詞目","https://dict.concised.moe.edu.tw/searchP.jsp?SN=%E3%84%90&SN2=%E3%84%90%E3%84%A9%CB%8B&word=%E5%8F%A5"
"210","ㄉㄧㄢˋ","電","",,"電、電力、電母、電波、電表、電門、電能、電動、電梯、電瓶、電報、電毯、電費、電鈕、電極、電腦、電臺、電燈、電鍍、電纜","20","有教育部詞目","https://dict.concised.moe.edu.tw/searchP.jsp?SN=%E3%84%89&SN2=%E3%84%89%E3%84%A7%E3%84%A2%CB%8B&word=%E9%9B%BB"
"211","ㄌㄧˊ","釐","",,"釐、釐米、釐定、釐訂、釐清","5","有教育部詞目","https://dict.concised.moe.edu.tw/searchP.jsp?SN=%E3%84%8C&SN2=%E3%84%8C%E3%84%A7%CB%8A&word=%E9%87%90"
"211","ㄒㄧ","釐","",,"釐","1","有教育部詞目","https://dict.concised.moe.edu.tw/searchP.jsp?SN=%E3%84%92&SN2=%E3%84%92%E3%84%A7&word=%E9%87%90"
"212","ㄖˋ","日","日出、日光、日記",,"日、日內、日出、日光、日來、日前、日後、日記、日常、日報、日期、日程、日間、日新、日暈、日落、日誌、日劇、日曆、日頭","20","有教育部詞目","https://dict.concised.moe.edu.tw/searchP.jsp?SN=%E3%84%96&SN2=%E3%84%96%CB%8B&word=%E6%97%A5"
"213","ㄉㄥˇ","等","",,"等、等不及、等分、等比、等同、等式、等次、等於、等待、等候、等值、等級、等高線、等第、等等、等距、等量、等閒、等號","19","有教育部詞目","https://dict.concised.moe.edu.tw/searchP.jsp?SN=%E3%84%89&SN2=%E3%84%89%E3%84%A5%CB%87&word=%E7%AD%89"
"214","ㄇㄟˇ","美","",,"美、美女、美工、美化、美名、美好、美色、美妙、美酒、美眷、美勞、美感、美夢、美滿、美貌、美德、美談、美髮、美麗、美觀","20","有教育部詞目","https://dict.concised.moe.edu.tw/searchP.jsp?SN=%E3%84%87&SN2=%E3%84%87%E3%84%9F%CB%87&word=%E7%BE%8E"
"215","ㄅㄟˋ","倍","",,"倍、倍受矚目、倍率、倍感親切、倍增、倍數","6","有教育部詞目","https://dict.concised.moe.edu.tw/searchP.jsp?SN=%E3%84%85&SN2=%E3%84%85%E3%84%9F%CB%8B&word=%E5%80%8D"
"216","ㄐㄧㄥ","經","",,"經、經由、經年、經典、經度、經紀、經書、經脈、經常、經理、經略、經絡、經費、經貿、經過、經管、經綸、經歷、經辦、經濟","20","有教育部詞目","https://dict.concised.moe.edu.tw/searchP.jsp?SN=%E3%84%90&SN2=%E3%84%90%E3%84%A7%E3%84%A5&word=%E7%B6%93"
"217","ㄨㄢˊ","完","",,"完、完了、完人、完工、完全、完好、完成、完美、完婚、完畢、完蛋、完備、完善、完稅、完結、完結篇、完滿、完稿、完整","19","有教育部詞目","https://dict.concised.moe.edu.tw/searchP.jsp?SN=%E3%84%A8&SN2=%E3%84%A8%E3%84%A2%CB%8A&word=%E5%AE%8C"
"218","ㄌㄧㄤˊ","量","",,"量、量角器、量杯、量度、量測、量筒","6","有教育部詞目","https://dict.concised.moe.edu.tw/searchP.jsp?SN=%E3%84%8C&SN2=%E3%84%8C%E3%84%A7%E3%84%A4%CB%8A&word=%E9%87%8F"
"218","ㄌㄧㄤˋ","量","",,"量、量入為出、量力而行、量力而為、量小易盈、量小氣窄、量化、量刑、量產、量販、量販店、量詞","12","有教育部詞目","https://dict.concised.moe.edu.tw/searchP.jsp?SN=%E3%84%8C&SN2=%E3%84%8C%E3%84%A7%E3%84%A4%CB%8B&word=%E9%87%8F"
"219","ㄑㄧㄡˊ","球","",,"球、球技、球拍、球門、球員、球根、球迷、球莖、球場、球棒、球童、球隊、球路、球數、球鞋、球賽、球藝、球類運動、球體","19","有教育部詞目","https://dict.concised.moe.edu.tw/searchP.jsp?SN=%E3%84%91&SN2=%E3%84%91%E3%84%A7%E3%84%A1%CB%8A&word=%E7%90%83"
"220","ㄈㄟ","飛","",,"飛、飛人、飛天、飛行、飛快、飛奔、飛航、飛梭、飛鳥、飛翔、飛禽、飛馳、飛漲、飛碟、飛彈、飛盤、飛機、飛瀑、飛離、飛騰","20","有教育部詞目","https://dict.concised.moe.edu.tw/searchP.jsp?SN=%E3%84%88&SN2=%E3%84%88%E3%84%9F&word=%E9%A3%9B"
"221","ㄐㄩㄣ","軍","",,"軍、軍人、軍火、軍令、軍功、軍民、軍官、軍服、軍品、軍紀、軍旅、軍備、軍港、軍隊、軍號、軍團、軍閥、軍機、軍糧、軍警","20","有教育部詞目","https://dict.concised.moe.edu.tw/searchP.jsp?SN=%E3%84%90&SN2=%E3%84%90%E3%84%A9%E3%84%A3&word=%E8%BB%8D"
"222","ㄓ","之","",,"之","1","有教育部詞目","https://dict.concised.moe.edu.tw/searchP.jsp?SN=%E3%84%93&SN2=%E3%84%93&word=%E4%B9%8B"
"223","ㄘˊ","詞","",,"詞、詞令、詞句、詞尾、詞典、詞性、詞素、詞組、詞牌、詞彙、詞語、詞窮、詞鋒、詞餘、詞藻","15","有教育部詞目","https://dict.concised.moe.edu.tw/searchP.jsp?SN=%E3%84%98&SN2=%E3%84%98%CB%8A&word=%E8%A9%9E"
"224","ㄕㄞˇ","色","",,"色、色子","2","有教育部詞目","https://dict.concised.moe.edu.tw/searchP.jsp?SN=%E3%84%95&SN2=%E3%84%95%E3%84%9E%CB%87&word=%E8%89%B2"
"224","ㄙㄜˋ","色","",,"色、色系、色盲、色相、色狼、色素、色彩、色情、色情狂、色筆、色厲內荏、色瞇瞇、色調、色澤","14","有教育部詞目","https://dict.concised.moe.edu.tw/searchP.jsp?SN=%E3%84%99&SN2=%E3%84%99%E3%84%9C%CB%8B&word=%E8%89%B2"
"225","ㄉㄨˋ","度","",,"度、度小月、度日、度日如年、度假、度假村、度假勝地、度量、度量衡、度過、度蜜月、度數","12","有教育部詞目","https://dict.concised.moe.edu.tw/searchP.jsp?SN=%E3%84%89&SN2=%E3%84%89%E3%84%A8%CB%8B&word=%E5%BA%A6"
"225","ㄉㄨㄛˋ","度","",,"度、度量","2","有教育部詞目","https://dict.concised.moe.edu.tw/searchP.jsp?SN=%E3%84%89&SN2=%E3%84%89%E3%84%A8%E3%84%9B%CB%8B&word=%E5%BA%A6"
"226","ㄍㄣ","根","",,"根、根本、根由、根底、根性、根治、根柢、根苗、根除、根基、根深柢固、根深蒂固、根莖、根部、根絕、根源、根管治療、根據、根據地","19","有教育部詞目","https://dict.concised.moe.edu.tw/searchP.jsp?SN=%E3%84%8D&SN2=%E3%84%8D%E3%84%A3&word=%E6%A0%B9"
"227","ㄨㄣˋ","問","",,"問、問卜、問心無愧、問世、問好、問安、問卷、問長問短、問政、問津、問候、問案、問訊、問答、問診、問罪、問號、問話、問鼎、問題","20","有教育部詞目","https://dict.concised.moe.edu.tw/searchP.jsp?SN=%E3%84%A8&SN2=%E3%84%A8%E3%84%A3%CB%8B&word=%E5%95%8F"
"228","˙ㄧㄚ","呀","",,"呀","1","有教育部詞目","https://dict.concised.moe.edu.tw/searchP.jsp?SN=%E3%84%A7&SN2=%CB%99%E3%84%A7%E3%84%9A&word=%E5%91%80"
"228","ㄧㄚ","呀","",,"呀","1","有教育部詞目","https://dict.concised.moe.edu.tw/searchP.jsp?SN=%E3%84%A7&SN2=%E3%84%A7%E3%84%9A&word=%E5%91%80"
"229","ㄉㄚˇ","打","",,"打、打包、打屁、打扮、打底、打拚、打胎、打倒、打破、打鬥、打敗、打通、打牌、打發、打靶、打罵、打賭、打點、打斷、打獵","20","有教育部詞目","https://dict.concised.moe.edu.tw/searchP.jsp?SN=%E3%84%89&SN2=%E3%84%89%E3%84%9A%CB%87&word=%E6%89%93"
"230","ㄍㄨㄤ","光","",,"光、光大、光年、光芒、光明、光亮、光度、光彩、光復、光棍、光華、光滑、光電、光碟、光舞、光輝、光頭、光臨、光譜、光顧","20","有教育部詞目","https://dict.concised.moe.edu.tw/searchP.jsp?SN=%E3%84%8D&SN2=%E3%84%8D%E3%84%A8%E3%84%A4&word=%E5%85%89"
"231","ㄎㄨㄥ","空","",,"空、空白、空投、空防、空拍、空泛、空門、空洞、空寂、空等、空話、空調、空談、空橋、空蕩、空檔、空濛、空難、空靈","19","有教育部詞目","https://dict.concised.moe.edu.tw/searchP.jsp?SN=%E3%84%8E&SN2=%E3%84%8E%E3%84%A8%E3%84%A5&word=%E7%A9%BA"
"231","ㄎㄨㄥˋ","空","",,"空、空白、空地、空地稅、空位、空缺、空閒、空隙、空頭、空頭支票、空檔、空額","12","有教育部詞目","https://dict.concised.moe.edu.tw/searchP.jsp?SN=%E3%84%8E&SN2=%E3%84%8E%E3%84%A8%E3%84%A5%CB%8B&word=%E7%A9%BA"
"232","ㄖㄨˊ","如","",,"如、如一、如今、如同、如此、如何、如初、如來、如果、如故、如是、如常、如晤、如廁、如期、如意、如實、如數、如擬、如舊","20","有教育部詞目","https://dict.concised.moe.edu.tw/searchP.jsp?SN=%E3%84%96&SN2=%E3%84%96%E3%84%A8%CB%8A&word=%E5%A6%82"
"233","ㄊㄚ","她","",,"她、她們","2","有教育部詞目","https://dict.concised.moe.edu.tw/searchP.jsp?SN=%E3%84%8A&SN2=%E3%84%8A%E3%84%9A&word=%E5%A5%B9"
"234","ㄐㄧㄢˋ","見","",,"見、見分曉、見外、見地、見怪、見長、見面、見面禮、見效、見笑、見高低、見鬼、見習、見報、見解、見稱、見聞、見諒、見證、見識","20","有教育部詞目","https://dict.concised.moe.edu.tw/searchP.jsp?SN=%E3%84%90&SN2=%E3%84%90%E3%84%A7%E3%84%A2%CB%8B&word=%E8%A6%8B"
"234","ㄒㄧㄢˋ","見","",,"見","1","有教育部詞目","https://dict.concised.moe.edu.tw/searchP.jsp?SN=%E3%84%92&SN2=%E3%84%92%E3%84%A7%E3%84%A2%CB%8B&word=%E8%A6%8B"
"235","ㄩㄢˊ","原","",,"原、原木、原本、原件、原名、原告、原來、原定、原版、原故、原料、原配、原理、原貌、原價、原稿、原諒、原擬、原點、原籍","20","有教育部詞目","https://dict.concised.moe.edu.tw/searchP.jsp?SN=%E3%84%A9&SN2=%E3%84%A9%E3%84%A2%CB%8A&word=%E5%8E%9F"
"236","ㄐㄧㄝˊ","節","",,"節、節日、節令、節目、節制、節拍、節育、節哀、節奏、節流、節省、節食、節氣、節略、節稅、節義、節儉、節慶、節操、節錄","20","有教育部詞目","https://dict.concised.moe.edu.tw/searchP.jsp?SN=%E3%84%90&SN2=%E3%84%90%E3%84%A7%E3%84%9D%CB%8A&word=%E7%AF%80"
"237","ㄐㄩㄢ","身","",,"身、身毒","2","有教育部詞目","https://dict.concised.moe.edu.tw/searchP.jsp?SN=%E3%84%90&SN2=%E3%84%90%E3%84%A9%E3%84%A2&word=%E8%BA%AB"
"237","ㄕㄣ","身","",,"身、身子、身分、身心、身手、身世、身受、身法、身長、身後、身故、身段、身家、身高、身教、身價、身影、身軀、身邊、身體","20","有教育部詞目","https://dict.concised.moe.edu.tw/searchP.jsp?SN=%E3%84%95&SN2=%E3%84%95%E3%84%A3&word=%E8%BA%AB"
"238","ㄅㄚˋ","爸","",,"爸、爸爸","2","有教育部詞目","https://dict.concised.moe.edu.tw/searchP.jsp?SN=%E3%84%85&SN2=%E3%84%85%E3%84%9A%CB%8B&word=%E7%88%B8"
"239","ㄒㄧㄢˋ","線","",,"線、線人、線上即時交談系統、線民、線性規劃、線香、線索、線圈、線條、線軸、線裝書、線路、線頭","13","有教育部詞目","https://dict.concised.moe.edu.tw/searchP.jsp?SN=%E3%84%92&SN2=%E3%84%92%E3%84%A7%E3%84%A2%CB%8B&word=%E7%B7%9A"
"240","ㄐㄧˇ","己","",,"己、己所不欲，勿施於人、己飢己溺","3","有教育部詞目","https://dict.concised.moe.edu.tw/searchP.jsp?SN=%E3%84%90&SN2=%E3%84%90%E3%84%A7%CB%87&word=%E5%B7%B1"
"241","ㄔㄥˊ","乘","",,"乘、乘人之危、乘坐、乘法、乘客、乘風破浪、乘除、乘涼、乘勝追擊、乘虛而入、乘數、乘機、乘興","13","有教育部詞目","https://dict.concised.moe.edu.tw/searchP.jsp?SN=%E3%84%94&SN2=%E3%84%94%E3%84%A5%CB%8A&word=%E4%B9%98"
"241","ㄕㄥˋ","乘","",,"乘、乘勝追擊","2","有教育部詞目","https://dict.concised.moe.edu.tw/searchP.jsp?SN=%E3%84%95&SN2=%E3%84%95%E3%84%A5%CB%8B&word=%E4%B9%98"
"242","˙ㄇㄚ","嗎","",,"嗎","1","有教育部詞目","https://dict.concised.moe.edu.tw/searchP.jsp?SN=%E3%84%87&SN2=%CB%99%E3%84%87%E3%84%9A&word=%E5%97%8E"
"242","ㄇㄚˇ","嗎","",,"嗎、嗎啡","2","有教育部詞目","https://dict.concised.moe.edu.tw/searchP.jsp?SN=%E3%84%87&SN2=%E3%84%87%E3%84%9A%CB%87&word=%E5%97%8E"
"243","ㄓ","只","",,"只、只欠東風、只好、只有、只見、只怕、只是、只要、只消、只能、只得、只會、只當、只管","14","有教育部詞目","https://dict.concised.moe.edu.tw/searchP.jsp?SN=%E3%84%93&SN2=%E3%84%93&word=%E5%8F%AA"
"243","ㄓˇ","只","",,"只、只欠東風、只好、只有、只見、只怕、只是、只要、只消、只能、只得、只會、只當、只管","14","有教育部詞目","https://dict.concised.moe.edu.tw/searchP.jsp?SN=%E3%84%93&SN2=%E3%84%93%CB%87&word=%E5%8F%AA"
"244","ㄋㄟˋ","內","",,"內、內人、內丹、內功、內定、內府、內服、內科、內海、內鬥、內規、內部、內陸、內亂、內幕、內閣、內膜、內餡、內斂、內臟","20","有教育部詞目","https://dict.concised.moe.edu.tw/searchP.jsp?SN=%E3%84%8B&SN2=%E3%84%8B%E3%84%9F%CB%8B&word=%E5%85%A7"
"245","ㄊㄧㄢˊ","填","",,"填、填充、填充玩具、填平、填空、填表、填海、填海造地、填報、填詞、填塞、填補、填滿、填寫、填鴨","15","有教育部詞目","https://dict.concised.moe.edu.tw/searchP.jsp?SN=%E3%84%8A&SN2=%E3%84%8A%E3%84%A7%E3%84%A2%CB%8A&word=%E5%A1%AB"
"246","ㄅㄧㄢˋ","變","",,"變、變化、變天、變幻、變心、變更、變例、變卦、變法、變故、變革、變動、變異、變通、變態、變數、變賣、變臉、變壞、變體","20","有教育部詞目","https://dict.concised.moe.edu.tw/searchP.jsp?SN=%E3%84%85&SN2=%E3%84%85%E3%84%A7%E3%84%A2%CB%8B&word=%E8%AE%8A"
"247","ㄒㄧㄥ","星","星星",,"星、星斗、星火、星光、星系、星辰、星夜、星河、星空、星星、星座、星球、星期、星等、星象、星雲、星馳、星團、星際","19","有教育部詞目","https://dict.concised.moe.edu.tw/searchP.jsp?SN=%E3%84%92&SN2=%E3%84%92%E3%84%A7%E3%84%A5&word=%E6%98%9F"
"248","ㄅㄧㄝˊ","別","",,"別、別人、別出心裁、別名、別字、別有天地、別有洞天、別有風味、別具一格、別具慧眼、別苗頭、別針、別提、別開生面、別號、別墅、別管、別緻、別樹一幟、別離","20","有教育部詞目","https://dict.concised.moe.edu.tw/searchP.jsp?SN=%E3%84%85&SN2=%E3%84%85%E3%84%A7%E3%84%9D%CB%8A&word=%E5%88%A5"
"249","ㄨㄞˋ","外","",,"外、外公、外皮、外交、外表、外型、外省、外面、外孫、外埠、外婆、外部、外貿、外債、外號、外遇、外電、外幣、外貌、外邊","20","有教育部詞目","https://dict.concised.moe.edu.tw/searchP.jsp?SN=%E3%84%A8&SN2=%E3%84%A8%E3%84%9E%CB%8B&word=%E5%A4%96"
"250","ㄐㄧㄢˋ","件","",,"件、件數","2","有教育部詞目","https://dict.concised.moe.edu.tw/searchP.jsp?SN=%E3%84%90&SN2=%E3%84%90%E3%84%A7%E3%84%A2%CB%8B&word=%E4%BB%B6"
"251","ㄞˋ","愛","",,"愛、愛子、愛才、愛心、愛好、愛妻、愛美、愛神、愛國、愛情、愛惜、愛現、愛慕、愛憎、愛憐、愛撫、愛戴、愛護、愛顧、愛戀","20","有教育部詞目","https://dict.concised.moe.edu.tw/searchP.jsp?SN=%E3%84%9E&SN2=%E3%84%9E%CB%8B&word=%E6%84%9B"
"252","ㄌㄧㄢˊ","連","",,"連、連同、連名、連年、連忙、連坐、連袂、連帶、連理、連累、連貫、連連、連番、連絡、連隊、連號、連綿、連篇、連橫、連環","20","有教育部詞目","https://dict.concised.moe.edu.tw/searchP.jsp?SN=%E3%84%8C&SN2=%E3%84%8C%E3%84%A7%E3%84%A2%CB%8A&word=%E9%80%A3"
"253","ㄐㄧˊ","級","",,"級、級任、級任制、級任導師、級次、級別、級長、級距、級會、級數","10","有教育部詞目","https://dict.concised.moe.edu.tw/searchP.jsp?SN=%E3%84%90&SN2=%E3%84%90%E3%84%A7%CB%8A&word=%E7%B4%9A"
"254","ㄕˋ","式","",,"式、式子、式微、式樣","4","有教育部詞目","https://dict.concised.moe.edu.tw/searchP.jsp?SN=%E3%84%95&SN2=%E3%84%95%CB%8B&word=%E5%BC%8F"
"255","ㄨ","於","",,"於、於心不忍、於事無補、於法無據、於菟、於戲","6","有教育部詞目","https://dict.concised.moe.edu.tw/searchP.jsp?SN=%E3%84%A8&SN2=%E3%84%A8&word=%E6%96%BC"
"255","ㄩˊ","於","",,"於、於今、於心不忍、於心何忍、於事無補、於法無據、於是、於斯","8","有教育部詞目","https://dict.concised.moe.edu.tw/searchP.jsp?SN=%E3%84%A9&SN2=%E3%84%A9%CB%8A&word=%E6%96%BC"
"256","ㄌㄧˋ","力","",,"力、力士、力不從心、力有未逮、力行、力拚、力爭、力爭上游、力挫、力挽狂瀾、力氣、力排眾議、力透紙背、力量、力道、力圖、力學、力邀","18","有教育部詞目","https://dict.concised.moe.edu.tw/searchP.jsp?SN=%E3%84%8C&SN2=%E3%84%8C%E3%84%A7%CB%8B&word=%E5%8A%9B"
"257","ㄓˊ","直","",,"直、直升、直立、直行、直系、直角、直射、直徑、直接、直視、直通、直陳、直搗、直腸、直達、直線、直銷、直轄、直覺、直屬","20","有教育部詞目","https://dict.concised.moe.edu.tw/searchP.jsp?SN=%E3%84%93&SN2=%E3%84%93%CB%8A&word=%E7%9B%B4"
"258","ㄓㄤ","張","",,"張、張力、張三李四、張口結舌、張牙舞爪、張老師、張狂、張冠李戴、張皇失措、張掛、張望、張揚、張貼、張開、張燈結綵、張羅","16","有教育部詞目","https://dict.concised.moe.edu.tw/searchP.jsp?SN=%E3%84%93&SN2=%E3%84%93%E3%84%A4&word=%E5%BC%B5"
"259","ㄐㄩㄣ","均","",,"均、均分、均勻、均富、均等、均勢、均衡、均霑、均攤","9","有教育部詞目","https://dict.concised.moe.edu.tw/searchP.jsp?SN=%E3%84%90&SN2=%E3%84%90%E3%84%A9%E3%84%A3&word=%E5%9D%87"
"260","ㄅㄢ","班","",,"班、班子、班代、班代表、班次、班別、班底、班長、班門弄斧、班級、班會、班際、班導師、班機、班親會","15","有教育部詞目","https://dict.concised.moe.edu.tw/searchP.jsp?SN=%E3%84%85&SN2=%E3%84%85%E3%84%A2&word=%E7%8F%AD"
"261","ㄅㄟˋ","被","",,"被、被囚、被告、被俘、被保險人、被迫、被乘數、被害人、被動、被單、被逮、被窩、被褥、被選舉權、被騙","15","有教育部詞目","https://dict.concised.moe.edu.tw/searchP.jsp?SN=%E3%84%85&SN2=%E3%84%85%E3%84%9F%CB%8B&word=%E8%A2%AB"
"261","ㄆㄧ","被","",,"被、被騙","2","有教育部詞目","https://dict.concised.moe.edu.tw/searchP.jsp?SN=%E3%84%86&SN2=%E3%84%86%E3%84%A7&word=%E8%A2%AB"
"262","ㄉㄨㄣˋ","噸","",,"噸、噸位","2","有教育部詞目","https://dict.concised.moe.edu.tw/searchP.jsp?SN=%E3%84%89&SN2=%E3%84%89%E3%84%A8%E3%84%A3%CB%8B&word=%E5%99%B8"
"263","ㄉㄞˋ","帶","",,"帶、帶子、帶分數、帶兵、帶孝、帶狀、帶狀疱疹、帶勁、帶原者、帶動、帶動唱、帶球跑、帶球撞人、帶菌、帶路、帶領、帶頭","17","有教育部詞目","https://dict.concised.moe.edu.tw/searchP.jsp?SN=%E3%84%89&SN2=%E3%84%89%E3%84%9E%CB%8B&word=%E5%B8%B6"
"264","ㄏㄨㄚˋ","話","",,"話、話不投機、話中有話、話本、話別、話匣子、話柄、話家常、話務員、話梅、話筒、話劇、話鋒、話舊、話題","15","有教育部詞目","https://dict.concised.moe.edu.tw/searchP.jsp?SN=%E3%84%8F&SN2=%E3%84%8F%E3%84%A8%E3%84%9A%CB%8B&word=%E8%A9%B1"
"265","ㄧㄥ","應","",,"應、應付、應召、應考、應和、應屆、應門、應急、應許、應景、應答、應當、應聘、應該、應酬、應對、應選、應變","18","有教育部詞目","https://dict.concised.moe.edu.tw/searchP.jsp?SN=%E3%84%A7&SN2=%E3%84%A7%E3%84%A5&word=%E6%87%89"
"265","ㄧㄥˋ","應","",,"應、應付、應召、應市、應考、應和、應門、應急、應時、應訊、應許、應景、應答、應聘、應試、應酬、應對、應徵、應戰、應變","20","有教育部詞目","https://dict.concised.moe.edu.tw/searchP.jsp?SN=%E3%84%A7&SN2=%E3%84%A7%E3%84%A5%CB%8B&word=%E6%87%89"
"266","ㄧˇ","已","",,"已、已故、已婚、已然、已開發國家、已經","6","有教育部詞目","https://dict.concised.moe.edu.tw/searchP.jsp?SN=%E3%84%A7&SN2=%E3%84%A7%CB%87&word=%E5%B7%B2"
"267","ㄌㄧˇ","理","",,"理、理工、理化、理事、理念、理性、理法、理科、理家、理智、理想、理會、理當、理解、理路、理論、理賠、理髮、理學、理虧","20","有教育部詞目","https://dict.concised.moe.edu.tw/searchP.jsp?SN=%E3%84%8C&SN2=%E3%84%8C%E3%84%A7%CB%87&word=%E7%90%86"
"268","ㄏㄨㄛˇ","火","",,"火、火力、火大、火化、火光、火坑、火把、火花、火拼、火盆、火紅、火苗、火候、火海、火腿、火辣、火鍋、火爆、火爐、火籠","20","有教育部詞目","https://dict.concised.moe.edu.tw/searchP.jsp?SN=%E3%84%8F&SN2=%E3%84%8F%E3%84%A8%E3%84%9B%CB%87&word=%E7%81%AB"
"269","ㄈㄥ","風","",,"風、風刀、風化、風光、風帆、風車、風波、風流、風乾、風情、風雪、風評、風鈴、風塵、風聞、風貌、風暴、風靡、風騷","19","有教育部詞目","https://dict.concised.moe.edu.tw/searchP.jsp?SN=%E3%84%88&SN2=%E3%84%88%E3%84%A5&word=%E9%A2%A8"
"269","ㄈㄥˋ","風","",,"風","1","有教育部詞目","https://dict.concised.moe.edu.tw/searchP.jsp?SN=%E3%84%88&SN2=%E3%84%88%E3%84%A5%CB%8B&word=%E9%A2%A8"
"270","ㄗㄡˋ","奏","",,"奏、奏效、奏捷、奏摺、奏鳴曲、奏樂","6","有教育部詞目","https://dict.concised.moe.edu.tw/searchP.jsp?SN=%E3%84%97&SN2=%E3%84%97%E3%84%A1%CB%8B&word=%E5%A5%8F"
"271","ㄓㄠˋ","照","",,"照、照片、照例、照拂、照明、照亮、照相、照面、照准、照射、照料、照常、照理、照會、照實、照說、照辦、照舊、照耀、照顧","20","有教育部詞目","https://dict.concised.moe.edu.tw/searchP.jsp?SN=%E3%84%93&SN2=%E3%84%93%E3%84%A0%CB%8B&word=%E7%85%A7"
"272","ㄌㄧˋ","立","",,"立、立下、立方、立功、立正、立名、立即、立志、立刻、立法、立契、立春、立國、立場、立碑、立德、立論、立憲、立櫃、立體","20","有教育部詞目","https://dict.concised.moe.edu.tw/searchP.jsp?SN=%E3%84%8C&SN2=%E3%84%8C%E3%84%A7%CB%8B&word=%E7%AB%8B"
"273","ㄔㄤˊ","常","",,"常、常人、常年、常見、常言、常例、常客、常軌、常務、常常、常情、常理、常規、常設、常溫、常態、常數、常談、常駐、常識","20","有教育部詞目","https://dict.concised.moe.edu.tw/searchP.jsp?SN=%E3%84%94&SN2=%E3%84%94%E3%84%A4%CB%8A&word=%E5%B8%B8"
"274","ㄊㄞˊ","臺","",,"臺、臺地、臺甫、臺兩、臺柱、臺省、臺風、臺基、臺詞、臺階、臺端、臺錢、臺灣、臺灣光復節、臺灣海峽、臺灣黑熊、臺灣精品、臺灣學術網路","18","有教育部詞目","https://dict.concised.moe.edu.tw/searchP.jsp?SN=%E3%84%8A&SN2=%E3%84%8A%E3%84%9E%CB%8A&word=%E8%87%BA"
"275","ㄒㄧ","西","西瓜",,"西、西元、西化、西天、西方、西片、西瓜、西皮、西式、西西、西服、西域、西畫、西裝、西樂、西潮、西餐、西點、西醫、西藥","20","有教育部詞目","https://dict.concised.moe.edu.tw/searchP.jsp?SN=%E3%84%92&SN2=%E3%84%92%E3%84%A7&word=%E8%A5%BF"
"276","ㄐㄧㄝ","結","",,"結、結巴、結冰、結合、結伴、結果、結拜、結婚、結紮、結匯、結盟、結義、結夥、結實、結構、結膜、結論、結髮、結黨","19","有教育部詞目","https://dict.concised.moe.edu.tw/searchP.jsp?SN=%E3%84%90&SN2=%E3%84%90%E3%84%A7%E3%84%9D&word=%E7%B5%90"
"276","ㄐㄧㄝˊ","結","",,"結、結交、結冰、結合、結伴、結局、結果、結拜、結婚、結紮、結晶、結匯、結盟、結義、結夥、結構、結膜、結論、結髮、結黨","20","有教育部詞目","https://dict.concised.moe.edu.tw/searchP.jsp?SN=%E3%84%90&SN2=%E3%84%90%E3%84%A7%E3%84%9D%CB%8A&word=%E7%B5%90"
"277","ㄏㄨㄛˋ","或","",,"或、或者、或是、或缺、或許、或然率","6","有教育部詞目","https://dict.concised.moe.edu.tw/searchP.jsp?SN=%E3%84%8F&SN2=%E3%84%8F%E3%84%A8%E3%84%9B%CB%8B&word=%E6%88%96"
"278","ㄓㄣ","真","",,"真、真人、真切、真心、真正、真皮、真空、真品、真相、真珠、真除、真情、真理、真傳、真話、真誠、真跡、真摯、真確、真諦","20","有教育部詞目","https://dict.concised.moe.edu.tw/searchP.jsp?SN=%E3%84%93&SN2=%E3%84%93%E3%84%A3&word=%E7%9C%9F"
"279","ㄗㄨㄥˇ","總","",,"總、總共、總行、總和、總括、總計、總理、總部、總裁、總評、總匯、總會、總督、總稱、總管、總綱、總論、總機、總歸、總體","20","有教育部詞目","https://dict.concised.moe.edu.tw/searchP.jsp?SN=%E3%84%97&SN2=%E3%84%97%E3%84%A8%E3%84%A5%CB%87&word=%E7%B8%BD"
"280","ㄒㄧㄣ","新","",,"新、新年、新房、新法、新版、新芽、新近、新派、新郎、新娘、新家、新婚、新款、新貴、新進、新解、新綠、新貌、新編、新歡","20","有教育部詞目","https://dict.concised.moe.edu.tw/searchP.jsp?SN=%E3%84%92&SN2=%E3%84%92%E3%84%A7%E3%84%A3&word=%E6%96%B0"
"281","ㄩㄝ","約","",,"約、約分、約同、約束、約見、約定、約定俗成、約法三章、約計、約略、約莫、約期、約會、約數、約談、約請","16","有教育部詞目","https://dict.concised.moe.edu.tw/searchP.jsp?SN=%E3%84%A9&SN2=%E3%84%A9%E3%84%9D&word=%E7%B4%84"
"282","ㄕˋ","示","",,"示、示好、示威、示弱、示眾、示意、示愛、示範、示範社區、示警","10","有教育部詞目","https://dict.concised.moe.edu.tw/searchP.jsp?SN=%E3%84%95&SN2=%E3%84%95%CB%8B&word=%E7%A4%BA"
"283","ㄎㄨㄞˋ","塊","",,"塊、塊根、塊莖、塊頭","4","有教育部詞目","https://dict.concised.moe.edu.tw/searchP.jsp?SN=%E3%84%8E&SN2=%E3%84%8E%E3%84%A8%E3%84%9E%CB%8B&word=%E5%A1%8A"
"284","ㄐㄧㄥˋ","請","",,"請","1","有教育部詞目","https://dict.concised.moe.edu.tw/searchP.jsp?SN=%E3%84%90&SN2=%E3%84%90%E3%84%A7%E3%84%A5%CB%8B&word=%E8%AB%8B"
"284","ㄑㄧㄥˇ","請","",,"請、請示、請安、請君入甕、請求、請命、請帖、請便、請客、請柬、請益、請託、請假、請問、請教、請罪、請辭、請願、請纓","19","有教育部詞目","https://dict.concised.moe.edu.tw/searchP.jsp?SN=%E3%84%91&SN2=%E3%84%91%E3%84%A7%E3%84%A5%CB%87&word=%E8%AB%8B"
"285","ㄓㄥˇ","整","",,"整、整人、整天、整合、整地、整年、整治、整型、整建、整軍、整修、整理、整飭、整肅、整裝、整頓、整齊、整潔、整編、整體","20","有教育部詞目","https://dict.concised.moe.edu.tw/searchP.jsp?SN=%E3%84%93&SN2=%E3%84%93%E3%84%A5%CB%87&word=%E6%95%B4"
"286","ㄩㄢˊ","圓","圓形",,"圓、圓心、圓形、圓周、圓弧、圓房、圓桌、圓圈、圓寂、圓規、圓通、圓頂、圓筒、圓滑、圓睜、圓夢、圓滿、圓熟、圓環、圓鍬","20","有教育部詞目","https://dict.concised.moe.edu.tw/searchP.jsp?SN=%E3%84%A9&SN2=%E3%84%A9%E3%84%A2%CB%8A&word=%E5%9C%93"
"287","ㄇㄞˇ","買","",,"買、買方、買主、買空賣空、買帳、買票、買通、買單、買菜、買賣、買醉、買辦、買櫝還珠","13","有教育部詞目","https://dict.concised.moe.edu.tw/searchP.jsp?SN=%E3%84%87&SN2=%E3%84%87%E3%84%9E%CB%87&word=%E8%B2%B7"
"288","ㄏㄠˊ","號","",,"號、號啕大哭","2","有教育部詞目","https://dict.concised.moe.edu.tw/searchP.jsp?SN=%E3%84%8F&SN2=%E3%84%8F%E3%84%A0%CB%8A&word=%E8%99%9F"
"288","ㄏㄠˋ","號","",,"號、號子、號令、號召、號外、號次、號角、號稱、號誌、號碼、號燈","11","有教育部詞目","https://dict.concised.moe.edu.tw/searchP.jsp?SN=%E3%84%8F&SN2=%E3%84%8F%E3%84%A0%CB%8B&word=%E8%99%9F"
"289","ㄏㄞˇ","海","",,"海、海內、海防、海拔、海派、海島、海豹、海馬、海帶、海豚、海釣、海報、海盜、海獅、海葬、海綿、海濤、海濱、海膽、海灘","20","有教育部詞目","https://dict.concised.moe.edu.tw/searchP.jsp?SN=%E3%84%8F&SN2=%E3%84%8F%E3%84%9E%CB%87&word=%E6%B5%B7"
"290","ㄅㄧㄥˋ","並","",,"並、並且、並未、並用、並立、並列、並存、並行不悖、並肩、並非、並重、並排、並無不當、並進、並駕齊驅、並聯","16","有教育部詞目","https://dict.concised.moe.edu.tw/searchP.jsp?SN=%E3%84%85&SN2=%E3%84%85%E3%84%A7%E3%84%A5%CB%8B&word=%E4%B8%A6"
"291","ㄦˊ","而","",,"而、而已、而今、而且、而立之年、而後","6","有教育部詞目","https://dict.concised.moe.edu.tw/searchP.jsp?SN=%E3%84%A6&SN2=%E3%84%A6%CB%8A&word=%E8%80%8C"
"292","ㄙㄨㄛˇ","所","",,"所、所以、所以然、所向披靡、所向無敵、所在、所有、所作所為、所見所聞、所幸、所長、所託非人、所得、所得稅、所費不貲、所謂","16","有教育部詞目","https://dict.concised.moe.edu.tw/searchP.jsp?SN=%E3%84%99&SN2=%E3%84%99%E3%84%A8%E3%84%9B%CB%87&word=%E6%89%80"
"293","ㄕㄤ","商","",,"商、商行、商定、商店、商品、商訂、商旅、商討、商圈、商埠、商販、商港、商量、商會、商號、商賈、商數、商標、商談、商機","20","有教育部詞目","https://dict.concised.moe.edu.tw/searchP.jsp?SN=%E3%84%95&SN2=%E3%84%95%E3%84%A4&word=%E5%95%86"
"294","ㄏㄜˊ","河","",,"河、河山、河川、河伯、河床、河谷、河岸、河東獅吼、河洛、河流、河畔、河馬、河豚、河堤、河道、河漢、河濱","17","有教育部詞目","https://dict.concised.moe.edu.tw/searchP.jsp?SN=%E3%84%8F&SN2=%E3%84%8F%E3%84%9C%CB%8A&word=%E6%B2%B3"
"295","ㄇㄚˇ","馬","",,"馬、馬力、馬上、馬匹、馬克、馬步、馬車、馬虎、馬表、馬桶、馬球、馬廄、馬腳、馬蜂、馬路、馬達、馬靴、馬褂、馬蹄、馬戲","20","有教育部詞目","https://dict.concised.moe.edu.tw/searchP.jsp?SN=%E3%84%87&SN2=%E3%84%87%E3%84%9A%CB%87&word=%E9%A6%AC"
"296","ㄉㄨㄥ","東","",,"東、東方、東主、東北、東行、東西、東非、東南、東郊、東面、東風、東宮、東家、東區、東部、東都、東渡、東進、東邊","19","有教育部詞目","https://dict.concised.moe.edu.tw/searchP.jsp?SN=%E3%84%89&SN2=%E3%84%89%E3%84%A8%E3%84%A5&word=%E6%9D%B1"
"297","ㄌㄧㄝˋ","列","",,"列、列冊、列印、列名、列車、列車員、列表、列表機、列島、列席、列祖列宗、列國、列強、列隊、列傳、列寧主義、列管、列舉","18","有教育部詞目","https://dict.concised.moe.edu.tw/searchP.jsp?SN=%E3%84%8C&SN2=%E3%84%8C%E3%84%A7%E3%84%9D%CB%8B&word=%E5%88%97"
"298","ㄐㄧˊ","吃","",,"吃","1","有教育部詞目","https://dict.concised.moe.edu.tw/searchP.jsp?SN=%E3%84%90&SN2=%E3%84%90%E3%84%A7%CB%8A&word=%E5%90%83"
"298","ㄔ","吃","吃飯",,"吃、吃力、吃不下、吃不開、吃水、吃味、吃定、吃苦、吃重、吃香、吃案、吃素、吃茶、吃乾醋、吃飯、吃緊、吃醋、吃虧、吃齋、吃驚","20","有教育部詞目","https://dict.concised.moe.edu.tw/searchP.jsp?SN=%E3%84%94&SN2=%E3%84%94&word=%E5%90%83"
"299","ㄧㄤˊ","陽","",,"陽、陽文、陽世、陽平、陽光、陽宅、陽具、陽奉陰違、陽性、陽春、陽春麵、陽剛、陽傘、陽間、陽極、陽痿、陽壽、陽臺、陽關大道、陽關道","20","有教育部詞目","https://dict.concised.moe.edu.tw/searchP.jsp?SN=%E3%84%A7&SN2=%E3%84%A7%E3%84%A4%CB%8A&word=%E9%99%BD"
"300","ㄢˋ","按","",,"按、按日、按月、按兵不動、按例、按時、按捺、按捺不住、按部就班、按期、按鈕、按照、按鈴申告、按圖索驥、按語、按摩、按鍵","17","有教育部詞目","https://dict.concised.moe.edu.tw/searchP.jsp?SN=%E3%84%A2&SN2=%E3%84%A2%CB%8B&word=%E6%8C%89"
"301","ㄐㄧ","其","",,"其、其間","2","有教育部詞目","https://dict.concised.moe.edu.tw/searchP.jsp?SN=%E3%84%90&SN2=%E3%84%90%E3%84%A7&word=%E5%85%B6"
"301","ㄑㄧˊ","其","",,"其、其他、其次、其來有自、其情可憫、其間、其實、其貌不揚、其樂融融、其餘","10","有教育部詞目","https://dict.concised.moe.edu.tw/searchP.jsp?SN=%E3%84%91&SN2=%E3%84%91%E3%84%A7%CB%8A&word=%E5%85%B6"
"302","ㄉㄧㄥˋ","定","",,"定、定力、定名、定局、定見、定例、定定、定居、定律、定情、定理、定規、定都、定期、定量、定奪、定價、定論、定錢、定點","20","有教育部詞目","https://dict.concised.moe.edu.tw/searchP.jsp?SN=%E3%84%89&SN2=%E3%84%89%E3%84%A7%E3%84%A5%CB%8B&word=%E5%AE%9A"
"303","ㄧㄢˇ","眼","眼皮、眼淚、眼球",,"眼、眼力、眼皮、眼光、眼尖、眼波、眼花、眼界、眼科、眼紅、眼淚、眼球、眼眶、眼眸、眼袋、眼睛、眼福、眼瞼、眼簾、眼鏡","20","有教育部詞目","https://dict.concised.moe.edu.tw/searchP.jsp?SN=%E3%84%A7&SN2=%E3%84%A7%E3%84%A2%CB%87&word=%E7%9C%BC"
"304","ㄏㄞˊ","孩","",,"孩、孩子、孩子氣、孩兒、孩提、孩童","6","有教育部詞目","https://dict.concised.moe.edu.tw/searchP.jsp?SN=%E3%84%8F&SN2=%E3%84%8F%E3%84%9E%CB%8A&word=%E5%AD%A9"
"305","ㄍㄢˇ","感","",,"感、感化、感召、感光、感佩、感官、感念、感性、感冒、感訓、感動、感情、感喟、感慨、感想、感嘆、感激、感謝、感懷、感覺","20","有教育部詞目","https://dict.concised.moe.edu.tw/searchP.jsp?SN=%E3%84%8D&SN2=%E3%84%8D%E3%84%A2%CB%87&word=%E6%84%9F"
"306","ㄏㄡˋ","候","",,"候、候用、候教、候鳥、候補、候選、候選人","7","有教育部詞目","https://dict.concised.moe.edu.tw/searchP.jsp?SN=%E3%84%8F&SN2=%E3%84%8F%E3%84%A1%CB%8B&word=%E5%80%99"
"307","ㄎㄜ","棵","",,"棵","1","有教育部詞目","https://dict.concised.moe.edu.tw/searchP.jsp?SN=%E3%84%8E&SN2=%E3%84%8E%E3%84%9C&word=%E6%A3%B5"
"308","ㄧˋ","義","",,"義、義士、義女、義子、義工、義父、義犬、義母、義民、義弟、義肢、義軍、義氣、義理、義診、義憤、義賣、義齒、義舉、義警","20","有教育部詞目","https://dict.concised.moe.edu.tw/searchP.jsp?SN=%E3%84%A7&SN2=%E3%84%A7%CB%8B&word=%E7%BE%A9"
"309","ㄈㄣˋ","份","",,"份","1","有教育部詞目","https://dict.concised.moe.edu.tw/searchP.jsp?SN=%E3%84%88&SN2=%E3%84%88%E3%84%A3%CB%8B&word=%E4%BB%BD"
"310","ㄓㄨㄤ","裝","",,"裝、裝甲、裝死、裝扮、裝束、裝卸、裝訂、裝修、裝配、裝設、裝備、裝傻、裝置、裝載、裝飾、裝蒜、裝裱、裝潢、裝殮、裝點","20","有教育部詞目","https://dict.concised.moe.edu.tw/searchP.jsp?SN=%E3%84%93&SN2=%E3%84%93%E3%84%A8%E3%84%A4&word=%E8%A3%9D"
"311","˙ㄋㄜ","呢","",,"呢","1","有教育部詞目","https://dict.concised.moe.edu.tw/searchP.jsp?SN=%E3%84%8B&SN2=%CB%99%E3%84%8B%E3%84%9C&word=%E5%91%A2"
"311","ㄋㄧˊ","呢","",,"呢、呢喃、呢絨","3","有教育部詞目","https://dict.concised.moe.edu.tw/searchP.jsp?SN=%E3%84%8B&SN2=%E3%84%8B%E3%84%A7%CB%8A&word=%E5%91%A2"
"312","ㄧㄝˋ","業","",,"業、業力、業主、業者、業界、業師、業務、業務員、業經、業精於勤、業障、業餘、業績","13","有教育部詞目","https://dict.concised.moe.edu.tw/searchP.jsp?SN=%E3%84%A7&SN2=%E3%84%A7%E3%84%9D%CB%8B&word=%E6%A5%AD"
"314","ㄓㄡ","周","",,"周、周匝、周全、周至、周折、周身、周到、周延、周密、周旋、周章、周備、周圍、周詳、周遊、周遭、周濟、周轉、周轉不靈、周邊","20","有教育部詞目","https://dict.concised.moe.edu.tw/searchP.jsp?SN=%E3%84%93&SN2=%E3%84%93%E3%84%A1&word=%E5%91%A8"
"315","ㄧㄢˋ","驗","",,"驗、驗方、驗光、驗收、驗血、驗明正身、驗屍、驗貨、驗傷、驗證","10","有教育部詞目","https://dict.concised.moe.edu.tw/searchP.jsp?SN=%E3%84%A7&SN2=%E3%84%A7%E3%84%A2%CB%8B&word=%E9%A9%97"
"316","ㄨㄤˊ","王","",,"王、王八、王子、王母、王后、王妃、王法、王侯、王冠、王室、王孫、王宮、王師、王國、王朝、王牌、王業、王爺、王道、王儲","20","有教育部詞目","https://dict.concised.moe.edu.tw/searchP.jsp?SN=%E3%84%A8&SN2=%E3%84%A8%E3%84%A4%CB%8A&word=%E7%8E%8B"
"316","ㄨㄤˋ","王","",,"王","1","有教育部詞目","https://dict.concised.moe.edu.tw/searchP.jsp?SN=%E3%84%A8&SN2=%E3%84%A8%E3%84%A4%CB%8B&word=%E7%8E%8B"
"317","ㄊㄞˋ","太","太陽",,"太、太子、太太、太平、太后、太守、太妹、太宗、太空、太保、太宰、太座、太祖、太陰、太虛、太陽、太極、太歲、太監、太醫","20","有教育部詞目","https://dict.concised.moe.edu.tw/searchP.jsp?SN=%E3%84%8A&SN2=%E3%84%8A%E3%84%9E%CB%8B&word=%E5%A4%AA"
"318","ㄐㄧㄠˋ","校","",,"校、校正、校訂、校勘、校勘學、校對、校稿、校閱","8","有教育部詞目","https://dict.concised.moe.edu.tw/searchP.jsp?SN=%E3%84%90&SN2=%E3%84%90%E3%84%A7%E3%84%A0%CB%8B&word=%E6%A0%A1"
"318","ㄒㄧㄠˋ","校","",,"校、校工、校友、校方、校刊、校舍、校花、校長、校風、校訓、校務、校區、校規、校隊、校旗、校歌、校際、校慶、校醫、校譽","20","有教育部詞目","https://dict.concised.moe.edu.tw/searchP.jsp?SN=%E3%84%92&SN2=%E3%84%92%E3%84%A7%E3%84%A0%CB%8B&word=%E6%A0%A1"
"319","ㄓˇ","指","",,"指、指令、指甲、指名、指向、指定、指明、指南、指派、指控、指教、指揮、指畫、指摘、指導、指標、指頭、指環、指點、指謫","20","有教育部詞目","https://dict.concised.moe.edu.tw/searchP.jsp?SN=%E3%84%93&SN2=%E3%84%93%CB%87&word=%E6%8C%87"
"320","ㄉㄢ","單","",,"單、單刀、單句、單打、單向、單車、單挑、單軌、單單、單項、單傳、單槓、單價、單調、單據、單獨、單選、單薄、單醣、單戀","20","有教育部詞目","https://dict.concised.moe.edu.tw/searchP.jsp?SN=%E3%84%89&SN2=%E3%84%89%E3%84%A2&word=%E5%96%AE"
"320","ㄔㄢˊ","單","",,"單、單于","2","有教育部詞目","https://dict.concised.moe.edu.tw/searchP.jsp?SN=%E3%84%94&SN2=%E3%84%94%E3%84%A2%CB%8A&word=%E5%96%AE"
"320","ㄕㄢˋ","單","",,"單、單縣","2","有教育部詞目","https://dict.concised.moe.edu.tw/searchP.jsp?SN=%E3%84%95&SN2=%E3%84%95%E3%84%A2%CB%8B&word=%E5%96%AE"
"321","ㄖㄨㄥˊ","容","",,"容、容不下、容光煥發、容忍、容身、容身之地、容或、容易、容納、容情、容許、容量、容貌、容器、容積、容顏","16","有教育部詞目","https://dict.concised.moe.edu.tw/searchP.jsp?SN=%E3%84%96&SN2=%E3%84%96%E3%84%A8%E3%84%A5%CB%8A&word=%E5%AE%B9"
"322","ㄩˇ","語","",,"語、語文、語句、語言、語言學、語法、語重心長、語音、語音信箱、語音學、語氣、語病、語焉不詳、語無倫次、語詞、語彙、語意、語調、語錄、語體文","20","有教育部詞目","https://dict.concised.moe.edu.tw/searchP.jsp?SN=%E3%84%A9&SN2=%E3%84%A9%CB%87&word=%E8%AA%9E"
"322","ㄩˋ","語","",,"語、語句","2","有教育部詞目","https://dict.concised.moe.edu.tw/searchP.jsp?SN=%E3%84%A9&SN2=%E3%84%A9%CB%8B&word=%E8%AA%9E"
"323","ㄌㄧㄡˋ","六","",,"六、六月雪、六四天安門事件、六合、六角形、六法全書、六根、六畜、六神無主、六國、六親不認、六藝","12","有教育部詞目","https://dict.concised.moe.edu.tw/searchP.jsp?SN=%E3%84%8C&SN2=%E3%84%8C%E3%84%A7%E3%84%A1%CB%8B&word=%E5%85%AD"
"323","ㄌㄨˋ","六","",,"六","1","有教育部詞目","https://dict.concised.moe.edu.tw/searchP.jsp?SN=%E3%84%8C&SN2=%E3%84%8C%E3%84%A8%CB%8B&word=%E5%85%AD"
"324","ㄐㄧㄚˇ","甲","",,"甲、甲子、甲板、甲狀腺、甲冑、甲骨文、甲魚、甲殼、甲等、甲蟲","10","有教育部詞目","https://dict.concised.moe.edu.tw/searchP.jsp?SN=%E3%84%90&SN2=%E3%84%90%E3%84%A7%E3%84%9A%CB%87&word=%E7%94%B2"
"326","ㄒㄧㄡ","修","",,"修、修女、修好、修行、修改、修治、修建、修訂、修剪、修理、修習、修復、修葺、修補、修道、修練、修憲、修整、修辭、修護","20","有教育部詞目","https://dict.concised.moe.edu.tw/searchP.jsp?SN=%E3%84%92&SN2=%E3%84%92%E3%84%A7%E3%84%A1&word=%E4%BF%AE"
"327","ㄑㄧㄥ","輕","",,"輕、輕功、輕巧、輕舟、輕快、輕狂、輕佻、輕忽、輕便、輕俏、輕浮、輕紗、輕慢、輕輕、輕敵、輕蔑、輕薄、輕簡、輕騎、輕靈","20","有教育部詞目","https://dict.concised.moe.edu.tw/searchP.jsp?SN=%E3%84%91&SN2=%E3%84%91%E3%84%A7%E3%84%A5&word=%E8%BC%95"
"328","ㄓㄨˋ","住","",,"住、住戶、住手、住民、住宅、住址、住所、住持、住家、住院、住宿、住處","12","有教育部詞目","https://dict.concised.moe.edu.tw/searchP.jsp?SN=%E3%84%93&SN2=%E3%84%93%E3%84%A8%CB%8B&word=%E4%BD%8F"
"329","ㄑㄧㄣ","親","",,"親、親口、親切、親手、親民、親吻、親事、親炙、親近、親信、親密、親情、親戚、親授、親眷、親善、親筆、親暱、親潮、親臨","20","有教育部詞目","https://dict.concised.moe.edu.tw/searchP.jsp?SN=%E3%84%91&SN2=%E3%84%91%E3%84%A7%E3%84%A3&word=%E8%A6%AA"
"329","ㄑㄧㄥˋ","親","",,"親、親家","2","有教育部詞目","https://dict.concised.moe.edu.tw/searchP.jsp?SN=%E3%84%91&SN2=%E3%84%91%E3%84%A7%E3%84%A5%CB%8B&word=%E8%A6%AA"
"330","ㄓㄢˋ","戰","",,"戰、戰火、戰功、戰犯、戰地、戰果、戰況、戰俘、戰鬥、戰國、戰敗、戰略、戰備、戰亂、戰慄、戰鼓、戰機、戰壕、戰績、戰艦","20","有教育部詞目","https://dict.concised.moe.edu.tw/searchP.jsp?SN=%E3%84%93&SN2=%E3%84%93%E3%84%A2%CB%8B&word=%E6%88%B0"
"331","ㄕˇ","使","",,"使、使用、使用率、使用權、使臣、使命感、使性子、使者、使勁、使徒、使眼色、使喚、使然","13","有教育部詞目","https://dict.concised.moe.edu.tw/searchP.jsp?SN=%E3%84%95&SN2=%E3%84%95%CB%87&word=%E4%BD%BF"
"332","ㄒㄧ","吸","",,"吸、吸力、吸引、吸引力、吸收、吸血鬼、吸吮、吸取、吸毒、吸食、吸納、吸菸、吸塵器、吸管、吸盤、吸鐵石","16","有教育部詞目","https://dict.concised.moe.edu.tw/searchP.jsp?SN=%E3%84%92&SN2=%E3%84%92%E3%84%A7&word=%E5%90%B8"
"333","ㄧㄣ","因","",,"因、因子、因小失大、因由、因地制宜、因此、因而、因果、因果報應、因為、因陋就簡、因時制宜、因素、因循、因循苟且、因禍得福、因數、因緣、因應、因襲","20","有教育部詞目","https://dict.concised.moe.edu.tw/searchP.jsp?SN=%E3%84%A7&SN2=%E3%84%A7%E3%84%A3&word=%E5%9B%A0"
"334","ㄌㄩˋ","律","",,"律、律己、律呂、律法、律師、律動、律動教學、律動感、律詩","9","有教育部詞目","https://dict.concised.moe.edu.tw/searchP.jsp?SN=%E3%84%8C&SN2=%E3%84%8C%E3%84%A9%CB%8B&word=%E5%BE%8B"
"335","ㄅㄟˇ","北","",,"北、北二高、北上、北斗、北斗七星、北方、北伐、北京人、北面、北風、北海、北區、北部、北極、北極星、北管、北緯、北邊","18","有教育部詞目","https://dict.concised.moe.edu.tw/searchP.jsp?SN=%E3%84%85&SN2=%E3%84%85%E3%84%9F%CB%87&word=%E5%8C%97"
"336","ㄆㄞ","拍","",,"拍、拍子、拍手、拍手稱快、拍片、拍外景、拍打、拍立得相機、拍板、拍案叫絕、拍馬屁、拍掌、拍照、拍賣、拍戲、拍擊、拍檔、拍攝","18","有教育部詞目","https://dict.concised.moe.edu.tw/searchP.jsp?SN=%E3%84%86&SN2=%E3%84%86%E3%84%9E&word=%E6%8B%8D"
"337","ㄊㄧㄠˋ","跳","跳舞",,"跳、跳行、跳豆、跳板、跳表、跳級、跳針、跳馬、跳高、跳動、跳票、跳脫、跳船、跳棋、跳腳、跳號、跳電、跳踉、跳箱、跳機","20","有教育部詞目","https://dict.concised.moe.edu.tw/searchP.jsp?SN=%E3%84%8A&SN2=%E3%84%8A%E3%84%A7%E3%84%A0%CB%8B&word=%E8%B7%B3"
"338","ㄑㄧㄥ","清","",,"清、清平、清白、清冷、清廷、清冽、清明、清流、清風、清朗、清淡、清理、清甜、清單、清湯、清廉、清福、清談、清點、清麗","20","有教育部詞目","https://dict.concised.moe.edu.tw/searchP.jsp?SN=%E3%84%91&SN2=%E3%84%91%E3%84%A7%E3%84%A5&word=%E6%B8%85"
"339","ㄐㄧˋ","記","",,"記、記功、記名、記住、記事、記取、記性、記者、記述、記帳、記得、記掛、記敘文、記號、記載、記過、記趣、記憶、記憶體、記錄","20","有教育部詞目","https://dict.concised.moe.edu.tw/searchP.jsp?SN=%E3%84%90&SN2=%E3%84%90%E3%84%A7%CB%8B&word=%E8%A8%98"
"340","ㄏㄨㄤˊ","黃","",,"黃、黃巾、黃牛、黃瓜、黃老、黃色、黃豆、黃昏、黃帝、黃疸、黃梅、黃袍、黃連、黃湯、黃牌、黃腔、黃暈、黃銅、黃曆、黃鸝","20","有教育部詞目","https://dict.concised.moe.edu.tw/searchP.jsp?SN=%E3%84%8F&SN2=%E3%84%8F%E3%84%A8%E3%84%A4%CB%8A&word=%E9%BB%83"
"341","ㄔㄨㄢˊ","船","",,"船、船工、船主、船到橋頭自然直、船長、船員、船桅、船隻、船務、船埠、船票、船舶、船舷、船隊、船塢、船運、船槳、船艙、船錨、船艦","20","有教育部詞目","https://dict.concised.moe.edu.tw/searchP.jsp?SN=%E3%84%94&SN2=%E3%84%94%E3%84%A8%E3%84%A2%CB%8A&word=%E8%88%B9"
"342","ㄐㄧㄢˇ","減","",,"減、減少、減半、減刑、減低、減免、減法、減肥、減省、減弱、減班、減退、減產、減速、減稅、減輕、減價、減數、減緩、減縮","20","有教育部詞目","https://dict.concised.moe.edu.tw/searchP.jsp?SN=%E3%84%90&SN2=%E3%84%90%E3%84%A7%E3%84%A2%CB%87&word=%E6%B8%9B"
"343","ㄧㄡˊ","由","",,"由、由不得、由來、由於、由衷","5","有教育部詞目","https://dict.concised.moe.edu.tw/searchP.jsp?SN=%E3%84%A7&SN2=%E3%84%A7%E3%84%A1%CB%8A&word=%E7%94%B1"
"344","ㄧㄡˇ","友","",,"友、友人、友好、友伴、友軍、友情、友善、友愛、友誼","9","有教育部詞目","https://dict.concised.moe.edu.tw/searchP.jsp?SN=%E3%84%A7&SN2=%E3%84%A7%E3%84%A1%CB%87&word=%E5%8F%8B"
"345","ㄒㄧㄠˋ","笑","",,"笑、笑成一團、笑吟吟、笑呵呵、笑咪咪、笑哈哈、笑柄、笑盈盈、笑面虎、笑容、笑料、笑納、笑逐顏開、笑裡藏刀、笑話、笑嘻嘻、笑罵、笑談、笑臉、笑靨","20","有教育部詞目","https://dict.concised.moe.edu.tw/searchP.jsp?SN=%E3%84%92&SN2=%E3%84%92%E3%84%A7%E3%84%A0%CB%8B&word=%E7%AC%91"
"346","ㄐㄧㄝ","接","",,"接、接合、接見、接近、接客、接待、接風、接班、接納、接骨、接連、接替、接棒、接管、接駁、接辦、接頭、接濟、接獲、接縫","20","有教育部詞目","https://dict.concised.moe.edu.tw/searchP.jsp?SN=%E3%84%90&SN2=%E3%84%90%E3%84%A7%E3%84%9D&word=%E6%8E%A5"
"347","ㄊㄨㄥ","通","",,"通、通力、通天、通例、通性、通明、通風、通病、通婚、通通、通報、通牒、通道、通達、通電、通盤、通膨、通關、通體、通靈","20","有教育部詞目","https://dict.concised.moe.edu.tw/searchP.jsp?SN=%E3%84%8A&SN2=%E3%84%8A%E3%84%A8%E3%84%A5&word=%E9%80%9A"
"348","ㄅㄨˋ","步","",,"步、步伐、步行、步兵、步步為營、步罡踏斗、步道、步槍、步履、步調、步驟","11","有教育部詞目","https://dict.concised.moe.edu.tw/searchP.jsp?SN=%E3%84%85&SN2=%E3%84%85%E3%84%A8%CB%8B&word=%E6%AD%A5"
"349","ㄕㄟˊ","誰","",,"誰","1","有教育部詞目","https://dict.concised.moe.edu.tw/searchP.jsp?SN=%E3%84%95&SN2=%E3%84%95%E3%84%9F%CB%8A&word=%E8%AA%B0"
"350","ㄋㄩˇ","女","",,"女、女人、女子、女工、女友、女色、女伴、女兵、女巫、女性、女流、女皇、女紅、女郎、女高、女將、女童、女僕、女鞋、女權","20","有教育部詞目","https://dict.concised.moe.edu.tw/searchP.jsp?SN=%E3%84%8B&SN2=%E3%84%8B%E3%84%A9%CB%87&word=%E5%A5%B3"
"350","ㄋㄩˋ","女","",,"女","1","有教育部詞目","https://dict.concised.moe.edu.tw/searchP.jsp?SN=%E3%84%8B&SN2=%E3%84%8B%E3%84%A9%CB%8B&word=%E5%A5%B3"
"350","ㄖㄨˇ","女","",,"女","1","有教育部詞目","https://dict.concised.moe.edu.tw/searchP.jsp?SN=%E3%84%96&SN2=%E3%84%96%E3%84%A8%CB%87&word=%E5%A5%B3"
"351","ㄌㄧˋ","利","",,"利、利刃、利己、利他、利市、利用、利多、利尿、利尿劑、利空、利便、利害、利息、利益、利率、利祿、利弊、利誘、利潤、利器","20","有教育部詞目","https://dict.concised.moe.edu.tw/searchP.jsp?SN=%E3%84%8C&SN2=%E3%84%8C%E3%84%A7%CB%8B&word=%E5%88%A9"
"352","ㄊㄧㄝˇ","鐵","",,"鐵、鐵人、鐵片、鐵牛、鐵皮、鐵定、鐵板、鐵門、鐵面、鐵釘、鐵馬、鐵桶、鐵票、鐵棒、鐵塔、鐵道、鐵幕、鐵餅、鐵齒、鐵蹄","20","有教育部詞目","https://dict.concised.moe.edu.tw/searchP.jsp?SN=%E3%84%8A&SN2=%E3%84%8A%E3%84%A7%E3%84%9D%CB%87&word=%E9%90%B5"
"353","ㄍㄨㄢ","觀","",,"觀、觀光、觀光客、觀念、觀看、觀望、觀眾、觀景臺、觀測、觀感、觀照、觀察、觀摩、觀賞、觀點、觀瞻、觀禮、觀護、觀護人","19","有教育部詞目","https://dict.concised.moe.edu.tw/searchP.jsp?SN=%E3%84%8D&SN2=%E3%84%8D%E3%84%A8%E3%84%A2&word=%E8%A7%80"
"353","ㄍㄨㄢˋ","觀","",,"觀","1","有教育部詞目","https://dict.concised.moe.edu.tw/searchP.jsp?SN=%E3%84%8D&SN2=%E3%84%8D%E3%84%A8%E3%84%A2%CB%8B&word=%E8%A7%80"
"354","ㄧˇ","乙","",,"乙","1","有教育部詞目","https://dict.concised.moe.edu.tw/searchP.jsp?SN=%E3%84%A7&SN2=%E3%84%A7%CB%87&word=%E4%B9%99"
"355","ㄒㄧㄤˋ","象","",,"象、象牙、象牙塔、象形、象限、象棋、象徵、象徵性","8","有教育部詞目","https://dict.concised.moe.edu.tw/searchP.jsp?SN=%E3%84%92&SN2=%E3%84%92%E3%84%A7%E3%84%A4%CB%8B&word=%E8%B1%A1"
"356","ㄇㄧㄥˊ","名","",,"名、名分、名片、名目、名伶、名利、名門、名流、名家、名堂、名產、名單、名牌、名貴、名節、名義、名號、名諱、名錄、名簿","20","有教育部詞目","https://dict.concised.moe.edu.tw/searchP.jsp?SN=%E3%84%87&SN2=%E3%84%87%E3%84%A7%E3%84%A5%CB%8A&word=%E5%90%8D"
"357","ㄘㄠˇ","草","草莓",,"草、草木、草包、草民、草皮、草具、草坪、草芥、草根、草紙、草堂、草莓、草莽、草帽、草圖、草稿、草鞋、草擬、草簽、草藥","20","有教育部詞目","https://dict.concised.moe.edu.tw/searchP.jsp?SN=%E3%84%98&SN2=%E3%84%98%E3%84%A0%CB%87&word=%E8%8D%89"
"358","ㄩˇ","與","",,"與、與人為善、與日俱增、與世長辭、與世無爭、與民爭利、與生俱來、與共、與否、與其、與虎謀皮、與時俱進、與眾不同","13","有教育部詞目","https://dict.concised.moe.edu.tw/searchP.jsp?SN=%E3%84%A9&SN2=%E3%84%A9%CB%87&word=%E8%88%87"
"358","ㄩˊ","與","",,"與","1","有教育部詞目","https://dict.concised.moe.edu.tw/searchP.jsp?SN=%E3%84%A9&SN2=%E3%84%A9%CB%8A&word=%E8%88%87"
"358","ㄩˋ","與","",,"與、與日俱增、與生俱來、與時俱進、與會、與聞、與賽","7","有教育部詞目","https://dict.concised.moe.edu.tw/searchP.jsp?SN=%E3%84%A9&SN2=%E3%84%A9%CB%8B&word=%E8%88%87"
"359","ㄖㄨˋ","入","",,"入、入口、入土、入列、入定、入股、入門、入流、入庫、入迷、入骨、入港、入境、入夢、入夥、入閣、入殮、入闈、入贅、入魔","20","有教育部詞目","https://dict.concised.moe.edu.tw/searchP.jsp?SN=%E3%84%96&SN2=%E3%84%96%E3%84%A8%CB%8B&word=%E5%85%A5"
"360","ㄌㄧㄤˋ","亮","",,"亮、亮片、亮光、亮度、亮相、亮紅燈、亮眼、亮票、亮晶晶、亮點、亮麗","11","有教育部詞目","https://dict.concised.moe.edu.tw/searchP.jsp?SN=%E3%84%8C&SN2=%E3%84%8C%E3%84%A7%E3%84%A4%CB%8B&word=%E4%BA%AE"
"361","ㄆㄞˇ","排","",,"排、排子車","2","有教育部詞目","https://dict.concised.moe.edu.tw/searchP.jsp?SN=%E3%84%86&SN2=%E3%84%86%E3%84%9E%CB%87&word=%E6%8E%92"
"361","ㄆㄞˊ","排","",,"排、排比、排列、排名、排行、排卵、排尿、排定、排放、排版、排班、排骨、排隊、排解、排練、排課、排頭、排擠、排檔","19","有教育部詞目","https://dict.concised.moe.edu.tw/searchP.jsp?SN=%E3%84%86&SN2=%E3%84%86%E3%84%9E%CB%8A&word=%E6%8E%92"
"362","ㄍㄨㄢ","關","關門",,"關、關口、關切、關心、關卡、關防、關注、關門、關係、關掉、關連、關閉、關照、關節、關機、關燈、關頭、關聯、關鍵、關懷","20","有教育部詞目","https://dict.concised.moe.edu.tw/searchP.jsp?SN=%E3%84%8D&SN2=%E3%84%8D%E3%84%A8%E3%84%A2&word=%E9%97%9C"
"363","ㄖㄣˋ","認","",,"認、認可、認同、認字、認命、認定、認知、認為、認捐、認真、認得、認清、認罪、認領、認養、認輸、認錯、認購、認證、認識","20","有教育部詞目","https://dict.concised.moe.edu.tw/searchP.jsp?SN=%E3%84%96&SN2=%E3%84%96%E3%84%A3%CB%8B&word=%E8%AA%8D"
"364","ㄩㄢˊ","員","",,"員、員工、員外、員額、員警","5","有教育部詞目","https://dict.concised.moe.edu.tw/searchP.jsp?SN=%E3%84%A9&SN2=%E3%84%A9%E3%84%A2%CB%8A&word=%E5%93%A1"
"364","ㄩㄣˊ","員","",,"員","1","有教育部詞目","https://dict.concised.moe.edu.tw/searchP.jsp?SN=%E3%84%A9&SN2=%E3%84%A9%E3%84%A3%CB%8A&word=%E5%93%A1"
"365","ㄙㄨˋ","速","",,"速、速成、速度、速食、速記、速率、速寫、速賜康、速戰速決、速讀","10","有教育部詞目","https://dict.concised.moe.edu.tw/searchP.jsp?SN=%E3%84%99&SN2=%E3%84%99%E3%84%A8%CB%8B&word=%E9%80%9F"
"366","˙ㄚ","啊","",,"啊","1","有教育部詞目","https://dict.concised.moe.edu.tw/searchP.jsp?SN=%E3%84%9A&SN2=%CB%99%E3%84%9A&word=%E5%95%8A"
"366","ㄚ","啊","",,"啊、啊哈","2","有教育部詞目","https://dict.concised.moe.edu.tw/searchP.jsp?SN=%E3%84%9A&SN2=%E3%84%9A&word=%E5%95%8A"
"367","ㄔㄤˇ","廠","",,"廠、廠房、廠長、廠商、廠棚、廠牌","6","有教育部詞目","https://dict.concised.moe.edu.tw/searchP.jsp?SN=%E3%84%94&SN2=%E3%84%94%E3%84%A4%CB%87&word=%E5%BB%A0"
"368","ㄆㄠˇ","跑","跑步",,"跑、跑不掉、跑片、跑步、跑車、跑馬、跑堂、跑單幫、跑新聞、跑路、跑道、跑腿、跑龍套、跑壘","14","有教育部詞目","https://dict.concised.moe.edu.tw/searchP.jsp?SN=%E3%84%86&SN2=%E3%84%86%E3%84%A0%CB%87&word=%E8%B7%91"
"368","ㄆㄠˊ","跑","",,"跑","1","有教育部詞目","https://dict.concised.moe.edu.tw/searchP.jsp?SN=%E3%84%86&SN2=%E3%84%86%E3%84%A0%CB%8A&word=%E8%B7%91"
"369","ㄊㄧˊ","提","",,"提、提交、提名、提防、提供、提味、提拔、提起、提高、提問、提單、提報、提款、提筆、提煉、提督、提過、提綱、提領、提撥","20","有教育部詞目","https://dict.concised.moe.edu.tw/searchP.jsp?SN=%E3%84%8A&SN2=%E3%84%8A%E3%84%A7%CB%8A&word=%E6%8F%90"
"369","ㄕˊ","提","",,"提","1","有教育部詞目","https://dict.concised.moe.edu.tw/searchP.jsp?SN=%E3%84%95&SN2=%E3%84%95%CB%8A&word=%E6%8F%90"
"370","ㄔㄨㄟ","吹","",,"吹、吹口哨、吹毛求疵、吹牛、吹牛大王、吹灰之力、吹拂、吹奏、吹奏樂器、吹風、吹風機、吹捧、吹管、吹噓、吹糖、吹鬍子瞪眼、吹襲","17","有教育部詞目","https://dict.concised.moe.edu.tw/searchP.jsp?SN=%E3%84%94&SN2=%E3%84%94%E3%84%A8%E3%84%9F&word=%E5%90%B9"
"371","ㄘㄞˊ","才","",,"才、才女、才子、才具、才俊、才氣、才能、才高八斗、才情、才智、才疏學淺、才華、才幹、才貌、才貌雙全、才學、才藝、才識","18","有教育部詞目","https://dict.concised.moe.edu.tw/searchP.jsp?SN=%E3%84%98&SN2=%E3%84%98%E3%84%9E%CB%8A&word=%E6%89%8D"
"372","ㄩˊ","魚","",,"魚、魚白、魚卵、魚拓、魚缸、魚苗、魚翅、魚排、魚販、魚貫、魚塘、魚鉤、魚雷、魚槍、魚蝦、魚簍、魚類、魚鰭、魚鰾、魚鱗","20","有教育部詞目","https://dict.concised.moe.edu.tw/searchP.jsp?SN=%E3%84%A9&SN2=%E3%84%A9%CB%8A&word=%E9%AD%9A"
"373","ㄎㄠˇ","考","",,"考、考古、考究、考卷、考取、考查、考訂、考核、考區、考場、考評、考量、考試、考察、考慮、考據、考選、考績、考題、考證","20","有教育部詞目","https://dict.concised.moe.edu.tw/searchP.jsp?SN=%E3%84%8E&SN2=%E3%84%8E%E3%84%A0%CB%87&word=%E8%80%83"
"374","ㄕˋ","試","",,"試、試用、試車、試卷、試金石、試穿、試紙、試航、試問、試婚、試探、試場、試晬、試試、試圖、試管、試播、試辦、試題、試驗","20","有教育部詞目","https://dict.concised.moe.edu.tw/searchP.jsp?SN=%E3%84%95&SN2=%E3%84%95%CB%8B&word=%E8%A9%A6"
"375","ㄐㄧㄥ","青","",,"青","1","有教育部詞目","https://dict.concised.moe.edu.tw/searchP.jsp?SN=%E3%84%90&SN2=%E3%84%90%E3%84%A7%E3%84%A5&word=%E9%9D%92"
"375","ㄑㄧㄥ","青","",,"青、青山、青史、青年、青衣、青壯、青果、青花、青春、青苔、青衿、青椒、青發、青絲、青菜、青睞、青稞、青銅、青樓、青醬","20","有教育部詞目","https://dict.concised.moe.edu.tw/searchP.jsp?SN=%E3%84%91&SN2=%E3%84%91%E3%84%A7%E3%84%A5&word=%E9%9D%92"
"376","ㄇㄢˇ","滿","",,"滿、滿分、滿天、滿心、滿手、滿布、滿地、滿足、滿身、滿面、滿座、滿堂、滿腔、滿溢、滿載、滿檔、滿臉、滿壘、滿額、滿懷","20","有教育部詞目","https://dict.concised.moe.edu.tw/searchP.jsp?SN=%E3%84%87&SN2=%E3%84%87%E3%84%A2%CB%87&word=%E6%BB%BF"
"377","ㄐㄧㄤˇ","講","",,"講、講求、講究、講和、講述、講師、講座、講堂、講情、講授、講理、講習、講評、講解、講話、講臺、講價、講稿、講學、講題","20","有教育部詞目","https://dict.concised.moe.edu.tw/searchP.jsp?SN=%E3%84%90&SN2=%E3%84%90%E3%84%A7%E3%84%A4%CB%87&word=%E8%AC%9B"
"378","ㄇㄣˊ","門","門口、門票、門牌",,"門、門房、門客、門派、門面、門風、門徒、門票、門第、門牌、門窗、門楣、門路、門道、門鈴、門縫、門聯、門檻、門簾、門類","20","有教育部詞目","https://dict.concised.moe.edu.tw/searchP.jsp?SN=%E3%84%87&SN2=%E3%84%87%E3%84%A3%CB%8A&word=%E9%96%80"
"379","ㄏㄨㄢ","歡","",,"歡、歡天喜地、歡心、歡呼、歡迎、歡度、歡娛、歡悅、歡笑、歡送、歡唱、歡喜、歡喜冤家、歡愉、歡聚、歡聚一堂、歡慶、歡樂、歡顏、歡騰","20","有教育部詞目","https://dict.concised.moe.edu.tw/searchP.jsp?SN=%E3%84%8F&SN2=%E3%84%8F%E3%84%A8%E3%84%A2&word=%E6%AD%A1"
"380","ㄇㄠˊ","毛","",,"毛、毛巾、毛孔、毛毛雨、毛毛蟲、毛片、毛衣、毛利、毛坑、毛料、毛病、毛細管、毛毯、毛筆、毛線、毛豬、毛髮、毛蟲、毛額、毛躁","20","有教育部詞目","https://dict.concised.moe.edu.tw/searchP.jsp?SN=%E3%84%87&SN2=%E3%84%87%E3%84%A0%CB%8A&word=%E6%AF%9B"
"381","ㄅㄧㄢˋ","便","",,"便、便民、便衣、便利、便車、便宜、便所、便服、便是、便祕、便捷、便條、便帽、便飯、便溺、便當、便裝、便道、便橋","19","有教育部詞目","https://dict.concised.moe.edu.tw/searchP.jsp?SN=%E3%84%85&SN2=%E3%84%85%E3%84%A7%E3%84%A2%CB%8B&word=%E4%BE%BF"
"381","ㄆㄧㄢˊ","便","",,"便、便宜、便便、便辟","4","有教育部詞目","https://dict.concised.moe.edu.tw/searchP.jsp?SN=%E3%84%86&SN2=%E3%84%86%E3%84%A7%E3%84%A2%CB%8A&word=%E4%BE%BF"
"382","ㄅㄨˋ","布","",,"布、布丁、布匹、布疋、布告、布告欄、布局、布防、布施、布料、布偶、布條、布袋、布袋戲、布景、布置、布道、布達、布滿、布穀鳥","20","有教育部詞目","https://dict.concised.moe.edu.tw/searchP.jsp?SN=%E3%84%85&SN2=%E3%84%85%E3%84%A8%CB%8B&word=%E5%B8%83"
"383","ㄒㄩㄢˇ","選","",,"選、選本、選民、選取、選定、選拔、選派、選美、選風、選修、選配、選區、選情、選票、選集、選填、選課、選舉、選購、選讀","20","有教育部詞目","https://dict.concised.moe.edu.tw/searchP.jsp?SN=%E3%84%92&SN2=%E3%84%92%E3%84%A9%E3%84%A2%CB%87&word=%E9%81%B8"
"384","ㄅㄟˋ","備","",,"備、備用、備份、備而不用、備妥、備忘錄、備取、備受好評、備受威脅、備受矚目、備注、備查、備胎、備註、備詢、備戰","16","有教育部詞目","https://dict.concised.moe.edu.tw/searchP.jsp?SN=%E3%84%85&SN2=%E3%84%85%E3%84%9F%CB%8B&word=%E5%82%99"
"385","ㄉㄞˋ","代","",,"代、代打、代母、代步、代表、代班、代耕、代理、代勞、代替、代筆、代溝、代墊、代稱、代管、代領、代碼、代糖、代辦、代謝","20","有教育部詞目","https://dict.concised.moe.edu.tw/searchP.jsp?SN=%E3%84%89&SN2=%E3%84%89%E3%84%9E%CB%8B&word=%E4%BB%A3"
"386","ㄔㄥˊ","程","",,"程、程式、程式設計、程序、程度","5","有教育部詞目","https://dict.concised.moe.edu.tw/searchP.jsp?SN=%E3%84%94&SN2=%E3%84%94%E3%84%A5%CB%8A&word=%E7%A8%8B"
"387","ㄐㄩˋ","據","",,"據、據守、據為己有、據悉、據理、據理力爭、據報、據實、據稱、據說、據點","11","有教育部詞目","https://dict.concised.moe.edu.tw/searchP.jsp?SN=%E3%84%90&SN2=%E3%84%90%E3%84%A9%CB%8B&word=%E6%93%9A"
"388","ㄇㄛˊ","無","",,"無","1","有教育部詞目","https://dict.concised.moe.edu.tw/searchP.jsp?SN=%E3%84%87&SN2=%E3%84%87%E3%84%9B%CB%8A&word=%E7%84%A1"
"388","ㄨˊ","無","",,"無、無不、無比、無名、無助、無妨、無奈、無法、無非、無度、無射、無能、無理、無補、無道、無端、無敵、無賴、無題、無邊","20","有教育部詞目","https://dict.concised.moe.edu.tw/searchP.jsp?SN=%E3%84%A8&SN2=%E3%84%A8%CB%8A&word=%E7%84%A1"
"389","ㄅㄢˋ","半","",,"半、半子、半天、半仙、半生、半吊子、半百、半夜、半島、半徑、半晌、半瓶醋、半票、半途、半圓、半路、半截、半價、半導體、半數","20","有教育部詞目","https://dict.concised.moe.edu.tw/searchP.jsp?SN=%E3%84%85&SN2=%E3%84%85%E3%84%A2%CB%8B&word=%E5%8D%8A"
"390","ㄌㄧㄣˊ","林","",,"林、林木、林立、林地、林林總總、林泉、林相、林務、林區、林產、林場、林園、林業、林蔭","14","有教育部詞目","https://dict.concised.moe.edu.tw/searchP.jsp?SN=%E3%84%8C&SN2=%E3%84%8C%E3%84%A7%E3%84%A3%CB%8A&word=%E6%9E%97"
"391","ㄔㄨˇ","處","",,"處、處士、處女、處女地、處女作、處子、處分、處方、處世、處刑、處死、處決、處身、處事、處理、處暑、處置、處境、處罰、處斷","20","有教育部詞目","https://dict.concised.moe.edu.tw/searchP.jsp?SN=%E3%84%94&SN2=%E3%84%94%E3%84%A8%CB%87&word=%E8%99%95"
"391","ㄔㄨˋ","處","",,"處、處所、處長、處處","4","有教育部詞目","https://dict.concised.moe.edu.tw/searchP.jsp?SN=%E3%84%94&SN2=%E3%84%94%E3%84%A8%CB%8B&word=%E8%99%95"
"392","ㄅㄚ","八","",,"八、八二三炮戰、八方、八仙、八仙過海、八字、八年抗戰、八成、八佾舞、八卦、八股文、八拜之交、八面威風、八面玲瓏、八音、八哥、八家將、八德、八寶粥、八寶飯","20","有教育部詞目","https://dict.concised.moe.edu.tw/searchP.jsp?SN=%E3%84%85&SN2=%E3%84%85%E3%84%9A&word=%E5%85%AB"
"393","ㄓㄠˇ","找","",,"找、找事、找麻煩、找尋、找碴、找臺階下、找樂子、找錢","8","有教育部詞目","https://dict.concised.moe.edu.tw/searchP.jsp?SN=%E3%84%93&SN2=%E3%84%93%E3%84%A0%CB%87&word=%E6%89%BE"
"394","ㄇㄨˋ","木","",,"木、木工、木片、木本、木刻、木板、木星、木炭、木屐、木馬、木條、木訥、木棉、木棍、木棒、木筏、木槿、木雕、木頭、木鐸","20","有教育部詞目","https://dict.concised.moe.edu.tw/searchP.jsp?SN=%E3%84%87&SN2=%E3%84%87%E3%84%A8%CB%8B&word=%E6%9C%A8"
"395","ㄉㄢˋ","石","",,"石","1","有教育部詞目","https://dict.concised.moe.edu.tw/searchP.jsp?SN=%E3%84%89&SN2=%E3%84%89%E3%84%A2%CB%8B&word=%E7%9F%B3"
"395","ㄕˊ","石","",,"石、石化、石方、石匠、石灰、石刻、石版、石炭、石棺、石階、石碑、石窟、石榴、石綿、石膏、石墩、石墨、石磨、石雕、石頭","20","有教育部詞目","https://dict.concised.moe.edu.tw/searchP.jsp?SN=%E3%84%95&SN2=%E3%84%95%CB%8A&word=%E7%9F%B3"
"396","ㄐㄧㄣ","金","",,"金、金口、金星、金風、金剛、金庫、金紙、金針、金婚、金條、金釵、金湯、金牌、金箔、金價、金獎、金質、金錢、金礦、金蘭","20","有教育部詞目","https://dict.concised.moe.edu.tw/searchP.jsp?SN=%E3%84%90&SN2=%E3%84%90%E3%84%A7%E3%84%A3&word=%E9%87%91"
"397","ㄕㄥˋ","剩","",,"剩、剩下、剩菜、剩飯、剩餘、剩餘價值","6","有教育部詞目","https://dict.concised.moe.edu.tw/searchP.jsp?SN=%E3%84%95&SN2=%E3%84%95%E3%84%A5%CB%8B&word=%E5%89%A9"
"398","ㄖㄜˋ","熱","",,"熱、熱力、熱切、熱身、熱狗、熱門、熱度、熱氣、熱浪、熱烈、熱病、熱能、熱帶、熱淚、熱絡、熱量、熱敷、熱賣、熱鬧、熱戀","20","有教育部詞目","https://dict.concised.moe.edu.tw/searchP.jsp?SN=%E3%84%96&SN2=%E3%84%96%E3%84%9C%CB%8B&word=%E7%86%B1"
"399","ㄌㄨㄛ","囉","",,"囉、囉唆、囉嗦","3","有教育部詞目","https://dict.concised.moe.edu.tw/searchP.jsp?SN=%E3%84%8C&SN2=%E3%84%8C%E3%84%A8%E3%84%9B&word=%E5%9B%89"
"399","ㄌㄨㄛˊ","囉","",,"囉","1","有教育部詞目","https://dict.concised.moe.edu.tw/searchP.jsp?SN=%E3%84%8C&SN2=%E3%84%8C%E3%84%A8%E3%84%9B%CB%8A&word=%E5%9B%89"
"400","ㄇㄧㄥˋ","命","",,"命、命中、命中注定、命令、命名、命苦、命根子、命案、命脈、命理、命運、命題","12","有教育部詞目","https://dict.concised.moe.edu.tw/searchP.jsp?SN=%E3%84%87&SN2=%E3%84%87%E3%84%A7%E3%84%A5%CB%8B&word=%E5%91%BD"
"401","ㄉㄠˇ","倒","",,"倒、倒戈、倒坍、倒店、倒胃、倒胃口、倒帳、倒閉、倒債、倒嗓、倒塌、倒會、倒楣、倒楣相、倒運、倒閣、倒霉、倒頭就睡、倒斃","19","有教育部詞目","https://dict.concised.moe.edu.tw/searchP.jsp?SN=%E3%84%89&SN2=%E3%84%89%E3%84%A0%CB%87&word=%E5%80%92"
"401","ㄉㄠˋ","倒","",,"倒、倒不如、倒反、倒立、倒吊、倒扣、倒車、倒映、倒退、倒帶、倒掛、倒敘、倒貼、倒置、倒裝句、倒影、倒數、倒轉、倒懸、倒灌","20","有教育部詞目","https://dict.concised.moe.edu.tw/searchP.jsp?SN=%E3%84%89&SN2=%E3%84%89%E3%84%A0%CB%8B&word=%E5%80%92"
"402","ㄗㄠˋ","造","",,"造、造化、造反、造句、造成、造次、造作、造林、造型、造紙、造假、造船、造訪、造就、造詞、造勢、造詣、造福、造價、造孽","20","有教育部詞目","https://dict.concised.moe.edu.tw/searchP.jsp?SN=%E3%84%97&SN2=%E3%84%97%E3%84%A0%CB%8B&word=%E9%80%A0"
"403","ㄑㄧˋ","器","",,"器、器皿、器宇軒昂、器材、器具、器官、器官移植、器物、器重、器械、器量、器樂、器識","13","有教育部詞目","https://dict.concised.moe.edu.tw/searchP.jsp?SN=%E3%84%91&SN2=%E3%84%91%E3%84%A7%CB%8B&word=%E5%99%A8"
"404","ㄊㄜˋ","特","",,"特、特大、特工、特出、特刊、特地、特考、特別、特例、特定、特派、特務、特強、特教、特報、特等、特種、特稿、特賣、特點","20","有教育部詞目","https://dict.concised.moe.edu.tw/searchP.jsp?SN=%E3%84%8A&SN2=%E3%84%8A%E3%84%9C%CB%8B&word=%E7%89%B9"
"405","ㄕㄡ","收","",,"收、收工、收服、收留、收納、收訊、收條、收割、收復、收發、收買、收費、收盤、收編、收錄、收斂、收殮、收購、收聽、收驚","20","有教育部詞目","https://dict.concised.moe.edu.tw/searchP.jsp?SN=%E3%84%95&SN2=%E3%84%95%E3%84%A1&word=%E6%94%B6"
"406","ㄍㄞˇ","改","",,"改、改口、改天、改名、改行、改作、改判、改良、改版、改建、改革、改換、改期、改進、改嫁、改過、改道、改編、改變、改觀","20","有教育部詞目","https://dict.concised.moe.edu.tw/searchP.jsp?SN=%E3%84%8D&SN2=%E3%84%8D%E3%84%9E%CB%87&word=%E6%94%B9"
"407","ㄅㄧˇ","筆","",,"筆、筆力、筆下、筆名、筆法、筆直、筆挺、筆耕、筆記、筆桿、筆畫、筆筒、筆跡、筆端、筆誤、筆調、筆談、筆鋒、筆墨、筆錄","20","有教育部詞目","https://dict.concised.moe.edu.tw/searchP.jsp?SN=%E3%84%85&SN2=%E3%84%85%E3%84%A7%CB%87&word=%E7%AD%86"
"408","ㄐㄧㄠ","教","",,"教、教化、教主、教廷、教具、教官、教派、教皇、教席、教徒、教書、教堂、教條、教規、教會、教誨、教導、教練、教鞭","19","有教育部詞目","https://dict.concised.moe.edu.tw/searchP.jsp?SN=%E3%84%90&SN2=%E3%84%90%E3%84%A7%E3%84%A0&word=%E6%95%99"
"408","ㄐㄧㄠˋ","教","",,"教、教化、教主、教廷、教具、教官、教派、教皇、教席、教徒、教訓、教堂、教條、教規、教會、教誨、教導、教練、教學、教鞭","20","有教育部詞目","https://dict.concised.moe.edu.tw/searchP.jsp?SN=%E3%84%90&SN2=%E3%84%90%E3%84%A7%E3%84%A0%CB%8B&word=%E6%95%99"
"409","ㄇㄨˇ","母","",,"母、母后、母系、母性、母法、母校、母愛、母舅、母語、母儀天下、母親、母親節、母錢","13","有教育部詞目","https://dict.concised.moe.edu.tw/searchP.jsp?SN=%E3%84%87&SN2=%E3%84%87%E3%84%A8%CB%87&word=%E6%AF%8D"
"410","ㄓˇ","紙","",,"紙、紙工、紙巾、紙片、紙尿褲、紙版、紙屑、紙扇、紙馬、紙婚、紙張、紙傘、紙牌、紙菸、紙鈔、紙業、紙幣、紙鳶、紙漿、紙錢","20","有教育部詞目","https://dict.concised.moe.edu.tw/searchP.jsp?SN=%E3%84%93&SN2=%E3%84%93%CB%87&word=%E7%B4%99"
"411","ㄓㄢˋ","站","",,"站、站不住腳、站立、站住、站長、站崗、站牌、站臺、站衛兵、站穩、站穩腳跟","11","有教育部詞目","https://dict.concised.moe.edu.tw/searchP.jsp?SN=%E3%84%93&SN2=%E3%84%93%E3%84%A2%CB%8B&word=%E7%AB%99"
"412","˙ㄅㄚ","吧","",,"吧","1","有教育部詞目","https://dict.concised.moe.edu.tw/searchP.jsp?SN=%E3%84%85&SN2=%CB%99%E3%84%85%E3%84%9A&word=%E5%90%A7"
"412","ㄅㄚ","吧","",,"吧、吧檯","2","有教育部詞目","https://dict.concised.moe.edu.tw/searchP.jsp?SN=%E3%84%85&SN2=%E3%84%85%E3%84%9A&word=%E5%90%A7"
"413","ㄩˇ","雨","雨衣、雨傘",,"雨、雨天、雨水、雨衣、雨具、雨刷、雨季、雨林、雨後春筍、雨傘、雨帽、雨棚、雨量、雨勢、雨過天青、雨靴、雨聲、雨點、雨露、雨露均霑","20","有教育部詞目","https://dict.concised.moe.edu.tw/searchP.jsp?SN=%E3%84%A9&SN2=%E3%84%A9%CB%87&word=%E9%9B%A8"
"413","ㄩˋ","雨","",,"雨、雨具","2","有教育部詞目","https://dict.concised.moe.edu.tw/searchP.jsp?SN=%E3%84%A9&SN2=%E3%84%A9%CB%8B&word=%E9%9B%A8"
"414","ㄐㄧㄤˋ","強","",,"強、強將手下無弱兵","2","有教育部詞目","https://dict.concised.moe.edu.tw/searchP.jsp?SN=%E3%84%90&SN2=%E3%84%90%E3%84%A7%E3%84%A4%CB%8B&word=%E5%BC%B7"
"414","ㄑㄧㄤˇ","強","",,"強、強人所難、強行、強忍、強求、強制、強制保險、強制執行、強迫、強迫中獎、強記、強詞奪理、強顏歡笑、強辯","14","有教育部詞目","https://dict.concised.moe.edu.tw/searchP.jsp?SN=%E3%84%91&SN2=%E3%84%91%E3%84%A7%E3%84%A4%CB%87&word=%E5%BC%B7"
"414","ㄑㄧㄤˊ","強","",,"強、強大、強化、強壯、強攻、強姦、強度、強風、強悍、強烈、強記、強梁、強棒、強渡、強盜、強奪、強暴、強調、強橫、強辯","20","有教育部詞目","https://dict.concised.moe.edu.tw/searchP.jsp?SN=%E3%84%91&SN2=%E3%84%91%E3%84%A7%E3%84%A4%CB%8A&word=%E5%BC%B7"
"415","ㄧㄝˊ","爺","",,"爺、爺爺","2","有教育部詞目","https://dict.concised.moe.edu.tw/searchP.jsp?SN=%E3%84%A7&SN2=%E3%84%A7%E3%84%9D%CB%8A&word=%E7%88%BA"
"416","ㄢ","安","",,"安、安可、安打、安民、安好、安邦、安定、安抵、安度、安家、安泰、安眠、安培、安康、安排、安詳、安頓、安寧、安撫、安樂","20","有教育部詞目","https://dict.concised.moe.edu.tw/searchP.jsp?SN=%E3%84%A2&SN2=%E3%84%A2&word=%E5%AE%89"
"417","ㄎㄜ","科","",,"科、科幻、科目、科任、科刑、科別、科技、科系、科長、科員、科班、科學、科學方法、科學家、科舉","15","有教育部詞目","https://dict.concised.moe.edu.tw/searchP.jsp?SN=%E3%84%8E&SN2=%E3%84%8E%E3%84%9C&word=%E7%A7%91"
"418","ㄨㄤˋ","望","",,"望、望子成龍、望文生義、望日、望而卻步、望見、望其項背、望穿秋水、望朔、望族、望梅止渴、望眼欲穿、望塵莫及、望聞問切、望遠鏡","15","有教育部詞目","https://dict.concised.moe.edu.tw/searchP.jsp?SN=%E3%84%A8&SN2=%E3%84%A8%E3%84%A4%CB%8B&word=%E6%9C%9B"
"419","ㄧㄢˇ","演","",,"演、演化、演出、演示、演技、演奏、演員、演唱、演習、演進、演義、演算、演說、演練、演戲、演講、演繹、演藝、演藝人員、演變","20","有教育部詞目","https://dict.concised.moe.edu.tw/searchP.jsp?SN=%E3%84%A7&SN2=%E3%84%A7%E3%84%A2%CB%87&word=%E6%BC%94"
"420","ㄋㄚˊ","南","",,"南、南無","2","有教育部詞目","https://dict.concised.moe.edu.tw/searchP.jsp?SN=%E3%84%8B&SN2=%E3%84%8B%E3%84%9A%CB%8A&word=%E5%8D%97"
"420","ㄋㄢˊ","南","",,"南、南下、南方、南北、南瓜、南行、南非、南美、南胡、南面、南風、南海、南迴、南部、南極、南端、南管、南歐、南橫、南邊","20","有教育部詞目","https://dict.concised.moe.edu.tw/searchP.jsp?SN=%E3%84%8B&SN2=%E3%84%8B%E3%84%A2%CB%8A&word=%E5%8D%97"
"421","ㄐㄧㄢˋ","建","",,"建、建功、建立、建交、建地、建材、建坪、建軍、建商、建國、建設、建造、建都、建照、建構、建樹、建築、建檔、建醮、建黨","20","有教育部詞目","https://dict.concised.moe.edu.tw/searchP.jsp?SN=%E3%84%90&SN2=%E3%84%90%E3%84%A7%E3%84%A2%CB%8B&word=%E5%BB%BA"
"422","ㄔㄨㄣ","春","",,"春、春分點、春天、春色、春雨、春秋、春宮、春神、春茶、春酒、春假、春情、春捲、春華、春暉、春節、春裝、春夢、春霖、春聯","20","有教育部詞目","https://dict.concised.moe.edu.tw/searchP.jsp?SN=%E3%84%94&SN2=%E3%84%94%E3%84%A8%E3%84%A3&word=%E6%98%A5"
"423","ㄉㄢˋ","但","",,"但、但凡、但是、但書、但須、但願","6","有教育部詞目","https://dict.concised.moe.edu.tw/searchP.jsp?SN=%E3%84%89&SN2=%E3%84%89%E3%84%A2%CB%8B&word=%E4%BD%86"
"424","ㄨㄤˇ","往","",,"往、往日、往生、往年、往事、往來、往例、往往、往昔、往者、往返、往後、往時、往常、往復、往還","16","有教育部詞目","https://dict.concised.moe.edu.tw/searchP.jsp?SN=%E3%84%A8&SN2=%E3%84%A8%E3%84%A4%CB%87&word=%E5%BE%80"
"425","ㄐㄧㄠˋ","較","",,"較、較勁、較量","3","有教育部詞目","https://dict.concised.moe.edu.tw/searchP.jsp?SN=%E3%84%90&SN2=%E3%84%90%E3%84%A7%E3%84%A0%CB%8B&word=%E8%BC%83"
"426","ㄌㄧㄡˊ","流","",,"流、流民、流年、流放、流氓、流派、流浪、流動、流淌、流淚、流通、流弊、流彈、流標、流離、流覽、流露、流鶯、流變、流體","20","有教育部詞目","https://dict.concised.moe.edu.tw/searchP.jsp?SN=%E3%84%8C&SN2=%E3%84%8C%E3%84%A7%E3%84%A1%CB%8A&word=%E6%B5%81"
"427","ㄩㄢˇ","遠","",,"遠、遠大、遠方、遠行、遠見、遠足、遠房、遠赴、遠祖、遠眺、遠視、遠處、遠景、遠程、遠遊、遠道、遠慮、遠播、遠親、遠離","20","有教育部詞目","https://dict.concised.moe.edu.tw/searchP.jsp?SN=%E3%84%A9&SN2=%E3%84%A9%E3%84%A2%CB%87&word=%E9%81%A0"
"427","ㄩㄢˋ","遠","",,"遠","1","有教育部詞目","https://dict.concised.moe.edu.tw/searchP.jsp?SN=%E3%84%A9&SN2=%E3%84%A9%E3%84%A2%CB%8B&word=%E9%81%A0"
"428","ㄒㄩ","需","",,"需、需用、需求、需要、需款孔急","5","有教育部詞目","https://dict.concised.moe.edu.tw/searchP.jsp?SN=%E3%84%92&SN2=%E3%84%92%E3%84%A9&word=%E9%9C%80"
"429","ㄕˋ","世","",,"世、世上、世仇、世代、世兄、世交、世局、世系、世事、世侄、世居、世故、世界、世紀、世面、世家、世間、世道、世態、世襲","20","有教育部詞目","https://dict.concised.moe.edu.tw/searchP.jsp?SN=%E3%84%95&SN2=%E3%84%95%CB%8B&word=%E4%B8%96"
"430","ㄐㄧㄣˋ","近","",,"近、近日、近水樓臺、近因、近年、近似、近作、近來、近況、近郊、近悅遠來、近海、近情近理、近視、近視眼、近處、近期、近畿、近鄰、近親","20","有教育部詞目","https://dict.concised.moe.edu.tw/searchP.jsp?SN=%E3%84%90&SN2=%E3%84%90%E3%84%A7%E3%84%A3%CB%8B&word=%E8%BF%91"
"431","ㄐㄧˊ","集","",,"集、集中、集合、集思廣益、集訓、集散、集結、集腋成裘、集郵、集會、集資、集團、集聚、集錦、集權、集體、集體訴訟","17","有教育部詞目","https://dict.concised.moe.edu.tw/searchP.jsp?SN=%E3%84%90&SN2=%E3%84%90%E3%84%A7%CB%8A&word=%E9%9B%86"
"432","ㄔㄚˊ","察","",,"察、察言觀色、察看、察納、察勘、察訪、察覺","7","有教育部詞目","https://dict.concised.moe.edu.tw/searchP.jsp?SN=%E3%84%94&SN2=%E3%84%94%E3%84%9A%CB%8A&word=%E5%AF%9F"
"433","ㄔㄤˇ","場","",,"場、場子、場合、場地、場次、場所、場面、場記、場域","9","有教育部詞目","https://dict.concised.moe.edu.tw/searchP.jsp?SN=%E3%84%94&SN2=%E3%84%94%E3%84%A4%CB%87&word=%E5%A0%B4"
"434","ㄐㄧㄢˇ","簡","",,"簡、簡介、簡化、簡任、簡明、簡直、簡便、簡陋、簡訊、簡略、簡章、簡單、簡報、簡短、簡慢、簡稱、簡潔、簡練、簡樸、簡牘","20","有教育部詞目","https://dict.concised.moe.edu.tw/searchP.jsp?SN=%E3%84%90&SN2=%E3%84%90%E3%84%A7%E3%84%A2%CB%87&word=%E7%B0%A1"
"435","ㄕㄨㄣˋ","順","",,"順、順口、順心、順手、順水、順民、順耳、順利、順序、順性、順便、順流、順風、順從、順勢、順路、順遂、順道、順境、順暢","20","有教育部詞目","https://dict.concised.moe.edu.tw/searchP.jsp?SN=%E3%84%95&SN2=%E3%84%95%E3%84%A8%E3%84%A3%CB%8B&word=%E9%A0%86"
"436","ㄐㄧㄣ","今","",,"今、今天、今日、今世、今生、今年、今昔、今非昔比、今後、今是昨非、今晚","11","有教育部詞目","https://dict.concised.moe.edu.tw/searchP.jsp?SN=%E3%84%90&SN2=%E3%84%90%E3%84%A7%E3%84%A3&word=%E4%BB%8A"
"437","ㄍㄨˋ","故","",,"故、故人、故土、故友、故交、故弄玄虛、故步自封、故里、故事、故居、故宮、故國、故鄉、故意、故實、故態復萌、故障、故舊","18","有教育部詞目","https://dict.concised.moe.edu.tw/searchP.jsp?SN=%E3%84%8D&SN2=%E3%84%8D%E3%84%A8%CB%8B&word=%E6%95%85"
"438","ㄕㄣ","深","",,"深、深切、深化、深交、深究、深刻、深怕、深信、深厚、深度、深秋、深耕、深情、深深、深淺、深湛、深閨、深層、深諳、深鎖","20","有教育部詞目","https://dict.concised.moe.edu.tw/searchP.jsp?SN=%E3%84%95&SN2=%E3%84%95%E3%84%A3&word=%E6%B7%B1"
"439","ㄑㄧ","七","",,"七、七七事變、七上八下、七夕、七手八腳、七老八十、七色、七折八扣、七律、七拼八湊、七星、七情、七情六欲、七絕、七葷八素、七號公園、七零八落、七嘴八舌、七竅、七竅生煙","20","有教育部詞目","https://dict.concised.moe.edu.tw/searchP.jsp?SN=%E3%84%91&SN2=%E3%84%91%E3%84%A7&word=%E4%B8%83"
"440","ㄐㄩˋ","具","",,"具、具文、具名、具備、具結、具象、具領、具體、具體而微","9","有教育部詞目","https://dict.concised.moe.edu.tw/searchP.jsp?SN=%E3%84%90&SN2=%E3%84%90%E3%84%A9%CB%8B&word=%E5%85%B7"
"441","ㄌㄚ","拉","",,"拉、拉力、拉皮、拉扯、拉車、拉拔、拉客、拉架、拉胚、拉風、拉倒、拉票、拉傷、拉線、拉鋸、拉環、拉縴、拉鍊、拉攏、拉麵","20","有教育部詞目","https://dict.concised.moe.edu.tw/searchP.jsp?SN=%E3%84%8C&SN2=%E3%84%8C%E3%84%9A&word=%E6%8B%89"
"442","ㄐㄧ","雞","",,"雞、雞口牛後、雞毛蒜皮、雞毛撢子、雞犬不留、雞犬不寧、雞皮疙瘩、雞皮鶴髮、雞同鴨講、雞肋、雞尾酒、雞冠、雞飛狗跳、雞胸、雞婆、雞眼、雞蛋裡挑骨頭、雞黍、雞鳴狗盜","19","有教育部詞目","https://dict.concised.moe.edu.tw/searchP.jsp?SN=%E3%84%90&SN2=%E3%84%90%E3%84%A7&word=%E9%9B%9E"
"443","ㄖㄤˋ","讓","",,"讓、讓出、讓位、讓步、讓座、讓渡、讓與、讓賢","8","有教育部詞目","https://dict.concised.moe.edu.tw/searchP.jsp?SN=%E3%84%96&SN2=%E3%84%96%E3%84%A4%CB%8B&word=%E8%AE%93"
"444","ㄆㄧㄢˋ","片","",,"片、片子、片甲不留、片名、片刻、片段、片面、片面之詞、片紙隻字、片假名、片商、片場、片語、片頭、片斷","15","有教育部詞目","https://dict.concised.moe.edu.tw/searchP.jsp?SN=%E3%84%86&SN2=%E3%84%86%E3%84%A7%E3%84%A2%CB%8B&word=%E7%89%87"
"445","ㄐㄧㄤ","江","",,"江、江山、江心、江米人、江河日下、江洋大盜、江流、江郎才盡、江湖、江輪","10","有教育部詞目","https://dict.concised.moe.edu.tw/searchP.jsp?SN=%E3%84%90&SN2=%E3%84%90%E3%84%A7%E3%84%A4&word=%E6%B1%9F"
"446","ㄑㄧˋ","汽","汽車",,"汽、汽化、汽水、汽車、汽車保險、汽車美容、汽車旅館、汽油、汽油添加劑、汽笛、汽船、汽艇、汽電共生","13","有教育部詞目","https://dict.concised.moe.edu.tw/searchP.jsp?SN=%E3%84%91&SN2=%E3%84%91%E3%84%A7%CB%8B&word=%E6%B1%BD"
"447","ㄧㄡˊ","油","",,"油、油田、油光、油行、油門、油品、油垢、油庫、油料、油桐、油紙、油桶、油條、油畫、油源、油輪、油墨、油燈、油膩、油礦","20","有教育部詞目","https://dict.concised.moe.edu.tw/searchP.jsp?SN=%E3%84%A7&SN2=%E3%84%A7%E3%84%A1%CB%8A&word=%E6%B2%B9"
"448","ㄏㄨㄚ","華","",,"華、華人、華山、華氏、華而不實、華佗再世、華沙公約、華美、華貴、華裔、華爾滋、華爾街、華誕、華髮、華燈初上、華麗","16","有教育部詞目","https://dict.concised.moe.edu.tw/searchP.jsp?SN=%E3%84%8F&SN2=%E3%84%8F%E3%84%A8%E3%84%9A&word=%E8%8F%AF"
"448","ㄏㄨㄚˊ","華","",,"華、華人、華氏、華而不實、華沙公約、華美、華貴、華裔、華爾滋、華爾街、華誕、華髮、華燈初上、華麗","14","有教育部詞目","https://dict.concised.moe.edu.tw/searchP.jsp?SN=%E3%84%8F&SN2=%E3%84%8F%E3%84%A8%E3%84%9A%CB%8A&word=%E8%8F%AF"
"448","ㄏㄨㄚˋ","華","",,"華、華山、華佗再世","3","有教育部詞目","https://dict.concised.moe.edu.tw/searchP.jsp?SN=%E3%84%8F&SN2=%E3%84%8F%E3%84%A8%E3%84%9A%CB%8B&word=%E8%8F%AF"
"449","ㄓㄢˇ","展","",,"展、展出、展示、展延、展翅、展翅高飛、展售、展望、展現、展期、展開、展緩、展顏、展覽、展覽品、展露、展顯","17","有教育部詞目","https://dict.concised.moe.edu.tw/searchP.jsp?SN=%E3%84%93&SN2=%E3%84%93%E3%84%A2%CB%87&word=%E5%B1%95"
"450","ㄌㄧㄥˊ","零","",,"零、零丁、零下、零工、零付款、零用、零件、零和、零星、零食、零時、零售、零散、零亂、零碎、零落、零嘴、零錢、零頭、零點","20","有教育部詞目","https://dict.concised.moe.edu.tw/searchP.jsp?SN=%E3%84%8C&SN2=%E3%84%8C%E3%84%A7%E3%84%A5%CB%8A&word=%E9%9B%B6"
"451","ㄈㄨˊ","服","",,"服、服用、服刑、服兵役、服役、服侍、服毒、服食、服氣、服務、服務處、服從、服喪、服貼、服勤、服裝、服飾、服輸、服膺、服藥","20","有教育部詞目","https://dict.concised.moe.edu.tw/searchP.jsp?SN=%E3%84%88&SN2=%E3%84%88%E3%84%A8%CB%8A&word=%E6%9C%8D"
"452","ㄏㄟ","黑","",,"黑、黑子、黑心、黑色、黑官、黑店、黑板、黑洞、黑炭、黑馬、黑貨、黑斑、黑話、黑道、黑幕、黑槍、黑輪、黑糖、黑錢、黑鍋","20","有教育部詞目","https://dict.concised.moe.edu.tw/searchP.jsp?SN=%E3%84%8F&SN2=%E3%84%8F%E3%84%9F&word=%E9%BB%91"
"453","ㄧㄤˇ","養","",,"養、養女、養分、養父、養母、養生、養成、養老、養兵、養性、養活、養家、養料、養氣、養珠、養病、養神、養殖、養傷、養護","20","有教育部詞目","https://dict.concised.moe.edu.tw/searchP.jsp?SN=%E3%84%A7&SN2=%E3%84%A7%E3%84%A4%CB%87&word=%E9%A4%8A"
"453","ㄧㄤˋ","養","",,"養、養生送死","2","有教育部詞目","https://dict.concised.moe.edu.tw/searchP.jsp?SN=%E3%84%A7&SN2=%E3%84%A7%E3%84%A4%CB%8B&word=%E9%A4%8A"
"454","ㄍㄥ","更","",,"更、更上層樓、更正、更生保護、更名、更年期、更衣、更改、更易、更甚、更迭、更動、更張、更勝一籌、更換、更替、更新、更新換代","18","有教育部詞目","https://dict.concised.moe.edu.tw/searchP.jsp?SN=%E3%84%8D&SN2=%E3%84%8D%E3%84%A5&word=%E6%9B%B4"
"454","ㄍㄥˋ","更","",,"更、更上層樓、更甚、更勝一籌","4","有教育部詞目","https://dict.concised.moe.edu.tw/searchP.jsp?SN=%E3%84%8D&SN2=%E3%84%8D%E3%84%A5%CB%8B&word=%E6%9B%B4"
"455","ㄧ","衣","衣服",,"衣、衣不蔽體、衣服、衣物、衣冠塚、衣冠楚楚、衣冠禽獸、衣架子、衣食、衣食無虞、衣料、衣缽、衣著、衣飾、衣裳、衣箱、衣櫃、衣櫥、衣襟","19","有教育部詞目","https://dict.concised.moe.edu.tw/searchP.jsp?SN=%E3%84%A7&SN2=%E3%84%A7&word=%E8%A1%A3"
"455","ㄧˋ","衣","",,"衣、衣不蔽體、衣錦榮歸、衣錦還鄉","4","有教育部詞目","https://dict.concised.moe.edu.tw/searchP.jsp?SN=%E3%84%A7&SN2=%E3%84%A7%CB%8B&word=%E8%A1%A3"
"456","ㄓㄜˇ","者","",,"者","1","有教育部詞目","https://dict.concised.moe.edu.tw/searchP.jsp?SN=%E3%84%93&SN2=%E3%84%93%E3%84%9C%CB%87&word=%E8%80%85"
"457","ㄆㄧˊ","皮","皮球",,"皮、皮毛、皮包、皮件、皮肉、皮衣、皮夾、皮相、皮革、皮脂、皮帶、皮球、皮蛋、皮黃、皮靴、皮箱、皮膚、皮鞋、皮雕、皮囊","20","有教育部詞目","https://dict.concised.moe.edu.tw/searchP.jsp?SN=%E3%84%86&SN2=%E3%84%86%E3%84%A7%CB%8A&word=%E7%9A%AE"
"458","ㄒㄧㄥ","興","",,"興、興工、興邦、興旺、興建、興致、興革、興衰、興起、興盛、興訟、興隆、興嘆、興趣、興奮、興學、興辦、興頭","18","有教育部詞目","https://dict.concised.moe.edu.tw/searchP.jsp?SN=%E3%84%92&SN2=%E3%84%92%E3%84%A7%E3%84%A5&word=%E8%88%88"
"458","ㄒㄧㄥˋ","興","",,"興、興匆匆、興沖沖、興味、興味盎然、興致、興致勃勃、興起、興高采烈、興趣、興頭","11","有教育部詞目","https://dict.concised.moe.edu.tw/searchP.jsp?SN=%E3%84%92&SN2=%E3%84%92%E3%84%A7%E3%84%A5%CB%8B&word=%E8%88%88"
"459","ㄅㄠ","包","",,"包、包工、包包、包含、包庇、包車、包括、包涵、包紮、包廂、包換、包袱、包飯、包裝、包裹、包銷、包機、包辦、包覆、包攬","20","有教育部詞目","https://dict.concised.moe.edu.tw/searchP.jsp?SN=%E3%84%85&SN2=%E3%84%85%E3%84%A0&word=%E5%8C%85"
"460","ㄌㄚˋ","落","",,"落","1","有教育部詞目","https://dict.concised.moe.edu.tw/searchP.jsp?SN=%E3%84%8C&SN2=%E3%84%8C%E3%84%9A%CB%8B&word=%E8%90%BD"
"460","ㄌㄠˋ","落","",,"落、落下","2","有教育部詞目","https://dict.concised.moe.edu.tw/searchP.jsp?SN=%E3%84%8C&SN2=%E3%84%8C%E3%84%A0%CB%8B&word=%E8%90%BD"
"460","ㄌㄨㄛˋ","落","",,"落、落戶、落伍、落地、落空、落花、落後、落敗、落淚、落第、落單、落款、落筆、落寞、落幕、落榜、落髮、落魄、落難、落籍","20","有教育部詞目","https://dict.concised.moe.edu.tw/searchP.jsp?SN=%E3%84%8C&SN2=%E3%84%8C%E3%84%A8%E3%84%9B%CB%8B&word=%E8%90%BD"
"461","ㄑㄧㄢˊ","錢","錢包",,"錢、錢包、錢財、錢莊、錢幣、錢潮、錢櫃","7","有教育部詞目","https://dict.concised.moe.edu.tw/searchP.jsp?SN=%E3%84%91&SN2=%E3%84%91%E3%84%A7%E3%84%A2%CB%8A&word=%E9%8C%A2"
"462","ㄍㄣ","跟","",,"跟、跟前、跟班、跟從、跟進、跟隨、跟頭、跟蹤","8","有教育部詞目","https://dict.concised.moe.edu.tw/searchP.jsp?SN=%E3%84%8D&SN2=%E3%84%8D%E3%84%A3&word=%E8%B7%9F"
"463","ㄅㄠˇ","保","",,"保、保本、保母、保全、保守、保防、保姆、保值、保留、保健、保密、保單、保費、保管、保舉、保險、保鏢、保警、保護、保鑣","20","有教育部詞目","https://dict.concised.moe.edu.tw/searchP.jsp?SN=%E3%84%85&SN2=%E3%84%85%E3%84%A0%CB%87&word=%E4%BF%9D"
"464","ㄌㄧㄥˇ","領","",,"領、領口、領土、領回、領地、領空、領海、領班、領航、領帶、領略、領單、領款、領結、領隊、領會、領導、領獎、領頭、領檯","20","有教育部詞目","https://dict.concised.moe.edu.tw/searchP.jsp?SN=%E3%84%8C&SN2=%E3%84%8C%E3%84%A7%E3%84%A5%CB%87&word=%E9%A0%98"
"465","ㄐㄧˋ","際","",,"際、際會、際遇","3","有教育部詞目","https://dict.concised.moe.edu.tw/searchP.jsp?SN=%E3%84%90&SN2=%E3%84%90%E3%84%A7%CB%8B&word=%E9%9A%9B"
"466","ㄉㄤˇ","黨","",,"黨、黨性、黨爭、黨派、黨紀、黨徒、黨務、黨國、黨部、黨章、黨報、黨禁、黨團、黨旗、黨綱、黨魁、黨徽、黨鞭、黨證、黨籍","20","有教育部詞目","https://dict.concised.moe.edu.tw/searchP.jsp?SN=%E3%84%89&SN2=%E3%84%89%E3%84%A4%CB%87&word=%E9%BB%A8"
"467","ㄓㄨˋ","注","",,"注、注目、注目禮、注定、注重、注音、注音符號、注射、注視、注疏、注意、注腳、注解、注釋","14","有教育部詞目","https://dict.concised.moe.edu.tw/searchP.jsp?SN=%E3%84%93&SN2=%E3%84%93%E3%84%A8%CB%8B&word=%E6%B3%A8"
"468","ㄕㄡˇ","首","",,"首、首功、首先、首府、首肯、首長、首度、首相、首席、首級、首航、首都、首創、首富、首腦、首飾、首領、首輪、首謀、首選","20","有教育部詞目","https://dict.concised.moe.edu.tw/searchP.jsp?SN=%E3%84%95&SN2=%E3%84%95%E3%84%A1%CB%87&word=%E9%A6%96"
"469","ㄋㄚˊ","拿","",,"拿、拿下、拿大頂、拿不定、拿手、拿手絕活、拿手菜、拿捏、拿喬、拿腔拿調、拿翹","11","有教育部詞目","https://dict.concised.moe.edu.tw/searchP.jsp?SN=%E3%84%8B&SN2=%E3%84%8B%E3%84%9A%CB%8A&word=%E6%8B%BF"
"470","ㄊㄨㄥˊ","童","",,"童、童女、童子軍、童山濯濯、童工、童心、童心未泯、童年、童玩、童星、童貞、童軍、童書、童稚、童裝、童話、童語、童趣、童謠、童顏","20","有教育部詞目","https://dict.concised.moe.edu.tw/searchP.jsp?SN=%E3%84%8A&SN2=%E3%84%8A%E3%84%A8%E3%84%A5%CB%8A&word=%E7%AB%A5"
"471","ㄕㄡˋ","受","",,"受、受困、受命、受封、受洗、受苦、受虐、受害、受挫、受託、受理、受累、受訪、受寒、受惠、受賄、受僱、受罰、受難、受騙","20","有教育部詞目","https://dict.concised.moe.edu.tw/searchP.jsp?SN=%E3%84%95&SN2=%E3%84%95%E3%84%A1%CB%8B&word=%E5%8F%97"
"472","ㄋㄞˇ","奶","",,"奶、奶奶、奶昔、奶油、奶粉、奶茶、奶瓶、奶媽、奶精、奶嘴、奶頭","11","有教育部詞目","https://dict.concised.moe.edu.tw/searchP.jsp?SN=%E3%84%8B&SN2=%E3%84%8B%E3%84%9E%CB%87&word=%E5%A5%B6"
"473","ㄓˋ","識","",,"識","1","有教育部詞目","https://dict.concised.moe.edu.tw/searchP.jsp?SN=%E3%84%93&SN2=%E3%84%93%CB%8B&word=%E8%AD%98"
"473","ㄕˋ","識","",,"識、識大體、識別、識見、識相、識時務、識破、識貨、識途老馬、識趣","10","有教育部詞目","https://dict.concised.moe.edu.tw/searchP.jsp?SN=%E3%84%95&SN2=%E3%84%95%CB%8B&word=%E8%AD%98"
"474","ㄌㄩˋ","綠","",,"綠、綠人、綠化、綠水、綠卡、綠地、綠色、綠林、綠肥、綠洲、綠茵、綠茶、綠野、綠帽、綠意、綠葉、綠蔭、綠燈、綠藻、綠籬","20","有教育部詞目","https://dict.concised.moe.edu.tw/searchP.jsp?SN=%E3%84%8C&SN2=%E3%84%8C%E3%84%A9%CB%8B&word=%E7%B6%A0"
"475","ㄐㄧㄠˋ","覺","",,"覺","1","有教育部詞目","https://dict.concised.moe.edu.tw/searchP.jsp?SN=%E3%84%90&SN2=%E3%84%90%E3%84%A7%E3%84%A0%CB%8B&word=%E8%A6%BA"
"475","ㄐㄩㄝˊ","覺","",,"覺、覺悟、覺得、覺察、覺醒","5","有教育部詞目","https://dict.concised.moe.edu.tw/searchP.jsp?SN=%E3%84%90&SN2=%E3%84%90%E3%84%A9%E3%84%9D%CB%8A&word=%E8%A6%BA"
"476","ㄑㄧㄠˊ","橋","",,"橋、橋孔、橋牌、橋劇、橋墩、橋藝","6","有教育部詞目","https://dict.concised.moe.edu.tw/searchP.jsp?SN=%E3%84%91&SN2=%E3%84%91%E3%84%A7%E3%84%A0%CB%8A&word=%E6%A9%8B"
"477","ㄕㄣˊ","神","",,"神、神力、神女、神木、神父、神功、神交、神位、神妙、神怪、神明、神祕、神通、神童、神話、神態、神廟、神壇、神龕、神靈","20","有教育部詞目","https://dict.concised.moe.edu.tw/searchP.jsp?SN=%E3%84%95&SN2=%E3%84%95%E3%84%A3%CB%8A&word=%E7%A5%9E"
"478","ㄐㄧ","期","",,"期、期間","2","有教育部詞目","https://dict.concised.moe.edu.tw/searchP.jsp?SN=%E3%84%90&SN2=%E3%84%90%E3%84%A7&word=%E6%9C%9F"
"478","ㄑㄧˊ","期","",,"期、期中選舉、期刊、期勉、期待、期盼、期限、期望、期票、期許、期貨、期期艾艾、期間、期滿","14","有教育部詞目","https://dict.concised.moe.edu.tw/searchP.jsp?SN=%E3%84%91&SN2=%E3%84%91%E3%84%A7%CB%8A&word=%E6%9C%9F"
"479","ㄕㄜˋ","葉","",,"葉、葉縣","2","有教育部詞目","https://dict.concised.moe.edu.tw/searchP.jsp?SN=%E3%84%95&SN2=%E3%84%95%E3%84%9C%CB%8B&word=%E8%91%89"
"479","ㄧㄝˋ","葉","葉子",,"葉、葉子、葉片、葉脈、葉落歸根、葉綠素、葉綠體、葉酸","8","有教育部詞目","https://dict.concised.moe.edu.tw/searchP.jsp?SN=%E3%84%A7&SN2=%E3%84%A7%E3%84%9D%CB%8B&word=%E8%91%89"
"480","ㄒㄩˋ","序","",,"序、序文、序曲、序跋、序幕、序數、序論","7","有教育部詞目","https://dict.concised.moe.edu.tw/searchP.jsp?SN=%E3%84%92&SN2=%E3%84%92%E3%84%A9%CB%8B&word=%E5%BA%8F"
"481","ㄆㄥˊ","朋","",,"朋、朋分花用、朋友、朋比為奸","4","有教育部詞目","https://dict.concised.moe.edu.tw/searchP.jsp?SN=%E3%84%86&SN2=%E3%84%86%E3%84%A5%CB%8A&word=%E6%9C%8B"
"482","ㄓㄨㄢˇ","轉","",,"轉、轉化、轉行、轉告、轉角、轉赴、轉動、轉換、轉發、轉嫁、轉達、轉播、轉盤、轉賣、轉圜、轉機、轉錄、轉頭、轉檯、轉變","20","有教育部詞目","https://dict.concised.moe.edu.tw/searchP.jsp?SN=%E3%84%93&SN2=%E3%84%93%E3%84%A8%E3%84%A2%CB%87&word=%E8%BD%89"
"482","ㄓㄨㄢˋ","轉","",,"轉、轉圈","2","有教育部詞目","https://dict.concised.moe.edu.tw/searchP.jsp?SN=%E3%84%93&SN2=%E3%84%93%E3%84%A8%E3%84%A2%CB%8B&word=%E8%BD%89"
"483","ㄨㄢˊ","玩","玩具",,"玩、玩火、玩火自焚、玩世不恭、玩伴、玩弄、玩具、玩味、玩命、玩法、玩物、玩物喪志、玩耍、玩家、玩笑、玩偶、玩票、玩意兒、玩樂、玩賞","20","有教育部詞目","https://dict.concised.moe.edu.tw/searchP.jsp?SN=%E3%84%A8&SN2=%E3%84%A8%E3%84%A2%CB%8A&word=%E7%8E%A9"
"484","ㄉㄨㄥ","咚","",,"咚、咚咚","2","有教育部詞目","https://dict.concised.moe.edu.tw/searchP.jsp?SN=%E3%84%89&SN2=%E3%84%89%E3%84%A8%E3%84%A5&word=%E5%92%9A"
"485","ㄅㄞˇ","擺","",,"擺、擺不平、擺出、擺布、擺平、擺地攤、擺弄、擺放、擺明、擺姿勢、擺架子、擺動、擺脫、擺設、擺渡、擺開、擺飾、擺盪、擺闊、擺攤","20","有教育部詞目","https://dict.concised.moe.edu.tw/searchP.jsp?SN=%E3%84%85&SN2=%E3%84%85%E3%84%9E%CB%87&word=%E6%93%BA"
"486","ㄕˋ","士","",,"士、士大夫、士可殺不可辱、士兵、士官、士林、士氣","7","有教育部詞目","https://dict.concised.moe.edu.tw/searchP.jsp?SN=%E3%84%95&SN2=%E3%84%95%CB%8B&word=%E5%A3%AB"
"487","ㄒㄧˋ","細","",,"細、細小、細心、細巧、細目、細究、細事、細故、細查、細活、細看、細胞、細密、細部、細菌、細節、細嫩、細說、細緻、細膩","20","有教育部詞目","https://dict.concised.moe.edu.tw/searchP.jsp?SN=%E3%84%92&SN2=%E3%84%92%E3%84%A7%CB%8B&word=%E7%B4%B0"
"488","ㄌㄧㄤˋ","輛","",,"輛","1","有教育部詞目","https://dict.concised.moe.edu.tw/searchP.jsp?SN=%E3%84%8C&SN2=%E3%84%8C%E3%84%A7%E3%84%A4%CB%8B&word=%E8%BC%9B"
"489","ㄗㄠˇ","早","",,"早、早上、早日、早先、早年、早春、早班、早起、早退、早婚、早晨、早產、早逝、早報、早就、早期、早飯、早熟、早操、早點","20","有教育部詞目","https://dict.concised.moe.edu.tw/searchP.jsp?SN=%E3%84%97&SN2=%E3%84%97%E3%84%A0%CB%87&word=%E6%97%A9"
"490","ㄓ","支","",,"支、支付、支出、支助、支局、支使、支取、支持、支架、支柱、支派、支流、支配、支票、支解、支領、支撐、支線、支應、支薪","20","有教育部詞目","https://dict.concised.moe.edu.tw/searchP.jsp?SN=%E3%84%93&SN2=%E3%84%93&word=%E6%94%AF"
"491","ㄋㄧㄠˇ","鳥","鳥窩",,"鳥、鳥房、鳥巢、鳥園、鳥盡弓藏、鳥窩、鳥語花香、鳥瞰、鳥獸、鳥獸散、鳥類、鳥籠","12","有教育部詞目","https://dict.concised.moe.edu.tw/searchP.jsp?SN=%E3%84%8B&SN2=%E3%84%8B%E3%84%A7%E3%84%A0%CB%87&word=%E9%B3%A5"
"492","ㄒㄩㄣˋ","訓","",,"訓、訓令、訓斥、訓示、訓育、訓勉、訓話、訓誡、訓誨、訓導、訓練","11","有教育部詞目","https://dict.concised.moe.edu.tw/searchP.jsp?SN=%E3%84%92&SN2=%E3%84%92%E3%84%A9%E3%84%A3%CB%8B&word=%E8%A8%93"
"493","ㄎㄨㄢ","寬","",,"寬、寬大、寬心、寬宏大量、寬厚、寬度、寬待、寬限、寬容、寬恕、寬幅、寬敞、寬舒、寬裕、寬暢、寬廣、寬慰、寬螢幕電視、寬闊、寬鬆","20","有教育部詞目","https://dict.concised.moe.edu.tw/searchP.jsp?SN=%E3%84%8E&SN2=%E3%84%8E%E3%84%A8%E3%84%A2&word=%E5%AF%AC"
"494","ㄌㄧˊ","麗","",,"麗","1","有教育部詞目","https://dict.concised.moe.edu.tw/searchP.jsp?SN=%E3%84%8C&SN2=%E3%84%8C%E3%84%A7%CB%8A&word=%E9%BA%97"
"494","ㄌㄧˋ","麗","",,"麗、麗都、麗質天生","3","有教育部詞目","https://dict.concised.moe.edu.tw/searchP.jsp?SN=%E3%84%8C&SN2=%E3%84%8C%E3%84%A7%CB%8B&word=%E9%BA%97"
"495","ㄐㄧㄡˇ","九","",,"九、九一八事變、九五之尊、九孔、九牛一毛、九牛二虎之力、九死一生、九泉、九重葛、九宮格、九層塔、九霄雲外、九嶷山","13","有教育部詞目","https://dict.concised.moe.edu.tw/searchP.jsp?SN=%E3%84%90&SN2=%E3%84%90%E3%84%A7%E3%84%A1%CB%87&word=%E4%B9%9D"
"496","ㄐㄧㄝˋ","界","",,"界、界內球、界外球、界址、界定、界限、界說、界標、界線","9","有教育部詞目","https://dict.concised.moe.edu.tw/searchP.jsp?SN=%E3%84%90&SN2=%E3%84%90%E3%84%A7%E3%84%9D%CB%8B&word=%E7%95%8C"
"497","ㄐㄧㄤ","將","",,"將、將士、將才、將心比心、將令、將功折罪、將功贖罪、將本求利、將來、將近、將門虎子、將信將疑、將要、將計就計、將軍、將略、將就、將領、將錯就錯","19","有教育部詞目","https://dict.concised.moe.edu.tw/searchP.jsp?SN=%E3%84%90&SN2=%E3%84%90%E3%84%A7%E3%84%A4&word=%E5%B0%87"
"497","ㄐㄧㄤˋ","將","",,"將、將士、將士用命、將才、將令、將門虎子、將略、將領","8","有教育部詞目","https://dict.concised.moe.edu.tw/searchP.jsp?SN=%E3%84%90&SN2=%E3%84%90%E3%84%A7%E3%84%A4%CB%8B&word=%E5%B0%87"
"497","ㄑㄧㄤ","將","",,"將","1","有教育部詞目","https://dict.concised.moe.edu.tw/searchP.jsp?SN=%E3%84%91&SN2=%E3%84%91%E3%84%A7%E3%84%A4&word=%E5%B0%87"
"498","ㄒㄧㄤˇ","響","",,"響、響叮噹、響尾蛇、響亮、響馬、響徹雲霄、響噹噹、響應","8","有教育部詞目","https://dict.concised.moe.edu.tw/searchP.jsp?SN=%E3%84%92&SN2=%E3%84%92%E3%84%A7%E3%84%A4%CB%87&word=%E9%9F%BF"
"499","ㄐㄧㄥˇ","景","",,"景、景仰、景色、景況、景物、景致、景氣、景深、景象、景觀","10","有教育部詞目","https://dict.concised.moe.edu.tw/searchP.jsp?SN=%E3%84%90&SN2=%E3%84%90%E3%84%A7%E3%84%A5%CB%87&word=%E6%99%AF"
"499","ㄧㄥˇ","景","",,"景、景仰、景色、景況、景物、景致、景氣、景深、景象、景觀","10","有教育部詞目","https://dict.concised.moe.edu.tw/searchP.jsp?SN=%E3%84%A7&SN2=%E3%84%A7%E3%84%A5%CB%87&word=%E6%99%AF"
"500","ㄍㄨㄢˇ","管","",,"管、管用、管束、管見、管事、管制、管弦、管家、管訓、管區、管教、管理、管理費、管理權、管路、管道、管樂、管線、管窺、管轄","20","有教育部詞目","https://dict.concised.moe.edu.tw/searchP.jsp?SN=%E3%84%8D&SN2=%E3%84%8D%E3%84%A8%E3%84%A2%CB%87&word=%E7%AE%A1"
"501","ㄗㄨˇ","祖","",,"祖、祖父、祖母、祖先、祖宗、祖師、祖國、祖產、祖傳、祖籍","10","有教育部詞目","https://dict.concised.moe.edu.tw/searchP.jsp?SN=%E3%84%97&SN2=%E3%84%97%E3%84%A8%CB%87&word=%E7%A5%96"
"502","ㄋㄨㄥˊ","農","",,"農、農友、農夫、農戶、農民、農田、農地、農忙、農技、農林、農牧、農保、農家、農耕、農婦、農會、農業、農經、農墾、農機","20","有教育部詞目","https://dict.concised.moe.edu.tw/searchP.jsp?SN=%E3%84%8B&SN2=%E3%84%8B%E3%84%A8%E3%84%A5%CB%8A&word=%E8%BE%B2"
"503","ㄉㄧˊ","敵","",,"敵、敵人、敵手、敵方、敵後、敵軍、敵國、敵情、敵視、敵意、敵愾同仇、敵對、敵機","13","有教育部詞目","https://dict.concised.moe.edu.tw/searchP.jsp?SN=%E3%84%89&SN2=%E3%84%89%E3%84%A7%CB%8A&word=%E6%95%B5"
"504","˙ㄉㄜ","底","",,"底","1","有教育部詞目","https://dict.concised.moe.edu.tw/searchP.jsp?SN=%E3%84%89&SN2=%CB%99%E3%84%89%E3%84%9C&word=%E5%BA%95"
"504","ㄉㄧˇ","底","",,"底、底下、底子、底片、底本、底色、底定、底限、底面、底案、底細、底部、底牌、底價、底層、底盤、底稿、底線、底線抽球、底薪","20","有教育部詞目","https://dict.concised.moe.edu.tw/searchP.jsp?SN=%E3%84%89&SN2=%E3%84%89%E3%84%A7%CB%87&word=%E5%BA%95"
"505","ㄓˊ","質","",,"質、質子、質地、質料、質問、質量、質感、質詢、質疑、質數、質樸、質變","12","有教育部詞目","https://dict.concised.moe.edu.tw/searchP.jsp?SN=%E3%84%93&SN2=%E3%84%93%CB%8A&word=%E8%B3%AA"
"505","ㄓˋ","質","",,"質","1","有教育部詞目","https://dict.concised.moe.edu.tw/searchP.jsp?SN=%E3%84%93&SN2=%E3%84%93%CB%8B&word=%E8%B3%AA"
"506","ㄓˋ","志","",,"志、志士、志士仁人、志工、志同道合、志向、志怪小說、志氣、志得意滿、志業、志節、志趣、志願、志願書","14","有教育部詞目","https://dict.concised.moe.edu.tw/searchP.jsp?SN=%E3%84%93&SN2=%E3%84%93%CB%8B&word=%E5%BF%97"
"507","ㄧㄝˋ","夜","",,"夜、夜叉、夜半、夜市、夜曲、夜色、夜車、夜校、夜班、夜晚、夜場、夜壺、夜景、夜間、夜間部、夜遊、夜幕、夜闌、夜鶯、夜襲","20","有教育部詞目","https://dict.concised.moe.edu.tw/searchP.jsp?SN=%E3%84%A7&SN2=%E3%84%A7%E3%84%9D%CB%8B&word=%E5%A4%9C"
"508","ㄒㄩˇ","許","",,"許、許久、許可、許多、許配、許諾、許願","7","有教育部詞目","https://dict.concised.moe.edu.tw/searchP.jsp?SN=%E3%84%92&SN2=%E3%84%92%E3%84%A9%CB%87&word=%E8%A8%B1"
"509","ㄒㄧˇ","喜","",,"喜、喜不自勝、喜不自禁、喜好、喜孜孜、喜事、喜帖、喜宴、喜悅、喜氣、喜訊、喜酒、喜愛、喜感、喜幛、喜筵、喜劇、喜慶、喜鵲、喜歡","20","有教育部詞目","https://dict.concised.moe.edu.tw/searchP.jsp?SN=%E3%84%92&SN2=%E3%84%92%E3%84%A7%CB%87&word=%E5%96%9C"
"510","ㄋㄢˊ","難","",,"難、難免、難怪、難保、難度、難看、難耐、難得、難產、難處、難堪、難當、難過、難道、難點、難題、難關、難纏、難聽","19","有教育部詞目","https://dict.concised.moe.edu.tw/searchP.jsp?SN=%E3%84%8B&SN2=%E3%84%8B%E3%84%A2%CB%8A&word=%E9%9B%A3"
"510","ㄋㄢˋ","難","",,"難、難兄難弟、難民、難民營、難胞","5","有教育部詞目","https://dict.concised.moe.edu.tw/searchP.jsp?SN=%E3%84%8B&SN2=%E3%84%8B%E3%84%A2%CB%8B&word=%E9%9B%A3"
"511","ㄓㄨㄢˋ","傳","",,"傳、傳記","2","有教育部詞目","https://dict.concised.moe.edu.tw/searchP.jsp?SN=%E3%84%93&SN2=%E3%84%93%E3%84%A8%E3%84%A2%CB%8B&word=%E5%82%B3"
"511","ㄔㄨㄢˊ","傳","",,"傳、傳人、傳令、傳布、傳奇、傳家、傳訊、傳情、傳教、傳票、傳習、傳喚、傳單、傳統、傳道、傳達、傳聞、傳遞、傳導、傳播","20","有教育部詞目","https://dict.concised.moe.edu.tw/searchP.jsp?SN=%E3%84%94&SN2=%E3%84%94%E3%84%A8%E3%84%A2%CB%8A&word=%E5%82%B3"
"512","ㄗㄨㄥˋ","綜","",,"綜、綜合、綜合存款、綜合所得稅、綜合銀行、綜合擴大機、綜括、綜理、綜論、綜藝、綜藝節目、綜藝團、綜觀","13","有教育部詞目","https://dict.concised.moe.edu.tw/searchP.jsp?SN=%E3%84%97&SN2=%E3%84%97%E3%84%A8%E3%84%A5%CB%8B&word=%E7%B6%9C"
"513","ㄌㄧˇ","李","",,"李、李子","2","有教育部詞目","https://dict.concised.moe.edu.tw/searchP.jsp?SN=%E3%84%8C&SN2=%E3%84%8C%E3%84%A7%CB%87&word=%E6%9D%8E"
"514","ㄧㄝˋ","頁","",,"頁、頁岩、頁面","3","有教育部詞目","https://dict.concised.moe.edu.tw/searchP.jsp?SN=%E3%84%A7&SN2=%E3%84%A7%E3%84%9D%CB%8B&word=%E9%A0%81"
"515","ㄩㄢˊ","園","",,"園、園丁、園子、園地、園林、園圃、園區、園遊會、園藝","9","有教育部詞目","https://dict.concised.moe.edu.tw/searchP.jsp?SN=%E3%84%A9&SN2=%E3%84%A9%E3%84%A2%CB%8A&word=%E5%9C%92"
"517","ㄍㄤ","剛","",,"剛、剛才、剛巧、剛正不阿、剛好、剛勁、剛柔並濟、剛剛、剛烈、剛健、剛強、剛愎自用、剛毅","13","有教育部詞目","https://dict.concised.moe.edu.tw/searchP.jsp?SN=%E3%84%8D&SN2=%E3%84%8D%E3%84%A4&word=%E5%89%9B"
"518","ㄕˊ","食","",,"食、食火雞、食用、食材、食言、食物、食物鏈、食品、食客、食指、食堂、食宿、食量、食道、食慾、食療、食糧、食蟻獸、食譜、食鹽","20","有教育部詞目","https://dict.concised.moe.edu.tw/searchP.jsp?SN=%E3%84%95&SN2=%E3%84%95%CB%8A&word=%E9%A3%9F"
"518","ㄙˋ","食","",,"食","1","有教育部詞目","https://dict.concised.moe.edu.tw/searchP.jsp?SN=%E3%84%99&SN2=%E3%84%99%CB%8B&word=%E9%A3%9F"
"518","ㄧˋ","食","",,"食","1","有教育部詞目","https://dict.concised.moe.edu.tw/searchP.jsp?SN=%E3%84%A7&SN2=%E3%84%A7%CB%8B&word=%E9%A3%9F"
"519","ㄩㄝˋ","越","",,"越、越俎代庖、越洋、越界、越軌、越級、越野、越野車、越發、越過、越雷池一步、越境、越獄、越線、越權","15","有教育部詞目","https://dict.concised.moe.edu.tw/searchP.jsp?SN=%E3%84%A9&SN2=%E3%84%A9%E3%84%9D%CB%8B&word=%E8%B6%8A"
"520","ㄐㄧㄠˇ","腳","腳趾",,"腳、腳力、腳丫子、腳本、腳色、腳步、腳架、腳氣病、腳趾、腳程、腳跟、腳踏車、腳踏實地、腳踝","14","有教育部詞目","https://dict.concised.moe.edu.tw/searchP.jsp?SN=%E3%84%90&SN2=%E3%84%90%E3%84%A7%E3%84%A0%CB%87&word=%E8%85%B3"
"521","ㄌㄧㄡˊ","留","",,"留、留心、留白、留名、留守、留住、留步、留取、留念、留級、留情、留連、留置、留話、留滯、留駐、留學、留職、留難、留戀","20","有教育部詞目","https://dict.concised.moe.edu.tw/searchP.jsp?SN=%E3%84%8C&SN2=%E3%84%8C%E3%84%A7%E3%84%A1%CB%8A&word=%E7%95%99"
"522","ㄖㄣˊ","任","",,"任、任人宰割","2","有教育部詞目","https://dict.concised.moe.edu.tw/searchP.jsp?SN=%E3%84%96&SN2=%E3%84%96%E3%84%A3%CB%8A&word=%E4%BB%BB"
"522","ㄖㄣˋ","任","",,"任、任人宰割、任內、任用、任由、任何、任免、任事、任命、任性、任重道遠、任務、任教、任勞任怨、任意、任憑、任職","17","有教育部詞目","https://dict.concised.moe.edu.tw/searchP.jsp?SN=%E3%84%96&SN2=%E3%84%96%E3%84%A3%CB%8B&word=%E4%BB%BB"
"523","ㄕˋ","適","",,"適、適才、適中、適切、適可而止、適用、適任、適合、適材適用、適宜、適性、適度、適時、適婚年齡、適得其反、適得其所、適量、適意、適當、適應","20","有教育部詞目","https://dict.concised.moe.edu.tw/searchP.jsp?SN=%E3%84%95&SN2=%E3%84%95%CB%8B&word=%E9%81%A9"
"524","ㄈㄢˇ","反","",,"反、反比、反目、反光、反攻、反叛、反思、反毒、反派、反面、反哺、反感、反綁、反對、反駁、反彈、反撲、反諷、反覆、反觀","20","有教育部詞目","https://dict.concised.moe.edu.tw/searchP.jsp?SN=%E3%84%88&SN2=%E3%84%88%E3%84%A2%CB%87&word=%E5%8F%8D"
"525","ㄔㄥˊ","城","",,"城、城下之盟、城市、城池、城府、城門、城門失火，殃及池魚、城垣、城區、城堡、城鄉、城開不夜、城隍、城樓、城鎮","15","有教育部詞目","https://dict.concised.moe.edu.tw/searchP.jsp?SN=%E3%84%94&SN2=%E3%84%94%E3%84%A5%CB%8A&word=%E5%9F%8E"
"526","ㄓㄢ","占","",,"占、占卜、占上風、占用、占地、占有、占便宜、占星術、占為己有、占夢、占盡便宜、占領、占據","13","有教育部詞目","https://dict.concised.moe.edu.tw/searchP.jsp?SN=%E3%84%93&SN2=%E3%84%93%E3%84%A2&word=%E5%8D%A0"
"526","ㄓㄢˋ","占","",,"占、占上風、占用、占地、占有、占便宜、占為己有、占盡便宜、占領、占據","10","有教育部詞目","https://dict.concised.moe.edu.tw/searchP.jsp?SN=%E3%84%93&SN2=%E3%84%93%E3%84%A2%CB%8B&word=%E5%8D%A0"
"527","ㄐㄧㄣˇ","緊","",,"緊、緊身衣、緊急、緊要、緊迫、緊迫盯人、緊記、緊追、緊追不捨、緊密、緊張、緊接、緊閉、緊湊、緊貼、緊箍咒、緊緊、緊鄰、緊縮、緊繃","20","有教育部詞目","https://dict.concised.moe.edu.tw/searchP.jsp?SN=%E3%84%90&SN2=%E3%84%90%E3%84%A7%E3%84%A3%CB%87&word=%E7%B7%8A"
"528","ㄌㄧㄠˋ","料","",,"料、料子、料中、料事如神、料到、料峭、料理、料想","8","有教育部詞目","https://dict.concised.moe.edu.tw/searchP.jsp?SN=%E3%84%8C&SN2=%E3%84%8C%E3%84%A7%E3%84%A0%CB%8B&word=%E6%96%99"
"529","ㄒㄩㄝˇ","雪","",,"雪、雪人、雪上加霜、雪中送炭、雪片、雪白、雪地、雪車、雪泥鴻爪、雪花、雪亮、雪恨、雪茄、雪恥、雪海、雪崩、雪祭、雪橇、雪糕","19","有教育部詞目","https://dict.concised.moe.edu.tw/searchP.jsp?SN=%E3%84%92&SN2=%E3%84%92%E3%84%A9%E3%84%9D%CB%87&word=%E9%9B%AA"
"530","ㄨㄟˊ","圍","",,"圍、圍巾、圍住、圍困、圍攻、圍捕、圍兜、圍堵、圍棋、圍剿、圍裙、圍標、圍牆、圍繞、圍攏、圍爐、圍籬、圍觀","18","有教育部詞目","https://dict.concised.moe.edu.tw/searchP.jsp?SN=%E3%84%A8&SN2=%E3%84%A8%E3%84%9F%CB%8A&word=%E5%9C%8D"
"531","ㄉㄧ","低","",,"低、低下、低劣、低地、低利、低度、低眉、低級、低能、低迷、低等、低廉、低溫、低落、低調、低頭、低檔、低盪、低點、低靡","20","有教育部詞目","https://dict.concised.moe.edu.tw/searchP.jsp?SN=%E3%84%89&SN2=%E3%84%89%E3%84%A7&word=%E4%BD%8E"
"532","ㄙㄨㄥˋ","送","",,"送、送交、送死、送行、送別、送命、送往迎來、送客、送秋波、送神、送終、送貨、送葬、送達、送餐、送還、送殯、送禮、送舊迎新","19","有教育部詞目","https://dict.concised.moe.edu.tw/searchP.jsp?SN=%E3%84%99&SN2=%E3%84%99%E3%84%A8%E3%84%A5%CB%8B&word=%E9%80%81"
"533","ㄉㄨㄛˇ","朵","",,"朵、朵頤","2","有教育部詞目","https://dict.concised.moe.edu.tw/searchP.jsp?SN=%E3%84%89&SN2=%E3%84%89%E3%84%A8%E3%84%9B%CB%87&word=%E6%9C%B5"
"534","ㄉㄧㄢˋ","店","",,"店、店小二、店主、店名、店東、店長、店面、店員、店家、店章、店鋪、店頭、店頭市場","13","有教育部詞目","https://dict.concised.moe.edu.tw/searchP.jsp?SN=%E3%84%89&SN2=%E3%84%89%E3%84%A7%E3%84%A2%CB%8B&word=%E5%BA%97"
"535","ㄕㄜˋ","設","",,"設、設立、設局、設身處地、設防、設定、設法、設施、設計、設計師、設限、設問、設備、設想、設置、設廠、設籍","17","有教育部詞目","https://dict.concised.moe.edu.tw/searchP.jsp?SN=%E3%84%95&SN2=%E3%84%95%E3%84%9C%CB%8B&word=%E8%A8%AD"
"536","ㄘㄨㄛˋ","錯","",,"錯、錯失良機、錯字、錯別字、錯身而過、錯愕、錯亂、錯愛、錯落、錯落有致、錯過、錯綜複雜、錯誤、錯覺","14","有教育部詞目","https://dict.concised.moe.edu.tw/searchP.jsp?SN=%E3%84%98&SN2=%E3%84%98%E3%84%A8%E3%84%9B%CB%8B&word=%E9%8C%AF"
"537","ㄅㄟ","背","",,"背、背心、背包、背信、背叛、背後、背負、背面、背書、背脊、背帶、背部、背景、背棄、背黑鍋、背道而馳、背誦、背影、背離","19","有教育部詞目","https://dict.concised.moe.edu.tw/searchP.jsp?SN=%E3%84%85&SN2=%E3%84%85%E3%84%9F&word=%E8%83%8C"
"537","ㄅㄟˋ","背","",,"背、背心、背水一戰、背信、背信忘義、背信棄義、背叛、背後、背面、背書、背脊、背部、背景、背棄、背道而馳、背誦、背影、背離","18","有教育部詞目","https://dict.concised.moe.edu.tw/searchP.jsp?SN=%E3%84%85&SN2=%E3%84%85%E3%84%9F%CB%8B&word=%E8%83%8C"
"538","ㄨˇ","舞","",,"舞、舞女、舞曲、舞池、舞伴、舞弄、舞技、舞步、舞者、舞姿、舞會、舞獅、舞團、舞弊、舞臺、舞龍、舞蹈、舞譜、舞孃、舞廳","20","有教育部詞目","https://dict.concised.moe.edu.tw/searchP.jsp?SN=%E3%84%A8&SN2=%E3%84%A8%CB%87&word=%E8%88%9E"
"539","ㄅㄢˇ","板","",,"板、板車、板金、板書、板球、板凳、板蕩、板擦","8","有教育部詞目","https://dict.concised.moe.edu.tw/searchP.jsp?SN=%E3%84%85&SN2=%E3%84%85%E3%84%A2%CB%87&word=%E6%9D%BF"
"540","ㄕㄣ","參","",,"參","1","有教育部詞目","https://dict.concised.moe.edu.tw/searchP.jsp?SN=%E3%84%95&SN2=%E3%84%95%E3%84%A3&word=%E5%8F%83"
"540","ㄘㄢ","參","",,"參、參天、參加、參半、參考、參見、參拜、參酌、參訪、參透、參照、參與、參閱、參謀、參選、參禪、參賽、參雜、參議、參觀","20","有教育部詞目","https://dict.concised.moe.edu.tw/searchP.jsp?SN=%E3%84%98&SN2=%E3%84%98%E3%84%A2&word=%E5%8F%83"
"540","ㄘㄣ","參","",,"參、參差、參差不齊","3","有教育部詞目","https://dict.concised.moe.edu.tw/searchP.jsp?SN=%E3%84%98&SN2=%E3%84%98%E3%84%A3&word=%E5%8F%83"
"540","ㄙㄢ","參","",,"參","1","有教育部詞目","https://dict.concised.moe.edu.tw/searchP.jsp?SN=%E3%84%99&SN2=%E3%84%99%E3%84%A2&word=%E5%8F%83"
"541","ㄓˊ","植","",,"植、植牙、植床、植物、植物人、植物園、植物馴化、植基、植被、植樹、植黨營私","11","有教育部詞目","https://dict.concised.moe.edu.tw/searchP.jsp?SN=%E3%84%93&SN2=%E3%84%93%CB%8A&word=%E6%A4%8D"
"542","ㄑㄩㄝˋ","確","",,"確、確切、確立、確有其事、確定、確知、確保、確信、確診、確實、確認、確證、確鑿","13","有教育部詞目","https://dict.concised.moe.edu.tw/searchP.jsp?SN=%E3%84%91&SN2=%E3%84%91%E3%84%A9%E3%84%9D%CB%8B&word=%E7%A2%BA"
"543","ㄆㄧㄣˇ","品","",,"品、品目、品名、品行、品味、品性、品格、品茗、品酒、品脫、品牌、品評、品種、品管、品貌、品德、品質、品學、品類、品鑑","20","有教育部詞目","https://dict.concised.moe.edu.tw/searchP.jsp?SN=%E3%84%86&SN2=%E3%84%86%E3%84%A7%E3%84%A3%CB%87&word=%E5%93%81"
"544","ㄍㄜˊ","格","",,"格、格子、格外、格式、格局、格言、格物致知、格格不入、格鬥、格鬥士、格殺、格調","12","有教育部詞目","https://dict.concised.moe.edu.tw/searchP.jsp?SN=%E3%84%8D&SN2=%E3%84%8D%E3%84%9C%CB%8A&word=%E6%A0%BC"
"545","ㄇㄢˋ","慢","",,"慢、慢工出細活、慢火、慢用、慢吞吞、慢步、慢走、慢車、慢車道、慢性病、慢動作、慢條斯理、慢速、慢跑、慢慢、慢點兒","16","有教育部詞目","https://dict.concised.moe.edu.tw/searchP.jsp?SN=%E3%84%87&SN2=%E3%84%87%E3%84%A2%CB%8B&word=%E6%85%A2"
"546","ㄘˇ","此","",,"此、此一時彼一時、此外、此生、此地、此刻、此後、此時、此時此刻、此起彼伏、此起彼落、此舉","12","有教育部詞目","https://dict.concised.moe.edu.tw/searchP.jsp?SN=%E3%84%98&SN2=%E3%84%98%CB%87&word=%E6%AD%A4"
"547","ㄉㄨㄢˋ","斷","",,"斷、斷奶、斷交、斷定、斷念、斷後、斷面、斷根、斷氣、斷袖、斷絕、斷裂、斷腸、斷落、斷路、斷電、斷魂、斷線、斷糧、斷續","20","有教育部詞目","https://dict.concised.moe.edu.tw/searchP.jsp?SN=%E3%84%89&SN2=%E3%84%89%E3%84%A8%E3%84%A2%CB%8B&word=%E6%96%B7"
"548","ㄕㄨˊ","叔","",,"叔、叔公、叔父、叔叔、叔姪","5","有教育部詞目","https://dict.concised.moe.edu.tw/searchP.jsp?SN=%E3%84%95&SN2=%E3%84%95%E3%84%A8%CB%8A&word=%E5%8F%94"
"549","ㄌㄧˊ","離","",,"離、離去、離合、離地、離別、離奇、離家、離島、離婚、離巢、離情、離異、離場、離棄、離開、離間、離境、離職、離題、離譜","20","有教育部詞目","https://dict.concised.moe.edu.tw/searchP.jsp?SN=%E3%84%8C&SN2=%E3%84%8C%E3%84%A7%CB%8A&word=%E9%9B%A2"
"550","ㄋㄧㄡˊ","牛","牛奶、牛肉",,"牛、牛毛、牛仔、牛奶、牛皮、牛耳、牛肉、牛角、牛車、牛乳、牛油、牛郎、牛排、牛痘、牛腩、牛頓、牛蒡、牛頭、牛犢、牛欄","20","有教育部詞目","https://dict.concised.moe.edu.tw/searchP.jsp?SN=%E3%84%8B&SN2=%E3%84%8B%E3%84%A7%E3%84%A1%CB%8A&word=%E7%89%9B"
"551","ㄒㄧㄣˋ","信","",,"信、信心、信札、信件、信步、信函、信奉、信念、信服、信封、信徒、信息、信紙、信託、信條、信號、信箋、信箱、信賴、信鴿","20","有教育部詞目","https://dict.concised.moe.edu.tw/searchP.jsp?SN=%E3%84%92&SN2=%E3%84%92%E3%84%A7%E3%84%A3%CB%8B&word=%E4%BF%A1"
"552","ㄋㄧㄣˊ","您","",,"您","1","有教育部詞目","https://dict.concised.moe.edu.tw/searchP.jsp?SN=%E3%84%8B&SN2=%E3%84%8B%E3%84%A7%E3%84%A3%CB%8A&word=%E6%82%A8"
"553","ㄉㄞˋ","袋","",,"袋、袋子、袋鼠","3","有教育部詞目","https://dict.concised.moe.edu.tw/searchP.jsp?SN=%E3%84%89&SN2=%E3%84%89%E3%84%9E%CB%8B&word=%E8%A2%8B"
"554","ㄉㄚˊ","達","",,"達、達因、達成、達到、達官貴人、達官顯要、達陣、達理、達達主義、達摩、達賴喇嘛、達觀","12","有教育部詞目","https://dict.concised.moe.edu.tw/searchP.jsp?SN=%E3%84%89&SN2=%E3%84%89%E3%84%9A%CB%8A&word=%E9%81%94"
"555","ㄋㄢˊ","男","",,"男、男人、男士、男女、男子、男方、男生、男伴、男兒、男性、男朋友、男孩子、男星、男校、男配角、男廁、男童、男裝、男儐相、男權","20","有教育部詞目","https://dict.concised.moe.edu.tw/searchP.jsp?SN=%E3%84%8B&SN2=%E3%84%8B%E3%84%A2%CB%8A&word=%E7%94%B7"
"556","ㄘㄨㄣ","村","",,"村、村民、村里、村姑、村長、村莊、村野、村落","8","有教育部詞目","https://dict.concised.moe.edu.tw/searchP.jsp?SN=%E3%84%98&SN2=%E3%84%98%E3%84%A8%E3%84%A3&word=%E6%9D%91"
"557","ㄧㄥ","英","",,"英、英寸、英才、英尺、英名、英年、英里、英明、英俊、英姿、英挺、英畝、英華、英雄、英豪、英魂、英磅、英噸、英鎊、英靈","20","有教育部詞目","https://dict.concised.moe.edu.tw/searchP.jsp?SN=%E3%84%A7&SN2=%E3%84%A7%E3%84%A5&word=%E8%8B%B1"
"558","ㄒㄧㄣ","欣","",,"欣、欣欣、欣悅、欣喜、欣然、欣羨、欣慰、欣賞","8","有教育部詞目","https://dict.concised.moe.edu.tw/searchP.jsp?SN=%E3%84%92&SN2=%E3%84%92%E3%84%A7%E3%84%A3&word=%E6%AC%A3"
"559","ㄧˋ","億","",,"億、億萬","2","有教育部詞目","https://dict.concised.moe.edu.tw/searchP.jsp?SN=%E3%84%A7&SN2=%E3%84%A7%CB%8B&word=%E5%84%84"
"560","ㄇㄨˋ","目","",,"目、目力、目不斜視、目不暇接、目不暇給、目不轉睛、目不識丁、目光、目次、目的、目的地、目前、目眩、目送、目無尊長、目睹、目標、目錄、目擊、目擊者","20","有教育部詞目","https://dict.concised.moe.edu.tw/searchP.jsp?SN=%E3%84%87&SN2=%E3%84%87%E3%84%A8%CB%8B&word=%E7%9B%AE"
"561","ㄑㄩˇ","取","",,"取、取火、取代、取巧、取名、取向、取決、取法、取信、取消、取笑、取得、取捨、取勝、取景、取款、取暖、取道、取樂、取締","20","有教育部詞目","https://dict.concised.moe.edu.tw/searchP.jsp?SN=%E3%84%91&SN2=%E3%84%91%E3%84%A9%CB%87&word=%E5%8F%96"
"562","ㄉㄢˋ","彈","",,"彈、彈丸、彈丸之地、彈弓、彈珠、彈道、彈道飛彈、彈盡援絕、彈頭、彈藥","10","有教育部詞目","https://dict.concised.moe.edu.tw/searchP.jsp?SN=%E3%84%89&SN2=%E3%84%89%E3%84%A2%CB%8B&word=%E5%BD%88"
"562","ㄊㄢˊ","彈","",,"彈、彈力、彈劾、彈性、彈性上班、彈性工時、彈性放假、彈性疲乏、彈奏、彈指、彈唱、彈詞、彈塗魚、彈跳、彈腿、彈簧、彈簧床、彈簧腿","18","有教育部詞目","https://dict.concised.moe.edu.tw/searchP.jsp?SN=%E3%84%8A&SN2=%E3%84%8A%E3%84%A2%CB%8A&word=%E5%BD%88"
"563","ㄍㄜˊ","革","",,"革、革心、革命、革除、革新、革職、革舊","7","有教育部詞目","https://dict.concised.moe.edu.tw/searchP.jsp?SN=%E3%84%8D&SN2=%E3%84%8D%E3%84%9C%CB%8A&word=%E9%9D%A9"
"563","ㄐㄧˊ","革","",,"革","1","有教育部詞目","https://dict.concised.moe.edu.tw/searchP.jsp?SN=%E3%84%90&SN2=%E3%84%90%E3%84%A7%CB%8A&word=%E9%9D%A9"
"564","ㄔㄥ","稱","",,"稱、稱心、稱兄道弟、稱快、稱身、稱呼、稱許、稱雄、稱羨、稱號、稱道、稱頌、稱慶、稱謂、稱謝、稱職、稱譽、稱霸、稱讚","19","有教育部詞目","https://dict.concised.moe.edu.tw/searchP.jsp?SN=%E3%84%94&SN2=%E3%84%94%E3%84%A5&word=%E7%A8%B1"
"564","ㄔㄥˋ","稱","",,"稱、稱心、稱心如意、稱身、稱職","5","有教育部詞目","https://dict.concised.moe.edu.tw/searchP.jsp?SN=%E3%84%94&SN2=%E3%84%94%E3%84%A5%CB%8B&word=%E7%A8%B1"
"565","ㄒㄩㄢˊ","旋","",,"旋、旋即、旋律、旋乾轉坤、旋踵、旋轉、旋轉球","7","有教育部詞目","https://dict.concised.moe.edu.tw/searchP.jsp?SN=%E3%84%92&SN2=%E3%84%92%E3%84%A9%E3%84%A2%CB%8A&word=%E6%97%8B"
"565","ㄒㄩㄢˋ","旋","",,"旋、旋風","2","有教育部詞目","https://dict.concised.moe.edu.tw/searchP.jsp?SN=%E3%84%92&SN2=%E3%84%92%E3%84%A9%E3%84%A2%CB%8B&word=%E6%97%8B"
"566","ㄅㄚ","巴","",,"巴、巴士、巴不得、巴巴、巴望、巴掌、巴結","7","有教育部詞目","https://dict.concised.moe.edu.tw/searchP.jsp?SN=%E3%84%85&SN2=%E3%84%85%E3%84%9A&word=%E5%B7%B4"
"567","ㄗㄨㄛˋ","坐","",,"坐、坐下、坐大、坐井觀天、坐月子、坐立不安、坐吃山空、坐位、坐冷板凳、坐困愁城、坐牢、坐車、坐享其成、坐定、坐骨、坐視、坐落、坐禪、坐鎮、坐騎","20","有教育部詞目","https://dict.concised.moe.edu.tw/searchP.jsp?SN=%E3%84%97&SN2=%E3%84%97%E3%84%A8%E3%84%9B%CB%8B&word=%E5%9D%90"
"568","ㄐㄧㄠ","交","",,"交、交付、交代、交回、交兵、交保、交流、交涉、交班、交配、交貨、交通、交割、交換、交替、交棒、交會、交談、交鋒、交還","20","有教育部詞目","https://dict.concised.moe.edu.tw/searchP.jsp?SN=%E3%84%90&SN2=%E3%84%90%E3%84%A7%E3%84%A0&word=%E4%BA%A4"
"569","˙ㄏㄨㄛ","午","",,"午","1","有教育部詞目","https://dict.concised.moe.edu.tw/searchP.jsp?SN=%E3%84%8F&SN2=%CB%99%E3%84%8F%E3%84%A8%E3%84%9B&word=%E5%8D%88"
"569","ㄨˇ","午","午餐",,"午、午夜、午前、午後、午宴、午時、午睡、午餐、午覺","9","有教育部詞目","https://dict.concised.moe.edu.tw/searchP.jsp?SN=%E3%84%A8&SN2=%E3%84%A8%CB%87&word=%E5%8D%88"
"570","ㄈㄨˇ","父","",,"父","1","有教育部詞目","https://dict.concised.moe.edu.tw/searchP.jsp?SN=%E3%84%88&SN2=%E3%84%88%E3%84%A8%CB%87&word=%E7%88%B6"
"570","ㄈㄨˋ","父","",,"父、父子、父兄、父母、父老、父執輩、父慈子孝、父親","8","有教育部詞目","https://dict.concised.moe.edu.tw/searchP.jsp?SN=%E3%84%88&SN2=%E3%84%88%E3%84%A8%CB%8B&word=%E7%88%B6"
"571","ㄑㄩㄣˊ","群","",,"群、群居、群芳、群英、群倫、群島、群起攻之、群情激憤、群眾、群策群力、群雄、群集、群聚、群毆、群賢、群龍無首、群體","17","有教育部詞目","https://dict.concised.moe.edu.tw/searchP.jsp?SN=%E3%84%91&SN2=%E3%84%91%E3%84%A9%E3%84%A3%CB%8A&word=%E7%BE%A4"
"572","ㄧㄡˊ","遊","",,"遊、遊子、遊民、遊行、遊走、遊客、遊記、遊街、遊艇、遊說、遊樂、遊學、遊憩、遊歷、遊興、遊蕩、遊戲、遊蹤、遊藝、遊覽","20","有教育部詞目","https://dict.concised.moe.edu.tw/searchP.jsp?SN=%E3%84%A7&SN2=%E3%84%A7%E3%84%A1%CB%8A&word=%E9%81%8A"
"573","ㄒㄧㄤ","箱","",,"箱、箱子、箱底功夫、箱網養殖","4","有教育部詞目","https://dict.concised.moe.edu.tw/searchP.jsp?SN=%E3%84%92&SN2=%E3%84%92%E3%84%A7%E3%84%A4&word=%E7%AE%B1"
"574","ㄙㄨㄥ","松","",,"松、松子、松仁、松材線蟲、松林、松果、松柏、松香、松節油、松鼠、松樹、松濤、松鶴延年","13","有教育部詞目","https://dict.concised.moe.edu.tw/searchP.jsp?SN=%E3%84%99&SN2=%E3%84%99%E3%84%A8%E3%84%A5&word=%E6%9D%BE"
"575","ㄐㄧㄥˋ","靜","",,"靜、靜心、靜止、靜候、靜悄悄、靜脈、靜寂、靜電、靜態、靜養、靜默、靜謐、靜觀","13","有教育部詞目","https://dict.concised.moe.edu.tw/searchP.jsp?SN=%E3%84%90&SN2=%E3%84%90%E3%84%A7%E3%84%A5%CB%8B&word=%E9%9D%9C"
"576","ㄧㄡˋ","右","",,"右、右手、右方、右派、右側、右傾、右端、右翼、右翼分子、右邊","10","有教育部詞目","https://dict.concised.moe.edu.tw/searchP.jsp?SN=%E3%84%A7&SN2=%E3%84%A7%E3%84%A1%CB%8B&word=%E5%8F%B3"
"577","ㄘㄞˇ","彩","彩虹",,"彩、彩色、彩色筆、彩券、彩虹、彩排、彩球、彩筆、彩釉、彩雲、彩頭、彩霞、彩繪","13","有教育部詞目","https://dict.concised.moe.edu.tw/searchP.jsp?SN=%E3%84%98&SN2=%E3%84%98%E3%84%9E%CB%87&word=%E5%BD%A9"
"578","ㄙˋ","似","",,"似、似乎、似是而非、似曾相識","4","有教育部詞目","https://dict.concised.moe.edu.tw/searchP.jsp?SN=%E3%84%99&SN2=%E3%84%99%CB%8B&word=%E4%BC%BC"
"579","ㄌㄧˇ","里","",,"里、里民、里民大會、里肌、里拉、里長、里程、里程碑、里幹事","9","有教育部詞目","https://dict.concised.moe.edu.tw/searchP.jsp?SN=%E3%84%8C&SN2=%E3%84%8C%E3%84%A7%CB%87&word=%E9%87%8C"
"580","ㄨㄢˇ","晚","晚餐",,"晚、晚上、晚生、晚年、晚近、晚風、晚娘、晚起、晚婚、晚報、晚場、晚景、晚期、晚間、晚飯、晚會、晚輩、晚餐、晚霞、晚歸","20","有教育部詞目","https://dict.concised.moe.edu.tw/searchP.jsp?SN=%E3%84%A8&SN2=%E3%84%A8%E3%84%A2%CB%87&word=%E6%99%9A"
"581","ㄅㄠˋ","報","",,"報、報刊、報名、報考、報告、報到、報表、報怨、報案、報國、報備、報復、報答、報費、報價、報導、報廢、報銷、報館、報關","20","有教育部詞目","https://dict.concised.moe.edu.tw/searchP.jsp?SN=%E3%84%85&SN2=%E3%84%85%E3%84%A0%CB%8B&word=%E5%A0%B1"
"582","ㄕㄨㄤ","雙","",,"雙、雙手、雙方、雙打、雙生、雙全、雙向、雙軌、雙重、雙面、雙飛、雙倍、雙料、雙脣、雙腳、雙槓、雙餉、雙親、雙簧、雙關","20","有教育部詞目","https://dict.concised.moe.edu.tw/searchP.jsp?SN=%E3%84%95&SN2=%E3%84%95%E3%84%A8%E3%84%A4&word=%E9%9B%99"
"583","ㄙˇ","死","",,"死、死心、死囚、死刑、死地、死灰、死角、死命、死板、死屍、死巷、死相、死背、死訊、死寂、死結、死路、死敵、死難、死黨","20","有教育部詞目","https://dict.concised.moe.edu.tw/searchP.jsp?SN=%E3%84%99&SN2=%E3%84%99%CB%87&word=%E6%AD%BB"
"584","ㄒㄧㄤˊ","羊","",,"羊","1","有教育部詞目","https://dict.concised.moe.edu.tw/searchP.jsp?SN=%E3%84%92&SN2=%E3%84%92%E3%84%A7%E3%84%A4%CB%8A&word=%E7%BE%8A"
"584","ㄧㄤˊ","羊","",,"羊、羊入虎口、羊毛、羊毛出在羊身上、羊水、羊毫、羊腸小徑、羊腸小道、羊膜、羊膜穿刺術、羊質虎皮、羊羹、羊癲瘋","13","有教育部詞目","https://dict.concised.moe.edu.tw/searchP.jsp?SN=%E3%84%A7&SN2=%E3%84%A7%E3%84%A4%CB%8A&word=%E7%BE%8A"
"585","ㄐㄧ","奇","",,"奇、奇數、奇蹟","3","有教育部詞目","https://dict.concised.moe.edu.tw/searchP.jsp?SN=%E3%84%90&SN2=%E3%84%90%E3%84%A7&word=%E5%A5%87"
"585","ㄑㄧˊ","奇","",,"奇、奇人、奇才、奇幻、奇兵、奇妙、奇事、奇怪、奇招、奇特、奇異、奇想、奇葩、奇遇、奇聞、奇緣、奇談、奇蹟、奇襲、奇觀","20","有教育部詞目","https://dict.concised.moe.edu.tw/searchP.jsp?SN=%E3%84%91&SN2=%E3%84%91%E3%84%A7%CB%8A&word=%E5%A5%87"
"586","ㄞ","哎","",,"哎、哎呀、哎喲","3","有教育部詞目","https://dict.concised.moe.edu.tw/searchP.jsp?SN=%E3%84%9E&SN2=%E3%84%9E&word=%E5%93%8E"
"587","ㄊㄨˇ","土","",,"土、土人、土方、土木、土司、土地、土改、土豆、土法、土狗、土星、土匪、土氣、土狼、土堆、土堤、土著、土塊、土話、土雞","20","有教育部詞目","https://dict.concised.moe.edu.tw/searchP.jsp?SN=%E3%84%8A&SN2=%E3%84%8A%E3%84%A8%CB%87&word=%E5%9C%9F"
"589","ㄏㄚ","哈","",,"哈、哈巴狗、哈欠、哈哈大笑、哈哈鏡、哈密瓜、哈雷彗星、哈囉","8","有教育部詞目","https://dict.concised.moe.edu.tw/searchP.jsp?SN=%E3%84%8F&SN2=%E3%84%8F%E3%84%9A&word=%E5%93%88"
"589","ㄏㄚˇ","哈","",,"哈、哈巴狗","2","有教育部詞目","https://dict.concised.moe.edu.tw/searchP.jsp?SN=%E3%84%8F&SN2=%E3%84%8F%E3%84%9A%CB%87&word=%E5%93%88"
"590","ㄍㄨˇ","鼓","",,"鼓、鼓手、鼓舌如簧、鼓吹、鼓風爐、鼓動、鼓掌、鼓鼓的、鼓舞、鼓膜、鼓噪、鼓錘、鼓勵、鼓聲、鼓譟","15","有教育部詞目","https://dict.concised.moe.edu.tw/searchP.jsp?SN=%E3%84%8D&SN2=%E3%84%8D%E3%84%A8%CB%87&word=%E9%BC%93"
"591","ㄉㄨㄢˇ","短","",,"短、短片、短句、短打、短見、短命、短波、短缺、短淺、短期、短評、短跑、短裙、短路、短漏、短劇、短篇、短髮、短褲、短簡","20","有教育部詞目","https://dict.concised.moe.edu.tw/searchP.jsp?SN=%E3%84%89&SN2=%E3%84%89%E3%84%A8%E3%84%A2%CB%87&word=%E7%9F%AD"
"592","ㄘㄞˋ","菜","",,"菜、菜刀、菜市場、菜色、菜尾、菜圃、菜販、菜鳥、菜單、菜園、菜頭、菜餚","12","有教育部詞目","https://dict.concised.moe.edu.tw/searchP.jsp?SN=%E3%84%98&SN2=%E3%84%98%E3%84%9E%CB%8B&word=%E8%8F%9C"
"593","ㄕˋ","視","",,"視、視力、視同兒戲、視如己出、視如敝屣、視死如歸、視而不見、視事、視為、視為畏途、視界、視若無物、視若無睹、視訊、視野、視察、視線、視覺、視聽、視聽教育","20","有教育部詞目","https://dict.concised.moe.edu.tw/searchP.jsp?SN=%E3%84%95&SN2=%E3%84%95%CB%8B&word=%E8%A6%96"
"594","ㄍㄞ","該","",,"該、該死、該當","3","有教育部詞目","https://dict.concised.moe.edu.tw/searchP.jsp?SN=%E3%84%8D&SN2=%E3%84%8D%E3%84%9E&word=%E8%A9%B2"
"595","ㄉㄧˊ","嘀","",,"嘀、嘀咕","2","有教育部詞目","https://dict.concised.moe.edu.tw/searchP.jsp?SN=%E3%84%89&SN2=%E3%84%89%E3%84%A7%CB%8A&word=%E5%98%80"
"596","ㄉㄨˊ","獨","",,"獨、獨力、獨大、獨夫、獨占、獨白、獨立、獨行、獨吞、獨步、獨見、獨享、獨到、獨居、獨門、獨家、獨特、獨斷、獨霸、獨攬","20","有教育部詞目","https://dict.concised.moe.edu.tw/searchP.jsp?SN=%E3%84%89&SN2=%E3%84%89%E3%84%A8%CB%8A&word=%E7%8D%A8"
"597","ㄈㄨ","夫","",,"夫、夫人、夫子、夫妻、夫家、夫唱婦隨、夫婦、夫婿","8","有教育部詞目","https://dict.concised.moe.edu.tw/searchP.jsp?SN=%E3%84%88&SN2=%E3%84%88%E3%84%A8&word=%E5%A4%AB"
"597","ㄈㄨˊ","夫","",,"夫","1","有教育部詞目","https://dict.concised.moe.edu.tw/searchP.jsp?SN=%E3%84%88&SN2=%E3%84%88%E3%84%A8%CB%8A&word=%E5%A4%AB"
"598","ㄉㄠˇ","導","",,"導、導引、導正、導向、導尿、導言、導盲、導致、導師、導航、導遊、導電、導演、導管、導播、導熱、導論、導護、導讀、導體","20","有教育部詞目","https://dict.concised.moe.edu.tw/searchP.jsp?SN=%E3%84%89&SN2=%E3%84%89%E3%84%A0%CB%87&word=%E5%B0%8E"
"599","ㄐㄩˇ","舉","",,"舉、舉人、舉凡、舉手、舉止、舉世、舉目、舉行、舉步、舉例、舉重、舉家、舉荐、舉動、舉國、舉措、舉發、舉債、舉辦、舉薦","20","有教育部詞目","https://dict.concised.moe.edu.tw/searchP.jsp?SN=%E3%84%90&SN2=%E3%84%90%E3%84%A9%CB%87&word=%E8%88%89"
"600","ㄇㄞˋ","賣","",,"賣、賣人情、賣力、賣方、賣主、賣弄、賣身、賣乖、賣命、賣春、賣座、賣笑、賣唱、賣國賊、賣淫、賣超、賣價、賣錢、賣藝、賣關子","20","有教育部詞目","https://dict.concised.moe.edu.tw/searchP.jsp?SN=%E3%84%87&SN2=%E3%84%87%E3%84%9E%CB%8B&word=%E8%B3%A3"
"601","ㄑㄩㄝˋ","卻","",,"卻、卻步、卻是","3","有教育部詞目","https://dict.concised.moe.edu.tw/searchP.jsp?SN=%E3%84%91&SN2=%E3%84%91%E3%84%A9%E3%84%9D%CB%8B&word=%E5%8D%BB"
"602","ㄧㄠ","喲","",,"喲","1","有教育部詞目","https://dict.concised.moe.edu.tw/searchP.jsp?SN=%E3%84%A7&SN2=%E3%84%A7%E3%84%A0&word=%E5%96%B2"
"603","ㄐㄧㄚˋ","價","",,"價、價目、價位、價值、價值連城、價值觀、價格、價款、價廉物美、價碼、價錢","11","有教育部詞目","https://dict.concised.moe.edu.tw/searchP.jsp?SN=%E3%84%90&SN2=%E3%84%90%E3%84%A7%E3%84%9A%CB%8B&word=%E5%83%B9"
"604","ㄌㄠˊ","勞","",,"勞、勞力、勞工、勞心、勞方、勞作、勞役、勞保、勞苦、勞神、勞動、勞動力、勞務、勞基法、勞累、勞碌、勞碌命、勞資、勞頓、勞駕","20","有教育部詞目","https://dict.concised.moe.edu.tw/searchP.jsp?SN=%E3%84%8C&SN2=%E3%84%8C%E3%84%A0%CB%8A&word=%E5%8B%9E"
"604","ㄌㄠˋ","勞","",,"勞、勞軍","2","有教育部詞目","https://dict.concised.moe.edu.tw/searchP.jsp?SN=%E3%84%8C&SN2=%E3%84%8C%E3%84%A0%CB%8B&word=%E5%8B%9E"
"605","ㄍㄤ","鋼","",,"鋼、鋼材、鋼板、鋼胚、鋼軌、鋼索、鋼骨、鋼條、鋼盔、鋼琴、鋼筆、鋼筋、鋼絲、鋼管、鋼鐵、鋼纜","16","有教育部詞目","https://dict.concised.moe.edu.tw/searchP.jsp?SN=%E3%84%8D&SN2=%E3%84%8D%E3%84%A4&word=%E9%8B%BC"
"605","ㄍㄤˋ","鋼","",,"鋼","1","有教育部詞目","https://dict.concised.moe.edu.tw/searchP.jsp?SN=%E3%84%8D&SN2=%E3%84%8D%E3%84%A4%CB%8B&word=%E9%8B%BC"
"606","ㄐㄧㄥ","睛","",,"睛","1","有教育部詞目","https://dict.concised.moe.edu.tw/searchP.jsp?SN=%E3%84%90&SN2=%E3%84%90%E3%84%A7%E3%84%A5&word=%E7%9D%9B"
"607","ㄧㄠˊ","搖","",,"搖、搖手、搖光、搖曳、搖尾乞憐、搖晃、搖動、搖旗吶喊、搖滾樂、搖撼、搖錢樹、搖頭、搖頭晃腦、搖頭嘆息、搖頭擺尾、搖盪、搖擺、搖擺不定、搖籃、搖籃曲","20","有教育部詞目","https://dict.concised.moe.edu.tw/searchP.jsp?SN=%E3%84%A7&SN2=%E3%84%A7%E3%84%A0%CB%8A&word=%E6%90%96"
"608","ㄑㄧˊ","旗","",,"旗、旗子、旗手、旗杆、旗袍、旗開得勝、旗鼓相當、旗語、旗幟、旗艦","10","有教育部詞目","https://dict.concised.moe.edu.tw/searchP.jsp?SN=%E3%84%91&SN2=%E3%84%91%E3%84%A7%CB%8A&word=%E6%97%97"
"609","ㄊㄧㄢˊ","田","",,"田、田地、田埂、田家、田徑、田徑場、田徑賽、田畦、田莊、田野、田黃、田園、田賦、田螺、田賽、田雞、田疇","17","有教育部詞目","https://dict.concised.moe.edu.tw/searchP.jsp?SN=%E3%84%8A&SN2=%E3%84%8A%E3%84%A7%E3%84%A2%CB%8A&word=%E7%94%B0"
"610","ㄉㄧˋ","弟","",,"弟、弟子、弟兄、弟弟、弟妹、弟婦、弟媳","7","有教育部詞目","https://dict.concised.moe.edu.tw/searchP.jsp?SN=%E3%84%89&SN2=%E3%84%89%E3%84%A7%CB%8B&word=%E5%BC%9F"
"610","ㄊㄧˋ","弟","",,"弟","1","有教育部詞目","https://dict.concised.moe.edu.tw/searchP.jsp?SN=%E3%84%8A&SN2=%E3%84%8A%E3%84%A7%CB%8B&word=%E5%BC%9F"
"611","ㄕㄤˇ","賞","",,"賞、賞心悅目、賞月、賞光、賞析、賞玩、賞金、賞罰分明、賞賜、賞識","10","有教育部詞目","https://dict.concised.moe.edu.tw/searchP.jsp?SN=%E3%84%95&SN2=%E3%84%95%E3%84%A4%CB%87&word=%E8%B3%9E"
"612","ㄓㄥ","爭","",,"爭、爭光、爭名奪利、爭吵、爭取、爭風吃醋、爭氣、爭鬥、爭執、爭球、爭逐、爭奪、爭端、爭鳴、爭論、爭輝、爭寵、爭議、爭辯、爭霸","20","有教育部詞目","https://dict.concised.moe.edu.tw/searchP.jsp?SN=%E3%84%93&SN2=%E3%84%93%E3%84%A5&word=%E7%88%AD"
"613","ㄙㄨㄟˋ","歲","",,"歲、歲入、歲月、歲月如梭、歲出、歲末、歲寒三友、歲數、歲暮","9","有教育部詞目","https://dict.concised.moe.edu.tw/searchP.jsp?SN=%E3%84%99&SN2=%E3%84%99%E3%84%A8%E3%84%9F%CB%8B&word=%E6%AD%B2"
"614","ㄨㄣ","溫","",,"溫、溫水、溫床、溫良、溫和、溫厚、溫室、溫度、溫泉、溫差、溫書、溫婉、溫帶、溫情、溫習、溫暖、溫煦、溫飽、溫馴、溫馨","20","有教育部詞目","https://dict.concised.moe.edu.tw/searchP.jsp?SN=%E3%84%A8&SN2=%E3%84%A8%E3%84%A3&word=%E6%BA%AB"
"615","ㄅㄤ","幫","",,"幫、幫凶、幫手、幫忙、幫助、幫派、幫倒忙、幫浦、幫腔、幫傭、幫會、幫辦、幫襯","13","有教育部詞目","https://dict.concised.moe.edu.tw/searchP.jsp?SN=%E3%84%85&SN2=%E3%84%85%E3%84%A4&word=%E5%B9%AB"
"616","ㄊㄨㄢˊ","團","",,"團、團長、團契、團拜、團員、團扇、團康、團結、團費、團隊、團隊精神、團圓、團團、團團轉、團管區、團聚、團體","17","有教育部詞目","https://dict.concised.moe.edu.tw/searchP.jsp?SN=%E3%84%8A&SN2=%E3%84%8A%E3%84%A8%E3%84%A2%CB%8A&word=%E5%9C%98"
"617","ㄌㄧㄢˇ","臉","",,"臉、臉上無光、臉上貼金、臉孔、臉皮、臉色、臉型、臉盆、臉紅、臉紅心跳、臉紅耳赤、臉紅脖子粗、臉蛋、臉部、臉頰、臉龐、臉譜","17","有教育部詞目","https://dict.concised.moe.edu.tw/searchP.jsp?SN=%E3%84%8C&SN2=%E3%84%8C%E3%84%A7%E3%84%A2%CB%87&word=%E8%87%89"
"618","ㄇㄤˊ","忙","",,"忙、忙不迭地、忙中有錯、忙忙碌碌、忙得不可開交、忙亂、忙碌、忙裡偷閒","8","有教育部詞目","https://dict.concised.moe.edu.tw/searchP.jsp?SN=%E3%84%87&SN2=%E3%84%87%E3%84%A4%CB%8A&word=%E5%BF%99"
"619","ㄕㄚ","沙","",,"沙、沙土、沙子、沙丘、沙坑、沙拉、沙金、沙洲、沙茶、沙袋、沙堡、沙場、沙發、沙漏、沙漠、沙盤、沙龍、沙鍋、沙礫、沙灘","20","有教育部詞目","https://dict.concised.moe.edu.tw/searchP.jsp?SN=%E3%84%95&SN2=%E3%84%95%E3%84%9A&word=%E6%B2%99"
"620","ㄕㄠ","燒","",,"燒、燒水、燒火、燒王船、燒灼、燒杯、燒香、燒烤、燒酒、燒瓶、燒焦、燒飯、燒傷、燒毀、燒餅、燒賣","16","有教育部詞目","https://dict.concised.moe.edu.tw/searchP.jsp?SN=%E3%84%95&SN2=%E3%84%95%E3%84%A0&word=%E7%87%92"
"621","ㄅㄧㄥ","兵","",,"兵、兵力、兵不血刃、兵不厭詐、兵役、兵來將擋，水來土掩、兵法、兵家、兵荒馬亂、兵馬俑、兵符、兵連禍結、兵團、兵種、兵器、兵變","16","有教育部詞目","https://dict.concised.moe.edu.tw/searchP.jsp?SN=%E3%84%85&SN2=%E3%84%85%E3%84%A7%E3%84%A5&word=%E5%85%B5"
"622","ㄍㄠˋ","告","",,"告、告白、告示、告別、告狀、告知、告急、告退、告假、告密、告捷、告終、告發、告訴、告訴乃論、告貸、告解、告誡、告慰、告辭","20","有教育部詞目","https://dict.concised.moe.edu.tw/searchP.jsp?SN=%E3%84%8D&SN2=%E3%84%8D%E3%84%A0%CB%8B&word=%E5%91%8A"
"622","ㄍㄨˋ","告","",,"告、告朔","2","有教育部詞目","https://dict.concised.moe.edu.tw/searchP.jsp?SN=%E3%84%8D&SN2=%E3%84%8D%E3%84%A8%CB%8B&word=%E5%91%8A"
"623","ㄅㄧㄢ","編","",,"編、編列、編曲、編制、編者、編派、編訂、編班、編配、編排、編隊、編號、編製、編劇、編寫、編導、編碼、編輯、編錄、編織","20","有教育部詞目","https://dict.concised.moe.edu.tw/searchP.jsp?SN=%E3%84%85&SN2=%E3%84%85%E3%84%A7%E3%84%A2&word=%E7%B7%A8"
"624","ㄌㄟˋ","類","",,"類、類比、類比電腦、類同、類似、類別、類固醇、類型、類風溼性關節炎、類書、類神經網路、類推、類組、類屬","14","有教育部詞目","https://dict.concised.moe.edu.tw/searchP.jsp?SN=%E3%84%8C&SN2=%E3%84%8C%E3%84%9F%CB%8B&word=%E9%A1%9E"
"625","ㄙ","斯","",,"斯、斯文、斯文掃地、斯時","4","有教育部詞目","https://dict.concised.moe.edu.tw/searchP.jsp?SN=%E3%84%99&SN2=%E3%84%99&word=%E6%96%AF"
"626","ㄧㄥˇ","影","",,"影、影子、影片、影本、影印、影后、影帝、影星、影音、影射、影展、影迷、影評、影集、影像、影碟、影劇、影壇、影響、影響力","20","有教育部詞目","https://dict.concised.moe.edu.tw/searchP.jsp?SN=%E3%84%A7&SN2=%E3%84%A7%E3%84%A5%CB%87&word=%E5%BD%B1"
"627","ㄅㄢˋ","辦","",,"辦、辦不到、辦公、辦公室、辦公桌、辦公處、辦公廳、辦好、辦妥、辦事、辦事處、辦到、辦法、辦案、辦桌、辦理、辦喜事、辦報、辦學","19","有教育部詞目","https://dict.concised.moe.edu.tw/searchP.jsp?SN=%E3%84%85&SN2=%E3%84%85%E3%84%A2%CB%8B&word=%E8%BE%A6"
"628","ㄕˋ","室","",,"室、室內、室內植物、室內樂、室友、室外、室溫","7","有教育部詞目","https://dict.concised.moe.edu.tw/searchP.jsp?SN=%E3%84%95&SN2=%E3%84%95%CB%8B&word=%E5%AE%A4"
"629","ㄏㄞˋ","害","",,"害、害人害己、害人精、害怕、害羞、害處、害喜、害群之馬、害臊、害蟲","10","有教育部詞目","https://dict.concised.moe.edu.tw/searchP.jsp?SN=%E3%84%8F&SN2=%E3%84%8F%E3%84%9E%CB%8B&word=%E5%AE%B3"
"630","ㄕˇ","始","",,"始、始末、始作俑者、始料不及、始料未及、始祖、始終、始終如一、始亂終棄、始業式","10","有教育部詞目","https://dict.concised.moe.edu.tw/searchP.jsp?SN=%E3%84%95&SN2=%E3%84%95%CB%87&word=%E5%A7%8B"
"631","ㄗㄨㄛˋ","座","",,"座、座上客、座右銘、座位、座車、座椅、座無虛席、座落、座號、座標、座談、座談會、座艙","13","有教育部詞目","https://dict.concised.moe.edu.tw/searchP.jsp?SN=%E3%84%97&SN2=%E3%84%97%E3%84%A8%E3%84%9B%CB%8B&word=%E5%BA%A7"
"632","ㄩㄝˋ","閱","",,"閱、閱兵、閱卷、閱歷、閱覽、閱讀","6","有教育部詞目","https://dict.concised.moe.edu.tw/searchP.jsp?SN=%E3%84%A9&SN2=%E3%84%A9%E3%84%9D%CB%8B&word=%E9%96%B1"
"633","ㄑㄧㄣˊ","琴","",,"琴、琴弦、琴師、琴棋書畫、琴瑟之好、琴瑟和鳴、琴韻","7","有教育部詞目","https://dict.concised.moe.edu.tw/searchP.jsp?SN=%E3%84%91&SN2=%E3%84%91%E3%84%A7%E3%84%A3%CB%8A&word=%E7%90%B4"
"634","ㄑㄧㄝ","切","",,"切、切入、切口、切合、切忌、切盼、切脈、切記、切除、切莫、切割、切換、切結、切碎、切磋、切線、切齒、切斷","18","有教育部詞目","https://dict.concised.moe.edu.tw/searchP.jsp?SN=%E3%84%91&SN2=%E3%84%91%E3%84%A7%E3%84%9D&word=%E5%88%87"
"634","ㄑㄧㄝˋ","切","",,"切、切口、切中時弊、切勿、切合、切忌、切身、切盼、切脈、切記、切莫、切結、切結書、切實、切膚之痛、切齒","16","有教育部詞目","https://dict.concised.moe.edu.tw/searchP.jsp?SN=%E3%84%91&SN2=%E3%84%91%E3%84%A7%E3%84%9D%CB%8B&word=%E5%88%87"
"635","ㄐㄧㄥ","京","",,"京、京片子、京城、京師、京華、京劇、京畿、京戲","8","有教育部詞目","https://dict.concised.moe.edu.tw/searchP.jsp?SN=%E3%84%90&SN2=%E3%84%90%E3%84%A7%E3%84%A5&word=%E4%BA%AC"
"636","ㄎㄜˋ","刻","",,"刻、刻工、刻不容緩、刻印、刻字、刻舟求劍、刻板、刻度、刻苦、刻苦耐勞、刻骨、刻骨銘心、刻畫入微、刻意、刻劃、刻薄","16","有教育部詞目","https://dict.concised.moe.edu.tw/searchP.jsp?SN=%E3%84%8E&SN2=%E3%84%8E%E3%84%9C%CB%8B&word=%E5%88%BB"
"637","ㄒㄧㄥˋ","性","",,"性、性子、性交、性向、性行為、性冷感、性別、性命、性急、性格、性病、性能、性情、性教育、性感、性徵、性慾、性質、性器官、性靈","20","有教育部詞目","https://dict.concised.moe.edu.tw/searchP.jsp?SN=%E3%84%92&SN2=%E3%84%92%E3%84%A7%E3%84%A5%CB%8B&word=%E6%80%A7"
"638","ㄐㄩˋ","距","",,"距、距離","2","有教育部詞目","https://dict.concised.moe.edu.tw/searchP.jsp?SN=%E3%84%90&SN2=%E3%84%90%E3%84%A9%CB%8B&word=%E8%B7%9D"
"639","ㄕㄜˋ","社","",,"社、社工、社交、社交舞、社區、社教、社會、社會工作、社會化、社會心理、社會保險、社會科學、社會救助、社會教育、社會福利、社會學、社群、社團、社稷、社論","20","有教育部詞目","https://dict.concised.moe.edu.tw/searchP.jsp?SN=%E3%84%95&SN2=%E3%84%95%E3%84%9C%CB%8B&word=%E7%A4%BE"
"640","ㄅㄧㄥˋ","病","",,"病、病例、病房、病況、病故、病毒、病根、病假、病患、病情、病理、病媒、病痛、病菌、病態、病榻、病徵、病歷、病魔、病變","20","有教育部詞目","https://dict.concised.moe.edu.tw/searchP.jsp?SN=%E3%84%85&SN2=%E3%84%85%E3%84%A7%E3%84%A5%CB%8B&word=%E7%97%85"
"641","ㄉㄚˊ","噠","",,"噠","1","有教育部詞目","https://dict.concised.moe.edu.tw/searchP.jsp?SN=%E3%84%89&SN2=%E3%84%89%E3%84%9A%CB%8A&word=%E5%99%A0"
"642","ㄒㄧㄤ","鄉","",,"鄉、鄉人、鄉下、鄉土、鄉民、鄉村、鄉里、鄉居、鄉長、鄉音、鄉情、鄉野、鄉間、鄉愁、鄉試、鄉愿、鄉誼、鄉親、鄉鎮、鄉黨","20","有教育部詞目","https://dict.concised.moe.edu.tw/searchP.jsp?SN=%E3%84%92&SN2=%E3%84%92%E3%84%A7%E3%84%A4&word=%E9%84%89"
"643","ㄍㄨㄤˇ","廣","",,"廣、廣大、廣布、廣告、廣告人、廣告費、廣受好評、廣泛、廣袤、廣博、廣場、廣結善緣、廣開門路、廣義、廣漠、廣播、廣播節目、廣播歌仔戲、廣闊","19","有教育部詞目","https://dict.concised.moe.edu.tw/searchP.jsp?SN=%E3%84%8D&SN2=%E3%84%8D%E3%84%A8%E3%84%A4%CB%87&word=%E5%BB%A3"
"644","ㄉㄜˊ","德","",,"德、德才兼備、德文、德目、德先生、德性、德育、德政、德高望重、德國麻疹、德語、德澤","12","有教育部詞目","https://dict.concised.moe.edu.tw/searchP.jsp?SN=%E3%84%89&SN2=%E3%84%89%E3%84%9C%CB%8A&word=%E5%BE%B7"
"645","ㄆㄧ","批","",,"批、批示、批判、批改、批命、批准、批貨、批發、批發商、批發價、批評、批駁、批價、批閱、批購","15","有教育部詞目","https://dict.concised.moe.edu.tw/searchP.jsp?SN=%E3%84%86&SN2=%E3%84%86%E3%84%A7&word=%E6%89%B9"
"646","ㄏㄨ","呼","",,"呼、呼之欲出、呼天搶地、呼兄喚弟、呼叫、呼叫器、呼吸、呼呼大睡、呼拉圈、呼朋引伴、呼風喚雨、呼救、呼喊、呼喚、呼號、呼嘯、呼應、呼聲、呼籲","19","有教育部詞目","https://dict.concised.moe.edu.tw/searchP.jsp?SN=%E3%84%8F&SN2=%E3%84%8F%E3%84%A8&word=%E5%91%BC"
"647","ㄑㄩ","區","",,"區、區公所、區分、區別、區段、區段徵收、區區、區域、區域網路、區域聯防、區間、區隔、區劃","13","有教育部詞目","https://dict.concised.moe.edu.tw/searchP.jsp?SN=%E3%84%91&SN2=%E3%84%91%E3%84%A9&word=%E5%8D%80"
"647","ㄡ","區","",,"區、區段徵收","2","有教育部詞目","https://dict.concised.moe.edu.tw/searchP.jsp?SN=%E3%84%A1&SN2=%E3%84%A1&word=%E5%8D%80"
"648","ㄍㄨㄚ","括","",,"括、括號","2","有教育部詞目","https://dict.concised.moe.edu.tw/searchP.jsp?SN=%E3%84%8D&SN2=%E3%84%8D%E3%84%A8%E3%84%9A&word=%E6%8B%AC"
"648","ㄎㄨㄛˋ","括","",,"括、括約肌","2","有教育部詞目","https://dict.concised.moe.edu.tw/searchP.jsp?SN=%E3%84%8E&SN2=%E3%84%8E%E3%84%A8%E3%84%9B%CB%8B&word=%E6%8B%AC"
"649","ㄐㄧㄚˋ","架","",,"架、架子、架式、架走、架空、架設、架勢、架構","8","有教育部詞目","https://dict.concised.moe.edu.tw/searchP.jsp?SN=%E3%84%90&SN2=%E3%84%90%E3%84%A7%E3%84%9A%CB%8B&word=%E6%9E%B6"
"650","˙ㄌㄧ","哩","",,"哩","1","有教育部詞目","https://dict.concised.moe.edu.tw/searchP.jsp?SN=%E3%84%8C&SN2=%CB%99%E3%84%8C%E3%84%A7&word=%E5%93%A9"
"650","ㄌㄧ","哩","",,"哩、哩哩囉囉、哩嚕","3","有教育部詞目","https://dict.concised.moe.edu.tw/searchP.jsp?SN=%E3%84%8C&SN2=%E3%84%8C%E3%84%A7&word=%E5%93%A9"
"650","ㄌㄧˇ","哩","",,"哩","1","有教育部詞目","https://dict.concised.moe.edu.tw/searchP.jsp?SN=%E3%84%8C&SN2=%E3%84%8C%E3%84%A7%CB%87&word=%E5%93%A9"
"651","ㄈㄣˇ","粉","",,"粉、粉末、粉身碎骨、粉刷、粉刺、粉底、粉紅、粉彩、粉條、粉筆、粉絲、粉碎、粉飾、粉飾太平、粉嫩、粉餅、粉撲、粉蝶、粉墨、粉墨登場","20","有教育部詞目","https://dict.concised.moe.edu.tw/searchP.jsp?SN=%E3%84%88&SN2=%E3%84%88%E3%84%A3%CB%87&word=%E7%B2%89"
"652","ㄕㄢˇ","閃","",,"閃、閃失、閃光、閃光燈、閃身、閃亮、閃閃、閃閃發光、閃閃爍爍、閃動、閃開、閃躲、閃電、閃避、閃爍、閃耀","16","有教育部詞目","https://dict.concised.moe.edu.tw/searchP.jsp?SN=%E3%84%95&SN2=%E3%84%95%E3%84%A2%CB%87&word=%E9%96%83"
"653","ㄑㄧㄥˇ","頃","",,"頃、頃刻","2","有教育部詞目","https://dict.concised.moe.edu.tw/searchP.jsp?SN=%E3%84%91&SN2=%E3%84%91%E3%84%A7%E3%84%A5%CB%87&word=%E9%A0%83"
"654","ㄨㄟˋ","衛","",,"衛、衛士、衛生、衛生下水道、衛生衣、衛生局、衛生所、衛生紙、衛兵、衛星、衛星電視、衛浴設備、衛冕、衛隊、衛道、衛道之士","16","有教育部詞目","https://dict.concised.moe.edu.tw/searchP.jsp?SN=%E3%84%A8&SN2=%E3%84%A8%E3%84%9F%CB%8B&word=%E8%A1%9B"
"655","ㄉㄥ","燈","",,"燈、燈心、燈火、燈光、燈具、燈泡、燈芯、燈花、燈炷、燈控、燈絲、燈塔、燈會、燈罩、燈號、燈飾、燈管、燈燭、燈謎、燈籠","20","有教育部詞目","https://dict.concised.moe.edu.tw/searchP.jsp?SN=%E3%84%89&SN2=%E3%84%89%E3%84%A5&word=%E7%87%88"
"656","ㄨㄟˇ","尾","",,"尾、尾大不掉、尾巴、尾椎、尾款、尾端、尾數、尾隨、尾聲、尾鰭","10","有教育部詞目","https://dict.concised.moe.edu.tw/searchP.jsp?SN=%E3%84%A8&SN2=%E3%84%A8%E3%84%9F%CB%87&word=%E5%B0%BE"
"657","ㄓㄚ","查","",,"查","1","有教育部詞目","https://dict.concised.moe.edu.tw/searchP.jsp?SN=%E3%84%93&SN2=%E3%84%93%E3%84%9A&word=%E6%9F%A5"
"657","ㄔㄚˊ","查","",,"查、查扣、查考、查究、查明、查表、查封、查看、查核、查勘、查訪、查報、查尋、查勤、查禁、查詢、查對、查緝、查辦、查獲","20","有教育部詞目","https://dict.concised.moe.edu.tw/searchP.jsp?SN=%E3%84%94&SN2=%E3%84%94%E3%84%9A%CB%8A&word=%E6%9F%A5"
"658","ㄔㄨㄢ","穿","",,"穿、穿山甲、穿針引線、穿堂、穿梭、穿透、穿插、穿著、穿越、穿幫、穿戴、穿鑿附會","12","有教育部詞目","https://dict.concised.moe.edu.tw/searchP.jsp?SN=%E3%84%94&SN2=%E3%84%94%E3%84%A8%E3%84%A2&word=%E7%A9%BF"
"659","ㄊㄧㄥˊ","停","",,"停、停工、停止、停火、停放、停泊、停留、停歇、停經、停話、停電、停頓、停滯、停徵、停課、停靠、停戰、停辦、停擺、停職","20","有教育部詞目","https://dict.concised.moe.edu.tw/searchP.jsp?SN=%E3%84%8A&SN2=%E3%84%8A%E3%84%A7%E3%84%A5%CB%8A&word=%E5%81%9C"
"660","ㄨˋ","務","",,"務、務必、務本、務求、務須、務農、務實","7","有教育部詞目","https://dict.concised.moe.edu.tw/searchP.jsp?SN=%E3%84%A8&SN2=%E3%84%A8%CB%8B&word=%E5%8B%99"
"661","ㄐㄧㄥ","精","",,"精、精力、精子、精光、精兵、精妙、精良、精明、精油、精品、精美、精氣、精密、精液、精通、精煉、精裝、精鍊、精闢、精靈","20","有教育部詞目","https://dict.concised.moe.edu.tw/searchP.jsp?SN=%E3%84%90&SN2=%E3%84%90%E3%84%A7%E3%84%A5&word=%E7%B2%BE"
"662","ㄐㄧˊ","擊","",,"擊、擊中、擊出、擊倒、擊破、擊退、擊敗、擊掌、擊傷、擊毀、擊落、擊鼓申冤、擊劍、擊潰、擊斃","15","有教育部詞目","https://dict.concised.moe.edu.tw/searchP.jsp?SN=%E3%84%90&SN2=%E3%84%90%E3%84%A7%CB%8A&word=%E6%93%8A"
"664","ㄍㄨˇ","古","",,"古、古代、古早、古老、古典、古怪、古板、古法、古風、古厝、古稀、古意、古董、古道、古廟、古趣、古樸、古錢、古蹟、古籍","20","有教育部詞目","https://dict.concised.moe.edu.tw/searchP.jsp?SN=%E3%84%8D&SN2=%E3%84%8D%E3%84%A8%CB%87&word=%E5%8F%A4"
"665","ㄘㄞˊ","材","",,"材、材料、材質","3","有教育部詞目","https://dict.concised.moe.edu.tw/searchP.jsp?SN=%E3%84%98&SN2=%E3%84%98%E3%84%9E%CB%8A&word=%E6%9D%90"
"666","ㄔㄚ","差","",,"差、差不多、差可、差別、差別待遇、差勁、差強人意、差異、差距、差價、差錯、差點兒、差額","13","有教育部詞目","https://dict.concised.moe.edu.tw/searchP.jsp?SN=%E3%84%94&SN2=%E3%84%94%E3%84%9A&word=%E5%B7%AE"
"666","ㄔㄞ","差","",,"差、差事、差使、差旅費、差遣","5","有教育部詞目","https://dict.concised.moe.edu.tw/searchP.jsp?SN=%E3%84%94&SN2=%E3%84%94%E3%84%9E&word=%E5%B7%AE"
"666","ㄘ","差","",,"差、差錯","2","有教育部詞目","https://dict.concised.moe.edu.tw/searchP.jsp?SN=%E3%84%98&SN2=%E3%84%98&word=%E5%B7%AE"
"666","ㄘㄨㄛ","差","",,"差、差錯","2","有教育部詞目","https://dict.concised.moe.edu.tw/searchP.jsp?SN=%E3%84%98&SN2=%E3%84%98%E3%84%A8%E3%84%9B&word=%E5%B7%AE"
"667","ㄇㄛˋ","默","",,"默、默不作聲、默片、默念、默哀、默契、默書、默許、默然、默想、默認、默劇、默寫、默默、默默無言、默默無聞、默禱、默讀","18","有教育部詞目","https://dict.concised.moe.edu.tw/searchP.jsp?SN=%E3%84%87&SN2=%E3%84%87%E3%84%9B%CB%8B&word=%E9%BB%98"
"668","ㄗㄨㄛˇ","左","",,"左、左手、左支右絀、左右、左右手、左右逢源、左右開弓、左思右想、左派、左側、左舷、左傾、左撇子、左輪、左鄰右舍、左擁右抱、左翼、左轉、左邊、左顧右盼","20","有教育部詞目","https://dict.concised.moe.edu.tw/searchP.jsp?SN=%E3%84%97&SN2=%E3%84%97%E3%84%A8%E3%84%9B%CB%87&word=%E5%B7%A6"
"669","ㄌㄤˇ","朗","",,"朗、朗朗、朗朗上口、朗誦、朗潤、朗聲、朗讀","7","有教育部詞目","https://dict.concised.moe.edu.tw/searchP.jsp?SN=%E3%84%8C&SN2=%E3%84%8C%E3%84%A4%CB%87&word=%E6%9C%97"
"670","ㄓㄨㄥˋ","眾","",,"眾、眾人、眾口鑠金、眾生、眾生相、眾目睽睽、眾矢之的、眾多、眾志成城、眾所周知、眾所矚目、眾叛親離、眾星拱月、眾望所歸、眾說、眾說紛紜、眾議","17","有教育部詞目","https://dict.concised.moe.edu.tw/searchP.jsp?SN=%E3%84%93&SN2=%E3%84%93%E3%84%A8%E3%84%A5%CB%8B&word=%E7%9C%BE"
"672","ㄎㄨˇ","苦","",,"苦、苦力、苦口、苦工、苦功、苦瓜、苦旱、苦命、苦果、苦海、苦悶、苦惱、苦痛、苦等、苦幹、苦樂、苦練、苦頭、苦勸、苦難","20","有教育部詞目","https://dict.concised.moe.edu.tw/searchP.jsp?SN=%E3%84%8E&SN2=%E3%84%8E%E3%84%A8%CB%87&word=%E8%8B%A6"
"673","ㄌㄧㄢˊ","聯","",,"聯、聯大、聯合、聯名、聯考、聯邦、聯招、聯保、聯袂、聯國、聯接、聯貫、聯結、聯絡、聯貸、聯隊、聯盟、聯播、聯屬、聯歡","20","有教育部詞目","https://dict.concised.moe.edu.tw/searchP.jsp?SN=%E3%84%8C&SN2=%E3%84%8C%E3%84%A7%E3%84%A2%CB%8A&word=%E8%81%AF"
"674","ㄐㄧˊ","急","",,"急、急切、急件、急忙、急性、急待、急流、急迫、急症、急救、急湍、急診、急進、急煞、急需、急劇、急遽、急難、急躁、急驟","20","有教育部詞目","https://dict.concised.moe.edu.tw/searchP.jsp?SN=%E3%84%90&SN2=%E3%84%90%E3%84%A7%CB%8A&word=%E6%80%A5"
"675","ㄗㄜˊ","擇","",,"擇、擇友、擇吉、擇肥而噬、擇偶、擇善固執、擇期","7","有教育部詞目","https://dict.concised.moe.edu.tw/searchP.jsp?SN=%E3%84%97&SN2=%E3%84%97%E3%84%9C%CB%8A&word=%E6%93%87"
"676","ㄐㄧˋ","齊","",,"齊","1","有教育部詞目","https://dict.concised.moe.edu.tw/searchP.jsp?SN=%E3%84%90&SN2=%E3%84%90%E3%84%A7%CB%8B&word=%E9%BD%8A"
"676","ㄑㄧˊ","齊","",,"齊、齊人之福、齊心、齊心協力、齊全、齊名、齊步、齊家、齊備、齊聚一堂、齊頭並進","11","有教育部詞目","https://dict.concised.moe.edu.tw/searchP.jsp?SN=%E3%84%91&SN2=%E3%84%91%E3%84%A7%CB%8A&word=%E9%BD%8A"
"676","ㄗ","齊","",,"齊","1","有教育部詞目","https://dict.concised.moe.edu.tw/searchP.jsp?SN=%E3%84%97&SN2=%E3%84%97&word=%E9%BD%8A"
"678","ㄓㄨ","珠","",,"珠、珠光寶氣、珠胎、珠淚、珠圓玉潤、珠飾、珠算、珠璣、珠聯璧合、珠簾、珠寶","11","有教育部詞目","https://dict.concised.moe.edu.tw/searchP.jsp?SN=%E3%84%93&SN2=%E3%84%93%E3%84%A8&word=%E7%8F%A0"
"679","ㄐㄧˊ","極","",,"極、極力、極目、極光、極刑、極地、極品、極度、極致、極限、極端、極樂、極樂世界、極點、極權","15","有教育部詞目","https://dict.concised.moe.edu.tw/searchP.jsp?SN=%E3%84%90&SN2=%E3%84%90%E3%84%A7%CB%8A&word=%E6%A5%B5"
"680","ㄇㄛˊ","模","",,"模、模子、模仿、模式、模具、模板、模型、模特兒、模稜兩可、模樣、模範、模範生、模糊、模擬","14","有教育部詞目","https://dict.concised.moe.edu.tw/searchP.jsp?SN=%E3%84%87&SN2=%E3%84%87%E3%84%9B%CB%8A&word=%E6%A8%A1"
"681","ㄎㄨㄤ","筐","",,"筐","1","有教育部詞目","https://dict.concised.moe.edu.tw/searchP.jsp?SN=%E3%84%8E&SN2=%E3%84%8E%E3%84%A8%E3%84%A4&word=%E7%AD%90"
"682","ㄋㄧˊ","泥","",,"泥、泥人、泥土、泥巴、泥水工、泥水匠、泥火山、泥牛入海、泥地、泥灰、泥沙、泥沼、泥盆紀、泥堆、泥淖、泥漿、泥潦、泥磚、泥濘、泥鰍","20","有教育部詞目","https://dict.concised.moe.edu.tw/searchP.jsp?SN=%E3%84%8B&SN2=%E3%84%8B%E3%84%A7%CB%8A&word=%E6%B3%A5"
"682","ㄋㄧˋ","泥","",,"泥、泥古不化","2","有教育部詞目","https://dict.concised.moe.edu.tw/searchP.jsp?SN=%E3%84%8B&SN2=%E3%84%8B%E3%84%A7%CB%8B&word=%E6%B3%A5"
"683","ㄘㄞˇ","採","",,"採、採用、採光、採收、採行、採取、採信、採納、採掘、採訪、採買、採集、採摘、採購、採擷、採證、採礦","17","有教育部詞目","https://dict.concised.moe.edu.tw/searchP.jsp?SN=%E3%84%98&SN2=%E3%84%98%E3%84%9E%CB%87&word=%E6%8E%A1"
"685","ㄗㄨㄟˇ","嘴","嘴巴",,"嘴、嘴巴、嘴皮子、嘴尖舌薄、嘴快、嘴角、嘴笨、嘴脣、嘴硬、嘴碎、嘴臉、嘴饞","12","有教育部詞目","https://dict.concised.moe.edu.tw/searchP.jsp?SN=%E3%84%97&SN2=%E3%84%97%E3%84%A8%E3%84%9F%CB%87&word=%E5%98%B4"
"686","ㄆㄧㄠ","飄","",,"飄、飄忽、飄忽不定、飄泊、飄洋過海、飄流、飄浮、飄送、飄揚、飄散、飄然、飄逸、飄搖、飄零、飄蕩、飄飄、飄飄欲仙、飄飄然","18","有教育部詞目","https://dict.concised.moe.edu.tw/searchP.jsp?SN=%E3%84%86&SN2=%E3%84%86%E3%84%A7%E3%84%A0&word=%E9%A3%84"
"687","ㄩㄥˇ","勇","",,"勇、勇士、勇往直前、勇者不懼、勇冠三軍、勇氣、勇氣百倍、勇猛、勇敢","9","有教育部詞目","https://dict.concised.moe.edu.tw/searchP.jsp?SN=%E3%84%A9&SN2=%E3%84%A9%E3%84%A5%CB%87&word=%E5%8B%87"
"688","ㄅㄠˇ","寶","",,"寶、寶山、寶玉、寶石、寶地、寶貝、寶典、寶物、寶剎、寶島、寶座、寶庫、寶特瓶、寶貴、寶塔、寶號、寶劍、寶藍色、寶藏、寶寶","20","有教育部詞目","https://dict.concised.moe.edu.tw/searchP.jsp?SN=%E3%84%85&SN2=%E3%84%85%E3%84%A0%CB%87&word=%E5%AF%B6"
"689","ㄉㄧㄠˋ","掉","",,"掉、掉下、掉以輕心、掉包、掉書袋、掉換、掉隊、掉落、掉頭、掉轉","10","有教育部詞目","https://dict.concised.moe.edu.tw/searchP.jsp?SN=%E3%84%89&SN2=%E3%84%89%E3%84%A7%E3%84%A0%CB%8B&word=%E6%8E%89"
"690","ㄓㄠ","朝","",,"朝、朝三暮四、朝夕、朝不保夕、朝日、朝令夕改、朝生暮死、朝氣、朝氣蓬勃、朝秦暮楚、朝朝暮暮、朝陽、朝會、朝暮、朝曦、朝露","16","有教育部詞目","https://dict.concised.moe.edu.tw/searchP.jsp?SN=%E3%84%93&SN2=%E3%84%93%E3%84%A0&word=%E6%9C%9D"
"690","ㄔㄠˊ","朝","",,"朝、朝山、朝天、朝代、朝向、朝廷、朝拜、朝政、朝貢、朝野、朝聖、朝覲","12","有教育部詞目","https://dict.concised.moe.edu.tw/searchP.jsp?SN=%E3%84%94&SN2=%E3%84%94%E3%84%A0%CB%8A&word=%E6%9C%9D"
"691","ㄓ","織","",,"織、織布、織物","3","有教育部詞目","https://dict.concised.moe.edu.tw/searchP.jsp?SN=%E3%84%93&SN2=%E3%84%93&word=%E7%B9%94"
"692","ㄐㄧˋ","技","",,"技、技士、技工、技巧、技正、技法、技倆、技師、技能、技高一籌、技術、技術合作、技藝、技癢","14","有教育部詞目","https://dict.concised.moe.edu.tw/searchP.jsp?SN=%E3%84%90&SN2=%E3%84%90%E3%84%A7%CB%8B&word=%E6%8A%80"
"693","ㄏㄜˊ","盒","",,"盒、盒子、盒裝、盒餐","4","有教育部詞目","https://dict.concised.moe.edu.tw/searchP.jsp?SN=%E3%84%8F&SN2=%E3%84%8F%E3%84%9C%CB%8A&word=%E7%9B%92"
"694","ㄔㄨㄥˊ","蟲","",,"蟲、蟲子、蟲害","3","有教育部詞目","https://dict.concised.moe.edu.tw/searchP.jsp?SN=%E3%84%94&SN2=%E3%84%94%E3%84%A8%E3%84%A5%CB%8A&word=%E8%9F%B2"
"695","ㄧㄢˊ","嚴","",,"嚴、嚴冬、嚴斥、嚴正、嚴防、嚴制、嚴明、嚴查、嚴苛、嚴重、嚴峻、嚴格、嚴密、嚴寒、嚴禁、嚴酷、嚴厲、嚴整、嚴辦、嚴謹","20","有教育部詞目","https://dict.concised.moe.edu.tw/searchP.jsp?SN=%E3%84%A7&SN2=%E3%84%A7%E3%84%A2%CB%8A&word=%E5%9A%B4"
"696","ㄧㄡ","優","",,"優、優先、優劣、優秀、優良、優厚、優待、優美、優異、優勝、優惠、優渥、優游、優等、優越、優閒、優雅、優勢、優裕、優點","20","有教育部詞目","https://dict.concised.moe.edu.tw/searchP.jsp?SN=%E3%84%A7&SN2=%E3%84%A7%E3%84%A1&word=%E5%84%AA"
"697","ㄒㄧㄢ","鮮","",,"鮮、鮮少、鮮奶、鮮血、鮮明、鮮果、鮮花、鮮亮、鮮活、鮮為人知、鮮紅、鮮美、鮮嫩、鮮麗、鮮豔","15","有教育部詞目","https://dict.concised.moe.edu.tw/searchP.jsp?SN=%E3%84%92&SN2=%E3%84%92%E3%84%A7%E3%84%A2&word=%E9%AE%AE"
"697","ㄒㄧㄢˇ","鮮","",,"鮮、鮮少、鮮為人知","3","有教育部詞目","https://dict.concised.moe.edu.tw/searchP.jsp?SN=%E3%84%92&SN2=%E3%84%92%E3%84%A7%E3%84%A2%CB%87&word=%E9%AE%AE"
"698","ㄐㄧㄥˋ","徑","",,"徑、徑賽","2","有教育部詞目","https://dict.concised.moe.edu.tw/searchP.jsp?SN=%E3%84%90&SN2=%E3%84%90%E3%84%A7%E3%84%A5%CB%8B&word=%E5%BE%91"
"699","ㄍㄢ","乾","",,"乾、乾冰、乾冷、乾旱、乾杯、乾股、乾咳、乾枯、乾爹、乾粉、乾耗、乾涸、乾淨、乾渴、乾等、乾媽、乾嚎、乾糧、乾癟、乾麵","20","有教育部詞目","https://dict.concised.moe.edu.tw/searchP.jsp?SN=%E3%84%8D&SN2=%E3%84%8D%E3%84%A2&word=%E4%B9%BE"
"699","ㄑㄧㄢˊ","乾","",,"乾、乾坤","2","有教育部詞目","https://dict.concised.moe.edu.tw/searchP.jsp?SN=%E3%84%91&SN2=%E3%84%91%E3%84%A7%E3%84%A2%CB%8A&word=%E4%B9%BE"
"700","ㄧㄝˇ","野","野餐",,"野、野心、野心家、野火、野史、野外、野生、野地、野味、野林、野花、野鳥、野菜、野臺戲、野戰、野餐、野營、野雞、野獸、野蠻","20","有教育部詞目","https://dict.concised.moe.edu.tw/searchP.jsp?SN=%E3%84%A7&SN2=%E3%84%A7%E3%84%9D%CB%87&word=%E9%87%8E"
"701","ㄉㄧㄥˇ","頂","",,"頂、頂下、頂多、頂夸克、頂好、頂尖、頂呱呱、頂客族、頂峰、頂真、頂替、頂開、頂罪、頂端、頂嘴、頂撞、頂樓、頂點、頂禮、頂讓","20","有教育部詞目","https://dict.concised.moe.edu.tw/searchP.jsp?SN=%E3%84%89&SN2=%E3%84%89%E3%84%A7%E3%84%A5%CB%87&word=%E9%A0%82"
"702","ㄐㄧㄢˋ","漸","",,"漸、漸入佳境、漸次、漸進、漸漸、漸趨式微","6","有教育部詞目","https://dict.concised.moe.edu.tw/searchP.jsp?SN=%E3%84%90&SN2=%E3%84%90%E3%84%A7%E3%84%A2%CB%8B&word=%E6%BC%B8"
"703","ㄉㄧㄥ","叮","",,"叮、叮叮噹噹、叮咬、叮噹、叮嚀、叮囑","6","有教育部詞目","https://dict.concised.moe.edu.tw/searchP.jsp?SN=%E3%84%89&SN2=%E3%84%89%E3%84%A7%E3%84%A5&word=%E5%8F%AE"
"704","ㄆㄧㄥˊ","瓶","",,"瓶、瓶口、瓶子、瓶頸","4","有教育部詞目","https://dict.concised.moe.edu.tw/searchP.jsp?SN=%E3%84%86&SN2=%E3%84%86%E3%84%A7%E3%84%A5%CB%8A&word=%E7%93%B6"
"705","ㄌㄧㄥˋ","另","",,"另、另一半、另外、另立門戶、另行、另起爐灶、另眼相看、另當別論、另請高明、另謀發展、另類、另闢蹊徑","12","有教育部詞目","https://dict.concised.moe.edu.tw/searchP.jsp?SN=%E3%84%8C&SN2=%E3%84%8C%E3%84%A7%E3%84%A5%CB%8B&word=%E5%8F%A6"
"706","ㄌㄩˋ","率","",,"率","1","有教育部詞目","https://dict.concised.moe.edu.tw/searchP.jsp?SN=%E3%84%8C&SN2=%E3%84%8C%E3%84%A9%CB%8B&word=%E7%8E%87"
"706","ㄕㄨㄞˋ","率","",,"率、率先、率同、率性、率直、率皆、率真、率然、率隊、率爾、率領","11","有教育部詞目","https://dict.concised.moe.edu.tw/searchP.jsp?SN=%E3%84%95&SN2=%E3%84%95%E3%84%A8%E3%84%9E%CB%8B&word=%E7%8E%87"
"707","ㄕㄨㄟˋ","睡","睡覺",,"睡、睡不著、睡衣、睡眠、睡眼惺忪、睡袋、睡袍、睡著、睡意、睡蓮、睡覺","11","有教育部詞目","https://dict.concised.moe.edu.tw/searchP.jsp?SN=%E3%84%95&SN2=%E3%84%95%E3%84%A8%E3%84%9F%CB%8B&word=%E7%9D%A1"
"708","ㄧㄢˊ","言","",,"言、言不及義、言不由衷、言必有據、言多必失、言行、言明、言重、言情小說、言教、言詞、言過其實、言語、言談、言談舉止、言論、言論自由、言歸正傳、言歸於好、言聽計從","20","有教育部詞目","https://dict.concised.moe.edu.tw/searchP.jsp?SN=%E3%84%A7&SN2=%E3%84%A7%E3%84%A2%CB%8A&word=%E8%A8%80"
"709","ㄈㄤˊ","房","房子",,"房、房子、房地產、房車、房東、房舍、房門、房契、房客、房屋、房屋稅、房租、房產、房貸、房間、房價","16","有教育部詞目","https://dict.concised.moe.edu.tw/searchP.jsp?SN=%E3%84%88&SN2=%E3%84%88%E3%84%A4%CB%8A&word=%E6%88%BF"
"711","ㄌㄧㄥˊ","鈴","",,"鈴、鈴鼓、鈴鐺","3","有教育部詞目","https://dict.concised.moe.edu.tw/searchP.jsp?SN=%E3%84%8C&SN2=%E3%84%8C%E3%84%A7%E3%84%A5%CB%8A&word=%E9%88%B4"
"712","ㄊㄨㄟ","推","",,"推、推力、推介、推估、推定、推派、推倒、推拿、推託、推動、推崇、推桿、推理、推開、推廣、推論、推磨、推擠、推斷、推翻","20","有教育部詞目","https://dict.concised.moe.edu.tw/searchP.jsp?SN=%E3%84%8A&SN2=%E3%84%8A%E3%84%A8%E3%84%9F&word=%E6%8E%A8"
"713","ㄗㄨˊ","族","",,"族、族人、族長、族譜","4","有教育部詞目","https://dict.concised.moe.edu.tw/searchP.jsp?SN=%E3%84%97&SN2=%E3%84%97%E3%84%A8%CB%8A&word=%E6%97%8F"
"714","ㄐㄧˋ","季","",,"季、季刊、季軍、季風、季節、季節性","6","有教育部詞目","https://dict.concised.moe.edu.tw/searchP.jsp?SN=%E3%84%90&SN2=%E3%84%90%E3%84%A7%CB%8B&word=%E5%AD%A3"
"715","ㄍㄢˇ","趕","",,"趕、趕上、趕工、趕不上、趕不及、趕忙、趕考、趕快、趕走、趕來、趕時髦、趕場、趕集、趕路、趕盡殺絕、趕緊、趕製、趕辦","18","有教育部詞目","https://dict.concised.moe.edu.tw/searchP.jsp?SN=%E3%84%8D&SN2=%E3%84%8D%E3%84%A2%CB%87&word=%E8%B6%95"
"716","ㄗㄥ","增","",,"增、增刊、增加、增光、增列、增多、增長、增建、增訂、增值、增高、增強、增添、增產、增減、增進、增聘、增補、增廣、增闢","20","有教育部詞目","https://dict.concised.moe.edu.tw/searchP.jsp?SN=%E3%84%97&SN2=%E3%84%97%E3%84%A5&word=%E5%A2%9E"
"717","ㄘㄥˊ","層","",,"層、層出不窮、層次、層面、層峰、層級、層層、層巒疊嶂","8","有教育部詞目","https://dict.concised.moe.edu.tw/searchP.jsp?SN=%E3%84%98&SN2=%E3%84%98%E3%84%A5%CB%8A&word=%E5%B1%A4"
"718","ㄆㄚˋ","怕","",,"怕、怕人、怕事、怕羞","4","有教育部詞目","https://dict.concised.moe.edu.tw/searchP.jsp?SN=%E3%84%86&SN2=%E3%84%86%E3%84%9A%CB%8B&word=%E6%80%95"
"719","ㄓㄨㄛ","桌","桌子",,"桌、桌子、桌面、桌罩、桌墊、桌曆","6","有教育部詞目","https://dict.concised.moe.edu.tw/searchP.jsp?SN=%E3%84%93&SN2=%E3%84%93%E3%84%A8%E3%84%9B&word=%E6%A1%8C"
"720","ㄉㄨㄥ","冬","",,"冬、冬天、冬日、冬令、冬令進補、冬瓜、冬至、冬衣、冬防、冬季、冬烘、冬眠、冬粉、冬茶、冬筍、冬菇、冬暖夏涼、冬裝、冬藏","19","有教育部詞目","https://dict.concised.moe.edu.tw/searchP.jsp?SN=%E3%84%89&SN2=%E3%84%89%E3%84%A8%E3%84%A5&word=%E5%86%AC"
"721","ㄕㄥ","升","",,"升、升天、升斗小民、升火、升官、升空、升降、升降機、升值、升格、升級、升高、升堂入室、升等、升等考試、升溫、升旗、升旗手、升遷、升學","20","有教育部詞目","https://dict.concised.moe.edu.tw/searchP.jsp?SN=%E3%84%95&SN2=%E3%84%95%E3%84%A5&word=%E5%8D%87"
"722","ㄙㄞˋ","賽","",,"賽、賽先生、賽車、賽事、賽馬、賽程、賽跑、賽會、賽鴿","9","有教育部詞目","https://dict.concised.moe.edu.tw/searchP.jsp?SN=%E3%84%99&SN2=%E3%84%99%E3%84%9E%CB%8B&word=%E8%B3%BD"
"723","ㄧㄤˊ","洋","",,"洋、洋人、洋化、洋火、洋灰、洋房、洋娃娃、洋洋、洋洋大觀、洋洋得意、洋洋灑灑、洋酒、洋鬼子、洋傘、洋菸、洋溢、洋裝、洋樓、洋蔥、洋鐵","20","有教育部詞目","https://dict.concised.moe.edu.tw/searchP.jsp?SN=%E3%84%A7&SN2=%E3%84%A7%E3%84%A4%CB%8A&word=%E6%B4%8B"
"724","ㄑㄧㄠ","敲","",,"敲、敲打、敲竹槓、敲定、敲門、敲門磚、敲骨吸髓、敲詐、敲開、敲碎、敲擊、敲邊鼓","12","有教育部詞目","https://dict.concised.moe.edu.tw/searchP.jsp?SN=%E3%84%91&SN2=%E3%84%91%E3%84%A7%E3%84%A0&word=%E6%95%B2"
"725","ㄉㄧㄠˋ","調","",,"調、調包、調度、調查、調派、調差、調校、調配、調動、調換、調開、調集、調號、調遣、調撥、調課、調調、調駐、調職、調轉","20","有教育部詞目","https://dict.concised.moe.edu.tw/searchP.jsp?SN=%E3%84%89&SN2=%E3%84%89%E3%84%A7%E3%84%A0%CB%8B&word=%E8%AA%BF"
"725","ㄊㄧㄠˊ","調","",,"調、調皮、調合、調侃、調和、調降、調配、調酒、調高、調停、調情、調教、調理、調幅、調節、調解、調價、調劑、調頻、調羹","20","有教育部詞目","https://dict.concised.moe.edu.tw/searchP.jsp?SN=%E3%84%8A&SN2=%E3%84%8A%E3%84%A7%E3%84%A0%CB%8A&word=%E8%AA%BF"
"726","ㄙㄨㄟˊ","隨","",,"隨、隨口、隨手、隨地、隨行、隨即、隨身、隨侍、隨和、隨便、隨俗、隨後、隨時、隨從、隨處、隨筆、隨意、隨機、隨興","19","有教育部詞目","https://dict.concised.moe.edu.tw/searchP.jsp?SN=%E3%84%99&SN2=%E3%84%99%E3%84%A8%E3%84%9F%CB%8A&word=%E9%9A%A8"
"727","ㄐㄧˋ","紀","",,"紀、紀元、紀年、紀事、紀念、紀念日、紀念冊、紀念品、紀念堂、紀念碑、紀念幣、紀律、紀要、紀實、紀聞、紀錄、紀錄片","17","有教育部詞目","https://dict.concised.moe.edu.tw/searchP.jsp?SN=%E3%84%90&SN2=%E3%84%90%E3%84%A7%CB%8B&word=%E7%B4%80"
"728","ㄅㄤˋ","旁","",,"旁","1","有教育部詞目","https://dict.concised.moe.edu.tw/searchP.jsp?SN=%E3%84%85&SN2=%E3%84%85%E3%84%A4%CB%8B&word=%E6%97%81"
"728","ㄆㄤˊ","旁","",,"旁、旁人、旁及、旁白、旁門左道、旁若無人、旁敲側擊、旁徵博引、旁邊、旁聽、旁聽席、旁觀、旁觀者清","13","有教育部詞目","https://dict.concised.moe.edu.tw/searchP.jsp?SN=%E3%84%86&SN2=%E3%84%86%E3%84%A4%CB%8A&word=%E6%97%81"
"729","ㄋㄠˇ","腦","",,"腦、腦力、腦子、腦死、腦波、腦炎、腦容量、腦海、腦神經、腦袋、腦部、腦殼、腦筋、腦幹、腦際、腦漿、腦瘤、腦膜、腦膜炎、腦壓","20","有教育部詞目","https://dict.concised.moe.edu.tw/searchP.jsp?SN=%E3%84%8B&SN2=%E3%84%8B%E3%84%A0%CB%87&word=%E8%85%A6"
"730","ㄧㄚ","鴨","",,"鴨、鴨子、鴨舌帽、鴨蛋、鴨蛋臉、鴨嘴獸","6","有教育部詞目","https://dict.concised.moe.edu.tw/searchP.jsp?SN=%E3%84%A7&SN2=%E3%84%A7%E3%84%9A&word=%E9%B4%A8"
"731","ㄆㄚˊ","爬","",,"爬、爬山、爬山虎、爬升、爬行、爬格子、爬牆虎、爬蟲","8","有教育部詞目","https://dict.concised.moe.edu.tw/searchP.jsp?SN=%E3%84%86&SN2=%E3%84%86%E3%84%9A%CB%8A&word=%E7%88%AC"
"732","ㄐㄩㄝˊ","決","",,"決、決心、決定、決明子、決鬥、決勝局、決勝負、決堤、決然、決策、決絕、決裂、決意、決算、決戰、決選、決賽、決斷、決議","19","有教育部詞目","https://dict.concised.moe.edu.tw/searchP.jsp?SN=%E3%84%90&SN2=%E3%84%90%E3%84%A9%E3%84%9D%CB%8A&word=%E6%B1%BA"
"733","ㄩˋ","遇","",,"遇、遇人不淑、遇上、遇合、遇見、遇到、遇刺、遇害、遇缺不補、遇救、遇險、遇難","12","有教育部詞目","https://dict.concised.moe.edu.tw/searchP.jsp?SN=%E3%84%A9&SN2=%E3%84%A9%CB%8B&word=%E9%81%87"
"734","ㄅㄚˋ","伯","",,"伯","1","有教育部詞目","https://dict.concised.moe.edu.tw/searchP.jsp?SN=%E3%84%85&SN2=%E3%84%85%E3%84%9A%CB%8B&word=%E4%BC%AF"
"734","ㄅㄛˊ","伯","",,"伯、伯父、伯母、伯仲、伯仲之間、伯伯、伯勞、伯樂","8","有教育部詞目","https://dict.concised.moe.edu.tw/searchP.jsp?SN=%E3%84%85&SN2=%E3%84%85%E3%84%9B%CB%8A&word=%E4%BC%AF"
"735","ㄔㄣˊ","沉","",,"沉、沉沒、沉厚、沉重、沉香、沉浮、沉浸、沉迷、沉寂、沉淪、沉陷、沉悶、沉痛、沉著、沉溺、沉睡、沉澱、沉積、沉靜、沉默","20","有教育部詞目","https://dict.concised.moe.edu.tw/searchP.jsp?SN=%E3%84%94&SN2=%E3%84%94%E3%84%A3%CB%8A&word=%E6%B2%89"
"736","ㄊㄠˋ","套","",,"套、套用、套交情、套印、套色、套利、套牢、套房、套招、套間、套匯、套裝、套裝旅遊、套裝軟體、套頭、套餐","16","有教育部詞目","https://dict.concised.moe.edu.tw/searchP.jsp?SN=%E3%84%8A&SN2=%E3%84%8A%E3%84%A0%CB%8B&word=%E5%A5%97"
"737","ㄍㄢˇ","敢","",,"敢、敢死、敢死隊、敢言、敢怒不敢言、敢做敢當、敢情","7","有教育部詞目","https://dict.concised.moe.edu.tw/searchP.jsp?SN=%E3%84%8D&SN2=%E3%84%8D%E3%84%A2%CB%87&word=%E6%95%A2"
"738","ㄌㄩㄝˋ","略","",,"略、略有耳聞、略知皮毛、略施薄懲、略略、略勝一籌、略遜一籌","7","有教育部詞目","https://dict.concised.moe.edu.tw/searchP.jsp?SN=%E3%84%8C&SN2=%E3%84%8C%E3%84%A9%E3%84%9D%CB%8B&word=%E7%95%A5"
"739","ㄌㄨㄣˊ","論","",,"論、論孟、論語","3","有教育部詞目","https://dict.concised.moe.edu.tw/searchP.jsp?SN=%E3%84%8C&SN2=%E3%84%8C%E3%84%A8%E3%84%A3%CB%8A&word=%E8%AB%96"
"739","ㄌㄨㄣˋ","論","",,"論、論及婚嫁、論文、論功行賞、論定、論爭、論政、論述、論理、論著、論說、論說文、論調、論壇、論戰、論據、論點、論斷、論辯","19","有教育部詞目","https://dict.concised.moe.edu.tw/searchP.jsp?SN=%E3%84%8C&SN2=%E3%84%8C%E3%84%A8%E3%84%A3%CB%8B&word=%E8%AB%96"
"740","ㄓㄨˋ","助","",,"助、助人、助力、助手、助攻、助長、助威、助益、助陣、助教、助理、助產士、助跑、助學貸款、助興、助選、助講、助聽器","18","有教育部詞目","https://dict.concised.moe.edu.tw/searchP.jsp?SN=%E3%84%93&SN2=%E3%84%93%E3%84%A8%CB%8B&word=%E5%8A%A9"
"741","ㄊㄨˋ","兔","兔子",,"兔、兔子、兔死狐悲、兔死狗烹、兔毫、兔脣、兔脫、兔崽子、兔跳","9","有教育部詞目","https://dict.concised.moe.edu.tw/searchP.jsp?SN=%E3%84%8A&SN2=%E3%84%8A%E3%84%A8%CB%8B&word=%E5%85%94"
"742","ㄐㄧㄥ","驚","",,"驚、驚心、驚呼、驚奇、驚恐、驚悚、驚動、驚悸、驚喜、驚惶、驚慌、驚嘆、驚魂、驚醒、驚險、驚駭、驚嚇、驚蟄、驚懼、驚豔","20","有教育部詞目","https://dict.concised.moe.edu.tw/searchP.jsp?SN=%E3%84%90&SN2=%E3%84%90%E3%84%A7%E3%84%A5&word=%E9%A9%9A"
"743","ㄌㄧㄥˋ","令","",,"令、令人不齒、令人心寒、令人叫絕、令人扼腕、令人捧腹、令人髮指、令人激賞、令人矚目、令出如山、令郎、令堂、令尊、令箭、令嬡","15","有教育部詞目","https://dict.concised.moe.edu.tw/searchP.jsp?SN=%E3%84%8C&SN2=%E3%84%8C%E3%84%A7%E3%84%A5%CB%8B&word=%E4%BB%A4"
"744","ㄨˇ","武","",,"武、武力、武士、武士道、武夫、武功、武打、武生、武行、武俠、武鬥、武術、武術指導、武備、武場、武裝、武器、武戲、武斷、武藝","20","有教育部詞目","https://dict.concised.moe.edu.tw/searchP.jsp?SN=%E3%84%A8&SN2=%E3%84%A8%CB%87&word=%E6%AD%A6"
"745","ㄒㄧㄤ","香","香蕉",,"香、香火、香片、香包、香瓜、香汗、香灰、香肉、香客、香料、香氣、香粉、香甜、香酥、香煙、香閨、香蕉、香檳、香爐、香囊","20","有教育部詞目","https://dict.concised.moe.edu.tw/searchP.jsp?SN=%E3%84%92&SN2=%E3%84%92%E3%84%A7%E3%84%A4&word=%E9%A6%99"
"746","ㄧㄡˊ","游","",,"游、游刃有餘、游手好閒、游水、游泳、游泳池、游牧、游俠、游移、游絲、游資、游塵、游擊、游擊隊、游離、游離票","16","有教育部詞目","https://dict.concised.moe.edu.tw/searchP.jsp?SN=%E3%84%A7&SN2=%E3%84%A7%E3%84%A1%CB%8A&word=%E6%B8%B8"
"747","ㄌㄢˊ","藍","",,"藍、藍天、藍本、藍皮書、藍色、藍圖、藍領、藍調、藍寶石","9","有教育部詞目","https://dict.concised.moe.edu.tw/searchP.jsp?SN=%E3%84%8C&SN2=%E3%84%8C%E3%84%A2%CB%8A&word=%E8%97%8D"
"748","ㄏㄨˋ","護","",,"護、護士、護身符、護坡、護坡工程、護法、護花使者、護套、護航、護送、護理、護短、護照、護盤、護膝、護衛、護養、護駕","18","有教育部詞目","https://dict.concised.moe.edu.tw/searchP.jsp?SN=%E3%84%8F&SN2=%E3%84%8F%E3%84%A8%CB%8B&word=%E8%AD%B7"
"749","ㄧㄣˇ","引","",,"引、引力、引介、引火、引吭、引見、引咎、引起、引退、引得、引渡、引發、引進、引號、引道、引領、引導、引據、引薦、引爆","20","有教育部詞目","https://dict.concised.moe.edu.tw/searchP.jsp?SN=%E3%84%A7&SN2=%E3%84%A7%E3%84%A3%CB%87&word=%E5%BC%95"
"750","ㄨ","屋","",,"屋、屋子、屋主、屋宇、屋脊、屋頂、屋漏偏逢連夜雨、屋簷","8","有教育部詞目","https://dict.concised.moe.edu.tw/searchP.jsp?SN=%E3%84%A8&SN2=%E3%84%A8&word=%E5%B1%8B"
"751","ㄌㄧㄝˋ","烈","",,"烈、烈士、烈日、烈火、烈性、烈酒、烈焰、烈焰騰空、烈陽、烈燄","10","有教育部詞目","https://dict.concised.moe.edu.tw/searchP.jsp?SN=%E3%84%8C&SN2=%E3%84%8C%E3%84%A7%E3%84%9D%CB%8B&word=%E7%83%88"
"752","ㄏㄨㄢˊ","環","",,"環、環抱、環肥燕瘦、環保、環島、環堵蕭然、環球、環視、環節、環遊、環境、環境汙染、環境保護、環境衛生、環幕電影、環環相扣、環繞、環繞喇叭","18","有教育部詞目","https://dict.concised.moe.edu.tw/searchP.jsp?SN=%E3%84%8F&SN2=%E3%84%8F%E3%84%A8%E3%84%A2%CB%8A&word=%E7%92%B0"
"753","ㄓㄨㄥ","鐘","",,"鐘、鐘乳石、鐘鼎文、鐘樓、鐘錶、鐘頭、鐘點、鐘點費、鐘擺","9","有教育部詞目","https://dict.concised.moe.edu.tw/searchP.jsp?SN=%E3%84%93&SN2=%E3%84%93%E3%84%A8%E3%84%A5&word=%E9%90%98"
"754","ㄓㄥˋ","政","",,"政、政令、政局、政見、政府、政客、政界、政要、政風、政教、政途、政經、政綱、政敵、政論、政壇、政績、政黨、政變、政體","20","有教育部詞目","https://dict.concised.moe.edu.tw/searchP.jsp?SN=%E3%84%93&SN2=%E3%84%93%E3%84%A5%CB%8B&word=%E6%94%BF"
"755","ㄈㄨˊ","符","",,"符、符合、符咒、符號","4","有教育部詞目","https://dict.concised.moe.edu.tw/searchP.jsp?SN=%E3%84%88&SN2=%E3%84%88%E3%84%A8%CB%8A&word=%E7%AC%A6"
"756","ㄉㄢˋ","蛋","蛋黃、蛋糕",,"蛋、蛋白、蛋白質、蛋卷、蛋黃、蛋糕、蛋雞","7","有教育部詞目","https://dict.concised.moe.edu.tw/searchP.jsp?SN=%E3%84%89&SN2=%E3%84%89%E3%84%A2%CB%8B&word=%E8%9B%8B"
"757","ㄦˇ","爾","",,"爾、爾來、爾後、爾格、爾虞我詐","5","有教育部詞目","https://dict.concised.moe.edu.tw/searchP.jsp?SN=%E3%84%A6&SN2=%E3%84%A6%CB%87&word=%E7%88%BE"
"758","ㄧㄤˊ","揚","",,"揚、揚升、揚名、揚名立萬、揚帆、揚言、揚長而去、揚威、揚眉吐氣、揚起、揚棄、揚湯止沸、揚琴","13","有教育部詞目","https://dict.concised.moe.edu.tw/searchP.jsp?SN=%E3%84%A7&SN2=%E3%84%A7%E3%84%A4%CB%8A&word=%E6%8F%9A"
"759","ㄅㄧㄠ","標","",,"標、標本、標明、標的、標竿、標致、標記、標高、標單、標會、標靶、標榜、標槍、標誌、標價、標幟、標舉、標購、標題、標籤","20","有教育部詞目","https://dict.concised.moe.edu.tw/searchP.jsp?SN=%E3%84%85&SN2=%E3%84%85%E3%84%A7%E3%84%A0&word=%E6%A8%99"
"760","ㄔˊ","持","",,"持、持久、持之以恆、持用、持盈保泰、持重、持家、持續","8","有教育部詞目","https://dict.concised.moe.edu.tw/searchP.jsp?SN=%E3%84%94&SN2=%E3%84%94%CB%8A&word=%E6%8C%81"
"761","ㄓㄣˋ","陣","",,"陣、陣亡、陣地、陣法、陣雨、陣風、陣容、陣陣、陣痛、陣發性、陣勢、陣腳、陣線、陣營","14","有教育部詞目","https://dict.concised.moe.edu.tw/searchP.jsp?SN=%E3%84%93&SN2=%E3%84%93%E3%84%A3%CB%8B&word=%E9%99%A3"
"762","ㄇㄧˋ","密","",,"密、密切、密令、密布、密件、密合、密告、密使、密函、密封、密度、密探、密訪、密閉、密報、密集、密電、密碼、密談、密謀","20","有教育部詞目","https://dict.concised.moe.edu.tw/searchP.jsp?SN=%E3%84%87&SN2=%E3%84%87%E3%84%A7%CB%8B&word=%E5%AF%86"
"763","ㄕㄥ","勝","",,"勝、勝不驕，敗不餒、勝之不武、勝仗、勝任、勝地、勝利、勝利投手、勝局、勝券在握、勝負、勝景、勝訴、勝算","14","有教育部詞目","https://dict.concised.moe.edu.tw/searchP.jsp?SN=%E3%84%95&SN2=%E3%84%95%E3%84%A5&word=%E5%8B%9D"
"763","ㄕㄥˋ","勝","",,"勝、勝不驕，敗不餒、勝之不武、勝仗、勝地、勝利、勝利投手、勝局、勝券在握、勝負、勝景、勝訴、勝算","13","有教育部詞目","https://dict.concised.moe.edu.tw/searchP.jsp?SN=%E3%84%95&SN2=%E3%84%95%E3%84%A5%CB%8B&word=%E5%8B%9D"
"764","ㄕㄤ","傷","",,"傷、傷人、傷亡、傷口、傷心、傷兵、傷風、傷害、傷神、傷財、傷患、傷痕、傷寒、傷悲、傷殘、傷痛、傷勢、傷感、傷感情、傷腦筋","20","有教育部詞目","https://dict.concised.moe.edu.tw/searchP.jsp?SN=%E3%84%95&SN2=%E3%84%95%E3%84%A4&word=%E5%82%B7"
"765","ㄇㄠ","貓","",,"貓、貓熊","2","有教育部詞目","https://dict.concised.moe.edu.tw/searchP.jsp?SN=%E3%84%87&SN2=%E3%84%87%E3%84%A0&word=%E8%B2%93"
"766","ㄧˋ","議","",,"議、議決、議事、議和、議定、議長論短、議員、議案、議院、議處、議場、議程、議會、議價、議論、議題","16","有教育部詞目","https://dict.concised.moe.edu.tw/searchP.jsp?SN=%E3%84%A7&SN2=%E3%84%A7%CB%8B&word=%E8%AD%B0"
"767","ㄍㄨㄚ","瓜","",,"瓜、瓜子、瓜子臉、瓜分、瓜田李下、瓜皮帽、瓜葛","7","有教育部詞目","https://dict.concised.moe.edu.tw/searchP.jsp?SN=%E3%84%8D&SN2=%E3%84%8D%E3%84%A8%E3%84%9A&word=%E7%93%9C"
"768","ㄓㄨˊ","竹","",,"竹、竹子、竹材、竹林、竹林七賢、竹竿、竹竿舞、竹筍、竹筏、竹筒飯、竹葉青、竹蜻蜓、竹影、竹器、竹篾、竹簍、竹簾、竹籟、竹籬","19","有教育部詞目","https://dict.concised.moe.edu.tw/searchP.jsp?SN=%E3%84%93&SN2=%E3%84%93%E3%84%A8%CB%8A&word=%E7%AB%B9"
"769","ㄌㄨˋ","錄","",,"錄、錄用、錄取、錄取率、錄放影機、錄音、錄音室、錄音帶、錄音間、錄音機、錄製、錄影、錄影帶、錄影機","14","有教育部詞目","https://dict.concised.moe.edu.tw/searchP.jsp?SN=%E3%84%8C&SN2=%E3%84%8C%E3%84%A8%CB%8B&word=%E9%8C%84"
"770","ㄒㄩˋ","續","",,"續、續任、續弦、續約、續航力、續假、續集、續聘","8","有教育部詞目","https://dict.concised.moe.edu.tw/searchP.jsp?SN=%E3%84%92&SN2=%E3%84%92%E3%84%A9%CB%8B&word=%E7%BA%8C"
"771","ㄩˋ","育","",,"育、育才、育幼院、育兒、育種、育樂、育嬰、育嬰室","8","有教育部詞目","https://dict.concised.moe.edu.tw/searchP.jsp?SN=%E3%84%A9&SN2=%E3%84%A9%CB%8B&word=%E8%82%B2"
"772","ㄐㄩˋ","足","",,"足","1","有教育部詞目","https://dict.concised.moe.edu.tw/searchP.jsp?SN=%E3%84%90&SN2=%E3%84%90%E3%84%A9%CB%8B&word=%E8%B6%B3"
"772","ㄗㄨˊ","足","",,"足、足下、足不出戶、足色、足夠、足球、足部、足智多謀、足跡、足額、足癬","11","有教育部詞目","https://dict.concised.moe.edu.tw/searchP.jsp?SN=%E3%84%97&SN2=%E3%84%97%E3%84%A8%CB%8A&word=%E8%B6%B3"
"773","ㄍㄨ","呱","",,"呱、呱呱、呱呱叫、呱呱墜地、呱噪","5","有教育部詞目","https://dict.concised.moe.edu.tw/searchP.jsp?SN=%E3%84%8D&SN2=%E3%84%8D%E3%84%A8&word=%E5%91%B1"
"773","ㄍㄨㄚ","呱","",,"呱、呱呱叫、呱噪","3","有教育部詞目","https://dict.concised.moe.edu.tw/searchP.jsp?SN=%E3%84%8D&SN2=%E3%84%8D%E3%84%A8%E3%84%9A&word=%E5%91%B1"
"774","ㄒㄧˊ","息","",,"息、息事寧人、息怒、息息相關、息影","5","有教育部詞目","https://dict.concised.moe.edu.tw/searchP.jsp?SN=%E3%84%92&SN2=%E3%84%92%E3%84%A7%CB%8A&word=%E6%81%AF"
"775","ㄇㄟˊ","煤","",,"煤、煤油、煤油燈、煤炭、煤氣、煤礦","6","有教育部詞目","https://dict.concised.moe.edu.tw/searchP.jsp?SN=%E3%84%87&SN2=%E3%84%87%E3%84%9F%CB%8A&word=%E7%85%A4"
"776","ㄦˇ","耳","耳朵、耳垂",,"耳、耳目、耳朵、耳垂、耳垢、耳根、耳根軟、耳順、耳福、耳聞、耳語、耳際、耳鳴、耳熟、耳膜、耳蝸、耳機、耳環、耳邊風、耳聾","20","有教育部詞目","https://dict.concised.moe.edu.tw/searchP.jsp?SN=%E3%84%A6&SN2=%E3%84%A6%CB%87&word=%E8%80%B3"
"777","ㄐㄧˊ","及","",,"及、及早、及時、及格、及第","5","有教育部詞目","https://dict.concised.moe.edu.tw/searchP.jsp?SN=%E3%84%90&SN2=%E3%84%90%E3%84%A7%CB%8A&word=%E5%8F%8A"
"779","ㄨㄚ","挖","",,"挖、挖土機、挖角、挖空心思、挖洞、挖苦、挖除、挖掘、挖牆腳","9","有教育部詞目","https://dict.concised.moe.edu.tw/searchP.jsp?SN=%E3%84%A8&SN2=%E3%84%A8%E3%84%9A&word=%E6%8C%96"
"780","ㄕㄨˋ","術","",,"術、術士、術科、術業有專攻、術語、術數","6","有教育部詞目","https://dict.concised.moe.edu.tw/searchP.jsp?SN=%E3%84%95&SN2=%E3%84%95%E3%84%A8%CB%8B&word=%E8%A1%93"
"781","ㄆㄢˊ","盤","",,"盤、盤子、盤查、盤面、盤桓、盤問、盤旋、盤結、盤飧、盤詰、盤算、盤腿、盤膝、盤踞、盤據、盤整、盤龍、盤點、盤繞、盤纏","20","有教育部詞目","https://dict.concised.moe.edu.tw/searchP.jsp?SN=%E3%84%86&SN2=%E3%84%86%E3%84%A2%CB%8A&word=%E7%9B%A4"
"782","ㄧˋ","易","",,"易、易人、易手、易主、易如反掌、易守難攻、易位、易姓、易容、易開罐、易燃物","11","有教育部詞目","https://dict.concised.moe.edu.tw/searchP.jsp?SN=%E3%84%A7&SN2=%E3%84%A7%CB%8B&word=%E6%98%93"
"783","ㄎㄜˋ","客","",,"客、客人、客戶、客串、客車、客官、客居、客房、客卿、客套、客家、客氣、客船、客棧、客飯、客滿、客輪、客機、客廳、客觀","20","有教育部詞目","https://dict.concised.moe.edu.tw/searchP.jsp?SN=%E3%84%8E&SN2=%E3%84%8E%E3%84%9C%CB%8B&word=%E5%AE%A2"
"784","ㄆㄛˋ","破","",,"破、破土、破戒、破例、破洞、破相、破格、破除、破敗、破產、破裂、破費、破滅、破解、破綻、破曉、破獲、破舊、破壞、破爛","20","有教育部詞目","https://dict.concised.moe.edu.tw/searchP.jsp?SN=%E3%84%86&SN2=%E3%84%86%E3%84%9B%CB%8B&word=%E7%A0%B4"
"785","ㄉㄨㄢ","端","",,"端、端午、端午節、端正、端坐、端的、端架子、端倪、端莊、端陽、端詳、端盤子、端賴","13","有教育部詞目","https://dict.concised.moe.edu.tw/searchP.jsp?SN=%E3%84%89&SN2=%E3%84%89%E3%84%A8%E3%84%A2&word=%E7%AB%AF"
"786","ㄎㄨㄤˋ","況","",,"況、況且","2","有教育部詞目","https://dict.concised.moe.edu.tw/searchP.jsp?SN=%E3%84%8E&SN2=%E3%84%8E%E3%84%A8%E3%84%A4%CB%8B&word=%E6%B3%81"
"787","ㄓㄨㄤ","莊","",,"莊、莊主、莊重、莊家、莊敬自強、莊稼、莊稼漢、莊嚴","8","有教育部詞目","https://dict.concised.moe.edu.tw/searchP.jsp?SN=%E3%84%93&SN2=%E3%84%93%E3%84%A8%E3%84%A4&word=%E8%8E%8A"
"788","ㄌㄟˊ","雷","",,"雷、雷公、雷同、雷池、雷音、雷射、雷射刀、雷神、雷陣雨、雷動、雷鳥、雷達、雷達站、雷電、雷管、雷鳴、雷劈、雷霆、雷擊、雷聲","20","有教育部詞目","https://dict.concised.moe.edu.tw/searchP.jsp?SN=%E3%84%8C&SN2=%E3%84%8C%E3%84%9F%CB%8A&word=%E9%9B%B7"
"789","ㄌㄢˊ","籃","",,"籃、籃下三秒鐘、籃子、籃協、籃板球、籃框、籃球、籃隊、籃運、籃網、籃壇、籃賽","12","有教育部詞目","https://dict.concised.moe.edu.tw/searchP.jsp?SN=%E3%84%8C&SN2=%E3%84%8C%E3%84%A2%CB%8A&word=%E7%B1%83"
"790","ㄇㄡˇ","某","",,"某、某人、某日、某些、某個","5","有教育部詞目","https://dict.concised.moe.edu.tw/searchP.jsp?SN=%E3%84%87&SN2=%E3%84%87%E3%84%A1%CB%87&word=%E6%9F%90"
"791","ㄇㄧㄠˊ","描","",,"描、描紅、描述、描寫、描摹、描繪","6","有教育部詞目","https://dict.concised.moe.edu.tw/searchP.jsp?SN=%E3%84%87&SN2=%E3%84%87%E3%84%A7%E3%84%A0%CB%8A&word=%E6%8F%8F"
"792","ㄘㄜˋ","測","",,"測、測出、測字、測定、測候、測量、測試、測謊器、測驗","9","有教育部詞目","https://dict.concised.moe.edu.tw/searchP.jsp?SN=%E3%84%98&SN2=%E3%84%98%E3%84%9C%CB%8B&word=%E6%B8%AC"
"793","ㄊㄢˊ","談","",,"談、談不上、談天、談天說地、談心、談生意、談吐、談何容易、談判、談妥、談和、談虎色變、談笑、談笑自如、談情說愛、談話、談話會、談論、談攏、談戀愛","20","有教育部詞目","https://dict.concised.moe.edu.tw/searchP.jsp?SN=%E3%84%8A&SN2=%E3%84%8A%E3%84%A2%CB%8A&word=%E8%AB%87"
"794","ㄐㄩ","且","",,"且","1","有教育部詞目","https://dict.concised.moe.edu.tw/searchP.jsp?SN=%E3%84%90&SN2=%E3%84%90%E3%84%A9&word=%E4%B8%94"
"794","ㄑㄧㄝˇ","且","",,"且、且慢","2","有教育部詞目","https://dict.concised.moe.edu.tw/searchP.jsp?SN=%E3%84%91&SN2=%E3%84%91%E3%84%A7%E3%84%9D%CB%87&word=%E4%B8%94"
"795","ㄅㄢˋ","伴","",,"伴、伴侶、伴奏、伴郎、伴娘、伴唱、伴唱帶、伴唱機、伴舞、伴隨","10","有教育部詞目","https://dict.concised.moe.edu.tw/searchP.jsp?SN=%E3%84%85&SN2=%E3%84%85%E3%84%A2%CB%8B&word=%E4%BC%B4"
"796","ㄓㄨㄤˋ","狀","",,"狀、狀元、狀況、狀態、狀語、狀聲詞","6","有教育部詞目","https://dict.concised.moe.edu.tw/searchP.jsp?SN=%E3%84%93&SN2=%E3%84%93%E3%84%A8%E3%84%A4%CB%8B&word=%E7%8B%80"
"797","ㄧㄢˊ","研","",,"研、研末、研判、研究、研究生、研究所、研析、研訂、研修、研討、研商、研習、研發、研製、研磨、研擬、研議、研讀","18","有教育部詞目","https://dict.concised.moe.edu.tw/searchP.jsp?SN=%E3%84%A7&SN2=%E3%84%A7%E3%84%A2%CB%8A&word=%E7%A0%94"
"798","ㄅㄛ","般","",,"般、般若","2","有教育部詞目","https://dict.concised.moe.edu.tw/searchP.jsp?SN=%E3%84%85&SN2=%E3%84%85%E3%84%9B&word=%E8%88%AC"
"798","ㄅㄢ","般","",,"般","1","有教育部詞目","https://dict.concised.moe.edu.tw/searchP.jsp?SN=%E3%84%85&SN2=%E3%84%85%E3%84%A2&word=%E8%88%AC"
"798","ㄆㄢˊ","般","",,"般、般桓","2","有教育部詞目","https://dict.concised.moe.edu.tw/searchP.jsp?SN=%E3%84%86&SN2=%E3%84%86%E3%84%A2%CB%8A&word=%E8%88%AC"
"799","ㄩㄢˋ","院","",,"院、院子、院內感染、院落","4","有教育部詞目","https://dict.concised.moe.edu.tw/searchP.jsp?SN=%E3%84%A9&SN2=%E3%84%A9%E3%84%A2%CB%8B&word=%E9%99%A2"
"800","ㄕ","詩","",,"詩、詩人、詩中有畫、詩仙、詩史、詩社、詩風、詩情畫意、詩詞、詩集、詩意、詩聖、詩歌、詩篇、詩餘、詩壇、詩選","17","有教育部詞目","https://dict.concised.moe.edu.tw/searchP.jsp?SN=%E3%84%95&SN2=%E3%84%95&word=%E8%A9%A9"
"801","ㄆㄨˇ","譜","",,"譜、譜曲、譜系、譜寫","4","有教育部詞目","https://dict.concised.moe.edu.tw/searchP.jsp?SN=%E3%84%86&SN2=%E3%84%86%E3%84%A8%CB%87&word=%E8%AD%9C"
"802","ㄕˋ","市","",,"市、市井、市內、市公所、市民、市立、市府、市招、市長、市政、市面、市容、市區、市售、市場、市街、市集、市價、市儈、市鎮","20","有教育部詞目","https://dict.concised.moe.edu.tw/searchP.jsp?SN=%E3%84%95&SN2=%E3%84%95%CB%8B&word=%E5%B8%82"
"803","ㄈㄟ","非","",,"非、非人、非凡、非正式、非同小可、非但、非法、非洲菫、非核武區、非常、非常時期、非賣品、非禮、非難、非議","15","有教育部詞目","https://dict.concised.moe.edu.tw/searchP.jsp?SN=%E3%84%88&SN2=%E3%84%88%E3%84%9F&word=%E9%9D%9E"
"804","ㄉㄧˋ","帝","",,"帝、帝王、帝王條款、帝國、帝國大廈、帝國主義、帝都、帝雉","8","有教育部詞目","https://dict.concised.moe.edu.tw/searchP.jsp?SN=%E3%84%89&SN2=%E3%84%89%E3%84%A7%CB%8B&word=%E5%B8%9D"
"805","ㄊㄨˊ","突","",,"突、突兀、突出、突地、突如其來、突飛猛進、突破、突圍、突然、突發、突發奇想、突擊、突擊檢查、突襲、突變、突顯","16","有教育部詞目","https://dict.concised.moe.edu.tw/searchP.jsp?SN=%E3%84%8A&SN2=%E3%84%8A%E3%84%A8%CB%8A&word=%E7%AA%81"
"806","ㄍㄨㄟ","規","",,"規、規定、規則、規律、規約、規格、規矩、規條、規規矩矩、規章、規程、規費、規劃、規模、規範、規避、規勸","17","有教育部詞目","https://dict.concised.moe.edu.tw/searchP.jsp?SN=%E3%84%8D&SN2=%E3%84%8D%E3%84%A8%E3%84%9F&word=%E8%A6%8F"
"807","ㄒㄩㄥˊ","雄","",,"雄、雄心、雄兵、雄壯、雄花、雄厚、雄姿、雄赳赳、雄風、雄師、雄偉、雄健、雄渾、雄黃、雄黃酒、雄踞、雄蕊、雄辯、雄辯滔滔、雄霸一方","20","有教育部詞目","https://dict.concised.moe.edu.tw/searchP.jsp?SN=%E3%84%92&SN2=%E3%84%92%E3%84%A9%E3%84%A5%CB%8A&word=%E9%9B%84"
"808","ㄌㄧㄡˊ","劉","",,"劉","1","有教育部詞目","https://dict.concised.moe.edu.tw/searchP.jsp?SN=%E3%84%8C&SN2=%E3%84%8C%E3%84%A7%E3%84%A1%CB%8A&word=%E5%8A%89"
"809","ㄎㄜ","顆","",,"顆、顆粒","2","有教育部詞目","https://dict.concised.moe.edu.tw/searchP.jsp?SN=%E3%84%8E&SN2=%E3%84%8E%E3%84%9C&word=%E9%A1%86"
"810","ㄏㄨˋ","互","",,"互、互不侵犯、互不相讓、互別苗頭、互利、互助、互助會、互信、互勉、互相、互動、互動式媒體、互通、互通有無、互惠、互換、互補、互毆","18","有教育部詞目","https://dict.concised.moe.edu.tw/searchP.jsp?SN=%E3%84%8F&SN2=%E3%84%8F%E3%84%A8%CB%8B&word=%E4%BA%92"
"811","ㄑㄧˊ","枝","",,"枝","1","有教育部詞目","https://dict.concised.moe.edu.tw/searchP.jsp?SN=%E3%84%91&SN2=%E3%84%91%E3%84%A7%CB%8A&word=%E6%9E%9D"
"811","ㄓ","枝","",,"枝、枝條、枝椏、枝幹、枝節、枝葉、枝葉扶疏、枝頭","8","有教育部詞目","https://dict.concised.moe.edu.tw/searchP.jsp?SN=%E3%84%93&SN2=%E3%84%93&word=%E6%9E%9D"
"812","ㄍㄜ","哥","",,"哥、哥兒倆、哥兒們、哥哥","4","有教育部詞目","https://dict.concised.moe.edu.tw/searchP.jsp?SN=%E3%84%8D&SN2=%E3%84%8D%E3%84%9C&word=%E5%93%A5"
"814","ㄒㄧˇ","洗","洗手",,"洗、洗心革面、洗手、洗手不幹、洗手間、洗衣機、洗劫、洗刷、洗淨、洗腎、洗溝球、洗腦、洗塵、洗滌、洗澡、洗燙、洗錢、洗濯、洗鍊、洗禮","20","有教育部詞目","https://dict.concised.moe.edu.tw/searchP.jsp?SN=%E3%84%92&SN2=%E3%84%92%E3%84%A7%CB%87&word=%E6%B4%97"
"814","ㄒㄧㄢˇ","洗","",,"洗","1","有教育部詞目","https://dict.concised.moe.edu.tw/searchP.jsp?SN=%E3%84%92&SN2=%E3%84%92%E3%84%A7%E3%84%A2%CB%87&word=%E6%B4%97"
"815","ㄓㄜ","折","",,"折、折中、折半、折合、折回、折扣、折抵、折服、折枝、折返、折射、折衷、折價、折衝、折磨、折斷、折舊、折騰、折疊","19","有教育部詞目","https://dict.concised.moe.edu.tw/searchP.jsp?SN=%E3%84%93&SN2=%E3%84%93%E3%84%9C&word=%E6%8A%98"
"815","ㄓㄜˊ","折","",,"折、折中、折半、折合、折回、折扣、折抵、折服、折枝、折返、折射、折衷、折壽、折算、折價、折衝、折磨、折斷、折舊、折疊","20","有教育部詞目","https://dict.concised.moe.edu.tw/searchP.jsp?SN=%E3%84%93&SN2=%E3%84%93%E3%84%9C%CB%8A&word=%E6%8A%98"
"815","ㄕㄜˊ","折","",,"折","1","有教育部詞目","https://dict.concised.moe.edu.tw/searchP.jsp?SN=%E3%84%95&SN2=%E3%84%95%E3%84%9C%CB%8A&word=%E6%8A%98"
"816","ㄕㄜˋ","射","",,"射、射手、射門、射殺、射程、射箭、射擊","7","有教育部詞目","https://dict.concised.moe.edu.tw/searchP.jsp?SN=%E3%84%95&SN2=%E3%84%95%E3%84%9C%CB%8B&word=%E5%B0%84"
"816","ㄧˋ","射","",,"射","1","有教育部詞目","https://dict.concised.moe.edu.tw/searchP.jsp?SN=%E3%84%A7&SN2=%E3%84%A7%CB%8B&word=%E5%B0%84"
"816","ㄧㄝˋ","射","",,"射、射干","2","有教育部詞目","https://dict.concised.moe.edu.tw/searchP.jsp?SN=%E3%84%A7&SN2=%E3%84%A7%E3%84%9D%CB%8B&word=%E5%B0%84"
"817","ㄐㄩㄢˋ","圈","",,"圈","1","有教育部詞目","https://dict.concised.moe.edu.tw/searchP.jsp?SN=%E3%84%90&SN2=%E3%84%90%E3%84%A9%E3%84%A2%CB%8B&word=%E5%9C%88"
"817","ㄑㄩㄢ","圈","",,"圈、圈子、圈內、圈套、圈選、圈點","6","有教育部詞目","https://dict.concised.moe.edu.tw/searchP.jsp?SN=%E3%84%91&SN2=%E3%84%91%E3%84%A9%E3%84%A2&word=%E5%9C%88"
"818","ㄓˋ","置","",,"置、置之不理、置之度外、置身、置身事外、置放、置信、置若罔聞、置產、置喙、置評","11","有教育部詞目","https://dict.concised.moe.edu.tw/searchP.jsp?SN=%E3%84%93&SN2=%E3%84%93%CB%8B&word=%E7%BD%AE"
"819","ㄏㄨ","戲","",,"戲","1","有教育部詞目","https://dict.concised.moe.edu.tw/searchP.jsp?SN=%E3%84%8F&SN2=%E3%84%8F%E3%84%A8&word=%E6%88%B2"
"819","ㄒㄧˋ","戲","",,"戲、戲子、戲水、戲曲、戲弄、戲言、戲法、戲耍、戲班、戲迷、戲院、戲偶、戲園子、戲路、戲臺、戲劇、戲劇性、戲碼、戲謔","19","有教育部詞目","https://dict.concised.moe.edu.tw/searchP.jsp?SN=%E3%84%92&SN2=%E3%84%92%E3%84%A7%CB%8B&word=%E6%88%B2"
"820","ㄕ","失","",,"失、失分、失去、失利、失身、失事、失明、失眠、失敗、失陪、失傳、失溫、失當、失落、失態、失德、失調、失禮、失寵、失戀","20","有教育部詞目","https://dict.concised.moe.edu.tw/searchP.jsp?SN=%E3%84%95&SN2=%E3%84%95&word=%E5%A4%B1"
"821","ㄌㄥˇ","冷","",,"冷、冷冷、冷冽、冷房、冷門、冷度、冷面、冷風、冷凍、冷氣、冷淡、冷媒、冷硬、冷漠、冷僻、冷敷、冷盤、冷鋒、冷凝、冷戰","20","有教育部詞目","https://dict.concised.moe.edu.tw/searchP.jsp?SN=%E3%84%8C&SN2=%E3%84%8C%E3%84%A5%CB%87&word=%E5%86%B7"
"822","ㄈㄨˊ","福","",,"福、福分、福地、福如東海、福利、福利國家、福星、福相、福祉、福音、福氣、福爾摩沙、福德正神、福澤","14","有教育部詞目","https://dict.concised.moe.edu.tw/searchP.jsp?SN=%E3%84%88&SN2=%E3%84%88%E3%84%A8%CB%8A&word=%E7%A6%8F"
"823","ㄎㄢˇ","砍","",,"砍、砍伐、砍殺、砍斷","4","有教育部詞目","https://dict.concised.moe.edu.tw/searchP.jsp?SN=%E3%84%8E&SN2=%E3%84%8E%E3%84%A2%CB%87&word=%E7%A0%8D"
"824","ㄖㄨㄛˋ","弱","",,"弱、弱小、弱不禁風、弱肉強食、弱者、弱冠、弱視、弱勢、弱點","9","有教育部詞目","https://dict.concised.moe.edu.tw/searchP.jsp?SN=%E3%84%96&SN2=%E3%84%96%E3%84%A8%E3%84%9B%CB%8B&word=%E5%BC%B1"
"825","ㄏㄢˇ","喊","",,"喊、喊叫、喊冤、喊話、喊價","5","有教育部詞目","https://dict.concised.moe.edu.tw/searchP.jsp?SN=%E3%84%8F&SN2=%E3%84%8F%E3%84%A2%CB%87&word=%E5%96%8A"
"826","ㄋㄧㄥˊ","寧","",,"寧、寧日、寧可、寧可玉碎，不為瓦全、寧死不屈、寧為玉碎，不為瓦全、寧為雞口，不為牛後、寧缺勿濫、寧缺毋濫、寧靜、寧謐、寧願","12","有教育部詞目","https://dict.concised.moe.edu.tw/searchP.jsp?SN=%E3%84%8B&SN2=%E3%84%8B%E3%84%A7%E3%84%A5%CB%8A&word=%E5%AF%A7"
"826","ㄋㄧㄥˋ","寧","",,"寧","1","有教育部詞目","https://dict.concised.moe.edu.tw/searchP.jsp?SN=%E3%84%8B&SN2=%E3%84%8B%E3%84%A7%E3%84%A5%CB%8B&word=%E5%AF%A7"
"827","ㄘㄨㄣˊ","存","",,"存、存亡、存心、存戶、存在、存在主義、存底、存放、存查、存活、存根、存留、存貨、存單、存款、存量、存摺、存疑、存錢、存檔","20","有教育部詞目","https://dict.concised.moe.edu.tw/searchP.jsp?SN=%E3%84%98&SN2=%E3%84%98%E3%84%A8%E3%84%A3%CB%8A&word=%E5%AD%98"
"828","ㄈㄨˊ","幅","",,"幅、幅度、幅員","3","有教育部詞目","https://dict.concised.moe.edu.tw/searchP.jsp?SN=%E3%84%88&SN2=%E3%84%88%E3%84%A8%CB%8A&word=%E5%B9%85"
"829","ㄊㄨㄥˇ","統","",,"統、統一、統一發票、統共、統合、統收統支、統治、統帥、統計、統御、統率、統理、統統、統馭、統稱、統領、統轄、統籌","18","有教育部詞目","https://dict.concised.moe.edu.tw/searchP.jsp?SN=%E3%84%8A&SN2=%E3%84%8A%E3%84%A8%E3%84%A5%CB%87&word=%E7%B5%B1"
"830","ㄙ","絲","",,"絲、絲瓜、絲竹、絲帶、絲毫、絲毫不爽、絲絨、絲絲入扣、絲綢、絲線、絲織品、絲襪","12","有教育部詞目","https://dict.concised.moe.edu.tw/searchP.jsp?SN=%E3%84%99&SN2=%E3%84%99&word=%E7%B5%B2"
"831","ㄑㄧㄡ","秋","",,"秋、秋千、秋分、秋天、秋水、秋水仙素、秋水伊人、秋收、秋色、秋波、秋思、秋風、秋風掃落葉、秋海棠、秋高氣爽、秋毫、秋節","17","有教育部詞目","https://dict.concised.moe.edu.tw/searchP.jsp?SN=%E3%84%91&SN2=%E3%84%91%E3%84%A7%E3%84%A1&word=%E7%A7%8B"
"832","ㄈㄨˋ","富","",,"富、富可敵國、富有、富而好禮、富足、富翁、富國強兵、富庶、富強、富強康樂、富貴、富貴榮華、富裕、富態、富豪、富麗、富麗堂皇、富饒","18","有教育部詞目","https://dict.concised.moe.edu.tw/searchP.jsp?SN=%E3%84%88&SN2=%E3%84%88%E3%84%A8%CB%8B&word=%E5%AF%8C"
"833","ㄧㄣˊ","銀","",,"銀、銀子、銀耳、銀色、銀行、銀兩、銀河、銀花、銀盾、銀根、銀婚、銀牌、銀幕、銀幣、銀彈、銀樓、銀輝、銀髮、銀器、銀錢","20","有教育部詞目","https://dict.concised.moe.edu.tw/searchP.jsp?SN=%E3%84%A7&SN2=%E3%84%A7%E3%84%A3%CB%8A&word=%E9%8A%80"
"834","ㄌㄧㄤˊ","良","",,"良、良人、良久、良心、良方、良日、良民、良田、良多、良好、良臣、良伴、良性、良知、良宵、良將、良深、良善、良駒、良機","20","有教育部詞目","https://dict.concised.moe.edu.tw/searchP.jsp?SN=%E3%84%8C&SN2=%E3%84%8C%E3%84%A7%E3%84%A4%CB%8A&word=%E8%89%AF"
"835","ㄧㄤˊ","楊","",,"楊、楊柳、楊桃","3","有教育部詞目","https://dict.concised.moe.edu.tw/searchP.jsp?SN=%E3%84%A7&SN2=%E3%84%A7%E3%84%A4%CB%8A&word=%E6%A5%8A"
"836","ㄓㄞ","摘","",,"摘、摘取、摘星、摘要、摘除、摘錄、摘譯","7","有教育部詞目","https://dict.concised.moe.edu.tw/searchP.jsp?SN=%E3%84%93&SN2=%E3%84%93%E3%84%9E&word=%E6%91%98"
"837","ㄍㄨㄥ","功","",,"功、功力、功不可沒、功夫、功用、功名、功臣、功利、功利主義、功效、功能、功敗垂成、功率、功勛、功勞、功業、功德、功課、功績","19","有教育部詞目","https://dict.concised.moe.edu.tw/searchP.jsp?SN=%E3%84%8D&SN2=%E3%84%8D%E3%84%A8%E3%84%A5&word=%E5%8A%9F"
"838","ㄓˋ","至","",,"至、至上、至今、至公、至友、至少、至日、至交、至多、至孝、至性、至於、至情、至理、至善、至尊、至極、至誠、至親、至寶","20","有教育部詞目","https://dict.concised.moe.edu.tw/searchP.jsp?SN=%E3%84%93&SN2=%E3%84%93%CB%8B&word=%E8%87%B3"
"839","ㄐㄧㄢ","堅","",,"堅、堅守、堅忍、堅忍不拔、堅決、堅固、堅定、堅拒、堅果、堅信、堅持、堅苦卓絕、堅貞、堅強、堅硬、堅韌、堅實、堅稱、堅毅、堅壁清野","20","有教育部詞目","https://dict.concised.moe.edu.tw/searchP.jsp?SN=%E3%84%90&SN2=%E3%84%90%E3%84%A7%E3%84%A2&word=%E5%A0%85"
"840","ㄏㄨㄢˋ","換","",,"換、換手、換句話說、換血、換取、換季、換約、換氣、換班、換湯不換藥、換新、換算、換錢","13","有教育部詞目","https://dict.concised.moe.edu.tw/searchP.jsp?SN=%E3%84%8F&SN2=%E3%84%8F%E3%84%A8%E3%84%A2%CB%8B&word=%E6%8F%9B"
"841","ㄑㄧㄤ","槍","",,"槍、槍手、槍托、槍把、槍決、槍身、槍林彈雨、槍枝、槍桿子、槍械、槍殺、槍靶、槍彈、槍膛、槍戰、槍擊、槍斃","17","有教育部詞目","https://dict.concised.moe.edu.tw/searchP.jsp?SN=%E3%84%91&SN2=%E3%84%91%E3%84%A7%E3%84%A4&word=%E6%A7%8D"
"842","ㄉㄨㄥˇ","懂","",,"懂、懂事","2","有教育部詞目","https://dict.concised.moe.edu.tw/searchP.jsp?SN=%E3%84%89&SN2=%E3%84%89%E3%84%A8%E3%84%A5%CB%87&word=%E6%87%82"
"843","ㄕㄥˊ","繩","",,"繩、繩子、繩之以法、繩索、繩結、繩墨、繩橋","7","有教育部詞目","https://dict.concised.moe.edu.tw/searchP.jsp?SN=%E3%84%95&SN2=%E3%84%95%E3%84%A5%CB%8A&word=%E7%B9%A9"
"844","ㄌㄡˋ","露","",,"露、露一手、露出、露出馬腳、露白、露面、露馬腳、露頭角、露臉","9","有教育部詞目","https://dict.concised.moe.edu.tw/searchP.jsp?SN=%E3%84%8C&SN2=%E3%84%8C%E3%84%A1%CB%8B&word=%E9%9C%B2"
"844","ㄌㄨˋ","露","",,"露、露天、露天電影、露天劇場、露水、露水夫妻、露珠、露骨、露宿、露臺、露營","11","有教育部詞目","https://dict.concised.moe.edu.tw/searchP.jsp?SN=%E3%84%8C&SN2=%E3%84%8C%E3%84%A8%CB%8B&word=%E9%9C%B2"
"845","ㄕㄡˋ","售","",,"售、售票、售票亭、售貨、售價、售罄","6","有教育部詞目","https://dict.concised.moe.edu.tw/searchP.jsp?SN=%E3%84%95&SN2=%E3%84%95%E3%84%A1%CB%8B&word=%E5%94%AE"
"846","ㄔㄚ","插","",,"插、插一腳、插手、插曲、插足、插枝、插花、插科打諢、插座、插班、插秧、插接、插畫、插隊、插腰、插話、插圖、插嘴、插播、插頭","20","有教育部詞目","https://dict.concised.moe.edu.tw/searchP.jsp?SN=%E3%84%94&SN2=%E3%84%94%E3%84%9A&word=%E6%8F%92"
"847","ㄅㄨˇ","補","",,"補、補丁、補正、補白、補考、補助、補品、補修、補校、補氣、補假、補救、補票、補習、補報、補發、補給、補貼、補葺、補課","20","有教育部詞目","https://dict.concised.moe.edu.tw/searchP.jsp?SN=%E3%84%85&SN2=%E3%84%85%E3%84%A8%CB%87&word=%E8%A3%9C"
"848","ㄑㄧㄤˊ","牆","",,"牆、牆角、牆垣、牆腳、牆壁、牆頭草","6","有教育部詞目","https://dict.concised.moe.edu.tw/searchP.jsp?SN=%E3%84%91&SN2=%E3%84%91%E3%84%A7%E3%84%A4%CB%8A&word=%E7%89%86"
"849","ㄏㄨㄞˋ","壞","",,"壞、壞人、壞死、壞血病、壞事、壞球、壞處、壞蛋、壞痞子、壞話","10","有教育部詞目","https://dict.concised.moe.edu.tw/searchP.jsp?SN=%E3%84%8F&SN2=%E3%84%8F%E3%84%A8%E3%84%9E%CB%8B&word=%E5%A3%9E"
"850","ㄆㄟˋ","配","",,"配、配方、配件、配合、配角、配套、配料、配售、配票、配備、配發、配給、配搭、配置、配飾、配對、配製、配戲、配戴、配額","20","有教育部詞目","https://dict.concised.moe.edu.tw/searchP.jsp?SN=%E3%84%86&SN2=%E3%84%86%E3%84%9F%CB%8B&word=%E9%85%8D"
"851","ㄔㄣˊ","陳","",,"陳、陳皮、陳列、陳年、陳事、陳述、陳情、陳設、陳陳相因、陳腔濫調、陳訴、陳義過高、陳跡、陳腐、陳請、陳舊","16","有教育部詞目","https://dict.concised.moe.edu.tw/searchP.jsp?SN=%E3%84%94&SN2=%E3%84%94%E3%84%A3%CB%8A&word=%E9%99%B3"
"852","ㄗ","資","",,"資、資方、資本、資本家、資本額、資助、資金、資政、資料、資格、資訊、資財、資深、資產、資源、資遣、資賦、資質、資歷、資優","20","有教育部詞目","https://dict.concised.moe.edu.tw/searchP.jsp?SN=%E3%84%97&SN2=%E3%84%97&word=%E8%B3%87"
"853","ㄎㄠˋ","靠","",,"靠、靠山、靠山吃山、靠不住、靠岸、靠近、靠背、靠得住、靠攏","9","有教育部詞目","https://dict.concised.moe.edu.tw/searchP.jsp?SN=%E3%84%8E&SN2=%E3%84%8E%E3%84%A0%CB%8B&word=%E9%9D%A0"
"854","ㄐㄧˋ","繼","",,"繼、繼子、繼父、繼母、繼任、繼位、繼志、繼往開來、繼承、繼室、繼續","11","有教育部詞目","https://dict.concised.moe.edu.tw/searchP.jsp?SN=%E3%84%90&SN2=%E3%84%90%E3%84%A7%CB%8B&word=%E7%B9%BC"
"855","ㄎㄚˇ","卡","",,"卡、卡介苗、卡片、卡式、卡車、卡其布、卡帶、卡通、卡路里、卡賓槍","10","有教育部詞目","https://dict.concised.moe.edu.tw/searchP.jsp?SN=%E3%84%8E&SN2=%E3%84%8E%E3%84%9A%CB%87&word=%E5%8D%A1"
"855","ㄑㄧㄚˇ","卡","",,"卡","1","有教育部詞目","https://dict.concised.moe.edu.tw/searchP.jsp?SN=%E3%84%91&SN2=%E3%84%91%E3%84%A7%E3%84%9A%CB%87&word=%E5%8D%A1"
"856","ㄏㄢˊ","含","",,"含、含血噴人、含沙射影、含辛茹苦、含括、含苞待放、含冤、含笑、含情、含淚、含羞、含羞草、含悲忍淚、含量、含意、含義、含飴弄孫、含蓄、含糊、含蘊","20","有教育部詞目","https://dict.concised.moe.edu.tw/searchP.jsp?SN=%E3%84%8F&SN2=%E3%84%8F%E3%84%A2%CB%8A&word=%E5%90%AB"
"857","ㄏㄠˊ","毫","",,"毫、毫不在意、毫不留情、毫不做作、毫不掩飾、毫不猶豫、毫不遜色、毫升、毫米、毫克、毫無、毫無二致、毫無忌憚、毫無章法、毫無節制、毫無機心、毫髮","17","有教育部詞目","https://dict.concised.moe.edu.tw/searchP.jsp?SN=%E3%84%8F&SN2=%E3%84%8F%E3%84%A0%CB%8A&word=%E6%AF%AB"
"858","ㄔㄨˇ","楚","",,"楚、楚囚相對、楚材晉用、楚河漢界、楚楚、楚楚可憐","6","有教育部詞目","https://dict.concised.moe.edu.tw/searchP.jsp?SN=%E3%84%94&SN2=%E3%84%94%E3%84%A8%CB%87&word=%E6%A5%9A"
"859","ㄉㄨㄟ","堆","",,"堆、堆肥、堆砌、堆棧、堆置、堆積、堆積如山、堆疊","8","有教育部詞目","https://dict.concised.moe.edu.tw/searchP.jsp?SN=%E3%84%89&SN2=%E3%84%89%E3%84%A8%E3%84%9F&word=%E5%A0%86"
"860","ㄆㄛ","潑","",,"潑、潑水、潑皮、潑冷水、潑婦、潑猴、潑辣、潑墨、潑灑","9","有教育部詞目","https://dict.concised.moe.edu.tw/searchP.jsp?SN=%E3%84%86&SN2=%E3%84%86%E3%84%9B&word=%E6%BD%91"
"861","ㄌㄨㄣˊ","輪","",,"輪、輪子、輪休、輪作、輪流、輪胎、輪值、輪班、輪迴、輪圈、輪船、輪換、輪替、輪渡、輪番、輪軸、輪廓、輪盤、輪調、輪機","20","有教育部詞目","https://dict.concised.moe.edu.tw/searchP.jsp?SN=%E3%84%8C&SN2=%E3%84%8C%E3%84%A8%E3%84%A3%CB%8A&word=%E8%BC%AA"
"862","ㄏㄨㄞˊ","懷","",,"懷、懷才不遇、懷古、懷孕、懷念、懷抱、懷恨、懷柔、懷鄉、懷疑、懷憂、懷璧其罪、懷舊","13","有教育部詞目","https://dict.concised.moe.edu.tw/searchP.jsp?SN=%E3%84%8F&SN2=%E3%84%8F%E3%84%A8%E3%84%9E%CB%8A&word=%E6%87%B7"
"863","ㄈㄟˊ","肥","",,"肥、肥大、肥水不落外人田、肥肉、肥壯、肥沃、肥皂、肥皂劇、肥肥胖胖、肥美、肥胖、肥料、肥缺、肥碩、肥頭大耳","15","有教育部詞目","https://dict.concised.moe.edu.tw/searchP.jsp?SN=%E3%84%88&SN2=%E3%84%88%E3%84%9F%CB%8A&word=%E8%82%A5"
"864","ㄐㄧㄚˇ","假","",,"假、假山、假牙、假仙、假如、假扮、假使、假定、假冒、假若、假借、假設、假造、假寐、假象、假想、假意、假裝、假髮、假釋","20","有教育部詞目","https://dict.concised.moe.edu.tw/searchP.jsp?SN=%E3%84%90&SN2=%E3%84%90%E3%84%A7%E3%84%9A%CB%87&word=%E5%81%87"
"864","ㄐㄧㄚˋ","假","",,"假、假日、假日花市、假期","4","有教育部詞目","https://dict.concised.moe.edu.tw/searchP.jsp?SN=%E3%84%90&SN2=%E3%84%90%E3%84%A7%E3%84%9A%CB%8B&word=%E5%81%87"
"865","ㄒㄧㄝˇ","血","",,"血、血本、血汗、血肉、血泊、血庫、血氣、血脈、血崩、血淚、血統、血塊、血腥、血跡、血管、血漿、血緣、血戰、血糖、血癌","20","有教育部詞目","https://dict.concised.moe.edu.tw/searchP.jsp?SN=%E3%84%92&SN2=%E3%84%92%E3%84%A7%E3%84%9D%CB%87&word=%E8%A1%80"
"866","ㄑㄧㄠˇ","悄","",,"悄、悄悄、悄悄話、悄然","4","有教育部詞目","https://dict.concised.moe.edu.tw/searchP.jsp?SN=%E3%84%91&SN2=%E3%84%91%E3%84%A7%E3%84%A0%CB%87&word=%E6%82%84"
"867","ㄐㄧㄢˇ","剪","剪刀",,"剪、剪刀、剪紙、剪除、剪接、剪票、剪報、剪裁、剪貼、剪綵、剪影、剪輯","12","有教育部詞目","https://dict.concised.moe.edu.tw/searchP.jsp?SN=%E3%84%90&SN2=%E3%84%90%E3%84%A7%E3%84%A2%CB%87&word=%E5%89%AA"
"868","ㄓㄤˇ","掌","",,"掌、掌上明珠、掌上型掃描器、掌上型電腦、掌中戲、掌心、掌印、掌門人、掌故、掌控、掌理、掌舵、掌握、掌管、掌嘴、掌聲、掌櫃、掌權","18","有教育部詞目","https://dict.concised.moe.edu.tw/searchP.jsp?SN=%E3%84%93&SN2=%E3%84%93%E3%84%A4%CB%87&word=%E6%8E%8C"
"869","ㄅㄧˋ","必","",,"必、必必剝剝、必定、必要、必修、必備、必然、必須、必需、必需品","10","有教育部詞目","https://dict.concised.moe.edu.tw/searchP.jsp?SN=%E3%84%85&SN2=%E3%84%85%E3%84%A7%CB%8B&word=%E5%BF%85"
"870","ㄕㄡˇ","守","",,"守、守分、守成、守孝、守制、守法、守信、守則、守候、守宮、守時、守密、守備、守喪、守勢、守節、守寡、守舊、守護、守靈","20","有教育部詞目","https://dict.concised.moe.edu.tw/searchP.jsp?SN=%E3%84%95&SN2=%E3%84%95%E3%84%A1%CB%87&word=%E5%AE%88"
"871","ㄅㄛ","波","",,"波、波及、波光、波光粼粼、波光蕩漾、波折、波長、波浪、波紋、波動、波濤、波濤洶湧、波羅、波羅蜜、波瀾、波瀾壯闊、波霸","17","有教育部詞目","https://dict.concised.moe.edu.tw/searchP.jsp?SN=%E3%84%85&SN2=%E3%84%85%E3%84%9B&word=%E6%B3%A2"
"872","ㄒㄧㄥˇ","省","",,"省、省事、省思、省悟、省親","5","有教育部詞目","https://dict.concised.moe.edu.tw/searchP.jsp?SN=%E3%84%92&SN2=%E3%84%92%E3%84%A7%E3%84%A5%CB%87&word=%E7%9C%81"
"872","ㄕㄥˇ","省","",,"省、省力、省下、省分、省立、省吃儉用、省事、省府、省油的燈、省長、省卻、省城、省政、省時、省略、省會、省道、省電、省錢、省籍","20","有教育部詞目","https://dict.concised.moe.edu.tw/searchP.jsp?SN=%E3%84%95&SN2=%E3%84%95%E3%84%A5%CB%87&word=%E7%9C%81"
"873","ㄊㄨㄟˇ","腿","",,"腿、腿法、腿骨","3","有教育部詞目","https://dict.concised.moe.edu.tw/searchP.jsp?SN=%E3%84%8A&SN2=%E3%84%8A%E3%84%A8%E3%84%9F%CB%87&word=%E8%85%BF"
"874","ㄅㄧㄥˇ","餅","餅乾",,"餅、餅乾","2","有教育部詞目","https://dict.concised.moe.edu.tw/searchP.jsp?SN=%E3%84%85&SN2=%E3%84%85%E3%84%A7%E3%84%A5%CB%87&word=%E9%A4%85"
"875","ㄒㄧㄥˋ","幸","",,"幸、幸好、幸而、幸災樂禍、幸甚、幸運、幸福、幸虧","8","有教育部詞目","https://dict.concised.moe.edu.tw/searchP.jsp?SN=%E3%84%92&SN2=%E3%84%92%E3%84%A7%E3%84%A5%CB%8B&word=%E5%B9%B8"
"876","ㄍㄡˋ","夠","",,"夠、夠本、夠交情、夠味、夠朋友、夠勁、夠面子、夠格","8","有教育部詞目","https://dict.concised.moe.edu.tw/searchP.jsp?SN=%E3%84%8D&SN2=%E3%84%8D%E3%84%A1%CB%8B&word=%E5%A4%A0"
"877","ㄔㄣˊ","晨","",,"晨、晨光、晨昏、晨風、晨跑、晨曦","6","有教育部詞目","https://dict.concised.moe.edu.tw/searchP.jsp?SN=%E3%84%94&SN2=%E3%84%94%E3%84%A3%CB%8A&word=%E6%99%A8"
"878","ㄏㄥˊ","橫","",,"橫、橫切、橫生、橫亙、橫列、橫向、橫肉、橫行、橫剖面、橫掃、橫梁、橫笛、橫貫、橫幅、橫渡、橫越、橫跨、橫寫、橫豎、橫斷面","20","有教育部詞目","https://dict.concised.moe.edu.tw/searchP.jsp?SN=%E3%84%8F&SN2=%E3%84%8F%E3%84%A5%CB%8A&word=%E6%A9%AB"
"878","ㄏㄥˋ","橫","",,"橫、橫加、橫死、橫行、橫行霸道、橫流、橫財、橫禍","8","有教育部詞目","https://dict.concised.moe.edu.tw/searchP.jsp?SN=%E3%84%8F&SN2=%E3%84%8F%E3%84%A5%CB%8B&word=%E6%A9%AB"
"879","ㄐㄧㄝˇ","姐","姐姐",,"姐、姐夫、姐妹、姐妹花、姐姐","5","有教育部詞目","https://dict.concised.moe.edu.tw/searchP.jsp?SN=%E3%84%90&SN2=%E3%84%90%E3%84%A7%E3%84%9D%CB%87&word=%E5%A7%90"
"880","ㄅㄛ","撥","",,"撥、撥冗、撥付、撥出、撥打、撥用、撥交、撥弄、撥動、撥款、撥發、撥開、撥雲見日、撥亂反正","14","有教育部詞目","https://dict.concised.moe.edu.tw/searchP.jsp?SN=%E3%84%85&SN2=%E3%84%85%E3%84%9B&word=%E6%92%A5"
"881","ㄧ","依","",,"依、依存、依次、依序、依法、依附、依時、依託、依從、依傍、依循、依然、依稀、依照、依靠、依據、依賴、依歸、依舊、依戀","20","有教育部詞目","https://dict.concised.moe.edu.tw/searchP.jsp?SN=%E3%84%A7&SN2=%E3%84%A7&word=%E4%BE%9D"
"882","ㄍㄨ","姑","",,"姑、姑丈、姑且、姑母、姑姑、姑表、姑娘、姑息、姑息養奸、姑婆、姑媽、姑嫂、姑爺","13","有教育部詞目","https://dict.concised.moe.edu.tw/searchP.jsp?SN=%E3%84%8D&SN2=%E3%84%8D%E3%84%A8&word=%E5%A7%91"
"883","ㄊㄤˊ","糖","",,"糖、糖分、糖水、糖衣、糖尿病、糖果、糖葫蘆、糖精、糖蜜、糖廠、糖漿","11","有教育部詞目","https://dict.concised.moe.edu.tw/searchP.jsp?SN=%E3%84%8A&SN2=%E3%84%8A%E3%84%A4%CB%8A&word=%E7%B3%96"
"884","ㄌㄢˊ","蘭","",,"蘭、蘭花、蘭草、蘭陽平原、蘭園、蘭嶼","6","有教育部詞目","https://dict.concised.moe.edu.tw/searchP.jsp?SN=%E3%84%8C&SN2=%E3%84%8C%E3%84%A2%CB%8A&word=%E8%98%AD"
"885","ㄐㄧㄡˇ","久","",,"久、久久、久仰、久而久之、久別、久旱不雨、久旱逢甘霖、久候、久留、久病成良醫、久病成醫、久違、久遠","13","有教育部詞目","https://dict.concised.moe.edu.tw/searchP.jsp?SN=%E3%84%90&SN2=%E3%84%90%E3%84%A7%E3%84%A1%CB%87&word=%E4%B9%85"
"886","ㄐㄧㄡˋ","究","",,"究、究竟、究辦","3","有教育部詞目","https://dict.concised.moe.edu.tw/searchP.jsp?SN=%E3%84%90&SN2=%E3%84%90%E3%84%A7%E3%84%A1%CB%8B&word=%E7%A9%B6"
"887","ㄏㄨ","虎","",,"虎、虎入羊群、虎口、虎口餘生、虎父無犬子、虎牙、虎穴、虎虎生風、虎威、虎背熊腰、虎將、虎視眈眈、虎落平陽被犬欺、虎頭蛇尾、虎頭蜂","15","有教育部詞目","https://dict.concised.moe.edu.tw/searchP.jsp?SN=%E3%84%8F&SN2=%E3%84%8F%E3%84%A8&word=%E8%99%8E"
"887","ㄏㄨˇ","虎","",,"虎、虎入羊群、虎口、虎口餘生、虎父無犬子、虎牙、虎穴、虎虎生風、虎威、虎背熊腰、虎將、虎視眈眈、虎落平陽被犬欺、虎頭蛇尾、虎頭蜂","15","有教育部詞目","https://dict.concised.moe.edu.tw/searchP.jsp?SN=%E3%84%8F&SN2=%E3%84%8F%E3%84%A8%CB%87&word=%E8%99%8E"
"888","ㄒㄧㄤˋ","橡","橡皮",,"橡、橡皮、橡皮筋、橡皮艇、橡皮圖章、橡皮擦、橡膠、橡樹","8","有教育部詞目","https://dict.concised.moe.edu.tw/searchP.jsp?SN=%E3%84%92&SN2=%E3%84%92%E3%84%A7%E3%84%A4%CB%8B&word=%E6%A9%A1"
"889","ㄙ","司","",,"司、司令、司令臺、司法、司空見慣、司徒、司馬、司儀、司機","9","有教育部詞目","https://dict.concised.moe.edu.tw/searchP.jsp?SN=%E3%84%99&SN2=%E3%84%99&word=%E5%8F%B8"
"890","ㄅㄧㄥ","冰","冰棒",,"冰、冰刀、冰冷、冰河、冰封、冰凍、冰涼、冰袋、冰雪、冰帽、冰棒、冰窖、冰塊、冰雹、冰箱、冰鞋、冰糖、冰雕、冰點、冰釋","20","有教育部詞目","https://dict.concised.moe.edu.tw/searchP.jsp?SN=%E3%84%85&SN2=%E3%84%85%E3%84%A7%E3%84%A5&word=%E5%86%B0"
"891","ㄕㄠ","稍","",,"稍、稍占上風、稍事、稍後、稍候、稍息、稍稍、稍微、稍縱即逝","9","有教育部詞目","https://dict.concised.moe.edu.tw/searchP.jsp?SN=%E3%84%95&SN2=%E3%84%95%E3%84%A0&word=%E7%A8%8D"
"892","ㄐㄧㄣˋ","盡","",,"盡、盡人事、盡力、盡力而為、盡心盡力、盡可能、盡快、盡其在我、盡其所能、盡忠、盡忠職守、盡情、盡責、盡善盡美、盡量、盡義務、盡興、盡頭、盡職、盡歡","20","有教育部詞目","https://dict.concised.moe.edu.tw/searchP.jsp?SN=%E3%84%90&SN2=%E3%84%90%E3%84%A7%E3%84%A3%CB%8B&word=%E7%9B%A1"
"893","ㄏㄨˊ","湖","",,"湖、湖光山色、湖沼、湖泊、湖畔","5","有教育部詞目","https://dict.concised.moe.edu.tw/searchP.jsp?SN=%E3%84%8F&SN2=%E3%84%8F%E3%84%A8%CB%8A&word=%E6%B9%96"
"894","ㄙㄨˋ","訴","",,"訴、訴求、訴狀、訴苦、訴冤、訴訟、訴說、訴請、訴願","9","有教育部詞目","https://dict.concised.moe.edu.tw/searchP.jsp?SN=%E3%84%99&SN2=%E3%84%99%E3%84%A8%CB%8B&word=%E8%A8%B4"
"895","ㄩˋ","玉","",,"玉、玉人、玉手、玉石、玉成、玉米、玉兔、玉帝、玉皇大帝、玉音、玉珮、玉照、玉碎、玉蜀黍、玉飾、玉衡、玉璽、玉蘭、玉蘭花、玉體","20","有教育部詞目","https://dict.concised.moe.edu.tw/searchP.jsp?SN=%E3%84%A9&SN2=%E3%84%A9%CB%8B&word=%E7%8E%89"
"896","ㄓˊ","值","",,"值、值日、值夜、值星、值班、值得、值勤、值錢","8","有教育部詞目","https://dict.concised.moe.edu.tw/searchP.jsp?SN=%E3%84%93&SN2=%E3%84%93%CB%8A&word=%E5%80%BC"
"897","ㄒㄧˊ","席","",,"席、席不暇暖、席地而坐、席次、席位、席捲","6","有教育部詞目","https://dict.concised.moe.edu.tw/searchP.jsp?SN=%E3%84%92&SN2=%E3%84%92%E3%84%A7%CB%8A&word=%E5%B8%AD"
"898","ㄐㄧ","基","",,"基、基本、基本工資、基石、基因、基地、基肥、基金、基金會、基座、基業、基準、基督、基督教、基層、基數、基點、基礎","18","有教育部詞目","https://dict.concised.moe.edu.tw/searchP.jsp?SN=%E3%84%90&SN2=%E3%84%90%E3%84%A7&word=%E5%9F%BA"
"899","ㄕˋ","勢","",,"勢、勢力、勢不可當、勢不兩立、勢不得已、勢必、勢同水火、勢在必行、勢如破竹、勢利、勢利眼、勢均力敵","12","有教育部詞目","https://dict.concised.moe.edu.tw/searchP.jsp?SN=%E3%84%95&SN2=%E3%84%95%CB%8B&word=%E5%8B%A2"
"900","ㄖㄠˋ","繞","",,"繞、繞口令、繞行、繞圈子、繞梁三日、繞道、繞境","7","有教育部詞目","https://dict.concised.moe.edu.tw/searchP.jsp?SN=%E3%84%96&SN2=%E3%84%96%E3%84%A0%CB%8B&word=%E7%B9%9E"
"901","ㄧㄢˊ","顏","",,"顏、顏色、顏面、顏料","4","有教育部詞目","https://dict.concised.moe.edu.tw/searchP.jsp?SN=%E3%84%A7&SN2=%E3%84%A7%E3%84%A2%CB%8A&word=%E9%A1%8F"
"902","ㄐㄧㄚˇ","夏","",,"夏、夏楚","2","有教育部詞目","https://dict.concised.moe.edu.tw/searchP.jsp?SN=%E3%84%90&SN2=%E3%84%90%E3%84%A7%E3%84%9A%CB%87&word=%E5%A4%8F"
"902","ㄒㄧㄚˋ","夏","",,"夏、夏天、夏日、夏令、夏令時間、夏令營、夏至、夏季、夏裝","9","有教育部詞目","https://dict.concised.moe.edu.tw/searchP.jsp?SN=%E3%84%92&SN2=%E3%84%92%E3%84%A7%E3%84%9A%CB%8B&word=%E5%A4%8F"
"903","ㄍㄡˋ","構","",,"構、構成、構思、構怨、構造、構陷、構想、構圖、構築","9","有教育部詞目","https://dict.concised.moe.edu.tw/searchP.jsp?SN=%E3%84%8D&SN2=%E3%84%8D%E3%84%A1%CB%8B&word=%E6%A7%8B"
"904","ㄐㄧㄝˋ","介","",,"介、介入、介面卡、介紹、介殼、介詞、介意","7","有教育部詞目","https://dict.concised.moe.edu.tw/searchP.jsp?SN=%E3%84%90&SN2=%E3%84%90%E3%84%A7%E3%84%9D%CB%8B&word=%E4%BB%8B"
"905","ㄢˋ","岸","",,"岸、岸然、岸邊","3","有教育部詞目","https://dict.concised.moe.edu.tw/searchP.jsp?SN=%E3%84%A2&SN2=%E3%84%A2%CB%8B&word=%E5%B2%B8"
"906","ㄐㄧㄥˋ","鏡","",,"鏡、鏡子、鏡片、鏡花水月、鏡框、鏡頭","6","有教育部詞目","https://dict.concised.moe.edu.tw/searchP.jsp?SN=%E3%84%90&SN2=%E3%84%90%E3%84%A7%E3%84%A5%CB%8B&word=%E9%8F%A1"
"907","ㄍㄡˇ","狗","",,"狗、狗仗人勢、狗皮膏藥、狗血淋頭、狗尾草、狗屁不通、狗急跳牆、狗苟蠅營、狗拿耗子、狗熊、狗腿子、狗頭軍師","12","有教育部詞目","https://dict.concised.moe.edu.tw/searchP.jsp?SN=%E3%84%8D&SN2=%E3%84%8D%E3%84%A1%CB%87&word=%E7%8B%97"
"908","ㄅㄤˋ","棒","",,"棒、棒子、棒球、棒球卡、棒球場、棒球隊、棒球賽、棒喝、棒槌、棒壇","10","有教育部詞目","https://dict.concised.moe.edu.tw/searchP.jsp?SN=%E3%84%85&SN2=%E3%84%85%E3%84%A4%CB%8B&word=%E6%A3%92"
"909","ㄨㄟˊ","微","",,"微、微小、微妙、微卷、微服、微波、微波爐、微型、微風、微弱、微笑、微粒、微詞、微量、微微、微電腦、微積分、微薄、微曦、微醺","20","有教育部詞目","https://dict.concised.moe.edu.tw/searchP.jsp?SN=%E3%84%A8&SN2=%E3%84%A8%E3%84%9F%CB%8A&word=%E5%BE%AE"
"910","ㄌㄤˋ","浪","",,"浪、浪人、浪子、浪板、浪花、浪費、浪跡天涯、浪漫、浪漫主義、浪潮、浪頭、浪濤","12","有教育部詞目","https://dict.concised.moe.edu.tw/searchP.jsp?SN=%E3%84%8C&SN2=%E3%84%8C%E3%84%A4%CB%8B&word=%E6%B5%AA"
"911","ㄌㄧˊ","梨","",,"梨、梨子、梨渦、梨園、梨樹","5","有教育部詞目","https://dict.concised.moe.edu.tw/searchP.jsp?SN=%E3%84%8C&SN2=%E3%84%8C%E3%84%A7%CB%8A&word=%E6%A2%A8"
"912","ㄨㄚ","蛙","",,"蛙、蛙人操、蛙式、蛙鳴、蛙鏡","5","有教育部詞目","https://dict.concised.moe.edu.tw/searchP.jsp?SN=%E3%84%A8&SN2=%E3%84%A8%E3%84%9A&word=%E8%9B%99"
"913","ㄩㄥˇ","永","",,"永、永久、永世、永生、永字八法、永別、永垂不朽、永夜、永恆、永眠、永晝、永結同心、永遠","13","有教育部詞目","https://dict.concised.moe.edu.tw/searchP.jsp?SN=%E3%84%A9&SN2=%E3%84%A9%E3%84%A5%CB%87&word=%E6%B0%B8"
"914","ㄚ","阿","",,"阿、阿公、阿米巴、阿米巴痢疾、阿兵哥、阿拉、阿拉伯數字、阿門、阿姨、阿訇、阿飛、阿修羅、阿茨海默症、阿婆、阿莎力、阿斯匹靈、阿摩尼亞","17","有教育部詞目","https://dict.concised.moe.edu.tw/searchP.jsp?SN=%E3%84%9A&SN2=%E3%84%9A&word=%E9%98%BF"
"914","ㄜ","阿","",,"阿、阿兵哥、阿諛","3","有教育部詞目","https://dict.concised.moe.edu.tw/searchP.jsp?SN=%E3%84%9C&SN2=%E3%84%9C&word=%E9%98%BF"
"915","ㄊㄧㄢˊ","甜","",,"甜、甜八寶、甜不辣、甜心、甜瓜、甜言蜜語、甜度、甜美、甜食、甜甜圈、甜湯、甜菜、甜蜜、甜辣醬、甜膩、甜頭、甜點","17","有教育部詞目","https://dict.concised.moe.edu.tw/searchP.jsp?SN=%E3%84%8A&SN2=%E3%84%8A%E3%84%A7%E3%84%A2%CB%8A&word=%E7%94%9C"
"916","ㄆㄧㄥˊ","評","",,"評、評介、評分、評估、評判、評定、評析、評述、評理、評量、評傳、評語、評價、評審、評論、評選、評頭論足、評斷、評議、評鑑","20","有教育部詞目","https://dict.concised.moe.edu.tw/searchP.jsp?SN=%E3%84%86&SN2=%E3%84%86%E3%84%A7%E3%84%A5%CB%8A&word=%E8%A9%95"
"917","ㄌㄡˊ","樓","",,"樓、樓上、樓下、樓中樓、樓宇、樓房、樓板、樓梯、樓船、樓頂、樓窗、樓臺、樓閣、樓層","14","有教育部詞目","https://dict.concised.moe.edu.tw/searchP.jsp?SN=%E3%84%8C&SN2=%E3%84%8C%E3%84%A1%CB%8A&word=%E6%A8%93"
"918","ㄌㄧˇ","禮","",,"禮、禮車、禮制、禮券、禮服、禮金、禮俗、禮品、禮拜、禮炮、禮堂、禮教、禮盒、禮帽、禮節、禮聘、禮貌、禮數、禮讓、禮讚","20","有教育部詞目","https://dict.concised.moe.edu.tw/searchP.jsp?SN=%E3%84%8C&SN2=%E3%84%8C%E3%84%A7%CB%87&word=%E7%A6%AE"
"919","ㄒㄧㄢˇ","顯","",,"顯、顯示、顯考、顯而易見、顯妣、顯見、顯明、顯要、顯現、顯眼、顯然、顯著、顯貴、顯微手術、顯微鏡、顯達、顯赫、顯耀、顯露、顯靈","20","有教育部詞目","https://dict.concised.moe.edu.tw/searchP.jsp?SN=%E3%84%92&SN2=%E3%84%92%E3%84%A7%E3%84%A2%CB%87&word=%E9%A1%AF"
"920","ㄎㄤˋ","抗","",,"抗、抗生素、抗告、抗命、抗拒、抗爭、抗氧化劑、抗組織胺、抗憂鬱藥、抗敵、抗暴、抗凝血劑、抗衡、抗議、抗議書、抗辯、抗體","17","有教育部詞目","https://dict.concised.moe.edu.tw/searchP.jsp?SN=%E3%84%8E&SN2=%E3%84%8E%E3%84%A4%CB%8B&word=%E6%8A%97"
"921","ㄑㄩˋ","趣","",,"趣、趣事、趣味、趣聞、趣談","5","有教育部詞目","https://dict.concised.moe.edu.tw/searchP.jsp?SN=%E3%84%91&SN2=%E3%84%91%E3%84%A9%CB%8B&word=%E8%B6%A3"
"921","ㄘㄨˋ","趣","",,"趣","1","有教育部詞目","https://dict.concised.moe.edu.tw/searchP.jsp?SN=%E3%84%98&SN2=%E3%84%98%E3%84%A8%CB%8B&word=%E8%B6%A3"
"922","ㄌㄨㄛˊ","羅","",,"羅、羅列、羅宋湯、羅致、羅扇、羅浮宮、羅馬數字、羅曼史、羅曼蒂克、羅漢、羅盤、羅織","12","有教育部詞目","https://dict.concised.moe.edu.tw/searchP.jsp?SN=%E3%84%8C&SN2=%E3%84%8C%E3%84%A8%E3%84%9B%CB%8A&word=%E7%BE%85"
"923","ㄏㄨㄟ","灰","",,"灰、灰心、灰心喪氣、灰白、灰色、灰姑娘、灰飛煙滅、灰暗、灰塵、灰頭土臉、灰濛濛、灰燼","12","有教育部詞目","https://dict.concised.moe.edu.tw/searchP.jsp?SN=%E3%84%8F&SN2=%E3%84%8F%E3%84%A8%E3%84%9F&word=%E7%81%B0"
"924","ㄓㄞˋ","柴","",,"柴","1","有教育部詞目","https://dict.concised.moe.edu.tw/searchP.jsp?SN=%E3%84%93&SN2=%E3%84%93%E3%84%9E%CB%8B&word=%E6%9F%B4"
"924","ㄔㄞˊ","柴","",,"柴、柴火、柴米油鹽、柴油、柴扉、柴薪","6","有教育部詞目","https://dict.concised.moe.edu.tw/searchP.jsp?SN=%E3%84%94&SN2=%E3%84%94%E3%84%9E%CB%8A&word=%E6%9F%B4"
"925","ㄊㄠˊ","桃","",,"桃、桃子、桃太郎、桃色、桃色糾紛、桃李、桃李不言，下自成蹊、桃李滿天下、桃花、桃花劫、桃花眼、桃花源、桃花運、桃紅、桃紅柳綠、桃符、桃園結義、桃源","18","有教育部詞目","https://dict.concised.moe.edu.tw/searchP.jsp?SN=%E3%84%8A&SN2=%E3%84%8A%E3%84%A0%CB%8A&word=%E6%A1%83"
"926","ㄔㄨㄤ","窗","窗戶",,"窗、窗戶、窗帘、窗明几淨、窗簾、窗櫺","6","有教育部詞目","https://dict.concised.moe.edu.tw/searchP.jsp?SN=%E3%84%94&SN2=%E3%84%94%E3%84%A8%E3%84%A4&word=%E7%AA%97"
"927","ㄔˊ","池","",,"池、池中物、池魚之殃、池塘","4","有教育部詞目","https://dict.concised.moe.edu.tw/searchP.jsp?SN=%E3%84%94&SN2=%E3%84%94%CB%8A&word=%E6%B1%A0"
"928","ㄆㄢˋ","判","",,"判、判刑、判別、判決、判決書、判例、判定、判若兩人、判處、判罪、判斷、判斷力","12","有教育部詞目","https://dict.concised.moe.edu.tw/searchP.jsp?SN=%E3%84%86&SN2=%E3%84%86%E3%84%A2%CB%8B&word=%E5%88%A4"
"929","ㄏㄨ","忽","",,"忽、忽地、忽略、忽視、忽然、忽隱忽現","6","有教育部詞目","https://dict.concised.moe.edu.tw/searchP.jsp?SN=%E3%84%8F&SN2=%E3%84%8F%E3%84%A8&word=%E5%BF%BD"
"930","ㄏㄡˋ","厚","",,"厚、厚此薄彼、厚利、厚度、厚重、厚望、厚愛、厚道、厚誣、厚臉皮、厚薄、厚顏、厚顏無恥","13","有教育部詞目","https://dict.concised.moe.edu.tw/searchP.jsp?SN=%E3%84%8F&SN2=%E3%84%8F%E3%84%A1%CB%8B&word=%E5%8E%9A"
"931","ㄔㄨㄤ","創","",,"創、創下、創口、創刊、創立、創作、創見、創制、創始、創建、創痕、創設、創造、創痛、創傷、創意、創新、創舉、創辦","19","有教育部詞目","https://dict.concised.moe.edu.tw/searchP.jsp?SN=%E3%84%94&SN2=%E3%84%94%E3%84%A8%E3%84%A4&word=%E5%89%B5"
"931","ㄔㄨㄤˋ","創","",,"創、創下、創世紀、創刊、創立、創作、創見、創制、創制權、創始、創建、創紀錄、創設、創造、創意、創意指導、創新、創業、創舉、創辦","20","有教育部詞目","https://dict.concised.moe.edu.tw/searchP.jsp?SN=%E3%84%94&SN2=%E3%84%94%E3%84%A8%E3%84%A4%CB%8B&word=%E5%89%B5"
"932","ㄩˋ","預","",,"預、預卜、預付、預兆、預估、預告、預見、預防、預定、預訂、預計、預借、預料、預留、預備、預報、預感、預謀、預購、預繳","20","有教育部詞目","https://dict.concised.moe.edu.tw/searchP.jsp?SN=%E3%84%A9&SN2=%E3%84%A9%CB%8B&word=%E9%A0%90"
"933","ㄈㄥ","鋒","",,"鋒、鋒刃、鋒利、鋒芒、鋒面、鋒頭","6","有教育部詞目","https://dict.concised.moe.edu.tw/searchP.jsp?SN=%E3%84%88&SN2=%E3%84%88%E3%84%A5&word=%E9%8B%92"
"934","ㄇㄟˋ","妹","",,"妹、妹夫、妹妹、妹婿","4","有教育部詞目","https://dict.concised.moe.edu.tw/searchP.jsp?SN=%E3%84%87&SN2=%E3%84%87%E3%84%9F%CB%8B&word=%E5%A6%B9"
"935","ㄋㄧㄤˊ","娘","",,"娘、娘子、娘子軍、娘娘、娘家","5","有教育部詞目","https://dict.concised.moe.edu.tw/searchP.jsp?SN=%E3%84%8B&SN2=%E3%84%8B%E3%84%A7%E3%84%A4%CB%8A&word=%E5%A8%98"
"936","ㄓㄤ","章","",,"章、章句、章回小說、章法、章魚、章程、章節","7","有教育部詞目","https://dict.concised.moe.edu.tw/searchP.jsp?SN=%E3%84%93&SN2=%E3%84%93%E3%84%A4&word=%E7%AB%A0"
"937","ㄋㄨㄢˇ","暖","",,"暖、暖冬、暖色調、暖身、暖身運動、暖和、暖房、暖洋洋、暖流、暖風、暖氣、暖氣機、暖意、暖暖、暖壽、暖調、暖鋒、暖爐","18","有教育部詞目","https://dict.concised.moe.edu.tw/searchP.jsp?SN=%E3%84%8B&SN2=%E3%84%8B%E3%84%A8%E3%84%A2%CB%87&word=%E6%9A%96"
"937","ㄒㄩㄢ","暖","",,"暖、暖暖","2","有教育部詞目","https://dict.concised.moe.edu.tw/searchP.jsp?SN=%E3%84%92&SN2=%E3%84%92%E3%84%A9%E3%84%A2&word=%E6%9A%96"
"938","ㄨㄢ","彎","",,"彎、彎曲、彎度、彎腰駝背、彎道、彎彎曲曲","6","有教育部詞目","https://dict.concised.moe.edu.tw/searchP.jsp?SN=%E3%84%A8&SN2=%E3%84%A8%E3%84%A2&word=%E5%BD%8E"
"939","ㄈㄢˋ","飯","",,"飯、飯局、飯來張口，茶來伸手、飯店、飯食、飯桌、飯桶、飯盒、飯量、飯碗、飯館、飯鍋、飯廳","13","有教育部詞目","https://dict.concised.moe.edu.tw/searchP.jsp?SN=%E3%84%88&SN2=%E3%84%88%E3%84%A2%CB%8B&word=%E9%A3%AF"
"940","ㄐㄧㄣˇ","僅","",,"僅、僅有、僅僅","3","有教育部詞目","https://dict.concised.moe.edu.tw/searchP.jsp?SN=%E3%84%90&SN2=%E3%84%90%E3%84%A7%E3%84%A3%CB%87&word=%E5%83%85"
"941","ㄐㄧㄢˋ","箭","",,"箭、箭也似的、箭在弦上、箭竹、箭步、箭術、箭無虛發、箭靶","8","有教育部詞目","https://dict.concised.moe.edu.tw/searchP.jsp?SN=%E3%84%90&SN2=%E3%84%90%E3%84%A7%E3%84%A2%CB%8B&word=%E7%AE%AD"
"942","ㄜˊ","鵝","",,"鵝、鵝卵石、鵝黃、鵝黃色","4","有教育部詞目","https://dict.concised.moe.edu.tw/searchP.jsp?SN=%E3%84%9C&SN2=%E3%84%9C%CB%8A&word=%E9%B5%9D"
"943","ㄐㄧˊ","即","",,"即、即今、即日、即可、即位、即使、即刻、即席、即時、即將、即興","11","有教育部詞目","https://dict.concised.moe.edu.tw/searchP.jsp?SN=%E3%84%90&SN2=%E3%84%90%E3%84%A7%CB%8A&word=%E5%8D%B3"
"944","ㄅㄛ","玻","",,"玻、玻璃、玻璃紙、玻璃帷幕、玻璃絲襪、玻璃纖維","6","有教育部詞目","https://dict.concised.moe.edu.tw/searchP.jsp?SN=%E3%84%85&SN2=%E3%84%85%E3%84%9B&word=%E7%8E%BB"
"945","ㄇㄚˊ","麻","",,"麻、麻子、麻木、麻木不仁、麻衣相法、麻油、麻疹、麻紗、麻將、麻雀、麻雀雖小，五臟俱全、麻煩、麻痺、麻醉、麻醉劑、麻醉藥品、麻糬、麻繩、麻藥","19","有教育部詞目","https://dict.concised.moe.edu.tw/searchP.jsp?SN=%E3%84%87&SN2=%E3%84%87%E3%84%9A%CB%8A&word=%E9%BA%BB"
"946","ㄐㄩㄝˊ","絕","",,"絕、絕口、絕不、絕代、絕地、絕妙、絕命、絕版、絕非、絕後、絕活、絕倫、絕配、絕頂、絕筆、絕滅、絕跡、絕路、絕對、絕壁","20","有教育部詞目","https://dict.concised.moe.edu.tw/searchP.jsp?SN=%E3%84%90&SN2=%E3%84%90%E3%84%A9%E3%84%9D%CB%8A&word=%E7%B5%95"
"947","ㄏㄞ","嗨","",,"嗨","1","有教育部詞目","https://dict.concised.moe.edu.tw/searchP.jsp?SN=%E3%84%8F&SN2=%E3%84%8F%E3%84%9E&word=%E5%97%A8"
"948","ㄐㄧㄥˋ","敬","",,"敬、敬上、敬仰、敬老尊賢、敬而遠之、敬佩、敬奉、敬畏、敬重、敬祝、敬啟者、敬陪末座、敬詞、敬意、敬愛、敬業、敬業樂群、敬請、敬謝不敏、敬禮","20","有教育部詞目","https://dict.concised.moe.edu.tw/searchP.jsp?SN=%E3%84%90&SN2=%E3%84%90%E3%84%A7%E3%84%A5%CB%8B&word=%E6%95%AC"
"949","ㄌㄧˊ","璃","",,"璃","1","有教育部詞目","https://dict.concised.moe.edu.tw/searchP.jsp?SN=%E3%84%8C&SN2=%E3%84%8C%E3%84%A7%CB%8A&word=%E7%92%83"
"950","ㄉㄨㄥˋ","洞","",,"洞、洞天、洞天福地、洞穴、洞見、洞房、洞房花燭夜、洞穿、洞悉、洞開、洞窟、洞察、洞察機先、洞徹、洞曉、洞燭、洞燭機先、洞簫","18","有教育部詞目","https://dict.concised.moe.edu.tw/searchP.jsp?SN=%E3%84%89&SN2=%E3%84%89%E3%84%A8%E3%84%A5%CB%8B&word=%E6%B4%9E"
"950","ㄊㄨㄥˊ","洞","",,"洞","1","有教育部詞目","https://dict.concised.moe.edu.tw/searchP.jsp?SN=%E3%84%8A&SN2=%E3%84%8A%E3%84%A8%E3%84%A5%CB%8A&word=%E6%B4%9E"
"951","ㄕㄨˋ","述","",,"述、述說、述職","3","有教育部詞目","https://dict.concised.moe.edu.tw/searchP.jsp?SN=%E3%84%95&SN2=%E3%84%95%E3%84%A8%CB%8B&word=%E8%BF%B0"
"952","ㄕㄨˇ","鼠","",,"鼠、鼠目、鼠目寸光、鼠疫、鼠輩、鼠蹊、鼠竄","7","有教育部詞目","https://dict.concised.moe.edu.tw/searchP.jsp?SN=%E3%84%95&SN2=%E3%84%95%E3%84%A8%CB%87&word=%E9%BC%A0"
"953","ㄅㄧˋ","壁","",,"壁、壁上觀、壁花、壁虎、壁紙、壁報、壁畫、壁燈、壁壘、壁壘分明、壁櫥、壁爐","12","有教育部詞目","https://dict.concised.moe.edu.tw/searchP.jsp?SN=%E3%84%85&SN2=%E3%84%85%E3%84%A7%CB%8B&word=%E5%A3%81"
"954","ㄐㄧㄢˇ","檢","",,"檢、檢方、檢字、檢定、檢查、檢疫、檢修、檢索、檢討、檢討會、檢視、檢場、檢測、檢肅、檢察、檢閱、檢舉、檢點、檢覈、檢驗","20","有教育部詞目","https://dict.concised.moe.edu.tw/searchP.jsp?SN=%E3%84%90&SN2=%E3%84%90%E3%84%A7%E3%84%A2%CB%87&word=%E6%AA%A2"
"955","ㄈㄢ","翻","",,"翻、翻天、翻本、翻車、翻供、翻版、翻修、翻起、翻動、翻唱、翻船、翻湧、翻開、翻新、翻滾、翻臉、翻覆、翻轉、翻譯、翻騰","20","有教育部詞目","https://dict.concised.moe.edu.tw/searchP.jsp?SN=%E3%84%88&SN2=%E3%84%88%E3%84%A2&word=%E7%BF%BB"
"956","ㄍㄨˋ","顧","",,"顧、顧不得、顧及、顧全、顧全大局、顧名思義、顧此失彼、顧忌、顧念、顧客、顧盼、顧盼生姿、顧家、顧問、顧影自憐、顧慮","16","有教育部詞目","https://dict.concised.moe.edu.tw/searchP.jsp?SN=%E3%84%8D&SN2=%E3%84%8D%E3%84%A8%CB%8B&word=%E9%A1%A7"
"957","ㄐㄧㄣ","巾","",,"巾、巾幗、巾幗英雄","3","有教育部詞目","https://dict.concised.moe.edu.tw/searchP.jsp?SN=%E3%84%90&SN2=%E3%84%90%E3%84%A7%E3%84%A3&word=%E5%B7%BE"
"958","ㄔㄨㄥ","充","",,"充、充公、充分、充斥、充任、充血、充沛、充足、充門面、充軍、充氣、充飢、充塞、充填、充當、充裕、充電、充實、充滿、充數","20","有教育部詞目","https://dict.concised.moe.edu.tw/searchP.jsp?SN=%E3%84%94&SN2=%E3%84%94%E3%84%A8%E3%84%A5&word=%E5%85%85"
"959","ㄓㄨㄚ","抓","",,"抓、抓耳撓腮、抓住、抓牢、抓狂、抓週、抓緊、抓藥、抓癢、抓權","10","有教育部詞目","https://dict.concised.moe.edu.tw/searchP.jsp?SN=%E3%84%93&SN2=%E3%84%93%E3%84%A8%E3%84%9A&word=%E6%8A%93"
"959","ㄔㄨㄚˇ","抓","",,"抓、抓子兒","2","有教育部詞目","https://dict.concised.moe.edu.tw/searchP.jsp?SN=%E3%84%94&SN2=%E3%84%94%E3%84%A8%E3%84%9A%CB%87&word=%E6%8A%93"
"960","ㄆㄧㄢ","篇","",,"篇、篇目、篇兒、篇章、篇幅","5","有教育部詞目","https://dict.concised.moe.edu.tw/searchP.jsp?SN=%E3%84%86&SN2=%E3%84%86%E3%84%A7%E3%84%A2&word=%E7%AF%87"
"961","ㄒㄧㄝˋ","謝","",,"謝、謝天謝地、謝世、謝忱、謝客、謝師宴、謝神、謝票、謝絕、謝意、謝罪、謝幕、謝謝、謝辭","14","有教育部詞目","https://dict.concised.moe.edu.tw/searchP.jsp?SN=%E3%84%92&SN2=%E3%84%92%E3%84%A7%E3%84%9D%CB%8B&word=%E8%AC%9D"
"962","ㄌㄧㄤˊ","糧","",,"糧、糧作、糧食、糧倉、糧草","5","有教育部詞目","https://dict.concised.moe.edu.tw/searchP.jsp?SN=%E3%84%8C&SN2=%E3%84%8C%E3%84%A7%E3%84%A4%CB%8A&word=%E7%B3%A7"
"964","ㄑㄧˊ","騎","",,"騎、騎士、騎兵、騎車、騎虎難下、騎乘、騎射、騎術、騎樓、騎縫","10","有教育部詞目","https://dict.concised.moe.edu.tw/searchP.jsp?SN=%E3%84%91&SN2=%E3%84%91%E3%84%A7%CB%8A&word=%E9%A8%8E"
"965","ㄙㄨ","蘇","",,"蘇、蘇打、蘇鐵","3","有教育部詞目","https://dict.concised.moe.edu.tw/searchP.jsp?SN=%E3%84%99&SN2=%E3%84%99%E3%84%A8&word=%E8%98%87"
"966","ㄍㄨㄢ","官","",,"官、官方、官田、官吏、官兵、官府、官邸、官長、官派、官倒、官家、官氣、官能、官等、官階、官話、官僚、官銜、官價、官職","20","有教育部詞目","https://dict.concised.moe.edu.tw/searchP.jsp?SN=%E3%84%8D&SN2=%E3%84%8D%E3%84%A8%E3%84%A2&word=%E5%AE%98"
"968","ㄨㄟˇ","偉","",,"偉、偉人、偉大、偉業","4","有教育部詞目","https://dict.concised.moe.edu.tw/searchP.jsp?SN=%E3%84%A8&SN2=%E3%84%A8%E3%84%9F%CB%87&word=%E5%81%89"
"969","ㄆㄛˊ","婆","",,"婆、婆娑、婆家、婆婆、婆婆媽媽、婆媳","6","有教育部詞目","https://dict.concised.moe.edu.tw/searchP.jsp?SN=%E3%84%86&SN2=%E3%84%86%E3%84%9B%CB%8A&word=%E5%A9%86"
"970","ㄇㄛ","摸","",,"摸、摸不清、摸不著、摸索、摸骨、摸彩、摸清、摸透、摸魚、摸黑","10","有教育部詞目","https://dict.concised.moe.edu.tw/searchP.jsp?SN=%E3%84%87&SN2=%E3%84%87%E3%84%9B&word=%E6%91%B8"
"971","ㄘㄚ","嚓","",,"嚓","1","有教育部詞目","https://dict.concised.moe.edu.tw/searchP.jsp?SN=%E3%84%98&SN2=%E3%84%98%E3%84%9A&word=%E5%9A%93"
"972","ㄕㄣ","伸","",,"伸、伸手、伸手不見五指、伸出、伸出援手、伸長、伸冤、伸展、伸張、伸張正義、伸開、伸腿、伸縮、伸縮縫、伸懶腰","15","有教育部詞目","https://dict.concised.moe.edu.tw/searchP.jsp?SN=%E3%84%95&SN2=%E3%84%95%E3%84%A3&word=%E4%BC%B8"
"973","ㄉㄡˋ","豆","",,"豆、豆子、豆干、豆沙、豆油、豆花、豆芽、豆芽菜、豆苗、豆莢、豆豉、豆腐、豆漿、豆蔻、豆蔻年華","15","有教育部詞目","https://dict.concised.moe.edu.tw/searchP.jsp?SN=%E3%84%89&SN2=%E3%84%89%E3%84%A1%CB%8B&word=%E8%B1%86"
"974","ㄧㄢˊ","沿","",,"沿、沿用、沿岸、沿河、沿革、沿海、沿途、沿街、沿路、沿線、沿襲","11","有教育部詞目","https://dict.concised.moe.edu.tw/searchP.jsp?SN=%E3%84%A7&SN2=%E3%84%A7%E3%84%A2%CB%8A&word=%E6%B2%BF"
"975","ㄏㄨㄛˋ","貨","",,"貨、貨主、貨色、貨車、貨物、貨物稅、貨品、貨倉、貨真價實、貨棧、貨款、貨源、貨運、貨幣、貨幣市場、貨暢其流、貨價、貨輪、貨艙、貨櫃","20","有教育部詞目","https://dict.concised.moe.edu.tw/searchP.jsp?SN=%E3%84%8F&SN2=%E3%84%8F%E3%84%A8%E3%84%9B%CB%8B&word=%E8%B2%A8"
"976","ㄧㄚ","壓","",,"壓、壓力、壓低、壓住、壓抑、壓制、壓迫、壓倒、壓倒性、壓根兒、壓陣、壓條法、壓軸、壓歲錢、壓境、壓榨、壓箱底、壓線、壓縮、壓驚","20","有教育部詞目","https://dict.concised.moe.edu.tw/searchP.jsp?SN=%E3%84%A7&SN2=%E3%84%A7%E3%84%9A&word=%E5%A3%93"
"977","ㄎㄨㄤˋ","礦","",,"礦、礦工、礦石、礦坑、礦物、礦物質、礦泉、礦泉水、礦砂、礦區、礦產、礦場、礦業、礦藏","14","有教育部詞目","https://dict.concised.moe.edu.tw/searchP.jsp?SN=%E3%84%8E&SN2=%E3%84%8E%E3%84%A8%E3%84%A4%CB%8B&word=%E7%A4%A6"
"978","ㄩˇ","宇","",,"宇、宇宙、宇宙觀","3","有教育部詞目","https://dict.concised.moe.edu.tw/searchP.jsp?SN=%E3%84%A9&SN2=%E3%84%A9%CB%87&word=%E5%AE%87"
"979","ㄧˊ","移","",,"移、移民、移民媽媽、移交、移位、移居、移花接木、移風易俗、移師、移送、移動、移情別戀、移植、移樽就教、移轉、移靈","16","有教育部詞目","https://dict.concised.moe.edu.tw/searchP.jsp?SN=%E3%84%A7&SN2=%E3%84%A7%CB%8A&word=%E7%A7%BB"
"980","ㄓˇ","止","",,"止、止水、止付、止血、止住、止步、止咳、止息、止渴、止痛、止嘔、止癢","12","有教育部詞目","https://dict.concised.moe.edu.tw/searchP.jsp?SN=%E3%84%93&SN2=%E3%84%93%CB%87&word=%E6%AD%A2"
"981","ㄐㄩ","居","",,"居、居士、居中、居心、居心叵測、居功、居民、居多、居住、居里、居所、居室、居家、居留、居留權、居高不下、居高臨下、居處、居然、居間","20","有教育部詞目","https://dict.concised.moe.edu.tw/searchP.jsp?SN=%E3%84%90&SN2=%E3%84%90%E3%84%A9&word=%E5%B1%85"
"982","ㄊㄨㄛ","拖","",,"拖、拖下水、拖欠、拖吊、拖吊車、拖地、拖曳、拖曳傘、拖車、拖延、拖拉、拖拉機、拖沓、拖油瓶、拖垮、拖班、拖累、拖船、拖網、拖鞋","20","有教育部詞目","https://dict.concised.moe.edu.tw/searchP.jsp?SN=%E3%84%8A&SN2=%E3%84%8A%E3%84%A8%E3%84%9B&word=%E6%8B%96"
"983","ㄐㄧㄥˋ","境","",,"境、境地、境況、境界、境遇","5","有教育部詞目","https://dict.concised.moe.edu.tw/searchP.jsp?SN=%E3%84%90&SN2=%E3%84%90%E3%84%A7%E3%84%A5%CB%8B&word=%E5%A2%83"
"984","ㄈㄥ","豐","",,"豐、豐水期、豐功偉業、豐功偉績、豐年、豐收、豐衣足食、豐沛、豐厚、豐盛、豐富、豐腴、豐稔、豐滿、豐碩、豐潤、豐饒","17","有教育部詞目","https://dict.concised.moe.edu.tw/searchP.jsp?SN=%E3%84%88&SN2=%E3%84%88%E3%84%A5&word=%E8%B1%90"
"985","ㄉㄠ","刀","",,"刀、刀刃、刀叉、刀口、刀子、刀片、刀光劍影、刀法、刀削冰、刀削麵、刀柄、刀疤、刀背、刀械、刀痕、刀筆、刀傷、刀槍不入、刀劍無情、刀鋒","20","有教育部詞目","https://dict.concised.moe.edu.tw/searchP.jsp?SN=%E3%84%89&SN2=%E3%84%89%E3%84%A0&word=%E5%88%80"
"986","ㄓㄨㄤˋ","壯","",,"壯、壯丁、壯士、壯大、壯年、壯志、壯志未酬、壯烈、壯烈成仁、壯盛、壯碩、壯舉、壯膽、壯闊、壯麗、壯觀","16","有教育部詞目","https://dict.concised.moe.edu.tw/searchP.jsp?SN=%E3%84%93&SN2=%E3%84%93%E3%84%A8%E3%84%A4%CB%8B&word=%E5%A3%AF"
"987","ㄧㄥˊ","迎","",,"迎、迎刃而解、迎合、迎向、迎春、迎面、迎風搖曳、迎神賽會、迎娶、迎接、迎新、迎戰、迎親、迎頭、迎頭趕上、迎擊","16","有教育部詞目","https://dict.concised.moe.edu.tw/searchP.jsp?SN=%E3%84%A7&SN2=%E3%84%A7%E3%84%A5%CB%8A&word=%E8%BF%8E"
"988","ㄐㄧㄤˋ","降","",,"降、降下、降火、降世、降生、降低、降服、降格、降級、降將、降幅、降溫、降罪、降落、降落傘、降旗、降福、降價、降臨、降薪","20","有教育部詞目","https://dict.concised.moe.edu.tw/searchP.jsp?SN=%E3%84%90&SN2=%E3%84%90%E3%84%A7%E3%84%A4%CB%8B&word=%E9%99%8D"
"988","ㄒㄧㄤˊ","降","",,"降、降伏、降服、降將、降龍伏虎","5","有教育部詞目","https://dict.concised.moe.edu.tw/searchP.jsp?SN=%E3%84%92&SN2=%E3%84%92%E3%84%A7%E3%84%A4%CB%8A&word=%E9%99%8D"
"989","ㄊㄨㄟˋ","退","",,"退、退化、退冰、退回、退色、退步、退房、退後、退庭、退堂、退票、退貨、退朝、退款、退費、退路、退敵、退稿、退燒、退職","20","有教育部詞目","https://dict.concised.moe.edu.tw/searchP.jsp?SN=%E3%84%8A&SN2=%E3%84%8A%E3%84%A8%E3%84%9F%CB%8B&word=%E9%80%80"
"990","ㄅㄢ","搬","",,"搬、搬出、搬弄是非、搬走、搬風、搬家、搬動、搬開、搬運、搬演、搬遷、搬磚砸腳","12","有教育部詞目","https://dict.concised.moe.edu.tw/searchP.jsp?SN=%E3%84%85&SN2=%E3%84%85%E3%84%A2&word=%E6%90%AC"
"991","ㄅㄛˋ","播","",,"播、播出、播弄、播放、播映、播音、播送、播報、播揚、播散、播種、播遷","12","有教育部詞目","https://dict.concised.moe.edu.tw/searchP.jsp?SN=%E3%84%85&SN2=%E3%84%85%E3%84%9B%CB%8B&word=%E6%92%AD"
"992","ㄍㄨㄚˋ","掛","",,"掛、掛一漏萬、掛心、掛失、掛名、掛羊頭，賣狗肉、掛念、掛冠而去、掛帥、掛彩、掛單、掛牌、掛搭、掛號、掛號信、掛鉤、掛零、掛圖、掛慮、掛齒","20","有教育部詞目","https://dict.concised.moe.edu.tw/searchP.jsp?SN=%E3%84%8D&SN2=%E3%84%8D%E3%84%A8%E3%84%9A%CB%8B&word=%E6%8E%9B"
"993","ㄈㄨˋ","傅","",,"傅","1","有教育部詞目","https://dict.concised.moe.edu.tw/searchP.jsp?SN=%E3%84%88&SN2=%E3%84%88%E3%84%A8%CB%8B&word=%E5%82%85"
"994","ㄓㄠˋ","趙","",,"趙","1","有教育部詞目","https://dict.concised.moe.edu.tw/searchP.jsp?SN=%E3%84%93&SN2=%E3%84%93%E3%84%A0%CB%8B&word=%E8%B6%99"
"995","ㄐㄧ","激","",,"激、激切、激化、激怒、激流、激烈、激素、激動、激情、激發、激進、激增、激憤、激賞、激奮、激戰、激勵、激盪、激辯、激變","20","有教育部詞目","https://dict.concised.moe.edu.tw/searchP.jsp?SN=%E3%84%90&SN2=%E3%84%90%E3%84%A7&word=%E6%BF%80"
"996","ㄇㄛˊ","磨","",,"磨、磨牙、磨平、磨光、磨合、磨成、磨杵成針、磨損、磨滅、磨練、磨墨、磨擦、磨鍊、磨蹭、磨難","15","有教育部詞目","https://dict.concised.moe.edu.tw/searchP.jsp?SN=%E3%84%87&SN2=%E3%84%87%E3%84%9B%CB%8A&word=%E7%A3%A8"
"996","ㄇㄛˋ","磨","",,"磨、磨坊、磨盤、磨墨","4","有教育部詞目","https://dict.concised.moe.edu.tw/searchP.jsp?SN=%E3%84%87&SN2=%E3%84%87%E3%84%9B%CB%8B&word=%E7%A3%A8"
"997","ㄘㄚ","擦","",,"擦、擦身而過、擦肩而過、擦拭、擦洗、擦傷、擦槍走火、擦撞","8","有教育部詞目","https://dict.concised.moe.edu.tw/searchP.jsp?SN=%E3%84%98&SN2=%E3%84%98%E3%84%9A&word=%E6%93%A6"
"998","ㄧˋ","藝","",,"藝、藝人、藝文、藝文活動、藝名、藝妓、藝品、藝苑、藝展、藝能、藝術、藝術性、藝術品、藝術家、藝廊、藝壇","16","有教育部詞目","https://dict.concised.moe.edu.tw/searchP.jsp?SN=%E3%84%A7&SN2=%E3%84%A7%CB%8B&word=%E8%97%9D"
"999","ㄈㄤˇ","仿","",,"仿、仿古、仿宋體、仿冒、仿效、仿造、仿傚、仿照、仿製","9","有教育部詞目","https://dict.concised.moe.edu.tw/searchP.jsp?SN=%E3%84%88&SN2=%E3%84%88%E3%84%A4%CB%87&word=%E4%BB%BF"
"1000","ㄏㄜˊ","何","",,"何、何不、何止、何以見得、何去何從、何必、何妨、何足掛齒、何況、何故、何苦、何首烏、何時、何處、何堪、何曾、何嘗、何種、何樂不為、何謂","20","有教育部詞目","https://dict.concised.moe.edu.tw/searchP.jsp?SN=%E3%84%8F&SN2=%E3%84%8F%E3%84%9C%CB%8A&word=%E4%BD%95"
"1002","ㄌㄤˊ","狼","",,"狼、狼子野心、狼心狗肺、狼犬、狼吞虎嚥、狼狗、狼狽、狼狽不堪、狼狽為奸、狼煙、狼藉","11","有教育部詞目","https://dict.concised.moe.edu.tw/searchP.jsp?SN=%E3%84%8C&SN2=%E3%84%8C%E3%84%A4%CB%8A&word=%E7%8B%BC"
"1003","ㄊㄤˊ","堂","",,"堂、堂上、堂兄、堂而皇之、堂弟、堂妹、堂姊、堂屋、堂皇、堂哥、堂堂、堂堂正正、堂奧","13","有教育部詞目","https://dict.concised.moe.edu.tw/searchP.jsp?SN=%E3%84%8A&SN2=%E3%84%8A%E3%84%A4%CB%8A&word=%E5%A0%82"
"1004","ㄏㄡˊ","猴","",,"猴、猴子、猴急、猴戲","4","有教育部詞目","https://dict.concised.moe.edu.tw/searchP.jsp?SN=%E3%84%8F&SN2=%E3%84%8F%E3%84%A1%CB%8A&word=%E7%8C%B4"
"1005","ㄌㄥˊ","稜","",,"稜、稜角、稜線","3","有教育部詞目","https://dict.concised.moe.edu.tw/searchP.jsp?SN=%E3%84%8C&SN2=%E3%84%8C%E3%84%A5%CB%8A&word=%E7%A8%9C"
"1006","ㄔㄨㄤˊ","床","",,"床、床位、床笫、床單、床罩、床鋪、床褥、床頭櫃","8","有教育部詞目","https://dict.concised.moe.edu.tw/searchP.jsp?SN=%E3%84%94&SN2=%E3%84%94%E3%84%A8%E3%84%A4%CB%8A&word=%E5%BA%8A"
"1007","ㄆㄧㄣ","拼","",,"拼、拼法、拼音、拼音文字、拼組、拼湊、拼貼、拼圖、拼盤","9","有教育部詞目","https://dict.concised.moe.edu.tw/searchP.jsp?SN=%E3%84%86&SN2=%E3%84%86%E3%84%A7%E3%84%A3&word=%E6%8B%BC"
"1008","ㄍㄥ","耕","",,"耕、耕田、耕地、耕作、耕耘、耕耘機、耕種、耕稼","8","有教育部詞目","https://dict.concised.moe.edu.tw/searchP.jsp?SN=%E3%84%8D&SN2=%E3%84%8D%E3%84%A5&word=%E8%80%95"
"1009","ㄏㄤˊ","航","",,"航、航太、航向、航行、航空、航空公司、航空母艦、航空站、航海、航班、航速、航發中心、航程、航業、航運、航道、航線、航權","18","有教育部詞目","https://dict.concised.moe.edu.tw/searchP.jsp?SN=%E3%84%8F&SN2=%E3%84%8F%E3%84%A4%CB%8A&word=%E8%88%AA"
"1010","ㄓㄨㄢ","專","",,"專、專戶、專刊、專利、專攻、專門、專家、專訪、專款、專集、專電、專論、專賣、專機、專橫、專輯、專斷、專櫃、專題、專欄","20","有教育部詞目","https://dict.concised.moe.edu.tw/searchP.jsp?SN=%E3%84%93&SN2=%E3%84%93%E3%84%A8%E3%84%A2&word=%E5%B0%88"
"1011","ㄇㄞˋ","麥","",,"麥、麥子、麥片、麥田、麥克風、麥芽糖、麥浪、麥管、麥穗","9","有教育部詞目","https://dict.concised.moe.edu.tw/searchP.jsp?SN=%E3%84%87&SN2=%E3%84%87%E3%84%9E%CB%8B&word=%E9%BA%A5"
"1012","ㄌㄨㄢˋ","亂","",,"亂、亂七八糟、亂子、亂中有序、亂世、亂事、亂來、亂性、亂流、亂紀、亂軍、亂倫、亂紛紛、亂視、亂麻、亂集團、亂源、亂蓋、亂說、亂闖","20","有教育部詞目","https://dict.concised.moe.edu.tw/searchP.jsp?SN=%E3%84%8C&SN2=%E3%84%8C%E3%84%A8%E3%84%A2%CB%8B&word=%E4%BA%82"
"1013","ㄙㄨㄥˋ","誦","",,"誦、誦讀","2","有教育部詞目","https://dict.concised.moe.edu.tw/searchP.jsp?SN=%E3%84%99&SN2=%E3%84%99%E3%84%A8%E3%84%A5%CB%8B&word=%E8%AA%A6"
"1014","ㄅㄧˊ","鼻","鼻子",,"鼻、鼻子、鼻孔、鼻尖、鼻炎、鼻青臉腫、鼻音、鼻息、鼻涕、鼻祖、鼻梁、鼻腔、鼻煙壺、鼻酸、鼻竇炎","15","有教育部詞目","https://dict.concised.moe.edu.tw/searchP.jsp?SN=%E3%84%85&SN2=%E3%84%85%E3%84%A7%CB%8A&word=%E9%BC%BB"
"1015","ㄙㄨㄟ","雖","",,"雖、雖敗猶榮、雖然","3","有教育部詞目","https://dict.concised.moe.edu.tw/searchP.jsp?SN=%E3%84%99&SN2=%E3%84%99%E3%84%A8%E3%84%9F&word=%E9%9B%96"
"1016","ㄍㄨㄥ","攻","",,"攻、攻下、攻心、攻占、攻打、攻守、攻克、攻防、攻其不備、攻取、攻破、攻訐、攻堅、攻陷、攻無不克、攻進、攻勢、攻錯、攻擊、攻讀","20","有教育部詞目","https://dict.concised.moe.edu.tw/searchP.jsp?SN=%E3%84%8D&SN2=%E3%84%8D%E3%84%A8%E3%84%A5&word=%E6%94%BB"
"1017","ㄈㄥ","封","",,"封、封口、封皮、封存、封底、封泥、封建、封面、封套、封條、封殺、封閉、封號、封裝、封鎖","15","有教育部詞目","https://dict.concised.moe.edu.tw/searchP.jsp?SN=%E3%84%88&SN2=%E3%84%88%E3%84%A5&word=%E5%B0%81"
"1018","ㄊㄧ","梯","",,"梯、梯子、梯田、梯次、梯形","5","有教育部詞目","https://dict.concised.moe.edu.tw/searchP.jsp?SN=%E3%84%8A&SN2=%E3%84%8A%E3%84%A7&word=%E6%A2%AF"
"1019","ㄕㄚ","殺","",,"殺、殺人犯、殺人如麻、殺人罪、殺手、殺生、殺死、殺戒、殺身、殺青、殺風景、殺害、殺氣、殺菌、殺傷、殺價、殺戮、殺機、殺蟲劑、殺雞儆猴","20","有教育部詞目","https://dict.concised.moe.edu.tw/searchP.jsp?SN=%E3%84%95&SN2=%E3%84%95%E3%84%9A&word=%E6%AE%BA"
"1019","ㄕㄞˋ","殺","",,"殺","1","有教育部詞目","https://dict.concised.moe.edu.tw/searchP.jsp?SN=%E3%84%95&SN2=%E3%84%95%E3%84%9E%CB%8B&word=%E6%AE%BA"
"1020","ㄊㄡˋ","透","",,"透、透天厝、透支、透光、透明、透明化、透析、透風、透氣、透視、透視圖、透頂、透過、透澈、透鏡、透露","16","有教育部詞目","https://dict.concised.moe.edu.tw/searchP.jsp?SN=%E3%84%8A&SN2=%E3%84%8A%E3%84%A1%CB%8B&word=%E9%80%8F"
"1021","ㄇㄧㄝˋ","滅","",,"滅、滅亡、滅口、滅火器、滅門血案、滅頂、滅絕、滅跡、滅種","9","有教育部詞目","https://dict.concised.moe.edu.tw/searchP.jsp?SN=%E3%84%87&SN2=%E3%84%87%E3%84%A7%E3%84%9D%CB%8B&word=%E6%BB%85"
"1022","ㄉㄨˊ","頓","",,"頓","1","有教育部詞目","https://dict.concised.moe.edu.tw/searchP.jsp?SN=%E3%84%89&SN2=%E3%84%89%E3%84%A8%CB%8A&word=%E9%A0%93"
"1022","ㄉㄨㄣˋ","頓","",,"頓、頓失所依、頓足、頓首、頓悟、頓挫、頓時、頓然、頓筆、頓號","10","有教育部詞目","https://dict.concised.moe.edu.tw/searchP.jsp?SN=%E3%84%89&SN2=%E3%84%89%E3%84%A8%E3%84%A3%CB%8B&word=%E9%A0%93"
"1023","ㄨㄛ","窩","",,"窩、窩心、窩窩頭、窩藏、窩囊","5","有教育部詞目","https://dict.concised.moe.edu.tw/searchP.jsp?SN=%E3%84%A8&SN2=%E3%84%A8%E3%84%9B&word=%E7%AA%A9"
"1024","ㄍㄜˇ","蓋","",,"蓋","1","有教育部詞目","https://dict.concised.moe.edu.tw/searchP.jsp?SN=%E3%84%8D&SN2=%E3%84%8D%E3%84%9C%CB%87&word=%E8%93%8B"
"1024","ㄍㄞˋ","蓋","",,"蓋、蓋世、蓋世無雙、蓋印、蓋洛普、蓋章、蓋棺論定、蓋頭","8","有教育部詞目","https://dict.concised.moe.edu.tw/searchP.jsp?SN=%E3%84%8D&SN2=%E3%84%8D%E3%84%9E%CB%8B&word=%E8%93%8B"
"1025","ㄐㄩˋ","劇","",,"劇、劇本、劇目、劇作、劇作家、劇毒、劇校、劇烈、劇院、劇情、劇組、劇場、劇痛、劇照、劇團、劇變","16","有教育部詞目","https://dict.concised.moe.edu.tw/searchP.jsp?SN=%E3%84%90&SN2=%E3%84%90%E3%84%A9%CB%8B&word=%E5%8A%87"
"1026","ㄒㄧㄝˊ","鞋","鞋子",,"鞋、鞋子、鞋匠、鞋底、鞋拔子、鞋墊、鞋幫、鞋類","8","有教育部詞目","https://dict.concised.moe.edu.tw/searchP.jsp?SN=%E3%84%92&SN2=%E3%84%92%E3%84%A7%E3%84%9D%CB%8A&word=%E9%9E%8B"
"1027","ㄗˇ","仔","",,"仔、仔細","2","有教育部詞目","https://dict.concised.moe.edu.tw/searchP.jsp?SN=%E3%84%97&SN2=%E3%84%97%CB%87&word=%E4%BB%94"
"1027","ㄗㄞˇ","仔","",,"仔","1","有教育部詞目","https://dict.concised.moe.edu.tw/searchP.jsp?SN=%E3%84%97&SN2=%E3%84%97%E3%84%9E%CB%87&word=%E4%BB%94"
"1028","ㄎㄨㄣˋ","困","",,"困、困厄、困乏、困住、困局、困苦、困惑、困窘、困頓、困境、困窮、困擾、困獸之鬥、困獸猶鬥、困難","15","有教育部詞目","https://dict.concised.moe.edu.tw/searchP.jsp?SN=%E3%84%8E&SN2=%E3%84%8E%E3%84%A8%E3%84%A3%CB%8B&word=%E5%9B%B0"
"1029","ㄔㄨ","初","",,"初、初一、初犯、初生、初旬、初步、初始、初版、初級、初衷、初期、初診、初階、初審、初稿、初學、初選、初虧、初賽、初戀","20","有教育部詞目","https://dict.concised.moe.edu.tw/searchP.jsp?SN=%E3%84%94&SN2=%E3%84%94%E3%84%A8&word=%E5%88%9D"
"1030","ㄒㄧㄠ","消","",,"消、消化、消失、消沉、消防、消長、消弭、消毒、消息、消氣、消耗、消除、消逝、消費、消閒、消極、消滅、消遣、消魂、消磨","20","有教育部詞目","https://dict.concised.moe.edu.tw/searchP.jsp?SN=%E3%84%92&SN2=%E3%84%92%E3%84%A7%E3%84%A0&word=%E6%B6%88"
"1031","ㄐㄧ","嘰","",,"嘰、嘰哩咕嚕、嘰嘰喳喳","3","有教育部詞目","https://dict.concised.moe.edu.tw/searchP.jsp?SN=%E3%84%90&SN2=%E3%84%90%E3%84%A7&word=%E5%98%B0"
"1032","ㄌㄨˇ","魯","",,"魯、魯莽、魯鈍","3","有教育部詞目","https://dict.concised.moe.edu.tw/searchP.jsp?SN=%E3%84%8C&SN2=%E3%84%8C%E3%84%A8%CB%87&word=%E9%AD%AF"
"1033","ㄨㄟˋ","未","",,"未、未了、未及、未必、未成年、未免、未決、未來、未定、未知、未便、未料、未婚、未婚夫、未婚妻、未幾、未曾、未遂、未嘗、未滿","20","有教育部詞目","https://dict.concised.moe.edu.tw/searchP.jsp?SN=%E3%84%A8&SN2=%E3%84%A8%E3%84%9F%CB%8B&word=%E6%9C%AA"
"1035","ㄙㄠˇ","掃","",,"掃、掃地、掃地出門、掃毒、掃射、掃除、掃描、掃街、掃黃、掃黑、掃墓、掃興、掃蕩","13","有教育部詞目","https://dict.concised.moe.edu.tw/searchP.jsp?SN=%E3%84%99&SN2=%E3%84%99%E3%84%A0%CB%87&word=%E6%8E%83"
"1035","ㄙㄠˋ","掃","",,"掃、掃把、掃帚、掃帚星","4","有教育部詞目","https://dict.concised.moe.edu.tw/searchP.jsp?SN=%E3%84%99&SN2=%E3%84%99%E3%84%A0%CB%8B&word=%E6%8E%83"
"1036","ㄑㄧㄢ","鉛","鉛筆",,"鉛、鉛中毒、鉛丹、鉛印、鉛字、鉛版、鉛球、鉛筆、鉛華、鉛錘、鉛黛","11","有教育部詞目","https://dict.concised.moe.edu.tw/searchP.jsp?SN=%E3%84%91&SN2=%E3%84%91%E3%84%A7%E3%84%A2&word=%E9%89%9B"
"1037","ㄩˊ","漁","",,"漁、漁人、漁人之利、漁夫、漁民、漁村、漁家、漁翁、漁翁得利、漁產、漁船、漁場、漁港、漁會、漁業、漁網、漁撈、漁獲、漁獵","19","有教育部詞目","https://dict.concised.moe.edu.tw/searchP.jsp?SN=%E3%84%A9&SN2=%E3%84%A9%CB%8A&word=%E6%BC%81"
"1038","ㄨˋ","誤","",,"誤、誤人子弟、誤入歧途、誤打誤撞、誤用、誤判、誤事、誤差、誤國、誤植、誤傳、誤傷、誤會、誤解、誤認、誤寫、誤導、誤點","18","有教育部詞目","https://dict.concised.moe.edu.tw/searchP.jsp?SN=%E3%84%A8&SN2=%E3%84%A8%CB%8B&word=%E8%AA%A4"
"1039","ㄓˊ","職","",,"職、職工、職司、職守、職位、職志、職前訓練、職員、職能、職務、職責、職掌、職等、職業、職業工會、職業病、職業婦女、職稱、職銜、職權","20","有教育部詞目","https://dict.concised.moe.edu.tw/searchP.jsp?SN=%E3%84%93&SN2=%E3%84%93%CB%8A&word=%E8%81%B7"
"1040","ㄧㄠˋ","藥","",,"藥、藥方、藥片、藥包、藥行、藥局、藥性、藥房、藥品、藥師、藥效、藥粉、藥酒、藥棉、藥量、藥膏、藥劑、藥學、藥錠、藥罐","20","有教育部詞目","https://dict.concised.moe.edu.tw/searchP.jsp?SN=%E3%84%A7&SN2=%E3%84%A7%E3%84%A0%CB%8B&word=%E8%97%A5"
"1041","ㄓˋ","制","",,"制、制止、制伏、制式、制定、制服、制空權、制度、制約、制訂、制裁、制敵機先、制衡、制錢、制禮作樂","15","有教育部詞目","https://dict.concised.moe.edu.tw/searchP.jsp?SN=%E3%84%93&SN2=%E3%84%93%CB%8B&word=%E5%88%B6"
"1042","ㄅㄟ","杯","杯子",,"杯、杯子、杯弓蛇影、杯中物、杯水車薪、杯筊、杯葛、杯觥交錯、杯墊、杯盤狼藉","10","有教育部詞目","https://dict.concised.moe.edu.tw/searchP.jsp?SN=%E3%84%85&SN2=%E3%84%85%E3%84%9F&word=%E6%9D%AF"
"1043","ㄓㄣ","針","",,"針、針孔、針灸、針砭、針眼、針筒、針葉樹、針對、針線、針鋒相對、針頭","11","有教育部詞目","https://dict.concised.moe.edu.tw/searchP.jsp?SN=%E3%84%93&SN2=%E3%84%93%E3%84%A3&word=%E9%87%9D"
"1044","ㄏㄨㄟ","揮","",,"揮、揮之不去、揮手、揮汗、揮汗如雨、揮兵、揮別、揮拍、揮金如土、揮拳、揮動、揮毫、揮淚、揮發、揮舞、揮霍、揮霍無度、揮灑、揮灑自如","19","有教育部詞目","https://dict.concised.moe.edu.tw/searchP.jsp?SN=%E3%84%8F&SN2=%E3%84%8F%E3%84%A8%E3%84%9F&word=%E6%8F%AE"
"1045","ㄇㄥˊ","蒙","",,"蒙、蒙太奇、蒙古包、蒙在鼓裡、蒙汗藥、蒙住、蒙受、蒙昧、蒙面、蒙冤、蒙恩、蒙混、蒙羞、蒙塵、蒙蔽、蒙頭、蒙難","17","有教育部詞目","https://dict.concised.moe.edu.tw/searchP.jsp?SN=%E3%84%87&SN2=%E3%84%87%E3%84%A5%CB%8A&word=%E8%92%99"
"1046","ㄧ","醫","",,"醫、醫生、醫治、醫師、醫院、醫術、醫德、醫學、醫療、醫藥、醫藥分業、醫護、醫囑","13","有教育部詞目","https://dict.concised.moe.edu.tw/searchP.jsp?SN=%E3%84%A7&SN2=%E3%84%A7&word=%E9%86%AB"
"1047","ㄎㄨㄥˇ","孔","",,"孔、孔武有力、孔急、孔雀開屏、孔雀舞、孔道、孔廟","7","有教育部詞目","https://dict.concised.moe.edu.tw/searchP.jsp?SN=%E3%84%8E&SN2=%E3%84%8E%E3%84%A8%E3%84%A5%CB%87&word=%E5%AD%94"
"1048","ㄕㄨˋ","束","",,"束、束之高閣、束手待斃、束手就擒、束手無策、束脩、束裝、束緊、束縛","9","有教育部詞目","https://dict.concised.moe.edu.tw/searchP.jsp?SN=%E3%84%95&SN2=%E3%84%95%E3%84%A8%CB%8B&word=%E6%9D%9F"
"1049","ㄏㄨˊ","胡","",,"胡、胡瓜、胡同、胡作非為、胡扯、胡言亂語、胡來、胡思亂想、胡桃、胡桃木、胡麻油、胡琴、胡亂、胡搞、胡說、胡說八道、胡鬧、胡謅、胡攪蠻纏","19","有教育部詞目","https://dict.concised.moe.edu.tw/searchP.jsp?SN=%E3%84%8F&SN2=%E3%84%8F%E3%84%A8%CB%8A&word=%E8%83%A1"
"1050","ㄉㄠˇ","島","",,"島、島民、島國、島嶼","4","有教育部詞目","https://dict.concised.moe.edu.tw/searchP.jsp?SN=%E3%84%89&SN2=%E3%84%89%E3%84%A0%CB%87&word=%E5%B3%B6"
"1051","ㄢˋ","案","",,"案、案子、案由、案件、案例、案卷、案情、案頭、案牘勞形","9","有教育部詞目","https://dict.concised.moe.edu.tw/searchP.jsp?SN=%E3%84%A2&SN2=%E3%84%A2%CB%8B&word=%E6%A1%88"
"1052","ㄐㄩㄝˊ","訣","",,"訣、訣別、訣竅","3","有教育部詞目","https://dict.concised.moe.edu.tw/searchP.jsp?SN=%E3%84%90&SN2=%E3%84%90%E3%84%A9%E3%84%9D%CB%8A&word=%E8%A8%A3"
"1053","ㄨㄛˋ","握","",,"握、握手、握手言歡、握有、握拳","5","有教育部詞目","https://dict.concised.moe.edu.tw/searchP.jsp?SN=%E3%84%A8&SN2=%E3%84%A8%E3%84%9B%CB%8B&word=%E6%8F%A1"
"1054","ㄙㄨˋ","塑","",,"塑、塑化劑、塑造、塑像、塑膠、塑鋼","6","有教育部詞目","https://dict.concised.moe.edu.tw/searchP.jsp?SN=%E3%84%99&SN2=%E3%84%99%E3%84%A8%CB%8B&word=%E5%A1%91"
"1055","ㄊㄞˋ","態","",,"態、態度、態勢","3","有教育部詞目","https://dict.concised.moe.edu.tw/searchP.jsp?SN=%E3%84%8A&SN2=%E3%84%8A%E3%84%9E%CB%8B&word=%E6%85%8B"
"1056","ㄘㄠ","操","",,"操、操刀、操之在我、操之過急、操心、操守、操行、操作、操兵、操持、操控、操勞、操場、操槍、操演、操盤、操練、操縱","18","有教育部詞目","https://dict.concised.moe.edu.tw/searchP.jsp?SN=%E3%84%98&SN2=%E3%84%98%E3%84%A0&word=%E6%93%8D"
"1057","ㄒㄧㄥˇ","醒","",,"醒、醒世、醒目、醒悟","4","有教育部詞目","https://dict.concised.moe.edu.tw/searchP.jsp?SN=%E3%84%92&SN2=%E3%84%92%E3%84%A7%E3%84%A5%CB%87&word=%E9%86%92"
"1058","ㄇㄧㄠˇ","秒","",,"秒","1","有教育部詞目","https://dict.concised.moe.edu.tw/searchP.jsp?SN=%E3%84%87&SN2=%E3%84%87%E3%84%A7%E3%84%A0%CB%87&word=%E7%A7%92"
"1059","ㄌㄧㄡˋ","陸","",,"陸","1","有教育部詞目","https://dict.concised.moe.edu.tw/searchP.jsp?SN=%E3%84%8C&SN2=%E3%84%8C%E3%84%A7%E3%84%A1%CB%8B&word=%E9%99%B8"
"1059","ㄌㄨˋ","陸","",,"陸、陸地、陸軍、陸陸續續、陸路、陸運、陸戰、陸戰隊、陸橋、陸續","10","有教育部詞目","https://dict.concised.moe.edu.tw/searchP.jsp?SN=%E3%84%8C&SN2=%E3%84%8C%E3%84%A8%CB%8B&word=%E9%99%B8"
"1060","ㄐㄧㄥ","晶","",,"晶、晶片、晶亮、晶瑩、晶瑩剔透、晶體","6","有教育部詞目","https://dict.concised.moe.edu.tw/searchP.jsp?SN=%E3%84%90&SN2=%E3%84%90%E3%84%A7%E3%84%A5&word=%E6%99%B6"
"1061","ㄊㄧㄝ","貼","",,"貼、貼切、貼心、貼文、貼身、貼花、貼近、貼紙、貼現、貼現率、貼現窗口、貼畫、貼補","13","有教育部詞目","https://dict.concised.moe.edu.tw/searchP.jsp?SN=%E3%84%8A&SN2=%E3%84%8A%E3%84%A7%E3%84%9D&word=%E8%B2%BC"
"1062","ㄒㄧㄢˋ","獻","",,"獻、獻技、獻身、獻花、獻金、獻計、獻殷勤、獻媚、獻策、獻醜、獻藝、獻寶","12","有教育部詞目","https://dict.concised.moe.edu.tw/searchP.jsp?SN=%E3%84%92&SN2=%E3%84%92%E3%84%A7%E3%84%A2%CB%8B&word=%E7%8D%BB"
"1063","ㄈㄨˇ","府","",,"府、府上、府君、府邸、府城、府庫、府第","7","有教育部詞目","https://dict.concised.moe.edu.tw/searchP.jsp?SN=%E3%84%88&SN2=%E3%84%88%E3%84%A8%CB%87&word=%E5%BA%9C"
"1064","ㄈㄨˋ","附","",,"附、附加、附加價值、附件、附耳、附和、附注、附表、附近、附記、附帶、附庸、附添、附設、附著、附會、附錄、附贈、附議、附屬","20","有教育部詞目","https://dict.concised.moe.edu.tw/searchP.jsp?SN=%E3%84%88&SN2=%E3%84%88%E3%84%A8%CB%8B&word=%E9%99%84"
"1065","ㄒㄩ","須","",,"須、須臾","2","有教育部詞目","https://dict.concised.moe.edu.tw/searchP.jsp?SN=%E3%84%92&SN2=%E3%84%92%E3%84%A9&word=%E9%A0%88"
"1066","ㄍㄨˇ","滑","",,"滑","1","有教育部詞目","https://dict.concised.moe.edu.tw/searchP.jsp?SN=%E3%84%8D&SN2=%E3%84%8D%E3%84%A8%CB%87&word=%E6%BB%91"
"1066","ㄏㄨㄚˊ","滑","",,"滑、滑水、滑冰、滑行、滑板、滑板運動、滑草、滑梯、滑雪、滑翔、滑翔機、滑翔翼、滑溜、滑落、滑鼠、滑潤、滑稽、滑輪、滑膩、滑頭","20","有教育部詞目","https://dict.concised.moe.edu.tw/searchP.jsp?SN=%E3%84%8F&SN2=%E3%84%8F%E3%84%A8%E3%84%9A%CB%8A&word=%E6%BB%91"
"1067","ㄏㄨㄚ","嘩","",,"嘩、嘩啦、嘩啦啦、嘩喇喇","4","有教育部詞目","https://dict.concised.moe.edu.tw/searchP.jsp?SN=%E3%84%8F&SN2=%E3%84%8F%E3%84%A8%E3%84%9A&word=%E5%98%A9"
"1067","ㄏㄨㄚˊ","嘩","",,"嘩","1","有教育部詞目","https://dict.concised.moe.edu.tw/searchP.jsp?SN=%E3%84%8F&SN2=%E3%84%8F%E3%84%A8%E3%84%9A%CB%8A&word=%E5%98%A9"
"1068","ㄑㄧㄥˋ","慶","",,"慶、慶功、慶功宴、慶生、慶典、慶幸、慶祝、慶祝大會、慶賀","9","有教育部詞目","https://dict.concised.moe.edu.tw/searchP.jsp?SN=%E3%84%91&SN2=%E3%84%91%E3%84%A7%E3%84%A5%CB%8B&word=%E6%85%B6"
"1069","ㄖㄡˋ","肉","",,"肉、肉中刺、肉包子、肉色、肉食、肉桂、肉乾、肉眼、肉票、肉麻、肉感、肉搏、肉粽、肉質、肉餡、肉醬、肉雞、肉鬆、肉羹、肉體","20","有教育部詞目","https://dict.concised.moe.edu.tw/searchP.jsp?SN=%E3%84%96&SN2=%E3%84%96%E3%84%A1%CB%8B&word=%E8%82%89"
"1070","ㄨㄟˋ","喂","",,"喂","1","有教育部詞目","https://dict.concised.moe.edu.tw/searchP.jsp?SN=%E3%84%A8&SN2=%E3%84%A8%E3%84%9F%CB%8B&word=%E5%96%82"
"1071","ㄍㄚ","嘎","",,"嘎、嘎嘎","2","有教育部詞目","https://dict.concised.moe.edu.tw/searchP.jsp?SN=%E3%84%8D&SN2=%E3%84%8D%E3%84%9A&word=%E5%98%8E"
"1072","ㄨㄟˊ","維","",,"維、維他命、維生、維生素、維妙維肖、維持、維修、維新、維新圖強、維艱、維繫、維護","12","有教育部詞目","https://dict.concised.moe.edu.tw/searchP.jsp?SN=%E3%84%A8&SN2=%E3%84%A8%E3%84%9F%CB%8A&word=%E7%B6%AD"
"1073","ㄋㄠˋ","鬧","",,"鬧、鬧中取靜、鬧市、鬧事、鬧房、鬧哄哄、鬧洞房、鬧烘烘、鬧笑話、鬧酒、鬧區、鬧情緒、鬧場、鬧意見、鬧劇、鬧熱、鬧聲、鬧翻、鬧鐘","19","有教育部詞目","https://dict.concised.moe.edu.tw/searchP.jsp?SN=%E3%84%8B&SN2=%E3%84%8B%E3%84%A0%CB%8B&word=%E9%AC%A7"
"1074","ㄌㄧㄡˇ","柳","",,"柳、柳丁、柳眉、柳條、柳絮、柳暗花明、柳腰、柳葉、柳蔭、柳樹、柳橙","11","有教育部詞目","https://dict.concised.moe.edu.tw/searchP.jsp?SN=%E3%84%8C&SN2=%E3%84%8C%E3%84%A7%E3%84%A1%CB%87&word=%E6%9F%B3"
"1075","ㄓㄡ","洲","",,"洲、洲際","2","有教育部詞目","https://dict.concised.moe.edu.tw/searchP.jsp?SN=%E3%84%93&SN2=%E3%84%93%E3%84%A1&word=%E6%B4%B2"
"1076","ㄓㄨㄛ","捉","",,"捉、捉刀、捉住、捉弄、捉姦、捉拿、捉迷藏、捉摸、捉摸不定、捉襟見肘","10","有教育部詞目","https://dict.concised.moe.edu.tw/searchP.jsp?SN=%E3%84%93&SN2=%E3%84%93%E3%84%A8%E3%84%9B&word=%E6%8D%89"
"1077","ㄗㄜˊ","澤","",,"澤、澤及、澤國","3","有教育部詞目","https://dict.concised.moe.edu.tw/searchP.jsp?SN=%E3%84%97&SN2=%E3%84%97%E3%84%9C%CB%8A&word=%E6%BE%A4"
"1078","ㄍㄨㄢˇ","館","",,"館、館子、館長","3","有教育部詞目","https://dict.concised.moe.edu.tw/searchP.jsp?SN=%E3%84%8D&SN2=%E3%84%8D%E3%84%A8%E3%84%A2%CB%87&word=%E9%A4%A8"
"1079","ㄌㄨ","嚕","",,"嚕、嚕囌","2","有教育部詞目","https://dict.concised.moe.edu.tw/searchP.jsp?SN=%E3%84%8C&SN2=%E3%84%8C%E3%84%A8&word=%E5%9A%95"
"1080","ㄓㄣ","珍","",,"珍、珍奇、珍玩、珍品、珍重、珍珠、珍惜、珍視、珍貴、珍愛、珍禽、珍禽異獸、珍聞、珍餚、珍藏、珍饈、珍寶","17","有教育部詞目","https://dict.concised.moe.edu.tw/searchP.jsp?SN=%E3%84%93&SN2=%E3%84%93%E3%84%A3&word=%E7%8F%8D"
"1081","ㄧㄠ","腰","",,"腰、腰子、腰包、腰身、腰板、腰果、腰花、腰帶、腰斬、腰桿、腰粗氣豪、腰部、腰圍、腰纏萬貫","14","有教育部詞目","https://dict.concised.moe.edu.tw/searchP.jsp?SN=%E3%84%A7&SN2=%E3%84%A7%E3%84%A0&word=%E8%85%B0"
"1082","ㄌㄨㄥˊ","龍","",,"龍、龍子、龍井、龍穴、龍舟、龍門、龍泉、龍套、龍宮、龍珠、龍脈、龍馬、龍骨、龍船、龍袍、龍鳳、龍蝦、龍頭、龍鍾、龍鬚","20","有教育部詞目","https://dict.concised.moe.edu.tw/searchP.jsp?SN=%E3%84%8C&SN2=%E3%84%8C%E3%84%A8%E3%84%A5%CB%8A&word=%E9%BE%8D"
"1083","ㄌㄧㄥˊ","靈","",,"靈、靈丹、靈巧、靈光、靈車、靈性、靈物、靈柩、靈活、靈氣、靈堂、靈敏、靈異、靈通、靈媒、靈感、靈魂、靈藥、靈櫬、靈驗","20","有教育部詞目","https://dict.concised.moe.edu.tw/searchP.jsp?SN=%E3%84%8C&SN2=%E3%84%8C%E3%84%A7%E3%84%A5%CB%8A&word=%E9%9D%88"
"1084","ㄊㄨㄛ","托","",,"托、托老中心、托兒所、托育、托缽、托詞、托腮、托福、托辣斯","9","有教育部詞目","https://dict.concised.moe.edu.tw/searchP.jsp?SN=%E3%84%8A&SN2=%E3%84%8A%E3%84%A8%E3%84%9B&word=%E6%89%98"
"1085","ㄓˋ","治","",,"治、治水、治世、治平、治本、治安、治軍、治家、治病、治國、治理、治喪、治罪、治裝、治標、治學、治療、治績、治癒、治權","20","有教育部詞目","https://dict.concised.moe.edu.tw/searchP.jsp?SN=%E3%84%93&SN2=%E3%84%93%CB%8B&word=%E6%B2%BB"
"1086","ㄧㄚˊ","芽","",,"芽","1","有教育部詞目","https://dict.concised.moe.edu.tw/searchP.jsp?SN=%E3%84%A7&SN2=%E3%84%A7%E3%84%9A%CB%8A&word=%E8%8A%BD"
"1087","ㄊㄨㄥˇ","桶","",,"桶、桶子","2","有教育部詞目","https://dict.concised.moe.edu.tw/searchP.jsp?SN=%E3%84%8A&SN2=%E3%84%8A%E3%84%A8%E3%84%A5%CB%87&word=%E6%A1%B6"
"1088","ㄧㄡˊ","郵","",,"郵、郵包、郵件、郵局、郵政儲金轉存制度、郵差、郵寄、郵票、郵筒、郵匯、郵資、郵電、郵遞、郵遞區號、郵箱、郵輪、郵購、郵戳、郵簡","19","有教育部詞目","https://dict.concised.moe.edu.tw/searchP.jsp?SN=%E3%84%A7&SN2=%E3%84%A7%E3%84%A1%CB%8A&word=%E9%83%B5"
"1089","ㄅㄧㄢˋ","遍","",,"遍、遍及、遍布、遍地、遍體鱗傷","5","有教育部詞目","https://dict.concised.moe.edu.tw/searchP.jsp?SN=%E3%84%85&SN2=%E3%84%85%E3%84%A7%E3%84%A2%CB%8B&word=%E9%81%8D"
"1090","ㄈㄣˋ","奮","",,"奮、奮力、奮不顧身、奮勇、奮勉、奮鬥、奮發、奮發圖強、奮筆疾書、奮戰、奮勵","11","有教育部詞目","https://dict.concised.moe.edu.tw/searchP.jsp?SN=%E3%84%88&SN2=%E3%84%88%E3%84%A3%CB%8B&word=%E5%A5%AE"
"1091","ㄉㄢ","擔","",,"擔、擔子、擔心、擔仔麵、擔任、擔保、擔保權、擔待、擔架、擔當、擔綱、擔憂、擔擔麵、擔驚受怕","14","有教育部詞目","https://dict.concised.moe.edu.tw/searchP.jsp?SN=%E3%84%89&SN2=%E3%84%89%E3%84%A2&word=%E6%93%94"
"1091","ㄉㄢˋ","擔","",,"擔、擔子、擔仔麵、擔擔麵","4","有教育部詞目","https://dict.concised.moe.edu.tw/searchP.jsp?SN=%E3%84%89&SN2=%E3%84%89%E3%84%A2%CB%8B&word=%E6%93%94"
"1092","ㄓㄨˇ","屬","",,"屬、屬意","2","有教育部詞目","https://dict.concised.moe.edu.tw/searchP.jsp?SN=%E3%84%93&SN2=%E3%84%93%E3%84%A8%CB%87&word=%E5%B1%AC"
"1092","ㄕㄨˇ","屬","",,"屬、屬下、屬地、屬性、屬於、屬相、屬國、屬實","8","有教育部詞目","https://dict.concised.moe.edu.tw/searchP.jsp?SN=%E3%84%95&SN2=%E3%84%95%E3%84%A8%CB%87&word=%E5%B1%AC"
"1094","ㄨㄟ","委","",,"委、委任、委曲、委決不下、委身、委屈、委派、委員、委員會、委託、委託行、委婉、委蛇、委頓、委實、委瑣、委辦、委靡、委靡不振","19","有教育部詞目","https://dict.concised.moe.edu.tw/searchP.jsp?SN=%E3%84%A8&SN2=%E3%84%A8%E3%84%9F&word=%E5%A7%94"
"1094","ㄨㄟˇ","委","",,"委、委任、委曲、委曲求全、委決不下、委身、委屈、委派、委員、委員會、委託、委託行、委婉、委頓、委實、委瑣、委辦、委靡、委靡不振","19","有教育部詞目","https://dict.concised.moe.edu.tw/searchP.jsp?SN=%E3%84%A8&SN2=%E3%84%A8%E3%84%9F%CB%87&word=%E5%A7%94"
"1095","ㄗㄜˊ","則","",,"則","1","有教育部詞目","https://dict.concised.moe.edu.tw/searchP.jsp?SN=%E3%84%97&SN2=%E3%84%97%E3%84%9C%CB%8A&word=%E5%89%87"
"1096","ㄉㄞ","待","",,"待、待人接物、待人處世、待人處事、待字閨中、待命、待客、待查、待售、待產、待遇、待價而沽、待機而動","13","有教育部詞目","https://dict.concised.moe.edu.tw/searchP.jsp?SN=%E3%84%89&SN2=%E3%84%89%E3%84%9E&word=%E5%BE%85"
"1096","ㄉㄞˋ","待","",,"待、待人接物、待人處世、待人處事、待字閨中、待命、待客、待查、待售、待產、待遇、待價而沽、待機而動","13","有教育部詞目","https://dict.concised.moe.edu.tw/searchP.jsp?SN=%E3%84%89&SN2=%E3%84%89%E3%84%9E%CB%8B&word=%E5%BE%85"
"1097","ㄆㄞˋ","派","",,"派、派上用場、派出所、派生詞、派任、派兵、派別、派系、派員、派對、派遣、派頭","12","有教育部詞目","https://dict.concised.moe.edu.tw/searchP.jsp?SN=%E3%84%86&SN2=%E3%84%86%E3%84%9E%CB%8B&word=%E6%B4%BE"
"1098","ㄔㄥˊ","盛","",,"盛、盛放、盛飯、盛器","4","有教育部詞目","https://dict.concised.moe.edu.tw/searchP.jsp?SN=%E3%84%94&SN2=%E3%84%94%E3%84%A5%CB%8A&word=%E7%9B%9B"
"1098","ㄕㄥˋ","盛","",,"盛、盛大、盛世、盛名、盛年、盛行、盛事、盛典、盛況、盛怒、盛衰、盛情、盛產、盛暑、盛開、盛傳、盛意、盛會、盛裝、盛舉","20","有教育部詞目","https://dict.concised.moe.edu.tw/searchP.jsp?SN=%E3%84%95&SN2=%E3%84%95%E3%84%A5%CB%8B&word=%E7%9B%9B"
"1100","ㄐㄧㄝ","階","",,"階、階下囚、階段、階段性、階級、階梯、階層","7","有教育部詞目","https://dict.concised.moe.edu.tw/searchP.jsp?SN=%E3%84%90&SN2=%E3%84%90%E3%84%A7%E3%84%9D&word=%E9%9A%8E"
"1101","ㄈㄥ","蜂","",,"蜂、蜂王、蜂王乳、蜂巢、蜂巢式行動電話系統、蜂湧而出、蜂腰、蜂窩、蜂蜜、蜂擁、蜂蠟","11","有教育部詞目","https://dict.concised.moe.edu.tw/searchP.jsp?SN=%E3%84%88&SN2=%E3%84%88%E3%84%A5&word=%E8%9C%82"
"1102","ㄔˇ","尺","",,"尺、尺寸、尺度、尺幅、尺碼、尺牘","6","有教育部詞目","https://dict.concised.moe.edu.tw/searchP.jsp?SN=%E3%84%94&SN2=%E3%84%94%CB%87&word=%E5%B0%BA"
"1102","ㄔㄜˇ","尺","",,"尺","1","有教育部詞目","https://dict.concised.moe.edu.tw/searchP.jsp?SN=%E3%84%94&SN2=%E3%84%94%E3%84%9C%CB%87&word=%E5%B0%BA"
"1103","ㄏㄨ","乎","",,"乎","1","有教育部詞目","https://dict.concised.moe.edu.tw/searchP.jsp?SN=%E3%84%8F&SN2=%E3%84%8F%E3%84%A8&word=%E4%B9%8E"
"1104","ㄑㄧㄣ","侵","",,"侵、侵入、侵占、侵犯、侵吞、侵凌、侵害、侵略、侵蝕、侵擾、侵襲","11","有教育部詞目","https://dict.concised.moe.edu.tw/searchP.jsp?SN=%E3%84%91&SN2=%E3%84%91%E3%84%A7%E3%84%A3&word=%E4%BE%B5"
"1105","ㄐㄧㄥˋ","淨","",,"淨、淨土、淨土宗、淨化、淨手、淨水、淨利、淨重、淨值、淨盡、淨賺","11","有教育部詞目","https://dict.concised.moe.edu.tw/searchP.jsp?SN=%E3%84%90&SN2=%E3%84%90%E3%84%A7%E3%84%A5%CB%8B&word=%E6%B7%A8"
"1106","ㄒㄧ","溪","",,"溪、溪床、溪谷、溪流、溪澗","5","有教育部詞目","https://dict.concised.moe.edu.tw/searchP.jsp?SN=%E3%84%92&SN2=%E3%84%92%E3%84%A7&word=%E6%BA%AA"
"1107","ㄍㄨㄟ","歸","",,"歸、歸化、歸天、歸功、歸西、歸併、歸咎、歸附、歸納、歸國、歸宿、歸巢、歸途、歸期、歸結、歸隊、歸寧、歸檔、歸還、歸類","20","有教育部詞目","https://dict.concised.moe.edu.tw/searchP.jsp?SN=%E3%84%8D&SN2=%E3%84%8D%E3%84%A8%E3%84%9F&word=%E6%AD%B8"
"1107","ㄎㄨㄟˋ","歸","",,"歸","1","有教育部詞目","https://dict.concised.moe.edu.tw/searchP.jsp?SN=%E3%84%8E&SN2=%E3%84%8E%E3%84%A8%E3%84%9F%CB%8B&word=%E6%AD%B8"
"1108","ㄆㄧㄠˋ","票","",,"票、票友、票券、票房、票亭、票面、票款、票源、票價、票數、票據、票選、票戲","13","有教育部詞目","https://dict.concised.moe.edu.tw/searchP.jsp?SN=%E3%84%86&SN2=%E3%84%86%E3%84%A7%E3%84%A0%CB%8B&word=%E7%A5%A8"
"1109","ㄗㄨㄣ","尊","",,"尊、尊夫人、尊姓大名、尊長、尊前、尊重、尊容、尊師重道、尊翁、尊崇、尊貴、尊敬、尊榮、尊稱、尊嚴","15","有教育部詞目","https://dict.concised.moe.edu.tw/searchP.jsp?SN=%E3%84%97&SN2=%E3%84%97%E3%84%A8%E3%84%A3&word=%E5%B0%8A"
"1110","ㄕㄡˊ","熟","",,"熟、熟人、熟手、熟知、熟客、熟食、熟能生巧、熟記、熟悉、熟習、熟睡、熟稔、熟語、熟慮、熟練、熟諳、熟識、熟鐵、熟讀","19","有教育部詞目","https://dict.concised.moe.edu.tw/searchP.jsp?SN=%E3%84%95&SN2=%E3%84%95%E3%84%A1%CB%8A&word=%E7%86%9F"
"1111","ㄐㄧ","績","",,"績、績效、績學、績優","4","有教育部詞目","https://dict.concised.moe.edu.tw/searchP.jsp?SN=%E3%84%90&SN2=%E3%84%90%E3%84%A7&word=%E7%B8%BE"
"1112","ㄧˋ","譯","",,"譯、譯本、譯名、譯者、譯音、譯員、譯筆、譯著","8","有教育部詞目","https://dict.concised.moe.edu.tw/searchP.jsp?SN=%E3%84%A7&SN2=%E3%84%A7%CB%8B&word=%E8%AD%AF"
"1113","ㄨㄤˋ","忘","",,"忘、忘本、忘年、忘我、忘卻、忘恩負義、忘記、忘情、忘掉、忘憂、忘懷","11","有教育部詞目","https://dict.concised.moe.edu.tw/searchP.jsp?SN=%E3%84%A8&SN2=%E3%84%A8%E3%84%A4%CB%8B&word=%E5%BF%98"
"1114","ㄉㄧㄢˇ","典","",,"典、典押、典型、典故、典章、典章制度、典雅、典當、典試、典獄長、典範、典範長存、典禮、典藏、典藏本、典籍","16","有教育部詞目","https://dict.concised.moe.edu.tw/searchP.jsp?SN=%E3%84%89&SN2=%E3%84%89%E3%84%A7%E3%84%A2%CB%87&word=%E5%85%B8"
"1115","ㄗㄚˊ","咱","",,"咱、咱家","2","有教育部詞目","https://dict.concised.moe.edu.tw/searchP.jsp?SN=%E3%84%97&SN2=%E3%84%97%E3%84%9A%CB%8A&word=%E5%92%B1"
"1115","ㄗㄢˊ","咱","",,"咱、咱們","2","有教育部詞目","https://dict.concised.moe.edu.tw/searchP.jsp?SN=%E3%84%97&SN2=%E3%84%97%E3%84%A2%CB%8A&word=%E5%92%B1"
"1116","ㄊㄨㄥˋ","痛","",,"痛、痛心、痛打、痛斥、痛快、痛批、痛定思痛、痛恨、痛苦、痛風、痛哭、痛惜、痛處、痛惡、痛痛病、痛飲、痛感、痛楚、痛擊、痛癢","20","有教育部詞目","https://dict.concised.moe.edu.tw/searchP.jsp?SN=%E3%84%8A&SN2=%E3%84%8A%E3%84%A8%E3%84%A5%CB%8B&word=%E7%97%9B"
"1117","ㄕㄨ","舒","",,"舒、舒坦、舒服、舒展、舒爽、舒暢、舒緩、舒適","8","有教育部詞目","https://dict.concised.moe.edu.tw/searchP.jsp?SN=%E3%84%95&SN2=%E3%84%95%E3%84%A8&word=%E8%88%92"
"1118","ㄍㄞˋ","概","",,"概、概念、概念車、概況、概括、概要、概述、概率、概略、概算、概說、概論、概觀","13","有教育部詞目","https://dict.concised.moe.edu.tw/searchP.jsp?SN=%E3%84%8D&SN2=%E3%84%8D%E3%84%9E%CB%8B&word=%E6%A6%82"
"1119","ㄨㄢˇ","碗","",,"碗、碗筷、碗盤","3","有教育部詞目","https://dict.concised.moe.edu.tw/searchP.jsp?SN=%E3%84%A8&SN2=%E3%84%A8%E3%84%A2%CB%87&word=%E7%A2%97"
"1120","ㄕㄨˋ","豎","",,"豎、豎白旗、豎立、豎琴","4","有教育部詞目","https://dict.concised.moe.edu.tw/searchP.jsp?SN=%E3%84%95&SN2=%E3%84%95%E3%84%A8%CB%8B&word=%E8%B1%8E"
"1121","ㄌㄧㄥˇ","嶺","",,"嶺","1","有教育部詞目","https://dict.concised.moe.edu.tw/searchP.jsp?SN=%E3%84%8C&SN2=%E3%84%8C%E3%84%A7%E3%84%A5%CB%87&word=%E5%B6%BA"
"1122","ㄘˋ","刺","",,"刺、刺刀、刺耳、刺股懸梁、刺青、刺客、刺破、刺骨、刺探、刺殺、刺眼、刺鼻、刺蝟、刺激、刺繡","15","有教育部詞目","https://dict.concised.moe.edu.tw/searchP.jsp?SN=%E3%84%98&SN2=%E3%84%98%CB%8B&word=%E5%88%BA"
"1123","ㄓㄨㄟ","追","",,"追、追加、追求、追究、追念、追肥、追思、追查、追述、追悔、追捕、追悼、追逐、追尋、追認、追趕、追撞、追蹤、追贈、追贓","20","有教育部詞目","https://dict.concised.moe.edu.tw/searchP.jsp?SN=%E3%84%93&SN2=%E3%84%93%E3%84%A8%E3%84%9F&word=%E8%BF%BD"
"1124","ㄐㄧㄢˋ","健","",,"健、健力、健全、健在、健行、健壯、健忘、健步如飛、健走、健身、健兒、健保、健美、健朗、健將、健康、健康教育、健康醋、健碩、健談","20","有教育部詞目","https://dict.concised.moe.edu.tw/searchP.jsp?SN=%E3%84%90&SN2=%E3%84%90%E3%84%A7%E3%84%A2%CB%8B&word=%E5%81%A5"
"1125","ㄓㄨㄢ","磚","",,"磚、磚瓦、磚頭、磚牆","4","有教育部詞目","https://dict.concised.moe.edu.tw/searchP.jsp?SN=%E3%84%93&SN2=%E3%84%93%E3%84%A8%E3%84%A2&word=%E7%A3%9A"
"1126","ㄒㄧㄡ","休","",,"休、休止、休止符、休市、休克、休兵、休怪、休息、休眠、休假、休戚相關、休診、休閒、休想、休會、休業、休養、休學、休憩、休戰","20","有教育部詞目","https://dict.concised.moe.edu.tw/searchP.jsp?SN=%E3%84%92&SN2=%E3%84%92%E3%84%A7%E3%84%A1&word=%E4%BC%91"
"1128","ㄐㄧㄝˋ","借","",,"借、借刀殺人、借小喻大、借用、借助、借物喻人、借花獻佛、借屍還魂、借重、借酒澆愁、借宿、借款、借貸、借債、借調、借據、借題發揮、借鏡","18","有教育部詞目","https://dict.concised.moe.edu.tw/searchP.jsp?SN=%E3%84%90&SN2=%E3%84%90%E3%84%A7%E3%84%9D%CB%8B&word=%E5%80%9F"
"1129","ㄍㄨ","骨","",,"骨、骨子、骨朵兒、骨灰、骨肉、骨折、骨架、骨盆、骨氣、骨牌、骨牌理論、骨幹、骨碌、骨董、骨頭、骨骼、骨髓、骨髓移植","18","有教育部詞目","https://dict.concised.moe.edu.tw/searchP.jsp?SN=%E3%84%8D&SN2=%E3%84%8D%E3%84%A8&word=%E9%AA%A8"
"1129","ㄍㄨˇ","骨","",,"骨、骨子、骨灰、骨肉、骨折、骨架、骨盆、骨氣、骨牌、骨牌理論、骨幹、骨董、骨瘦如柴、骨質疏鬆症、骨骼、骨鯁在喉、骨髓、骨髓移植","18","有教育部詞目","https://dict.concised.moe.edu.tw/searchP.jsp?SN=%E3%84%8D&SN2=%E3%84%8D%E3%84%A8%CB%87&word=%E9%AA%A8"
"1129","ㄍㄨˊ","骨","",,"骨、骨頭","2","有教育部詞目","https://dict.concised.moe.edu.tw/searchP.jsp?SN=%E3%84%8D&SN2=%E3%84%8D%E3%84%A8%CB%8A&word=%E9%AA%A8"
"1130","ㄠˋ","奧","",,"奧、奧妙、奧林匹克運動會、奧祕、奧援、奧斯卡金像獎、奧義、奧運、奧運會","9","有教育部詞目","https://dict.concised.moe.edu.tw/searchP.jsp?SN=%E3%84%A0&SN2=%E3%84%A0%CB%8B&word=%E5%A5%A7"
"1131","ㄢˋ","暗","",,"暗、暗合、暗地、暗房、暗流、暗香、暗笑、暗記、暗殺、暗淡、暗訪、暗溝、暗號、暗影、暗盤、暗碼、暗箭、暗器、暗礁、暗戀","20","有教育部詞目","https://dict.concised.moe.edu.tw/searchP.jsp?SN=%E3%84%A2&SN2=%E3%84%A2%CB%8B&word=%E6%9A%97"
"1132","ㄆㄥˋ","碰","",,"碰、碰巧、碰見、碰面、碰釘子、碰運氣、碰撞、碰壁、碰頭","9","有教育部詞目","https://dict.concised.moe.edu.tw/searchP.jsp?SN=%E3%84%86&SN2=%E3%84%86%E3%84%A5%CB%8B&word=%E7%A2%B0"
"1133","ㄉㄤˋ","蕩","",,"蕩、蕩氣迴腸、蕩然、蕩然無存、蕩漾、蕩蕩","6","有教育部詞目","https://dict.concised.moe.edu.tw/searchP.jsp?SN=%E3%84%89&SN2=%E3%84%89%E3%84%A4%CB%8B&word=%E8%95%A9"
"1134","ㄧㄚˊ","牙","牙齒",,"牙、牙牙學語、牙床、牙刷、牙科、牙根、牙膏、牙慧、牙齒、牙醫、牙關、牙齦、牙籤","13","有教育部詞目","https://dict.concised.moe.edu.tw/searchP.jsp?SN=%E3%84%A7&SN2=%E3%84%A7%E3%84%9A%CB%8A&word=%E7%89%99"
"1135","ㄋㄧㄢˋ","念","",,"念、念力、念白、念佛、念念不忘、念珠、念茲在茲、念頭、念舊","9","有教育部詞目","https://dict.concised.moe.edu.tw/searchP.jsp?SN=%E3%84%8B&SN2=%E3%84%8B%E3%84%A7%E3%84%A2%CB%8B&word=%E5%BF%B5"
"1136","ㄍㄨㄞˋ","怪","",,"怪、怪人、怪力亂神、怪不得、怪手、怪事、怪物、怪病、怪異、怪傑、怪罪、怪裡怪氣、怪模怪樣、怪誕、怪誕不經、怪談、怪癖、怪獸","18","有教育部詞目","https://dict.concised.moe.edu.tw/searchP.jsp?SN=%E3%84%8D&SN2=%E3%84%8D%E3%84%A8%E3%84%9E%CB%8B&word=%E6%80%AA"
"1137","ㄐㄧㄥˋ","勁","",,"勁、勁風、勁旅、勁節、勁敵、勁頭","6","有教育部詞目","https://dict.concised.moe.edu.tw/searchP.jsp?SN=%E3%84%90&SN2=%E3%84%90%E3%84%A7%E3%84%A5%CB%8B&word=%E5%8B%81"
"1138","ㄨㄚˊ","娃","",,"娃、娃兒、娃娃","3","有教育部詞目","https://dict.concised.moe.edu.tw/searchP.jsp?SN=%E3%84%A8&SN2=%E3%84%A8%E3%84%9A%CB%8A&word=%E5%A8%83"
"1139","ㄖㄨㄥˊ","榮","",,"榮、榮民、榮任、榮幸、榮枯、榮辱與共、榮登、榮華、榮華富貴、榮銜、榮獲、榮歸、榮耀、榮譽、榮譽學位","15","有教育部詞目","https://dict.concised.moe.edu.tw/searchP.jsp?SN=%E3%84%96&SN2=%E3%84%96%E3%84%A8%E3%84%A5%CB%8A&word=%E6%A6%AE"
"1140","ㄇㄧˋ","蜜","蜜蜂",,"蜜、蜜月、蜜蜂、蜜糖、蜜餞","5","有教育部詞目","https://dict.concised.moe.edu.tw/searchP.jsp?SN=%E3%84%87&SN2=%E3%84%87%E3%84%A7%CB%8B&word=%E8%9C%9C"
"1141","ㄒㄧㄢˇ","險","",,"險、險些、險阻、險要、險峻、險勝、險惡、險詐、險象、險象環生、險境、險遭不測、險灘","13","有教育部詞目","https://dict.concised.moe.edu.tw/searchP.jsp?SN=%E3%84%92&SN2=%E3%84%92%E3%84%A7%E3%84%A2%CB%87&word=%E9%9A%AA"
"1142","ㄗㄤˋ","藏","",,"藏","1","有教育部詞目","https://dict.concised.moe.edu.tw/searchP.jsp?SN=%E3%84%97&SN2=%E3%84%97%E3%84%A4%CB%8B&word=%E8%97%8F"
"1142","ㄘㄤˊ","藏","",,"藏、藏汙納垢、藏私、藏身、藏拙、藏垢納汙、藏書、藏書票、藏匿、藏頭露尾、藏龍臥虎","11","有教育部詞目","https://dict.concised.moe.edu.tw/searchP.jsp?SN=%E3%84%98&SN2=%E3%84%98%E3%84%A4%CB%8A&word=%E8%97%8F"
"1143","ㄋㄨㄥˋ","弄","",,"弄、弄巧成拙、弄瓦、弄臣、弄車鼓、弄法、弄倒、弄假成真、弄虛作假、弄潮、弄璋、弄錯、弄權","13","有教育部詞目","https://dict.concised.moe.edu.tw/searchP.jsp?SN=%E3%84%8B&SN2=%E3%84%8B%E3%84%A8%E3%84%A5%CB%8B&word=%E5%BC%84"
"1143","ㄌㄨㄥˋ","弄","",,"弄、弄堂","2","有教育部詞目","https://dict.concised.moe.edu.tw/searchP.jsp?SN=%E3%84%8C&SN2=%E3%84%8C%E3%84%A8%E3%84%A5%CB%8B&word=%E5%BC%84"
"1144","ㄨㄟ","威","",,"威、威力、威士忌、威名、威武、威信、威風、威風凜凜、威脅、威脅利誘、威望、威猛、威勢、威逼利誘、威儀、威震、威嚇、威嚴、威權、威靈","20","有教育部詞目","https://dict.concised.moe.edu.tw/searchP.jsp?SN=%E3%84%A8&SN2=%E3%84%A8%E3%84%9F&word=%E5%A8%81"
"1145","ㄖㄢˇ","染","",,"染、染色、染色體、染指、染缸、染料、染病、染髮","8","有教育部詞目","https://dict.concised.moe.edu.tw/searchP.jsp?SN=%E3%84%96&SN2=%E3%84%96%E3%84%A2%CB%87&word=%E6%9F%93"
"1146","ㄆㄣˊ","盆","",,"盆、盆地、盆花、盆栽、盆景","5","有教育部詞目","https://dict.concised.moe.edu.tw/searchP.jsp?SN=%E3%84%86&SN2=%E3%84%86%E3%84%A3%CB%8A&word=%E7%9B%86"
"1147","ㄌㄩˇ","旅","",,"旅、旅人、旅行、旅行支票、旅行車、旅行社、旅行團、旅居、旅店、旅社、旅長、旅客、旅途、旅程、旅費、旅遊、旅遊手冊、旅館","18","有教育部詞目","https://dict.concised.moe.edu.tw/searchP.jsp?SN=%E3%84%8C&SN2=%E3%84%8C%E3%84%A9%CB%87&word=%E6%97%85"
"1148","ㄍㄨㄟˇ","鬼","",,"鬼、鬼子、鬼才、鬼火、鬼主意、鬼叫、鬼把戲、鬼見愁、鬼斧神工、鬼門關、鬼胎、鬼祟、鬼混、鬼畫符、鬼話、鬼魂、鬼影幢幢、鬼魅、鬼臉、鬼靈精","20","有教育部詞目","https://dict.concised.moe.edu.tw/searchP.jsp?SN=%E3%84%8D&SN2=%E3%84%8D%E3%84%A8%E3%84%9F%CB%87&word=%E9%AC%BC"
"1149","ㄉㄧˊ","笛","",,"笛、笛子、笛聲","3","有教育部詞目","https://dict.concised.moe.edu.tw/searchP.jsp?SN=%E3%84%89&SN2=%E3%84%89%E3%84%A7%CB%8A&word=%E7%AC%9B"
"1150","ㄗㄥ","曾","",,"曾、曾孫、曾祖、曾祖父、曾祖母","5","有教育部詞目","https://dict.concised.moe.edu.tw/searchP.jsp?SN=%E3%84%97&SN2=%E3%84%97%E3%84%A5&word=%E6%9B%BE"
"1150","ㄘㄥˊ","曾","",,"曾、曾幾何時、曾經","3","有教育部詞目","https://dict.concised.moe.edu.tw/searchP.jsp?SN=%E3%84%98&SN2=%E3%84%98%E3%84%A5%CB%8A&word=%E6%9B%BE"
"1151","ㄐㄧㄡˋ","舊","",,"舊、舊人、舊日、舊交、舊地、舊式、舊址、舊事、舊制、舊居、舊型、舊書、舊情、舊習、舊貨、舊歲、舊稱、舊曆、舊屬、舊觀","20","有教育部詞目","https://dict.concised.moe.edu.tw/searchP.jsp?SN=%E3%84%90&SN2=%E3%84%90%E3%84%A7%E3%84%A1%CB%8B&word=%E8%88%8A"
"1152","ㄕˋ","釋","",,"釋、釋文、釋出、釋例、釋放、釋迦、釋然、釋義、釋疑、釋懷","10","有教育部詞目","https://dict.concised.moe.edu.tw/searchP.jsp?SN=%E3%84%95&SN2=%E3%84%95%CB%8B&word=%E9%87%8B"
"1153","ㄅㄧㄥˇ","丙","",,"丙、丙烷","2","有教育部詞目","https://dict.concised.moe.edu.tw/searchP.jsp?SN=%E3%84%85&SN2=%E3%84%85%E3%84%A7%E3%84%A5%CB%87&word=%E4%B8%99"
"1154","ㄊㄧㄠ","挑","",,"挑、挑三揀四、挑大梁、挑夫、挑明、挑空、挑食、挑剔、挑高、挑逗、挑揀、挑嘴、挑撥、挑戰、挑戰書、挑燈、挑選、挑釁","18","有教育部詞目","https://dict.concised.moe.edu.tw/searchP.jsp?SN=%E3%84%8A&SN2=%E3%84%8A%E3%84%A7%E3%84%A0&word=%E6%8C%91"
"1154","ㄊㄧㄠˇ","挑","",,"挑、挑明、挑空、挑逗、挑撥、挑撥離間、挑戰、挑戰書、挑燈、挑燈夜戰、挑釁","11","有教育部詞目","https://dict.concised.moe.edu.tw/searchP.jsp?SN=%E3%84%8A&SN2=%E3%84%8A%E3%84%A7%E3%84%A0%CB%87&word=%E6%8C%91"
"1155","ㄐㄧㄡˇ","酒","",,"酒、酒力、酒令、酒母、酒吧、酒店、酒杯、酒保、酒香、酒家、酒席、酒鬼、酒瓶、酒量、酒意、酒會、酒話、酒精、酒樓、酒醉","20","有教育部詞目","https://dict.concised.moe.edu.tw/searchP.jsp?SN=%E3%84%90&SN2=%E3%84%90%E3%84%A7%E3%84%A1%CB%87&word=%E9%85%92"
"1156","ㄏㄜ","喝","喝水",,"喝、喝止、喝令、喝斥、喝西北風、喝采、喝倒采","7","有教育部詞目","https://dict.concised.moe.edu.tw/searchP.jsp?SN=%E3%84%8F&SN2=%E3%84%8F%E3%84%9C&word=%E5%96%9D"
"1156","ㄏㄜˋ","喝","",,"喝、喝止、喝令、喝斥、喝采、喝倒采","6","有教育部詞目","https://dict.concised.moe.edu.tw/searchP.jsp?SN=%E3%84%8F&SN2=%E3%84%8F%E3%84%9C%CB%8B&word=%E5%96%9D"
"1157","ㄏㄨㄛˋ","獲","",,"獲、獲利、獲取、獲知、獲致、獲准、獲益、獲益匪淺、獲得、獲悉、獲救、獲勝、獲罪、獲獎、獲釋","15","有教育部詞目","https://dict.concised.moe.edu.tw/searchP.jsp?SN=%E3%84%8F&SN2=%E3%84%8F%E3%84%A8%E3%84%9B%CB%8B&word=%E7%8D%B2"
"1158","ㄅㄟˋ","貝","",,"貝、貝殼","2","有教育部詞目","https://dict.concised.moe.edu.tw/searchP.jsp?SN=%E3%84%85&SN2=%E3%84%85%E3%84%9F%CB%8B&word=%E8%B2%9D"
"1159","ㄔㄡ","抽","",,"抽、抽成、抽考、抽血、抽身、抽取、抽空、抽查、抽屜、抽球、抽筋、抽菸、抽象、抽搐、抽樣、抽獎、抽調、抽頭、抽籤、抽驗","20","有教育部詞目","https://dict.concised.moe.edu.tw/searchP.jsp?SN=%E3%84%94&SN2=%E3%84%94%E3%84%A1&word=%E6%8A%BD"
"1160","ㄅㄠˋ","抱","",,"抱、抱不平、抱屈、抱怨、抱持、抱負、抱病、抱殘守缺、抱歉、抱憾、抱頭痛哭、抱頭鼠竄、抱薪救火","13","有教育部詞目","https://dict.concised.moe.edu.tw/searchP.jsp?SN=%E3%84%85&SN2=%E3%84%85%E3%84%A0%CB%8B&word=%E6%8A%B1"
"1161","ㄋㄚˋ","納","",,"納、納吉、納命來、納采、納貢、納骨塔、納涼、納悶、納稅、納稅義務人、納福、納粹","12","有教育部詞目","https://dict.concised.moe.edu.tw/searchP.jsp?SN=%E3%84%8B&SN2=%E3%84%8B%E3%84%9A%CB%8B&word=%E7%B4%8D"
"1162","ㄑㄩㄝ","缺","",,"缺、缺口、缺少、缺欠、缺乏、缺失、缺考、缺席、缺陷、缺德、缺課、缺憾、缺點、缺額","14","有教育部詞目","https://dict.concised.moe.edu.tw/searchP.jsp?SN=%E3%84%91&SN2=%E3%84%91%E3%84%A9%E3%84%9D&word=%E7%BC%BA"
"1163","ㄊㄠˇ","討","",,"討、討人情、討生活、討伐、討好、討便宜、討海人、討救兵、討教、討飯、討債、討厭、討價還價、討論","14","有教育部詞目","https://dict.concised.moe.edu.tw/searchP.jsp?SN=%E3%84%8A&SN2=%E3%84%8A%E3%84%A0%CB%87&word=%E8%A8%8E"
"1164","ㄇㄥˇ","猛","",,"猛、猛攻、猛虎、猛烈、猛將、猛然、猛進、猛禽、猛獸","9","有教育部詞目","https://dict.concised.moe.edu.tw/searchP.jsp?SN=%E3%84%87&SN2=%E3%84%87%E3%84%A5%CB%87&word=%E7%8C%9B"
"1165","ㄏㄜˊ","荷","",,"荷、荷包、荷包蛋、荷花、荷塘、荷爾蒙","6","有教育部詞目","https://dict.concised.moe.edu.tw/searchP.jsp?SN=%E3%84%8F&SN2=%E3%84%8F%E3%84%9C%CB%8A&word=%E8%8D%B7"
"1165","ㄏㄜˋ","荷","",,"荷、荷槍實彈、荷鋤","3","有教育部詞目","https://dict.concised.moe.edu.tw/searchP.jsp?SN=%E3%84%8F&SN2=%E3%84%8F%E3%84%9C%CB%8B&word=%E8%8D%B7"
"1166","ㄒㄩㄥˊ","熊","熊貓",,"熊、熊心豹膽、熊掌、熊熊、熊貓","5","有教育部詞目","https://dict.concised.moe.edu.tw/searchP.jsp?SN=%E3%84%92&SN2=%E3%84%92%E3%84%A9%E3%84%A5%CB%8A&word=%E7%86%8A"
"1167","ㄌㄧㄣˊ","鄰","",,"鄰、鄰人、鄰邦、鄰里、鄰居、鄰近、鄰長、鄰國","8","有教育部詞目","https://dict.concised.moe.edu.tw/searchP.jsp?SN=%E3%84%8C&SN2=%E3%84%8C%E3%84%A7%E3%84%A3%CB%8A&word=%E9%84%B0"
"1168","ㄆㄨ","鋪","",,"鋪、鋪子、鋪位、鋪張、鋪排、鋪設、鋪陳、鋪路、鋪蓋","9","有教育部詞目","https://dict.concised.moe.edu.tw/searchP.jsp?SN=%E3%84%86&SN2=%E3%84%86%E3%84%A8&word=%E9%8B%AA"
"1168","ㄆㄨˋ","鋪","",,"鋪、鋪子、鋪位","3","有教育部詞目","https://dict.concised.moe.edu.tw/searchP.jsp?SN=%E3%84%86&SN2=%E3%84%86%E3%84%A8%CB%8B&word=%E9%8B%AA"
"1169","ㄖㄢˊ","燃","",,"燃、燃放、燃眉之急、燃料、燃燒、燃點","6","有教育部詞目","https://dict.concised.moe.edu.tw/searchP.jsp?SN=%E3%84%96&SN2=%E3%84%96%E3%84%A2%CB%8A&word=%E7%87%83"
"1171","ㄧㄥˋ","映","",,"映、映射、映照、映像、映像管、映襯","6","有教育部詞目","https://dict.concised.moe.edu.tw/searchP.jsp?SN=%E3%84%A7&SN2=%E3%84%A7%E3%84%A5%CB%8B&word=%E6%98%A0"
"1172","ㄊㄧㄥˇ","挺","",,"挺、挺立、挺住、挺身而出、挺拔、挺直、挺胸、挺進、挺舉","9","有教育部詞目","https://dict.concised.moe.edu.tw/searchP.jsp?SN=%E3%84%8A&SN2=%E3%84%8A%E3%84%A7%E3%84%A5%CB%87&word=%E6%8C%BA"
"1173","ㄑㄩㄝˋ","雀","",,"雀、雀屏中選、雀斑、雀躍","4","有教育部詞目","https://dict.concised.moe.edu.tw/searchP.jsp?SN=%E3%84%91&SN2=%E3%84%91%E3%84%A9%E3%84%9D%CB%8B&word=%E9%9B%80"
"1174","ㄍㄡ","溝","",,"溝、溝通、溝渠、溝壑","4","有教育部詞目","https://dict.concised.moe.edu.tw/searchP.jsp?SN=%E3%84%8D&SN2=%E3%84%8D%E3%84%A1&word=%E6%BA%9D"
"1175","ㄇㄛˊ","摩","",,"摩、摩天樓、摩天輪、摩托車、摩肩接踵、摩肩擦踵、摩門教、摩娑、摩拳擦掌、摩根史坦利指數、摩崖石刻、摩登、摩擦","13","有教育部詞目","https://dict.concised.moe.edu.tw/searchP.jsp?SN=%E3%84%87&SN2=%E3%84%87%E3%84%9B%CB%8A&word=%E6%91%A9"
"1176","ㄧㄢ","燕","",,"燕、燕子、燕好、燕尾服、燕居、燕巢、燕麥、燕爾","8","有教育部詞目","https://dict.concised.moe.edu.tw/searchP.jsp?SN=%E3%84%A7&SN2=%E3%84%A7%E3%84%A2&word=%E7%87%95"
"1176","ㄧㄢˋ","燕","",,"燕、燕子、燕好、燕尾服、燕居、燕巢、燕麥、燕爾","8","有教育部詞目","https://dict.concised.moe.edu.tw/searchP.jsp?SN=%E3%84%A7&SN2=%E3%84%A7%E3%84%A2%CB%8B&word=%E7%87%95"
"1177","ㄉㄧㄥ","丁","",,"丁、丁字尺、丁字褲、丁壯、丁香、丁憂","6","有教育部詞目","https://dict.concised.moe.edu.tw/searchP.jsp?SN=%E3%84%89&SN2=%E3%84%89%E3%84%A7%E3%84%A5&word=%E4%B8%81"
"1178","ㄎㄨ","哭","",,"哭、哭泣、哭笑不得、哭喊、哭喪著臉、哭訴、哭窮、哭調、哭鬧","9","有教育部詞目","https://dict.concised.moe.edu.tw/searchP.jsp?SN=%E3%84%8E&SN2=%E3%84%8E%E3%84%A8&word=%E5%93%AD"
"1179","ㄐㄧㄡˋ","救","",,"救、救火車、救世主、救生衣、救生員、救生圈、救兵、救助、救災、救命、救治、救急、救星、救苦救難、救國、救援、救濟、救難、救護、救護車","20","有教育部詞目","https://dict.concised.moe.edu.tw/searchP.jsp?SN=%E3%84%90&SN2=%E3%84%90%E3%84%A7%E3%84%A1%CB%8B&word=%E6%95%91"
"1180","ㄧㄣ","陰","",,"陰、陰天、陰毛、陰平、陰冷、陰門、陰毒、陰狠、陰乾、陰涼、陰莖、陰部、陰極、陰溝、陰道、陰魂、陰德、陰謀、陰囊、陰霾","20","有教育部詞目","https://dict.concised.moe.edu.tw/searchP.jsp?SN=%E3%84%A7&SN2=%E3%84%A7%E3%84%A3&word=%E9%99%B0"
"1181","ㄐㄧㄝ","街","",,"街、街市、街坊、街角、街景、街道、街舞、街談巷議、街頭巷尾、街頭劇","10","有教育部詞目","https://dict.concised.moe.edu.tw/searchP.jsp?SN=%E3%84%90&SN2=%E3%84%90%E3%84%A7%E3%84%9D&word=%E8%A1%97"
"1182","ㄐㄧㄝˊ","截","",,"截、截止、截長補短、截然不同、截稿、截擊、截獲、截斷、截彎取直","9","有教育部詞目","https://dict.concised.moe.edu.tw/searchP.jsp?SN=%E3%84%90&SN2=%E3%84%90%E3%84%A7%E3%84%9D%CB%8A&word=%E6%88%AA"
"1183","ㄉㄧ","滴","",,"滴、滴下、滴水、滴水不沾、滴水未沾、滴水穿石、滴水漏斗、滴血、滴酒不沾、滴液、滴答、滴落、滴滴答答、滴管","14","有教育部詞目","https://dict.concised.moe.edu.tw/searchP.jsp?SN=%E3%84%89&SN2=%E3%84%89%E3%84%A7&word=%E6%BB%B4"
"1184","ㄆㄣ","噴","",,"噴、噴水、噴水池、噴泉、噴射、噴射機、噴氣、噴壺、噴飯、噴漆、噴嚏、噴霧、噴霧器、噴灑","14","有教育部詞目","https://dict.concised.moe.edu.tw/searchP.jsp?SN=%E3%84%86&SN2=%E3%84%86%E3%84%A3&word=%E5%99%B4"
"1184","ㄆㄣˋ","噴","",,"噴","1","有教育部詞目","https://dict.concised.moe.edu.tw/searchP.jsp?SN=%E3%84%86&SN2=%E3%84%86%E3%84%A3%CB%8B&word=%E5%99%B4"
"1185","ㄉㄨˋ","杜","",,"杜、杜門謝客、杜威十進位分類法、杜絕、杜塞、杜漸防微、杜撰、杜鵑、杜鵑花","9","有教育部詞目","https://dict.concised.moe.edu.tw/searchP.jsp?SN=%E3%84%89&SN2=%E3%84%89%E3%84%A8%CB%8B&word=%E6%9D%9C"
"1186","ㄍㄨ","咕","",,"咕、咕噥、咕嚕","3","有教育部詞目","https://dict.concised.moe.edu.tw/searchP.jsp?SN=%E3%84%8D&SN2=%E3%84%8D%E3%84%A8&word=%E5%92%95"
"1187","ㄆㄛ","坡","",,"坡、坡地、坡度、坡道","4","有教育部詞目","https://dict.concised.moe.edu.tw/searchP.jsp?SN=%E3%84%86&SN2=%E3%84%86%E3%84%9B&word=%E5%9D%A1"
"1188","ㄅㄣ","奔","",,"奔、奔忙、奔走、奔命、奔放、奔波、奔流、奔逃、奔逐、奔喪、奔跑、奔馳、奔馳如雷、奔騰","14","有教育部詞目","https://dict.concised.moe.edu.tw/searchP.jsp?SN=%E3%84%85&SN2=%E3%84%85%E3%84%A3&word=%E5%A5%94"
"1189","ㄌㄧㄥˊ","玲","",,"玲、玲瓏","2","有教育部詞目","https://dict.concised.moe.edu.tw/searchP.jsp?SN=%E3%84%8C&SN2=%E3%84%8C%E3%84%A7%E3%84%A5%CB%8A&word=%E7%8E%B2"
"1190","ㄒㄧㄢˋ","限","",,"限、限令、限制、限制級、限定、限度、限時、限時專送、限期、限量、限價、限額、限齡","13","有教育部詞目","https://dict.concised.moe.edu.tw/searchP.jsp?SN=%E3%84%92&SN2=%E3%84%92%E3%84%A7%E3%84%A2%CB%8B&word=%E9%99%90"
"1191","ㄈㄥ","峰","",,"峰、峰迴路轉、峰巒","3","有教育部詞目","https://dict.concised.moe.edu.tw/searchP.jsp?SN=%E3%84%88&SN2=%E3%84%88%E3%84%A5&word=%E5%B3%B0"
"1192","ㄈㄣ","紛","",,"紛、紛至沓來、紛歧、紛爭、紛飛、紛紛、紛紛攘攘、紛紜、紛亂、紛繁、紛擾、紛雜","12","有教育部詞目","https://dict.concised.moe.edu.tw/searchP.jsp?SN=%E3%84%88&SN2=%E3%84%88%E3%84%A3&word=%E7%B4%9B"
"1193","ㄔㄠ","超","",,"超、超人、超凡、超支、超出、超生、超收、超車、超拔、超級、超強、超脫、超渡、超然、超等、超貸、超群、超載、超過、超齡","20","有教育部詞目","https://dict.concised.moe.edu.tw/searchP.jsp?SN=%E3%84%94&SN2=%E3%84%94%E3%84%A0&word=%E8%B6%85"
"1194","ㄙㄨㄟˋ","碎","",,"碎、碎步、碎花、碎屍萬段、碎屑、碎裂","6","有教育部詞目","https://dict.concised.moe.edu.tw/searchP.jsp?SN=%E3%84%99&SN2=%E3%84%99%E3%84%A8%E3%84%9F%CB%8B&word=%E7%A2%8E"
"1195","ㄎㄨㄛˋ","擴","",,"擴、擴大、擴大機、擴及、擴充、擴建、擴音、擴音器、擴展、擴張、擴散","11","有教育部詞目","https://dict.concised.moe.edu.tw/searchP.jsp?SN=%E3%84%8E&SN2=%E3%84%8E%E3%84%A8%E3%84%9B%CB%8B&word=%E6%93%B4"
"1196","ㄗㄢˋ","讚","",,"讚、讚不絕口、讚佩、讚美、讚許、讚揚、讚頌、讚嘆、讚賞、讚譽","10","有教育部詞目","https://dict.concised.moe.edu.tw/searchP.jsp?SN=%E3%84%97&SN2=%E3%84%97%E3%84%A2%CB%8B&word=%E8%AE%9A"
"1197","ㄗㄨㄢ","鑽","",,"鑽、鑽子、鑽天入地、鑽孔、鑽牛角尖、鑽石、鑽床、鑽戒、鑽研、鑽探、鑽營","11","有教育部詞目","https://dict.concised.moe.edu.tw/searchP.jsp?SN=%E3%84%97&SN2=%E3%84%97%E3%84%A8%E3%84%A2&word=%E9%91%BD"
"1197","ㄗㄨㄢˋ","鑽","",,"鑽、鑽子、鑽石、鑽戒","4","有教育部詞目","https://dict.concised.moe.edu.tw/searchP.jsp?SN=%E3%84%97&SN2=%E3%84%97%E3%84%A8%E3%84%A2%CB%8B&word=%E9%91%BD"
"1198","ㄨㄟˋ","味","味道",,"味、味同嚼蠟、味兒、味素、味道、味精、味噌湯、味覺","8","有教育部詞目","https://dict.concised.moe.edu.tw/searchP.jsp?SN=%E3%84%A8&SN2=%E3%84%A8%E3%84%9F%CB%8B&word=%E5%91%B3"
"1199","ㄓㄡˋ","宙","",,"宙","1","有教育部詞目","https://dict.concised.moe.edu.tw/searchP.jsp?SN=%E3%84%93&SN2=%E3%84%93%E3%84%A1%CB%8B&word=%E5%AE%99"
"1200","ㄕㄠˋ","紹","",,"紹","1","有教育部詞目","https://dict.concised.moe.edu.tw/searchP.jsp?SN=%E3%84%95&SN2=%E3%84%95%E3%84%A0%CB%8B&word=%E7%B4%B9"
"1201","ㄌㄨˋ","鹿","",,"鹿、鹿死誰手、鹿角、鹿茸、鹿場","5","有教育部詞目","https://dict.concised.moe.edu.tw/searchP.jsp?SN=%E3%84%8C&SN2=%E3%84%8C%E3%84%A8%CB%8B&word=%E9%B9%BF"
"1202","ㄏㄢˊ","寒","",,"寒、寒士、寒心、寒毛、寒冬、寒冷、寒舍、寒門、寒流、寒食、寒氣、寒假、寒帶、寒窗、寒慄、寒暄、寒噤、寒蟬、寒露、寒顫","20","有教育部詞目","https://dict.concised.moe.edu.tw/searchP.jsp?SN=%E3%84%8F&SN2=%E3%84%8F%E3%84%A2%CB%8A&word=%E5%AF%92"
"1203","ㄧㄥˋ","硬","",,"硬、硬化、硬水、硬仗、硬生生、硬邦邦、硬性、硬度、硬朗、硬骨頭、硬脾氣、硬幹、硬碰硬、硬裡子、硬幣、硬漢、硬碟、硬撐、硬闖、硬顎","20","有教育部詞目","https://dict.concised.moe.edu.tw/searchP.jsp?SN=%E3%84%A7&SN2=%E3%84%A7%E3%84%A5%CB%8B&word=%E7%A1%AC"
"1204","ㄊㄚˇ","塔","",,"塔、塔斯社、塔臺","3","有教育部詞目","https://dict.concised.moe.edu.tw/searchP.jsp?SN=%E3%84%8A&SN2=%E3%84%8A%E3%84%9A%CB%87&word=%E5%A1%94"
"1205","ㄏㄢˋ","漢","",,"漢、漢人、漢子、漢化、漢文、漢奸、漢字、漢堡、漢語、漢學、漢醫","11","有教育部詞目","https://dict.concised.moe.edu.tw/searchP.jsp?SN=%E3%84%8F&SN2=%E3%84%8F%E3%84%A2%CB%8B&word=%E6%BC%A2"
"1206","ㄖㄥˊ","仍","",,"仍、仍然、仍舊","3","有教育部詞目","https://dict.concised.moe.edu.tw/searchP.jsp?SN=%E3%84%96&SN2=%E3%84%96%E3%84%A5%CB%8A&word=%E4%BB%8D"
"1208","ㄒㄧㄡˋ","秀","",,"秀、秀才、秀外慧中、秀美、秀氣、秀逗、秀場、秀髮、秀麗","9","有教育部詞目","https://dict.concised.moe.edu.tw/searchP.jsp?SN=%E3%84%92&SN2=%E3%84%92%E3%84%A7%E3%84%A1%CB%8B&word=%E7%A7%80"
"1209","ㄈㄨˋ","負","",,"負、負心、負向、負成長、負疚、負重、負面、負氣、負笈、負荊請罪、負荷、負責、負責人、負嵎頑抗、負債、負傷、負義、負載、負數、負擔","20","有教育部詞目","https://dict.concised.moe.edu.tw/searchP.jsp?SN=%E3%84%88&SN2=%E3%84%88%E3%84%A8%CB%8B&word=%E8%B2%A0"
"1210","ㄒㄩㄣˋ","孫","",,"孫","1","有教育部詞目","https://dict.concised.moe.edu.tw/searchP.jsp?SN=%E3%84%92&SN2=%E3%84%92%E3%84%A9%E3%84%A3%CB%8B&word=%E5%AD%AB"
"1210","ㄙㄨㄣ","孫","",,"孫、孫女、孫子、孫悟空","4","有教育部詞目","https://dict.concised.moe.edu.tw/searchP.jsp?SN=%E3%84%99&SN2=%E3%84%99%E3%84%A8%E3%84%A3&word=%E5%AD%AB"
"1211","ㄕㄢ","扇","",,"扇、扇子、扇形","3","有教育部詞目","https://dict.concised.moe.edu.tw/searchP.jsp?SN=%E3%84%95&SN2=%E3%84%95%E3%84%A2&word=%E6%89%87"
"1211","ㄕㄢˋ","扇","",,"扇、扇子、扇形","3","有教育部詞目","https://dict.concised.moe.edu.tw/searchP.jsp?SN=%E3%84%95&SN2=%E3%84%95%E3%84%A2%CB%8B&word=%E6%89%87"
"1212","ㄊㄥˊ","騰","",,"騰、騰出、騰空、騰飛、騰雲駕霧、騰騰、騰躍","7","有教育部詞目","https://dict.concised.moe.edu.tw/searchP.jsp?SN=%E3%84%8A&SN2=%E3%84%8A%E3%84%A5%CB%8A&word=%E9%A8%B0"
"1213","ㄕˇ","史","",,"史、史冊、史前時代、史料、史書、史無前例、史詩、史跡、史實、史學","10","有教育部詞目","https://dict.concised.moe.edu.tw/searchP.jsp?SN=%E3%84%95&SN2=%E3%84%95%CB%87&word=%E5%8F%B2"
"1214","ㄈㄨˊ","伏","",,"伏、伏下、伏地挺身、伏兵、伏法、伏流、伏案、伏特、伏筆、伏貼、伏罪、伏誅、伏羲氏、伏擊","14","有教育部詞目","https://dict.concised.moe.edu.tw/searchP.jsp?SN=%E3%84%88&SN2=%E3%84%88%E3%84%A8%CB%8A&word=%E4%BC%8F"
"1215","ㄅㄠ","炮","",,"炮","1","有教育部詞目","https://dict.concised.moe.edu.tw/searchP.jsp?SN=%E3%84%85&SN2=%E3%84%85%E3%84%A0&word=%E7%82%AE"
"1215","ㄆㄠˊ","炮","",,"炮、炮製","2","有教育部詞目","https://dict.concised.moe.edu.tw/searchP.jsp?SN=%E3%84%86&SN2=%E3%84%86%E3%84%A0%CB%8A&word=%E7%82%AE"
"1215","ㄆㄠˋ","炮","",,"炮、炮口、炮灰、炮竹、炮兵、炮塔、炮臺、炮彈、炮轟","9","有教育部詞目","https://dict.concised.moe.edu.tw/searchP.jsp?SN=%E3%84%86&SN2=%E3%84%86%E3%84%A0%CB%8B&word=%E7%82%AE"
"1216","ㄙㄢˇ","傘","",,"傘、傘兵、傘花、傘紙","4","有教育部詞目","https://dict.concised.moe.edu.tw/searchP.jsp?SN=%E3%84%99&SN2=%E3%84%99%E3%84%A2%CB%87&word=%E5%82%98"
"1217","ㄆㄨˇ","普","",,"普、普及、普天之下、普天同慶、普考、普查、普降甘霖、普通、普渡、普渡眾生、普照、普遍、普遍級、普選","14","有教育部詞目","https://dict.concised.moe.edu.tw/searchP.jsp?SN=%E3%84%86&SN2=%E3%84%86%E3%84%A8%CB%87&word=%E6%99%AE"
"1218","ㄧˇ","椅","椅子",,"椅、椅子、椅墊","3","有教育部詞目","https://dict.concised.moe.edu.tw/searchP.jsp?SN=%E3%84%A7&SN2=%E3%84%A7%CB%87&word=%E6%A4%85"
"1219","ㄑㄩˊ","渠","",,"渠、渠道","2","有教育部詞目","https://dict.concised.moe.edu.tw/searchP.jsp?SN=%E3%84%91&SN2=%E3%84%91%E3%84%A9%CB%8A&word=%E6%B8%A0"
"1220","ㄑㄧㄣˊ","勤","",,"勤、勤快、勤勉、勤政愛民、勤苦、勤能補拙、勤務、勤勞、勤儉、勤練、勤奮、勤學","12","有教育部詞目","https://dict.concised.moe.edu.tw/searchP.jsp?SN=%E3%84%91&SN2=%E3%84%91%E3%84%A7%E3%84%A3%CB%8A&word=%E5%8B%A4"
"1221","ㄌㄧㄢˋ","煉","",,"煉、煉丹、煉乳、煉油、煉油廠、煉獄、煉製、煉銅、煉鋼、煉鋼廠、煉鐵","11","有教育部詞目","https://dict.concised.moe.edu.tw/searchP.jsp?SN=%E3%84%8C&SN2=%E3%84%8C%E3%84%A7%E3%84%A2%CB%8B&word=%E7%85%89"
"1222","ㄊㄨㄥˊ","銅","",,"銅、銅板、銅版、銅版畫、銅臭、銅牌、銅鼓、銅像、銅幣、銅管、銅綠、銅線、銅器、銅錢、銅牆鐵壁、銅鏡、銅礦、銅鑼、銅鑼燒","19","有教育部詞目","https://dict.concised.moe.edu.tw/searchP.jsp?SN=%E3%84%8A&SN2=%E3%84%8A%E3%84%A8%E3%84%A5%CB%8A&word=%E9%8A%85"
"1223","ㄧㄤ","央","",,"央、央告、央求、央請","4","有教育部詞目","https://dict.concised.moe.edu.tw/searchP.jsp?SN=%E3%84%A7&SN2=%E3%84%A7%E3%84%A4&word=%E5%A4%AE"
"1224","ㄊㄡˊ","投","",,"投、投水、投合、投江、投考、投奔、投保、投契、投胎、投降、投效、投寄、投現、投票、投遞、投彈、投標、投稿、投靠、投機","20","有教育部詞目","https://dict.concised.moe.edu.tw/searchP.jsp?SN=%E3%84%8A&SN2=%E3%84%8A%E3%84%A1%CB%8A&word=%E6%8A%95"
"1225","ㄒㄧˋ","系","",,"系、系列、系統","3","有教育部詞目","https://dict.concised.moe.edu.tw/searchP.jsp?SN=%E3%84%92&SN2=%E3%84%92%E3%84%A7%CB%8B&word=%E7%B3%BB"
"1226","ㄈㄤˊ","防","",,"防、防止、防火、防守、防制、防治、防空、防毒、防洪、防堵、防備、防盜、防塵、防颱、防潮、防範、防線、防震、防癆、防護","20","有教育部詞目","https://dict.concised.moe.edu.tw/searchP.jsp?SN=%E3%84%88&SN2=%E3%84%88%E3%84%A4%CB%8A&word=%E9%98%B2"
"1227","ㄒㄧˊ","惜","",,"惜、惜字亭、惜別、惜售、惜陰、惜福、惜墨如金","7","有教育部詞目","https://dict.concised.moe.edu.tw/searchP.jsp?SN=%E3%84%92&SN2=%E3%84%92%E3%84%A7%CB%8A&word=%E6%83%9C"
"1228","ㄙㄢˇ","散","",,"散、散文、散光、散曲、散兵、散沙、散漫","7","有教育部詞目","https://dict.concised.moe.edu.tw/searchP.jsp?SN=%E3%84%99&SN2=%E3%84%99%E3%84%A2%CB%87&word=%E6%95%A3"
"1228","ㄙㄢˋ","散","",,"散、散心、散失、散布、散光、散步、散居、散財、散場、散發、散會、散播、散熱","13","有教育部詞目","https://dict.concised.moe.edu.tw/searchP.jsp?SN=%E3%84%99&SN2=%E3%84%99%E3%84%A2%CB%8B&word=%E6%95%A3"
"1229","ㄙㄣ","森","",,"森、森林、森林浴、森然、森羅萬象、森嚴","6","有教育部詞目","https://dict.concised.moe.edu.tw/searchP.jsp?SN=%E3%84%99&SN2=%E3%84%99%E3%84%A3&word=%E6%A3%AE"
"1230","ㄙㄜˋ","塞","",,"塞、塞責","2","有教育部詞目","https://dict.concised.moe.edu.tw/searchP.jsp?SN=%E3%84%99&SN2=%E3%84%99%E3%84%9C%CB%8B&word=%E5%A1%9E"
"1230","ㄙㄞ","塞","",,"塞、塞內、塞住、塞車、塞翁失馬","5","有教育部詞目","https://dict.concised.moe.edu.tw/searchP.jsp?SN=%E3%84%99&SN2=%E3%84%99%E3%84%9E&word=%E5%A1%9E"
"1230","ㄙㄞˋ","塞","",,"塞、塞內、塞翁失馬","3","有教育部詞目","https://dict.concised.moe.edu.tw/searchP.jsp?SN=%E3%84%99&SN2=%E3%84%99%E3%84%9E%CB%8B&word=%E5%A1%9E"
"1231","ㄉㄞˋ","戴","",,"戴、戴孝、戴高帽、戴奧辛、戴罪立功","5","有教育部詞目","https://dict.concised.moe.edu.tw/searchP.jsp?SN=%E3%84%89&SN2=%E3%84%89%E3%84%9E%CB%8B&word=%E6%88%B4"
"1232","ㄙㄨㄛ","縮","",,"縮、縮小、縮水、縮衣節食、縮減、縮短、縮圖、縮緊、縮寫、縮影、縮頭縮腦、縮頭藏尾","12","有教育部詞目","https://dict.concised.moe.edu.tw/searchP.jsp?SN=%E3%84%99&SN2=%E3%84%99%E3%84%A8%E3%84%9B&word=%E7%B8%AE"
"1233","ㄓㄥˋ","證","",,"證、證人、證交稅、證件、證言、證券、證所稅、證明、證明文件、證明書、證物、證書、證婚、證詞、證照、證道、證實、證據","18","有教育部詞目","https://dict.concised.moe.edu.tw/searchP.jsp?SN=%E3%84%93&SN2=%E3%84%93%E3%84%A5%CB%8B&word=%E8%AD%89"
"1234","ㄐㄩˋ","巨","",,"巨、巨人、巨大、巨匠、巨作、巨型、巨星、巨蛋、巨富、巨幅、巨款、巨無霸、巨著、巨資、巨碩、巨頭、巨擘、巨額、巨響、巨變","20","有教育部詞目","https://dict.concised.moe.edu.tw/searchP.jsp?SN=%E3%84%90&SN2=%E3%84%90%E3%84%A9%CB%8B&word=%E5%B7%A8"
"1235","ㄨㄟˊ","危","",,"危、危及、危在旦夕、危如累卵、危局、危言、危言聳聽、危城、危急、危害、危弱、危樓、危機、危機意識、危險、危難","16","有教育部詞目","https://dict.concised.moe.edu.tw/searchP.jsp?SN=%E3%84%A8&SN2=%E3%84%A8%E3%84%9F%CB%8A&word=%E5%8D%B1"
"1236","ㄔㄨㄟˊ","垂","",,"垂、垂下、垂手、垂危、垂死、垂老、垂直、垂直線、垂青、垂柳、垂問、垂掛、垂涎、垂釣、垂愛、垂楊、垂落、垂詢、垂憐、垂暮","20","有教育部詞目","https://dict.concised.moe.edu.tw/searchP.jsp?SN=%E3%84%94&SN2=%E3%84%94%E3%84%A8%E3%84%9F%CB%8A&word=%E5%9E%82"
"1237","ㄐㄧˋ","既","",,"既、既成事實、既有、既定、既得利益、既然","6","有教育部詞目","https://dict.concised.moe.edu.tw/searchP.jsp?SN=%E3%84%90&SN2=%E3%84%90%E3%84%A7%CB%8B&word=%E6%97%A2"
"1238","ㄒㄩㄥ","胸","",,"胸、胸口、胸有成竹、胸花、胸針、胸脯、胸部、胸圍、胸無大志、胸無點墨、胸腔、胸罩、胸膛、胸臆、胸懷、胸襟","16","有教育部詞目","https://dict.concised.moe.edu.tw/searchP.jsp?SN=%E3%84%92&SN2=%E3%84%92%E3%84%A9%E3%84%A5&word=%E8%83%B8"
"1239","ㄌㄟˋ","淚","",,"淚、淚人兒、淚水、淚如雨下、淚如泉湧、淚汪汪、淚流滿面、淚珠、淚珠盈眶、淚液、淚痕、淚眼、淚眼汪汪、淚眼矇矓、淚腺、淚滴","16","有教育部詞目","https://dict.concised.moe.edu.tw/searchP.jsp?SN=%E3%84%8C&SN2=%E3%84%8C%E3%84%9F%CB%8B&word=%E6%B7%9A"
"1240","ㄧㄢ","煙","",,"煙、煙斗、煙火、煙火秀、煙灰、煙囪、煙波、煙花、煙毒、煙消雲散、煙煤、煙塵、煙幕、煙幕彈、煙槍、煙霧、煙癮","17","有教育部詞目","https://dict.concised.moe.edu.tw/searchP.jsp?SN=%E3%84%A7&SN2=%E3%84%A7%E3%84%A2&word=%E7%85%99"
"1241","ㄅㄤˇ","膀","",,"膀","1","有教育部詞目","https://dict.concised.moe.edu.tw/searchP.jsp?SN=%E3%84%85&SN2=%E3%84%85%E3%84%A4%CB%87&word=%E8%86%80"
"1241","ㄅㄤˋ","膀","",,"膀","1","有教育部詞目","https://dict.concised.moe.edu.tw/searchP.jsp?SN=%E3%84%85&SN2=%E3%84%85%E3%84%A4%CB%8B&word=%E8%86%80"
"1241","ㄆㄤ","膀","",,"膀、膀胱","2","有教育部詞目","https://dict.concised.moe.edu.tw/searchP.jsp?SN=%E3%84%86&SN2=%E3%84%86%E3%84%A4&word=%E8%86%80"
"1241","ㄆㄤˊ","膀","",,"膀、膀胱","2","有教育部詞目","https://dict.concised.moe.edu.tw/searchP.jsp?SN=%E3%84%86&SN2=%E3%84%86%E3%84%A4%CB%8A&word=%E8%86%80"
"1242","ㄇㄠˋ","貌","",,"貌、貌不驚人、貌合神離、貌似、貌相、貌美如花","6","有教育部詞目","https://dict.concised.moe.edu.tw/searchP.jsp?SN=%E3%84%87&SN2=%E3%84%87%E3%84%A0%CB%8B&word=%E8%B2%8C"
"1243","ㄐㄧㄠ","澆","",,"澆、澆水、澆冷水、澆漓、澆薄、澆灌","6","有教育部詞目","https://dict.concised.moe.edu.tw/searchP.jsp?SN=%E3%84%90&SN2=%E3%84%90%E3%84%A7%E3%84%A0&word=%E6%BE%86"
"1244","ㄈㄚˇ","髮","",,"髮、髮夾、髮妻、髮型、髮指、髮廊、髮絲、髮雕、髮髻、髮辮、髮蠟、髮鬢","12","有教育部詞目","https://dict.concised.moe.edu.tw/searchP.jsp?SN=%E3%84%88&SN2=%E3%84%88%E3%84%9A%CB%87&word=%E9%AB%AE"
"1247","ㄏㄨㄚˊ","划","",,"划、划不來、划拳、划算、划槳、划龍舟","6","有教育部詞目","https://dict.concised.moe.edu.tw/searchP.jsp?SN=%E3%84%8F&SN2=%E3%84%8F%E3%84%A8%E3%84%9A%CB%8A&word=%E5%88%92"
"1248","ㄒㄧ","希","",,"希、希求、希望、希冀、希臘正教","5","有教育部詞目","https://dict.concised.moe.edu.tw/searchP.jsp?SN=%E3%84%92&SN2=%E3%84%92%E3%84%A7&word=%E5%B8%8C"
"1249","ㄧㄚˋ","亞","",,"亞、亞太地區、亞太經合會、亞軍、亞麻、亞裔、亞運、亞熱帶","8","有教育部詞目","https://dict.concised.moe.edu.tw/searchP.jsp?SN=%E3%84%A7&SN2=%E3%84%A7%E3%84%9A%CB%8B&word=%E4%BA%9E"
"1250","ㄋㄚˋ","娜","",,"娜","1","有教育部詞目","https://dict.concised.moe.edu.tw/searchP.jsp?SN=%E3%84%8B&SN2=%E3%84%8B%E3%84%9A%CB%8B&word=%E5%A8%9C"
"1250","ㄋㄨㄛˊ","娜","",,"娜","1","有教育部詞目","https://dict.concised.moe.edu.tw/searchP.jsp?SN=%E3%84%8B&SN2=%E3%84%8B%E3%84%A8%E3%84%9B%CB%8A&word=%E5%A8%9C"
"1251","ㄣ","恩","",,"恩、恩人、恩典、恩威並用、恩威並濟、恩怨、恩准、恩師、恩將仇報、恩情、恩惠、恩給制、恩愛、恩德、恩賜、恩澤、恩斷義絕、恩寵","18","有教育部詞目","https://dict.concised.moe.edu.tw/searchP.jsp?SN=%E3%84%A3&SN2=%E3%84%A3&word=%E6%81%A9"
"1252","ㄙㄤ","桑","",,"桑、桑梓、桑榆晚景、桑葚、桑樹","5","有教育部詞目","https://dict.concised.moe.edu.tw/searchP.jsp?SN=%E3%84%99&SN2=%E3%84%99%E3%84%A4&word=%E6%A1%91"
"1253","ㄧˋ","益","",,"益、益友、益處、益智、益發、益壽、益蟲","7","有教育部詞目","https://dict.concised.moe.edu.tw/searchP.jsp?SN=%E3%84%A7&SN2=%E3%84%A7%CB%8B&word=%E7%9B%8A"
"1254","ㄐㄧㄥˋ","竟","",,"竟、竟日、竟敢、竟然","4","有教育部詞目","https://dict.concised.moe.edu.tw/searchP.jsp?SN=%E3%84%90&SN2=%E3%84%90%E3%84%A7%E3%84%A5%CB%8B&word=%E7%AB%9F"
"1255","ㄍㄨㄛ","蟈","",,"蟈、蟈蟈兒","2","有教育部詞目","https://dict.concised.moe.edu.tw/searchP.jsp?SN=%E3%84%8D&SN2=%E3%84%8D%E3%84%A8%E3%84%9B&word=%E8%9F%88"
"1256","ㄏㄨㄟˋ","繪","",,"繪、繪本、繪畫、繪像、繪圖、繪製、繪聲繪影","7","有教育部詞目","https://dict.concised.moe.edu.tw/searchP.jsp?SN=%E3%84%8F&SN2=%E3%84%8F%E3%84%A8%E3%84%9F%CB%8B&word=%E7%B9%AA"
"1257","ㄌㄨㄥˊ","籠","",,"籠、籠子、籠中鳥、籠絡、籠統、籠罩","6","有教育部詞目","https://dict.concised.moe.edu.tw/searchP.jsp?SN=%E3%84%8C&SN2=%E3%84%8C%E3%84%A8%E3%84%A5%CB%8A&word=%E7%B1%A0"
"1258","ㄧㄡˋ","幼","",,"幼、幼小、幼年、幼兒、幼苗、幼童、幼稚、幼齒、幼蟲","9","有教育部詞目","https://dict.concised.moe.edu.tw/searchP.jsp?SN=%E3%84%A7&SN2=%E3%84%A7%E3%84%A1%CB%8B&word=%E5%B9%BC"
"1259","ㄇㄛˋ","末","",,"末、末了、末日、末世、末代、末年、末流、末座、末梢、末期、末路、末端、末學","13","有教育部詞目","https://dict.concised.moe.edu.tw/searchP.jsp?SN=%E3%84%87&SN2=%E3%84%87%E3%84%9B%CB%8B&word=%E6%9C%AB"
"1260","ㄈㄚ","伐","",,"伐、伐木","2","有教育部詞目","https://dict.concised.moe.edu.tw/searchP.jsp?SN=%E3%84%88&SN2=%E3%84%88%E3%84%9A&word=%E4%BC%90"
"1261","ㄐㄧㄢ","尖","",,"尖、尖刀、尖叫、尖兵、尖刻、尖峰、尖端、尖端科技、尖酸、尖嘴猴腮、尖嘴薄舌、尖銳","12","有教育部詞目","https://dict.concised.moe.edu.tw/searchP.jsp?SN=%E3%84%90&SN2=%E3%84%90%E3%84%A7%E3%84%A2&word=%E5%B0%96"
"1262","ㄒㄧㄥˊ","型","",,"型、型式、型態、型錄式廣告","4","有教育部詞目","https://dict.concised.moe.edu.tw/searchP.jsp?SN=%E3%84%92&SN2=%E3%84%92%E3%84%A7%E3%84%A5%CB%8A&word=%E5%9E%8B"
"1263","ㄉㄧㄥˋ","訂","",,"訂、訂戶、訂正、訂立、訂位、訂定、訂金、訂約、訂做、訂婚、訂票、訂造、訂單、訂費、訂製、訂閱、訂購","17","有教育部詞目","https://dict.concised.moe.edu.tw/searchP.jsp?SN=%E3%84%89&SN2=%E3%84%89%E3%84%A7%E3%84%A5%CB%8B&word=%E8%A8%82"
"1264","ㄩㄢˊ","源","",,"源、源自、源於、源泉、源流、源起、源源不絕、源源不斷、源源本本、源遠流長、源頭","11","有教育部詞目","https://dict.concised.moe.edu.tw/searchP.jsp?SN=%E3%84%A9&SN2=%E3%84%A9%E3%84%A2%CB%8A&word=%E6%BA%90"
"1265","ㄓㄥ","箏","",,"箏","1","有教育部詞目","https://dict.concised.moe.edu.tw/searchP.jsp?SN=%E3%84%93&SN2=%E3%84%93%E3%84%A5&word=%E7%AE%8F"
"1266","ㄐㄧㄤˇ","獎","",,"獎、獎助、獎券、獎杯、獎狀、獎金、獎勉、獎品、獎章、獎牌、獎項、獎賞、獎學金、獎勵、獎懲","15","有教育部詞目","https://dict.concised.moe.edu.tw/searchP.jsp?SN=%E3%84%90&SN2=%E3%84%90%E3%84%A7%E3%84%A4%CB%87&word=%E7%8D%8E"
"1267","ㄆㄛˊ","繁","",,"繁","1","有教育部詞目","https://dict.concised.moe.edu.tw/searchP.jsp?SN=%E3%84%86&SN2=%E3%84%86%E3%84%9B%CB%8A&word=%E7%B9%81"
"1267","ㄈㄢˊ","繁","",,"繁、繁分數、繁多、繁忙、繁星、繁茂、繁衍、繁重、繁密、繁盛、繁殖、繁華、繁榮、繁瑣、繁複、繁縟、繁雜、繁難、繁囂、繁體字","20","有教育部詞目","https://dict.concised.moe.edu.tw/searchP.jsp?SN=%E3%84%88&SN2=%E3%84%88%E3%84%A2%CB%8A&word=%E7%B9%81"
"1268","ㄧㄥ","鶯","",,"鶯、鶯聲燕語、鶯鶯燕燕","3","有教育部詞目","https://dict.concised.moe.edu.tw/searchP.jsp?SN=%E3%84%A7&SN2=%E3%84%A7%E3%84%A5&word=%E9%B6%AF"
"1269","ㄋㄧˊ","尼","",,"尼、尼加拉瀑布(Niagara Falls)、尼古丁、尼姑、尼姑庵、尼龍、尼羅河(Nile River)","7","有教育部詞目","https://dict.concised.moe.edu.tw/searchP.jsp?SN=%E3%84%8B&SN2=%E3%84%8B%E3%84%A7%CB%8A&word=%E5%B0%BC"
"1270","ㄧㄣˋ","印","",,"印、印本、印石、印行、印刷、印刷術、印泥、印花、印表機、印信、印染、印記、印堂、印痕、印章、印發、印象、印製、印證、印鑑","20","有教育部詞目","https://dict.concised.moe.edu.tw/searchP.jsp?SN=%E3%84%A7&SN2=%E3%84%A7%E3%84%A3%CB%8B&word=%E5%8D%B0"
"1271","ㄊㄞˊ","抬","",,"抬、抬高、抬愛、抬槓、抬價、抬頭、抬頭挺胸、抬轎","8","有教育部詞目","https://dict.concised.moe.edu.tw/searchP.jsp?SN=%E3%84%8A&SN2=%E3%84%8A%E3%84%9E%CB%8A&word=%E6%8A%AC"
"1272","ㄏㄨㄤˇ","晃","",,"晃","1","有教育部詞目","https://dict.concised.moe.edu.tw/searchP.jsp?SN=%E3%84%8F&SN2=%E3%84%8F%E3%84%A8%E3%84%A4%CB%87&word=%E6%99%83"
"1272","ㄏㄨㄤˋ","晃","",,"晃、晃動、晃蕩","3","有教育部詞目","https://dict.concised.moe.edu.tw/searchP.jsp?SN=%E3%84%8F&SN2=%E3%84%8F%E3%84%A8%E3%84%A4%CB%8B&word=%E6%99%83"
"1273","ㄉㄧㄥ","釘","",,"釘、釘子、釘書機、釘耙、釘鞋、釘錘","6","有教育部詞目","https://dict.concised.moe.edu.tw/searchP.jsp?SN=%E3%84%89&SN2=%E3%84%89%E3%84%A7%E3%84%A5&word=%E9%87%98"
"1273","ㄉㄧㄥˋ","釘","",,"釘、釘書機","2","有教育部詞目","https://dict.concised.moe.edu.tw/searchP.jsp?SN=%E3%84%89&SN2=%E3%84%89%E3%84%A7%E3%84%A5%CB%8B&word=%E9%87%98"
"1274","ㄊㄢˋ","探","",,"探、探戈、探求、探究、探底、探花、探看、探班、探病、探索、探討、探勘、探悉、探訪、探路、探監、探親、探險、探頭、探聽","20","有教育部詞目","https://dict.concised.moe.edu.tw/searchP.jsp?SN=%E3%84%8A&SN2=%E3%84%8A%E3%84%A2%CB%8B&word=%E6%8E%A2"
"1275","ㄘㄞ","猜","",,"猜、猜忌、猜度、猜拳、猜測、猜想、猜疑、猜謎","8","有教育部詞目","https://dict.concised.moe.edu.tw/searchP.jsp?SN=%E3%84%98&SN2=%E3%84%98%E3%84%9E&word=%E7%8C%9C"
"1276","ㄉㄨㄛˊ","奪","",,"奪、奪目、奪取、奪命、奪門而出、奪冠、奪眶而出、奪魁、奪魂、奪標、奪權","11","有教育部詞目","https://dict.concised.moe.edu.tw/searchP.jsp?SN=%E3%84%89&SN2=%E3%84%89%E3%84%A8%E3%84%9B%CB%8A&word=%E5%A5%AA"
"1277","ㄔㄤˋ","暢","",,"暢、暢行無阻、暢快、暢所欲言、暢旺、暢通、暢飲、暢遊、暢談、暢銷、暢懷","11","有教育部詞目","https://dict.concised.moe.edu.tw/searchP.jsp?SN=%E3%84%94&SN2=%E3%84%94%E3%84%A4%CB%8B&word=%E6%9A%A2"
"1278","ㄍㄨㄣˇ","滾","",,"滾、滾瓜爛熟、滾動、滾蛋、滾筒、滾圓、滾落、滾滾、滾熱、滾燙、滾翻、滾邊","12","有教育部詞目","https://dict.concised.moe.edu.tw/searchP.jsp?SN=%E3%84%8D&SN2=%E3%84%8D%E3%84%A8%E3%84%A3%CB%87&word=%E6%BB%BE"
"1279","ㄇㄚˇ","碼","",,"碼、碼子、碼頭","3","有教育部詞目","https://dict.concised.moe.edu.tw/searchP.jsp?SN=%E3%84%87&SN2=%E3%84%87%E3%84%9A%CB%87&word=%E7%A2%BC"
"1280","ㄕˇ","駛","",,"駛","1","有教育部詞目","https://dict.concised.moe.edu.tw/searchP.jsp?SN=%E3%84%95&SN2=%E3%84%95%CB%87&word=%E9%A7%9B"
"1281","ㄌㄧㄝˋ","獵","",,"獵、獵人、獵戶、獵犬、獵具、獵取、獵奇、獵物、獵豹、獵鳥、獵場、獵裝、獵槍、獵鷹","14","有教育部詞目","https://dict.concised.moe.edu.tw/searchP.jsp?SN=%E3%84%8C&SN2=%E3%84%8C%E3%84%A7%E3%84%9D%CB%8B&word=%E7%8D%B5"
"1282","ㄈㄨˋ","付","",,"付、付之一炬、付之一笑、付之闕如、付出、付印、付訖、付託、付帳、付梓、付清、付款、付郵、付與、付諸東流、付諸流水、付諸實行","17","有教育部詞目","https://dict.concised.moe.edu.tw/searchP.jsp?SN=%E3%84%88&SN2=%E3%84%88%E3%84%A8%CB%8B&word=%E4%BB%98"
"1283","ㄍㄨ","估","",,"估、估衣、估計、估測、估量、估算、估價","7","有教育部詞目","https://dict.concised.moe.edu.tw/searchP.jsp?SN=%E3%84%8D&SN2=%E3%84%8D%E3%84%A8&word=%E4%BC%B0"
"1283","ㄍㄨˋ","估","",,"估、估衣","2","有教育部詞目","https://dict.concised.moe.edu.tw/searchP.jsp?SN=%E3%84%8D&SN2=%E3%84%8D%E3%84%A8%CB%8B&word=%E4%BC%B0"
"1284","ㄎㄜˊ","咳","",,"咳、咳嗽","2","有教育部詞目","https://dict.concised.moe.edu.tw/searchP.jsp?SN=%E3%84%8E&SN2=%E3%84%8E%E3%84%9C%CB%8A&word=%E5%92%B3"
"1284","ㄏㄞ","咳","",,"咳、咳聲嘆息","2","有教育部詞目","https://dict.concised.moe.edu.tw/searchP.jsp?SN=%E3%84%8F&SN2=%E3%84%8F%E3%84%9E&word=%E5%92%B3"
"1285","ㄓㄨˋ","柱","",,"柱、柱子、柱石、柱頭","4","有教育部詞目","https://dict.concised.moe.edu.tw/searchP.jsp?SN=%E3%84%93&SN2=%E3%84%93%E3%84%A8%CB%8B&word=%E6%9F%B1"
"1286","ㄗㄞ","栽","",,"栽、栽培、栽植、栽跟頭、栽種、栽贓","6","有教育部詞目","https://dict.concised.moe.edu.tw/searchP.jsp?SN=%E3%84%97&SN2=%E3%84%97%E3%84%9E&word=%E6%A0%BD"
"1287","ㄆㄧˋ","副","",,"副","1","有教育部詞目","https://dict.concised.moe.edu.tw/searchP.jsp?SN=%E3%84%86&SN2=%E3%84%86%E3%84%A7%CB%8B&word=%E5%89%AF"
"1287","ㄈㄨˋ","副","",,"副、副手、副刊、副本、副作用、副官、副食、副教授、副理、副產品、副詞、副會長、副業、副署","14","有教育部詞目","https://dict.concised.moe.edu.tw/searchP.jsp?SN=%E3%84%88&SN2=%E3%84%88%E3%84%A8%CB%8B&word=%E5%89%AF"
"1288","ㄧˋ","異","",,"異、異己、異化、異心、異父、異母、異同、異地、異邦、異性、異狀、異動、異國、異常、異族、異鄉、異稟、異端、異數、異類","20","有教育部詞目","https://dict.concised.moe.edu.tw/searchP.jsp?SN=%E3%84%A7&SN2=%E3%84%A7%CB%8B&word=%E7%95%B0"
"1289","ㄊㄨㄥˇ","筒","",,"筒、筒形","2","有教育部詞目","https://dict.concised.moe.edu.tw/searchP.jsp?SN=%E3%84%8A&SN2=%E3%84%8A%E3%84%A8%E3%84%A5%CB%87&word=%E7%AD%92"
"1290","ㄈㄟˋ","費","",,"費、費力、費心、費用、費事、費勁、費思量、費時、費神、費率、費解、費盡心機","12","有教育部詞目","https://dict.concised.moe.edu.tw/searchP.jsp?SN=%E3%84%88&SN2=%E3%84%88%E3%84%9F%CB%8B&word=%E8%B2%BB"
"1291","ㄍㄨㄟˋ","貴","",,"貴、貴人、貴妃、貴姓、貴庚、貴金屬、貴客、貴重、貴國、貴婦、貴族、貴賓、貴顯","13","有教育部詞目","https://dict.concised.moe.edu.tw/searchP.jsp?SN=%E3%84%8D&SN2=%E3%84%8D%E3%84%A8%E3%84%9F%CB%8B&word=%E8%B2%B4"
"1292","ㄌㄧˋ","歷","",,"歷、歷久、歷久不衰、歷代、歷史、歷史名詞、歷任、歷年、歷次、歷劫、歷來、歷屆、歷時、歷程、歷經、歷盡、歷練、歷歷、歷歷在目、歷險","20","有教育部詞目","https://dict.concised.moe.edu.tw/searchP.jsp?SN=%E3%84%8C&SN2=%E3%84%8C%E3%84%A7%CB%8B&word=%E6%AD%B7"
"1294","ㄎㄨˋ","庫","",,"庫、庫存、庫房","3","有教育部詞目","https://dict.concised.moe.edu.tw/searchP.jsp?SN=%E3%84%8E&SN2=%E3%84%8E%E3%84%A8%CB%8B&word=%E5%BA%AB"
"1295","ㄍㄨㄢˋ","貫","",,"貫、貫注、貫穿、貫通、貫徹、貫徹始終","6","有教育部詞目","https://dict.concised.moe.edu.tw/searchP.jsp?SN=%E3%84%8D&SN2=%E3%84%8D%E3%84%A8%E3%84%A2%CB%8B&word=%E8%B2%AB"
"1296","ㄒㄧㄤˋ","項","",,"項、項目、項鍊","3","有教育部詞目","https://dict.concised.moe.edu.tw/searchP.jsp?SN=%E3%84%92&SN2=%E3%84%92%E3%84%A7%E3%84%A4%CB%8B&word=%E9%A0%85"
"1297","ㄇㄧㄥˊ","鳴","",,"鳴、鳴叫、鳴金收兵、鳴金擊鼓、鳴炮、鳴冤、鳴笛、鳴鼓而攻、鳴槍、鳴謝、鳴鑼","11","有教育部詞目","https://dict.concised.moe.edu.tw/searchP.jsp?SN=%E3%84%87&SN2=%E3%84%87%E3%84%A7%E3%84%A5%CB%8A&word=%E9%B3%B4"
"1298","ㄑㄩㄥˊ","窮","",,"窮、窮人、窮凶惡極、窮光蛋、窮兵黷武、窮困、窮於應付、窮則變，變則通、窮苦、窮追不捨、窮途末路、窮途潦倒、窮鄉僻壤、窮匱、窮竭、窮算命，富燒香","16","有教育部詞目","https://dict.concised.moe.edu.tw/searchP.jsp?SN=%E3%84%91&SN2=%E3%84%91%E3%84%A9%E3%84%A5%CB%8A&word=%E7%AA%AE"
"1299","ㄗㄨㄣ","遵","",,"遵、遵守、遵命、遵奉、遵從、遵循、遵照、遵辦","8","有教育部詞目","https://dict.concised.moe.edu.tw/searchP.jsp?SN=%E3%84%97&SN2=%E3%84%97%E3%84%A8%E3%84%A3&word=%E9%81%B5"
"1300","ㄑㄧㄠˊ","瞧","",,"瞧、瞧不起、瞧見、瞧瞧","4","有教育部詞目","https://dict.concised.moe.edu.tw/searchP.jsp?SN=%E3%84%91&SN2=%E3%84%91%E3%84%A7%E3%84%A0%CB%8A&word=%E7%9E%A7"
"1301","ㄈㄨˋ","覆","",,"覆、覆亡、覆水難收、覆沒、覆命、覆核、覆巢之下無完卵、覆滅、覆蓋、覆醢、覆轍、覆議","12","有教育部詞目","https://dict.concised.moe.edu.tw/searchP.jsp?SN=%E3%84%88&SN2=%E3%84%88%E3%84%A8%CB%8B&word=%E8%A6%86"
"1303","ㄏㄨˋ","戶","",,"戶、戶口、戶口名簿、戶主、戶外、戶外活動、戶外廣告、戶名、戶長、戶政、戶頭、戶籍、戶籍謄本","13","有教育部詞目","https://dict.concised.moe.edu.tw/searchP.jsp?SN=%E3%84%8F&SN2=%E3%84%8F%E3%84%A8%CB%8B&word=%E6%88%B6"
"1304","ㄍㄢ","杆","",,"杆","1","有教育部詞目","https://dict.concised.moe.edu.tw/searchP.jsp?SN=%E3%84%8D&SN2=%E3%84%8D%E3%84%A2&word=%E6%9D%86"
"1305","ㄅㄧㄢˇ","扁","",,"扁、扁平、扁平足、扁食、扁桃腺、扁蒲、扁擔、扁鑽","8","有教育部詞目","https://dict.concised.moe.edu.tw/searchP.jsp?SN=%E3%84%85&SN2=%E3%84%85%E3%84%A7%E3%84%A2%CB%87&word=%E6%89%81"
"1305","ㄆㄧㄢ","扁","",,"扁、扁舟","2","有教育部詞目","https://dict.concised.moe.edu.tw/searchP.jsp?SN=%E3%84%86&SN2=%E3%84%86%E3%84%A7%E3%84%A2&word=%E6%89%81"
"1306","ㄓˋ","致","",,"致、致用、致死、致使、致函、致命、致命傷、致哀、致送、致勝、致富、致詞、致賀、致意、致敬、致電、致歉、致謝、致贈","19","有教育部詞目","https://dict.concised.moe.edu.tw/searchP.jsp?SN=%E3%84%93&SN2=%E3%84%93%CB%8B&word=%E8%87%B4"
"1307","ㄔㄣˊ","塵","",,"塵、塵土、塵世、塵肺症、塵俗、塵垢、塵封、塵埃、塵埃落定、塵粒、塵緣、塵囂","12","有教育部詞目","https://dict.concised.moe.edu.tw/searchP.jsp?SN=%E3%84%94&SN2=%E3%84%94%E3%84%A3%CB%8A&word=%E5%A1%B5"
"1308","ㄐㄧㄢ","艱","",,"艱、艱巨、艱困、艱辛、艱苦、艱深、艱鉅、艱險、艱澀、艱難","10","有教育部詞目","https://dict.concised.moe.edu.tw/searchP.jsp?SN=%E3%84%90&SN2=%E3%84%90%E3%84%A7%E3%84%A2&word=%E8%89%B1"
"1309","ㄐㄧˊ","吉","",,"吉、吉人天相、吉日、吉他、吉兆、吉光片羽、吉羊、吉利、吉祥、吉普車、吉慶、吉魯巴","12","有教育部詞目","https://dict.concised.moe.edu.tw/searchP.jsp?SN=%E3%84%90&SN2=%E3%84%90%E3%84%A7%CB%8A&word=%E5%90%89"
"1310","ㄐㄩˊ","局","",,"局、局外人、局促、局限、局面、局部、局勢","7","有教育部詞目","https://dict.concised.moe.edu.tw/searchP.jsp?SN=%E3%84%90&SN2=%E3%84%90%E3%84%A9%CB%8A&word=%E5%B1%80"
"1311","ㄇㄛˋ","冒","",,"冒、冒頓","2","有教育部詞目","https://dict.concised.moe.edu.tw/searchP.jsp?SN=%E3%84%87&SN2=%E3%84%87%E3%84%9B%CB%8B&word=%E5%86%92"
"1311","ㄇㄠˋ","冒","",,"冒、冒火、冒充、冒失、冒失鬼、冒犯、冒用、冒名、冒死、冒汗、冒泡、冒雨、冒昧、冒然、冒牌、冒煙、冒號、冒稱、冒領、冒險","20","有教育部詞目","https://dict.concised.moe.edu.tw/searchP.jsp?SN=%E3%84%87&SN2=%E3%84%87%E3%84%A0%CB%8B&word=%E5%86%92"
"1312","ㄒㄧㄠˋ","效","",,"效、效力、效尤、效用、效命、效忠、效果、效法、效益、效能、效率、效勞、效應、效顰","14","有教育部詞目","https://dict.concised.moe.edu.tw/searchP.jsp?SN=%E3%84%92&SN2=%E3%84%92%E3%84%A7%E3%84%A0%CB%8B&word=%E6%95%88"
"1313","ㄆㄟˊ","培","",,"培、培土、培育、培根、培訓、培植、培養","7","有教育部詞目","https://dict.concised.moe.edu.tw/searchP.jsp?SN=%E3%84%86&SN2=%E3%84%86%E3%84%9F%CB%8A&word=%E5%9F%B9"
"1313","ㄆㄡˇ","培","",,"培","1","有教育部詞目","https://dict.concised.moe.edu.tw/searchP.jsp?SN=%E3%84%86&SN2=%E3%84%86%E3%84%A1%CB%87&word=%E5%9F%B9"
"1314","ㄎㄤ","康","",,"康、康乃馨、康健、康強、康莊、康莊大道、康復、康樂、康樂活動","9","有教育部詞目","https://dict.concised.moe.edu.tw/searchP.jsp?SN=%E3%84%8E&SN2=%E3%84%8E%E3%84%A4&word=%E5%BA%B7"
"1315","ㄎㄨㄣ","混","",,"混、混夷","2","有教育部詞目","https://dict.concised.moe.edu.tw/searchP.jsp?SN=%E3%84%8E&SN2=%E3%84%8E%E3%84%A8%E3%84%A3&word=%E6%B7%B7"
"1315","ㄏㄨㄣˋ","混","",,"混、混水、混水摸魚、混合、混合物、混血兒、混沌、混音、混紡、混帳、混淆、混淆不清、混球、混蛋、混亂、混跡、混凝土、混戰、混濁、混雜","20","有教育部詞目","https://dict.concised.moe.edu.tw/searchP.jsp?SN=%E3%84%8F&SN2=%E3%84%8F%E3%84%A8%E3%84%A3%CB%8B&word=%E6%B7%B7"
"1316","ㄐㄧㄥ","莖","",,"莖","1","有教育部詞目","https://dict.concised.moe.edu.tw/searchP.jsp?SN=%E3%84%90&SN2=%E3%84%90%E3%84%A7%E3%84%A5&word=%E8%8E%96"
"1317","ㄅㄛˊ","博","",,"博、博士、博士學位、博大精深、博古通今、博取、博物、博物館、博弈、博施濟眾、博得、博雅、博愛、博聞強記、博學、博覽、博覽會","17","有教育部詞目","https://dict.concised.moe.edu.tw/searchP.jsp?SN=%E3%84%85&SN2=%E3%84%85%E3%84%9B%CB%8A&word=%E5%8D%9A"
"1318","ㄙㄨˋ","肅","",,"肅、肅立、肅殺、肅清、肅貪、肅然、肅然起敬、肅穆、肅靜","9","有教育部詞目","https://dict.concised.moe.edu.tw/searchP.jsp?SN=%E3%84%99&SN2=%E3%84%99%E3%84%A8%CB%8B&word=%E8%82%85"
"1319","ㄨㄣˊ","聞","",,"聞、聞一知十、聞人、聞名、聞見、聞所未聞、聞風、聞風而逃、聞風喪膽、聞風響應、聞訊、聞過則喜、聞道、聞雞起舞","14","有教育部詞目","https://dict.concised.moe.edu.tw/searchP.jsp?SN=%E3%84%A8&SN2=%E3%84%A8%E3%84%A3%CB%8A&word=%E8%81%9E"
"1320","ㄉㄧˋ","遞","",,"遞、遞交、遞送、遞減、遞補、遞解、遞增、遞變","8","有教育部詞目","https://dict.concised.moe.edu.tw/searchP.jsp?SN=%E3%84%89&SN2=%E3%84%89%E3%84%A7%CB%8B&word=%E9%81%9E"
"1321","ㄓㄨ","豬","",,"豬、豬八戒、豬公、豬舍、豬圈、豬頭肥、豬鬃、豬玀","8","有教育部詞目","https://dict.concised.moe.edu.tw/searchP.jsp?SN=%E3%84%93&SN2=%E3%84%93%E3%84%A8&word=%E8%B1%AC"
"1322","ㄕ","濕","",,"濕","1","有教育部詞目","https://dict.concised.moe.edu.tw/searchP.jsp?SN=%E3%84%95&SN2=%E3%84%95&word=%E6%BF%95"
"1323","ㄆㄧˇ","否","",,"否、否極泰來","2","有教育部詞目","https://dict.concised.moe.edu.tw/searchP.jsp?SN=%E3%84%86&SN2=%E3%84%86%E3%84%A7%CB%87&word=%E5%90%A6"
"1323","ㄈㄡˇ","否","",,"否、否決、否決權、否定、否則、否認","6","有教育部詞目","https://dict.concised.moe.edu.tw/searchP.jsp?SN=%E3%84%88&SN2=%E3%84%88%E3%84%A1%CB%87&word=%E5%90%A6"
"1324","ㄍㄜ","割","",,"割、割地、割除、割捨、割傷、割愛、割據、割斷、割雞焉用牛刀、割讓","10","有教育部詞目","https://dict.concised.moe.edu.tw/searchP.jsp?SN=%E3%84%8D&SN2=%E3%84%8D%E3%84%9C&word=%E5%89%B2"
"1325","ㄧㄥˊ","營","",,"營、營火、營生、營地、營收、營利、營求、營私、營房、營建、營區、營帳、營救、營造、營隊、營業、營業額、營運、營養、營繕","20","有教育部詞目","https://dict.concised.moe.edu.tw/searchP.jsp?SN=%E3%84%A7&SN2=%E3%84%A7%E3%84%A5%CB%8A&word=%E7%87%9F"
"1326","ㄈㄥˊ","縫","",,"縫、縫合、縫紉、縫紉機、縫製","5","有教育部詞目","https://dict.concised.moe.edu.tw/searchP.jsp?SN=%E3%84%88&SN2=%E3%84%88%E3%84%A5%CB%8A&word=%E7%B8%AB"
"1326","ㄈㄥˋ","縫","",,"縫、縫隙","2","有教育部詞目","https://dict.concised.moe.edu.tw/searchP.jsp?SN=%E3%84%88&SN2=%E3%84%88%E3%84%A5%CB%8B&word=%E7%B8%AB"
"1328","ㄌㄧˋ","粒","",,"粒、粒子","2","有教育部詞目","https://dict.concised.moe.edu.tw/searchP.jsp?SN=%E3%84%8C&SN2=%E3%84%8C%E3%84%A7%CB%8B&word=%E7%B2%92"
"1329","ㄊㄨˊ","途","",,"途、途中、途徑、途經","4","有教育部詞目","https://dict.concised.moe.edu.tw/searchP.jsp?SN=%E3%84%8A&SN2=%E3%84%8A%E3%84%A8%CB%8A&word=%E9%80%94"
"1330","ㄩˊ","愉","",,"愉、愉快、愉悅","3","有教育部詞目","https://dict.concised.moe.edu.tw/searchP.jsp?SN=%E3%84%A9&SN2=%E3%84%A9%CB%8A&word=%E6%84%89"
"1331","ㄏㄜˋ","賀","",,"賀、賀卡、賀年、賀忱、賀函、賀客、賀喜、賀歲、賀電、賀壽、賀儀、賀禮","12","有教育部詞目","https://dict.concised.moe.edu.tw/searchP.jsp?SN=%E3%84%8F&SN2=%E3%84%8F%E3%84%9C%CB%8B&word=%E8%B3%80"
"1332","ㄨㄣˇ","穩","",,"穩、穩如泰山、穩住、穩妥、穩固、穩定、穩重、穩健、穩紮穩打、穩當、穩操勝券、穩賺不賠","12","有教育部詞目","https://dict.concised.moe.edu.tw/searchP.jsp?SN=%E3%84%A8&SN2=%E3%84%A8%E3%84%A3%CB%87&word=%E7%A9%A9"
"1333","ㄇㄨˋ","牧","",,"牧、牧人、牧民、牧師、牧草、牧場、牧童、牧歌","8","有教育部詞目","https://dict.concised.moe.edu.tw/searchP.jsp?SN=%E3%84%87&SN2=%E3%84%87%E3%84%A8%CB%8B&word=%E7%89%A7"
"1334","ㄐㄧㄢ","肩","",,"肩、肩胛骨、肩負、肩章、肩膀、肩頭","6","有教育部詞目","https://dict.concised.moe.edu.tw/searchP.jsp?SN=%E3%84%90&SN2=%E3%84%90%E3%84%A7%E3%84%A2&word=%E8%82%A9"
"1335","ㄙㄨㄛˇ","索","",,"索、索引、索取、索命、索性、索討、索然、索然無味、索賄、索價、索賠","11","有教育部詞目","https://dict.concised.moe.edu.tw/searchP.jsp?SN=%E3%84%99&SN2=%E3%84%99%E3%84%A8%E3%84%9B%CB%87&word=%E7%B4%A2"
"1336","ㄔˋ","翅","",,"翅、翅膀","2","有教育部詞目","https://dict.concised.moe.edu.tw/searchP.jsp?SN=%E3%84%94&SN2=%E3%84%94%CB%8B&word=%E7%BF%85"
"1337","ㄘㄜˋ","側","",,"側、側目、側耳、側身、側臥、側門、側重、側面、側影","9","有教育部詞目","https://dict.concised.moe.edu.tw/searchP.jsp?SN=%E3%84%98&SN2=%E3%84%98%E3%84%9C%CB%8B&word=%E5%81%B4"
"1338","ㄗㄜˊ","責","",,"責、責付、責打、責任、責成、責怪、責問、責備、責無旁貸、責罰、責罵、責難","12","有教育部詞目","https://dict.concised.moe.edu.tw/searchP.jsp?SN=%E3%84%97&SN2=%E3%84%97%E3%84%9C%CB%8A&word=%E8%B2%AC"
"1339","ㄍㄜˇ","葛","",,"葛","1","有教育部詞目","https://dict.concised.moe.edu.tw/searchP.jsp?SN=%E3%84%8D&SN2=%E3%84%8D%E3%84%9C%CB%87&word=%E8%91%9B"
"1339","ㄍㄜˊ","葛","",,"葛","1","有教育部詞目","https://dict.concised.moe.edu.tw/searchP.jsp?SN=%E3%84%8D&SN2=%E3%84%8D%E3%84%9C%CB%8A&word=%E8%91%9B"
"1340","ㄘˊ","磁","",,"磁、磁力、磁化、磁片、磁石、磁性、磁針、磁區、磁帶、磁場、磁極、磁碟、磁碟片、磁器、磁磚、磁鐵","16","有教育部詞目","https://dict.concised.moe.edu.tw/searchP.jsp?SN=%E3%84%98&SN2=%E3%84%98%CB%8A&word=%E7%A3%81"
"1341","ㄒㄩˋ","緒","",,"緒、緒言、緒論","3","有教育部詞目","https://dict.concised.moe.edu.tw/searchP.jsp?SN=%E3%84%92&SN2=%E3%84%92%E3%84%A9%CB%8B&word=%E7%B7%92"
"1342","ㄐㄧㄝˊ","潔","",,"潔、潔白、潔白無瑕、潔身自好、潔身自愛、潔淨","6","有教育部詞目","https://dict.concised.moe.edu.tw/searchP.jsp?SN=%E3%84%90&SN2=%E3%84%90%E3%84%A7%E3%84%9D%CB%8A&word=%E6%BD%94"
"1343","ㄩㄣˊ","云","",,"云、云云","2","有教育部詞目","https://dict.concised.moe.edu.tw/searchP.jsp?SN=%E3%84%A9&SN2=%E3%84%A9%E3%84%A3%CB%8A&word=%E4%BA%91"
"1344","ㄇㄧㄠˋ","妙","",,"妙、妙不可言、妙手回春、妙手空空、妙方、妙用、妙事、妙招、妙法、妙計、妙處、妙喻、妙策、妙語如珠、妙論、妙趣、妙趣橫生、妙齡、妙齡女郎","19","有教育部詞目","https://dict.concised.moe.edu.tw/searchP.jsp?SN=%E3%84%87&SN2=%E3%84%87%E3%84%A7%E3%84%A0%CB%8B&word=%E5%A6%99"
"1345","ㄔㄣˊ","辰","",,"辰","1","有教育部詞目","https://dict.concised.moe.edu.tw/searchP.jsp?SN=%E3%84%94&SN2=%E3%84%94%E3%84%A3%CB%8A&word=%E8%BE%B0"
"1346","ㄕㄨㄚ","刷","刷牙",,"刷、刷子、刷牙、刷卡、刷洗、刷新","6","有教育部詞目","https://dict.concised.moe.edu.tw/searchP.jsp?SN=%E3%84%95&SN2=%E3%84%95%E3%84%A8%E3%84%9A&word=%E5%88%B7"
"1347","ㄑㄩㄢˊ","泉","",,"泉、泉水、泉湧、泉源","4","有教育部詞目","https://dict.concised.moe.edu.tw/searchP.jsp?SN=%E3%84%91&SN2=%E3%84%91%E3%84%A9%E3%84%A2%CB%8A&word=%E6%B3%89"
"1348","ㄕㄠˋ","哨","",,"哨、哨子、哨兵、哨音","4","有教育部詞目","https://dict.concised.moe.edu.tw/searchP.jsp?SN=%E3%84%95&SN2=%E3%84%95%E3%84%A0%CB%8B&word=%E5%93%A8"
"1349","ㄉㄧㄠˋ","釣","",,"釣、釣友、釣客、釣竿、釣船、釣魚、釣魚竿、釣魚臺、釣餌、釣線、釣蝦場","11","有教育部詞目","https://dict.concised.moe.edu.tw/searchP.jsp?SN=%E3%84%89&SN2=%E3%84%89%E3%84%A7%E3%84%A0%CB%8B&word=%E9%87%A3"
"1350","ㄓㄚ","喳","",,"喳","1","有教育部詞目","https://dict.concised.moe.edu.tw/searchP.jsp?SN=%E3%84%93&SN2=%E3%84%93%E3%84%9A&word=%E5%96%B3"
"1351","ㄉㄥ","登","",,"登、登山、登天、登岸、登門、登科、登革熱、登徒子、登時、登記、登高、登基、登陸、登頂、登報、登場、登載、登臺、登錄、登臨","20","有教育部詞目","https://dict.concised.moe.edu.tw/searchP.jsp?SN=%E3%84%89&SN2=%E3%84%89%E3%84%A5&word=%E7%99%BB"
"1352","ㄐㄧㄥˇ","井","",,"井、井井有條、井水不犯河水、井底之蛙、井然有序","5","有教育部詞目","https://dict.concised.moe.edu.tw/searchP.jsp?SN=%E3%84%90&SN2=%E3%84%90%E3%84%A7%E3%84%A5%CB%87&word=%E4%BA%95"
"1353","ㄋㄨˊ","奴","",,"奴、奴工、奴才、奴役、奴家、奴從、奴僕、奴隸、奴顏婢膝","9","有教育部詞目","https://dict.concised.moe.edu.tw/searchP.jsp?SN=%E3%84%8B&SN2=%E3%84%8B%E3%84%A8%CB%8A&word=%E5%A5%B4"
"1354","ㄋㄨˇ","努","",,"努、努力","2","有教育部詞目","https://dict.concised.moe.edu.tw/searchP.jsp?SN=%E3%84%8B&SN2=%E3%84%8B%E3%84%A8%CB%87&word=%E5%8A%AA"
"1355","ㄙㄨㄥˋ","宋","",,"宋、宋江陣、宋詞","3","有教育部詞目","https://dict.concised.moe.edu.tw/searchP.jsp?SN=%E3%84%99&SN2=%E3%84%99%E3%84%A8%E3%84%A5%CB%8B&word=%E5%AE%8B"
"1356","ㄓㄠ","招","",,"招、招生、招安、招收、招考、招供、招呼、招待、招租、招徠、招喚、招牌、招貼、招募、招搖、招領、招撫、招標、招親、招攬","20","有教育部詞目","https://dict.concised.moe.edu.tw/searchP.jsp?SN=%E3%84%93&SN2=%E3%84%93%E3%84%A0&word=%E6%8B%9B"
"1358","ㄈㄤ","芳","",,"芳、芳心、芳名、芳香、芳草、芳華、芳鄰、芳澤、芳蹤、芳齡","10","有教育部詞目","https://dict.concised.moe.edu.tw/searchP.jsp?SN=%E3%84%88&SN2=%E3%84%88%E3%84%A4&word=%E8%8A%B3"
"1359","ㄌㄧㄚˇ","倆","",,"倆","1","有教育部詞目","https://dict.concised.moe.edu.tw/searchP.jsp?SN=%E3%84%8C&SN2=%E3%84%8C%E3%84%A7%E3%84%9A%CB%87&word=%E5%80%86"
"1359","ㄌㄧㄤˇ","倆","",,"倆","1","有教育部詞目","https://dict.concised.moe.edu.tw/searchP.jsp?SN=%E3%84%8C&SN2=%E3%84%8C%E3%84%A7%E3%84%A4%CB%87&word=%E5%80%86"
"1360","ㄒㄩㄣˊ","循","",,"循、循序、循序漸進、循例、循規蹈矩、循循善誘、循線、循環、循環小數","9","有教育部詞目","https://dict.concised.moe.edu.tw/searchP.jsp?SN=%E3%84%92&SN2=%E3%84%92%E3%84%A9%E3%84%A3%CB%8A&word=%E5%BE%AA"
"1361","ㄏㄨㄢˇ","緩","",,"緩、緩不濟急、緩召、緩刑、緩兵之計、緩步、緩和、緩急、緩慢、緩徵、緩緩、緩衝、緩衝地帶、緩議","14","有教育部詞目","https://dict.concised.moe.edu.tw/searchP.jsp?SN=%E3%84%8F&SN2=%E3%84%8F%E3%84%A8%E3%84%A2%CB%87&word=%E7%B7%A9"
"1362","ㄒㄧㄢˋ","縣","",,"縣、縣太爺、縣令、縣民、縣立、縣府、縣治、縣長、縣城、縣政府、縣界、縣境、縣轄市、縣議員、縣議會","15","有教育部詞目","https://dict.concised.moe.edu.tw/searchP.jsp?SN=%E3%84%92&SN2=%E3%84%92%E3%84%A7%E3%84%A2%CB%8B&word=%E7%B8%A3"
"1363","ㄌㄧㄣˊ","臨","",,"臨、臨危、臨死、臨行、臨別、臨床、臨走、臨帖、臨近、臨門、臨界、臨盆、臨時、臨陣、臨終、臨場、臨睡、臨摹、臨頭、臨檢","20","有教育部詞目","https://dict.concised.moe.edu.tw/searchP.jsp?SN=%E3%84%8C&SN2=%E3%84%8C%E3%84%A7%E3%84%A3%CB%8A&word=%E8%87%A8"
"1364","ㄎㄨㄛˋ","闊","",,"闊、闊少、闊別、闊步、闊氣、闊葉樹、闊綽","7","有教育部詞目","https://dict.concised.moe.edu.tw/searchP.jsp?SN=%E3%84%8E&SN2=%E3%84%8E%E3%84%A8%E3%84%9B%CB%8B&word=%E9%97%8A"
"1365","ㄕˊ","拾","",,"拾、拾人牙慧、拾取、拾金不昧、拾破爛、拾荒、拾獲","7","有教育部詞目","https://dict.concised.moe.edu.tw/searchP.jsp?SN=%E3%84%95&SN2=%E3%84%95%CB%8A&word=%E6%8B%BE"
"1365","ㄕㄜˋ","拾","",,"拾、拾級而上","2","有教育部詞目","https://dict.concised.moe.edu.tw/searchP.jsp?SN=%E3%84%95&SN2=%E3%84%95%E3%84%9C%CB%8B&word=%E6%8B%BE"
"1366","ㄍㄨㄥ","宮","",,"宮、宮女、宮廷、宮保雞丁、宮殿、宮燈、宮闈、宮闕","8","有教育部詞目","https://dict.concised.moe.edu.tw/searchP.jsp?SN=%E3%84%8D&SN2=%E3%84%8D%E3%84%A8%E3%84%A5&word=%E5%AE%AE"
"1367","ㄨˋ","悟","",,"悟、悟出、悟性、悟道","4","有教育部詞目","https://dict.concised.moe.edu.tw/searchP.jsp?SN=%E3%84%A8&SN2=%E3%84%A8%CB%8B&word=%E6%82%9F"
"1368","ㄊㄧㄢ","添","",,"添、添丁、添加、添加物、添置、添增、添購","7","有教育部詞目","https://dict.concised.moe.edu.tw/searchP.jsp?SN=%E3%84%8A&SN2=%E3%84%8A%E3%84%A7%E3%84%A2&word=%E6%B7%BB"
"1369","ㄌㄟˇ","累","",,"累、累加、累犯、累次三番、累計、累累、累進、累進稅、累積、累贅","10","有教育部詞目","https://dict.concised.moe.edu.tw/searchP.jsp?SN=%E3%84%8C&SN2=%E3%84%8C%E3%84%9F%CB%87&word=%E7%B4%AF"
"1369","ㄌㄟˋ","累","",,"累、累垮、累壞","3","有教育部詞目","https://dict.concised.moe.edu.tw/searchP.jsp?SN=%E3%84%8C&SN2=%E3%84%8C%E3%84%9F%CB%8B&word=%E7%B4%AF"
"1370","ㄇㄠˋ","帽","帽子",,"帽、帽子","2","有教育部詞目","https://dict.concised.moe.edu.tw/searchP.jsp?SN=%E3%84%87&SN2=%E3%84%87%E3%84%A0%CB%8B&word=%E5%B8%BD"
"1371","ㄎㄨㄢˇ","款","",,"款、款式、款曲、款待、款宴、款款動人、款項、款額","8","有教育部詞目","https://dict.concised.moe.edu.tw/searchP.jsp?SN=%E3%84%8E&SN2=%E3%84%8E%E3%84%A8%E3%84%A2%CB%87&word=%E6%AC%BE"
"1372","ㄎㄜˊ","殼","",,"殼","1","有教育部詞目","https://dict.concised.moe.edu.tw/searchP.jsp?SN=%E3%84%8E&SN2=%E3%84%8E%E3%84%9C%CB%8A&word=%E6%AE%BC"
"1373","ㄑㄧㄤˋ","嗆","",,"嗆、嗆咳、嗆鼻","3","有教育部詞目","https://dict.concised.moe.edu.tw/searchP.jsp?SN=%E3%84%91&SN2=%E3%84%91%E3%84%A7%E3%84%A4%CB%8B&word=%E5%97%86"
"1374","ㄏㄨˊ","糊","",,"糊、糊里糊塗、糊塗","3","有教育部詞目","https://dict.concised.moe.edu.tw/searchP.jsp?SN=%E3%84%8F&SN2=%E3%84%8F%E3%84%A8%CB%8A&word=%E7%B3%8A"
"1375","ㄇㄛˋ","墨","",,"墨、墨斗、墨水、墨汁、墨守成規、墨客、墨痕、墨魚、墨跡、墨綠、墨鏡、墨寶","12","有教育部詞目","https://dict.concised.moe.edu.tw/searchP.jsp?SN=%E3%84%87&SN2=%E3%84%87%E3%84%9B%CB%8B&word=%E5%A2%A8"
"1376","ㄍㄢ","甘","",,"甘、甘之如飴、甘心、甘油、甘拜下風、甘美、甘苦、甘草、甘涼、甘甜、甘潤、甘蔗、甘醇、甘霖、甘薯、甘藷、甘願、甘露","18","有教育部詞目","https://dict.concised.moe.edu.tw/searchP.jsp?SN=%E3%84%8D&SN2=%E3%84%8D%E3%84%A2&word=%E7%94%98"
"1377","ㄒㄩㄣˋ","迅","",,"迅、迅即、迅猛、迅速、迅雷、迅雷不及掩耳","6","有教育部詞目","https://dict.concised.moe.edu.tw/searchP.jsp?SN=%E3%84%92&SN2=%E3%84%92%E3%84%A9%E3%84%A3%CB%8B&word=%E8%BF%85"
"1378","ㄇㄧㄠˊ","苗","",,"苗、苗而不秀、苗圃、苗條、苗頭","5","有教育部詞目","https://dict.concised.moe.edu.tw/searchP.jsp?SN=%E3%84%87&SN2=%E3%84%87%E3%84%A7%E3%84%A0%CB%8A&word=%E8%8B%97"
"1379","ㄞ","唉","",,"唉、唉呀、唉唷、唉聲嘆氣","4","有教育部詞目","https://dict.concised.moe.edu.tw/searchP.jsp?SN=%E3%84%9E&SN2=%E3%84%9E&word=%E5%94%89"
"1380","ㄐㄧㄝˊ","桔","",,"桔、桔梗","2","有教育部詞目","https://dict.concised.moe.edu.tw/searchP.jsp?SN=%E3%84%90&SN2=%E3%84%90%E3%84%A7%E3%84%9D%CB%8A&word=%E6%A1%94"
"1380","ㄐㄩˊ","桔","",,"桔","1","有教育部詞目","https://dict.concised.moe.edu.tw/searchP.jsp?SN=%E3%84%90&SN2=%E3%84%90%E3%84%A9%CB%8A&word=%E6%A1%94"
"1381","ㄅㄧˋ","秘","",,"秘","1","有教育部詞目","https://dict.concised.moe.edu.tw/searchP.jsp?SN=%E3%84%85&SN2=%E3%84%85%E3%84%A7%CB%8B&word=%E7%A7%98"
"1381","ㄇㄧˋ","秘","",,"秘","1","有教育部詞目","https://dict.concised.moe.edu.tw/searchP.jsp?SN=%E3%84%87&SN2=%E3%84%87%E3%84%A7%CB%8B&word=%E7%A7%98"
"1382","ㄇㄟˊ","梅","",,"梅、梅子、梅花、梅花鹿、梅雨、梅毒、梅開二度","7","有教育部詞目","https://dict.concised.moe.edu.tw/searchP.jsp?SN=%E3%84%87&SN2=%E3%84%87%E3%84%9F%CB%8A&word=%E6%A2%85"
"1383","ㄓˊ","殖","",,"殖、殖民主義、殖民地","3","有教育部詞目","https://dict.concised.moe.edu.tw/searchP.jsp?SN=%E3%84%93&SN2=%E3%84%93%CB%8A&word=%E6%AE%96"
"1384","ㄉㄨˋ","渡","",,"渡、渡口、渡河、渡海、渡船、渡船頭、渡輪","7","有教育部詞目","https://dict.concised.moe.edu.tw/searchP.jsp?SN=%E3%84%89&SN2=%E3%84%89%E3%84%A8%CB%8B&word=%E6%B8%A1"
"1385","ㄘㄤ","蒼","",,"蒼、蒼天、蒼生、蒼白、蒼老、蒼穹、蒼勁、蒼海、蒼茫、蒼涼、蒼翠、蒼蒼、蒼蠅","13","有教育部詞目","https://dict.concised.moe.edu.tw/searchP.jsp?SN=%E3%84%98&SN2=%E3%84%98%E3%84%A4&word=%E8%92%BC"
"1386","ㄙㄚ","撒","",,"撒、撒手、撒手人寰、撒旦、撒尿、撒紙錢、撒野、撒落、撒網、撒腿、撒嬌、撒賴、撒謊","13","有教育部詞目","https://dict.concised.moe.edu.tw/searchP.jsp?SN=%E3%84%99&SN2=%E3%84%99%E3%84%9A&word=%E6%92%92"
"1386","ㄙㄚˇ","撒","",,"撒、撒紙錢、撒落","3","有教育部詞目","https://dict.concised.moe.edu.tw/searchP.jsp?SN=%E3%84%99&SN2=%E3%84%99%E3%84%9A%CB%87&word=%E6%92%92"
"1387","ㄅㄥˋ","蹦","",,"蹦、蹦跳、蹦蹦跳跳","3","有教育部詞目","https://dict.concised.moe.edu.tw/searchP.jsp?SN=%E3%84%85&SN2=%E3%84%85%E3%84%A5%CB%8B&word=%E8%B9%A6"
"1389","ㄨˊ","吳","",,"吳、吳下阿蒙、吳牛喘月","3","有教育部詞目","https://dict.concised.moe.edu.tw/searchP.jsp?SN=%E3%84%A8&SN2=%E3%84%A8%CB%8A&word=%E5%90%B3"
"1390","ㄌㄠˊ","牢","",,"牢、牢不可破、牢牢、牢固、牢房、牢記、牢獄、牢獄之災、牢靠、牢騷、牢籠","11","有教育部詞目","https://dict.concised.moe.edu.tw/searchP.jsp?SN=%E3%84%8C&SN2=%E3%84%8C%E3%84%A0%CB%8A&word=%E7%89%A2"
"1391","ㄗ","姿","",,"姿、姿色、姿勢、姿態","4","有教育部詞目","https://dict.concised.moe.edu.tw/searchP.jsp?SN=%E3%84%97&SN2=%E3%84%97&word=%E5%A7%BF"
"1392","ㄨ","烏","烏龜",,"烏、烏合之眾、烏有、烏豆、烏金、烏亮、烏紗帽、烏骨雞、烏梅、烏魚、烏魚子、烏雲、烏黑、烏溜溜、烏煙瘴氣、烏腳病、烏賊、烏鴉、烏鴉嘴、烏龜","20","有教育部詞目","https://dict.concised.moe.edu.tw/searchP.jsp?SN=%E3%84%A8&SN2=%E3%84%A8&word=%E7%83%8F"
"1393","ㄓㄨˋ","祝","",,"祝、祝詞、祝賀、祝壽、祝福、祝融、祝禱","7","有教育部詞目","https://dict.concised.moe.edu.tw/searchP.jsp?SN=%E3%84%93&SN2=%E3%84%93%E3%84%A8%CB%8B&word=%E7%A5%9D"
"1394","ㄑㄧㄣˊ","秦","",,"秦、秦俑、秦晉之好","3","有教育部詞目","https://dict.concised.moe.edu.tw/searchP.jsp?SN=%E3%84%91&SN2=%E3%84%91%E3%84%A7%E3%84%A3%CB%8A&word=%E7%A7%A6"
"1395","ㄆㄤˊ","彷","",,"彷、彷徨、彷徨失措","3","有教育部詞目","https://dict.concised.moe.edu.tw/searchP.jsp?SN=%E3%84%86&SN2=%E3%84%86%E3%84%A4%CB%8A&word=%E5%BD%B7"
"1395","ㄈㄤˇ","彷","",,"彷、彷彿","2","有教育部詞目","https://dict.concised.moe.edu.tw/searchP.jsp?SN=%E3%84%88&SN2=%E3%84%88%E3%84%A4%CB%87&word=%E5%BD%B7"
"1396","ㄕㄤˋ","尚","",,"尚、尚且、尚可、尚未、尚有可為、尚佳、尚武、尚饗","8","有教育部詞目","https://dict.concised.moe.edu.tw/searchP.jsp?SN=%E3%84%95&SN2=%E3%84%95%E3%84%A4%CB%8B&word=%E5%B0%9A"
"1397","ㄈㄨˊ","彿","",,"彿","1","有教育部詞目","https://dict.concised.moe.edu.tw/searchP.jsp?SN=%E3%84%88&SN2=%E3%84%88%E3%84%A8%CB%8A&word=%E5%BD%BF"
"1399","ㄍㄤ","缸","",,"缸","1","有教育部詞目","https://dict.concised.moe.edu.tw/searchP.jsp?SN=%E3%84%8D&SN2=%E3%84%8D%E3%84%A4&word=%E7%BC%B8"
"1401","ㄇㄞˊ","埋","",,"埋、埋伏、埋沒、埋首、埋骨、埋設、埋葬、埋頭、埋頭苦幹、埋藏","10","有教育部詞目","https://dict.concised.moe.edu.tw/searchP.jsp?SN=%E3%84%87&SN2=%E3%84%87%E3%84%9E%CB%8A&word=%E5%9F%8B"
"1401","ㄇㄢˊ","埋","",,"埋、埋怨","2","有教育部詞目","https://dict.concised.moe.edu.tw/searchP.jsp?SN=%E3%84%87&SN2=%E3%84%87%E3%84%A2%CB%8A&word=%E5%9F%8B"
"1402","ㄅㄨˇ","捕","",,"捕、捕手、捕風捉影、捕捉、捕殺、捕撈、捕頭、捕獲","8","有教育部詞目","https://dict.concised.moe.edu.tw/searchP.jsp?SN=%E3%84%85&SN2=%E3%84%85%E3%84%A8%CB%87&word=%E6%8D%95"
"1403","ㄧㄤˇ","氧","",,"氧、氧化、氧氣","3","有教育部詞目","https://dict.concised.moe.edu.tw/searchP.jsp?SN=%E3%84%A7&SN2=%E3%84%A7%E3%84%A4%CB%87&word=%E6%B0%A7"
"1404","ㄇㄧˊ","迷","",,"迷、迷人、迷失、迷你、迷信、迷思、迷津、迷宮、迷航、迷茫、迷途、迷惑、迷亂、迷路、迷夢、迷魂、迷糊、迷濛、迷離、迷戀","20","有教育部詞目","https://dict.concised.moe.edu.tw/searchP.jsp?SN=%E3%84%87&SN2=%E3%84%87%E3%84%A7%CB%8A&word=%E8%BF%B7"
"1405","ㄌㄧㄤˊ","涼","",,"涼、涼快、涼拌、涼亭、涼風、涼夏、涼爽、涼爽羊毛、涼意、涼鞋","10","有教育部詞目","https://dict.concised.moe.edu.tw/searchP.jsp?SN=%E3%84%8C&SN2=%E3%84%8C%E3%84%A7%E3%84%A4%CB%8A&word=%E6%B6%BC"
"1405","ㄌㄧㄤˋ","涼","",,"涼","1","有教育部詞目","https://dict.concised.moe.edu.tw/searchP.jsp?SN=%E3%84%8C&SN2=%E3%84%8C%E3%84%A7%E3%84%A4%CB%8B&word=%E6%B6%BC"
"1406","ㄇㄧㄢˊ","棉","",,"棉、棉布、棉花、棉花糖、棉紗、棉紙、棉紡、棉球、棉被、棉絮、棉線、棉薄之力、棉襖","13","有教育部詞目","https://dict.concised.moe.edu.tw/searchP.jsp?SN=%E3%84%87&SN2=%E3%84%87%E3%84%A7%E3%84%A2%CB%8A&word=%E6%A3%89"
"1407","ㄐㄧˇ","擠","",,"擠、擠成一團、擠兌、擠眉弄眼、擠滿、擠壓","6","有教育部詞目","https://dict.concised.moe.edu.tw/searchP.jsp?SN=%E3%84%90&SN2=%E3%84%90%E3%84%A7%CB%87&word=%E6%93%A0"
"1408","ㄐㄧˇ","濟","",,"濟、濟濟、濟濟多士","3","有教育部詞目","https://dict.concised.moe.edu.tw/searchP.jsp?SN=%E3%84%90&SN2=%E3%84%90%E3%84%A7%CB%87&word=%E6%BF%9F"
"1408","ㄐㄧˋ","濟","",,"濟、濟世、濟助、濟急、濟弱扶傾、濟貧","6","有教育部詞目","https://dict.concised.moe.edu.tw/searchP.jsp?SN=%E3%84%90&SN2=%E3%84%90%E3%84%A7%CB%8B&word=%E6%BF%9F"
"1409","ㄓㄨ","朱","",,"朱、朱門、朱砂、朱紅、朱脣皓齒、朱槿、朱顏","7","有教育部詞目","https://dict.concised.moe.edu.tw/searchP.jsp?SN=%E3%84%93&SN2=%E3%84%93%E3%84%A8&word=%E6%9C%B1"
"1410","ㄒㄧ","析","",,"析、析字、析解、析疑","4","有教育部詞目","https://dict.concised.moe.edu.tw/searchP.jsp?SN=%E3%84%92&SN2=%E3%84%92%E3%84%A7&word=%E6%9E%90"
"1411","ㄘㄞˇ","采","",,"采、采風","2","有教育部詞目","https://dict.concised.moe.edu.tw/searchP.jsp?SN=%E3%84%98&SN2=%E3%84%98%E3%84%9E%CB%87&word=%E9%87%87"
"1412","ㄒㄩㄢ","宣","",,"宣、宣布、宣示、宣判、宣告、宣言、宣洩、宣科、宣紙、宣揚、宣傳、宣傳品、宣稱、宣誓、宣導、宣慰、宣戰、宣講、宣讀","19","有教育部詞目","https://dict.concised.moe.edu.tw/searchP.jsp?SN=%E3%84%92&SN2=%E3%84%92%E3%84%A9%E3%84%A2&word=%E5%AE%A3"
"1413","ㄑㄧㄚˋ","恰","",,"恰、恰巧、恰好、恰如其分、恰到好處、恰恰、恰當","7","有教育部詞目","https://dict.concised.moe.edu.tw/searchP.jsp?SN=%E3%84%91&SN2=%E3%84%91%E3%84%A7%E3%84%9A%CB%8B&word=%E6%81%B0"
"1414","ㄊㄨˊ","徒","",,"徒、徒子徒孫、徒手、徒刑、徒有虛名、徒弟、徒步、徒步旅行、徒具、徒留、徒勞、徒勞往返、徒勞無功、徒然","14","有教育部詞目","https://dict.concised.moe.edu.tw/searchP.jsp?SN=%E3%84%8A&SN2=%E3%84%8A%E3%84%A8%CB%8A&word=%E5%BE%92"
"1415","ㄓㄨˊ","逐","",,"逐、逐一、逐日、逐月、逐北、逐年、逐次、逐步、逐客令、逐臭、逐臭之夫、逐鹿、逐鹿中原、逐夢、逐漸","15","有教育部詞目","https://dict.concised.moe.edu.tw/searchP.jsp?SN=%E3%84%93&SN2=%E3%84%93%E3%84%A8%CB%8A&word=%E9%80%90"
"1416","ㄐㄧ","棋","",,"棋","1","有教育部詞目","https://dict.concised.moe.edu.tw/searchP.jsp?SN=%E3%84%90&SN2=%E3%84%90%E3%84%A7&word=%E6%A3%8B"
"1416","ㄑㄧˊ","棋","",,"棋、棋子、棋局、棋迷、棋高一著、棋逢對手、棋逢敵手、棋盤、棋藝、棋譜","10","有教育部詞目","https://dict.concised.moe.edu.tw/searchP.jsp?SN=%E3%84%91&SN2=%E3%84%91%E3%84%A7%CB%8A&word=%E6%A3%8B"
"1417","ㄑㄧㄤ","搶","",,"搶、搶手、搶白、搶先、搶劫、搶攻、搶孤、搶風頭、搶修、搶案、搶救、搶眼、搶通、搶答、搶嫌、搶奪、搶購、搶鏡頭、搶灘","19","有教育部詞目","https://dict.concised.moe.edu.tw/searchP.jsp?SN=%E3%84%91&SN2=%E3%84%91%E3%84%A7%E3%84%A4&word=%E6%90%B6"
"1417","ㄑㄧㄤˇ","搶","",,"搶、搶手、搶手貨、搶白、搶先、搶劫、搶攻、搶孤、搶風頭、搶修、搶案、搶救、搶眼、搶通、搶答、搶嫌、搶奪、搶購、搶鏡頭、搶灘","20","有教育部詞目","https://dict.concised.moe.edu.tw/searchP.jsp?SN=%E3%84%91&SN2=%E3%84%91%E3%84%A7%E3%84%A4%CB%87&word=%E6%90%B6"
"1418","ㄍㄨㄢˋ","慣","",,"慣、慣用、慣例、慣性、慣常、慣竊","6","有教育部詞目","https://dict.concised.moe.edu.tw/searchP.jsp?SN=%E3%84%8D&SN2=%E3%84%8D%E3%84%A8%E3%84%A2%CB%8B&word=%E6%85%A3"
"1419","ㄖㄨㄣˋ","潤","",,"潤、潤喉、潤筆、潤滑、潤飾、潤澤","6","有教育部詞目","https://dict.concised.moe.edu.tw/searchP.jsp?SN=%E3%84%96&SN2=%E3%84%96%E3%84%A8%E3%84%A3%CB%8B&word=%E6%BD%A4"
"1420","ㄉㄠˋ","稻","",,"稻、稻子、稻田、稻米、稻作、稻苗、稻香、稻草、稻草人、稻農、稻熱病、稻穀、稻穗","13","有教育部詞目","https://dict.concised.moe.edu.tw/searchP.jsp?SN=%E3%84%89&SN2=%E3%84%89%E3%84%A0%CB%8B&word=%E7%A8%BB"
"1421","ㄐㄧㄤˇ","蔣","",,"蔣","1","有教育部詞目","https://dict.concised.moe.edu.tw/searchP.jsp?SN=%E3%84%90&SN2=%E3%84%90%E3%84%A7%E3%84%A4%CB%87&word=%E8%94%A3"
"1422","ㄊㄤˇ","躺","",,"躺、躺下、躺平、躺臥、躺椅","5","有教育部詞目","https://dict.concised.moe.edu.tw/searchP.jsp?SN=%E3%84%8A&SN2=%E3%84%8A%E3%84%A4%CB%87&word=%E8%BA%BA"
"1423","ㄅㄧㄢˋ","辨","",,"辨、辨別、辨明、辨析、辨認、辨識","6","有教育部詞目","https://dict.concised.moe.edu.tw/searchP.jsp?SN=%E3%84%85&SN2=%E3%84%85%E3%84%A7%E3%84%A2%CB%8B&word=%E8%BE%A8"
"1424","ㄓㄣˋ","鎮","",,"鎮、鎮公所、鎮日、鎮守、鎮定、鎮長、鎮紙、鎮痛、鎮痛劑、鎮暴、鎮靜、鎮壓","12","有教育部詞目","https://dict.concised.moe.edu.tw/searchP.jsp?SN=%E3%84%93&SN2=%E3%84%93%E3%84%A3%CB%8B&word=%E9%8E%AE"
"1425","ㄜˊ","額","",,"額、額手稱慶、額外、額角、額度、額滿、額數、額頭","8","有教育部詞目","https://dict.concised.moe.edu.tw/searchP.jsp?SN=%E3%84%9C&SN2=%E3%84%9C%CB%8A&word=%E9%A1%8D"
"1426","ㄔㄨㄣˊ","鶉","",,"鶉","1","有教育部詞目","https://dict.concised.moe.edu.tw/searchP.jsp?SN=%E3%84%94&SN2=%E3%84%94%E3%84%A8%E3%84%A3%CB%8A&word=%E9%B6%89"
"1427","ㄢ","鵪","",,"鵪、鵪鶉","2","有教育部詞目","https://dict.concised.moe.edu.tw/searchP.jsp?SN=%E3%84%A2&SN2=%E3%84%A2&word=%E9%B5%AA"
"1428","ㄌㄨˊ","爐","",,"爐、爐心、爐火、爐火純青、爐灶、爐門、爐臺","7","有教育部詞目","https://dict.concised.moe.edu.tw/searchP.jsp?SN=%E3%84%8C&SN2=%E3%84%8C%E3%84%A8%CB%8A&word=%E7%88%90"
"1429","ㄊㄢ","灘","",,"灘、灘頭","2","有教育部詞目","https://dict.concised.moe.edu.tw/searchP.jsp?SN=%E3%84%8A&SN2=%E3%84%8A%E3%84%A2&word=%E7%81%98"
"1430","ㄓㄚ","扎","",,"扎、扎手、扎花、扎根、扎實","5","有教育部詞目","https://dict.concised.moe.edu.tw/searchP.jsp?SN=%E3%84%93&SN2=%E3%84%93%E3%84%9A&word=%E6%89%8E"
"1430","ㄓㄚˊ","扎","",,"扎","1","有教育部詞目","https://dict.concised.moe.edu.tw/searchP.jsp?SN=%E3%84%93&SN2=%E3%84%93%E3%84%9A%CB%8A&word=%E6%89%8E"
"1431","ㄖㄣˇ","忍","",,"忍、忍不住、忍心、忍受、忍俊不禁、忍耐、忍氣吞聲、忍辱、忍辱求全、忍辱負重、忍辱偷生、忍無可忍、忍痛、忍讓","14","有教育部詞目","https://dict.concised.moe.edu.tw/searchP.jsp?SN=%E3%84%96&SN2=%E3%84%96%E3%84%A3%CB%87&word=%E5%BF%8D"
"1432","ㄔㄥˊ","承","",,"承、承包、承平、承受、承接、承造、承當、承載、承蒙、承製、承認、承銷、承擔、承諾、承辦、承購、承繼、承歡、承襲、承攬","20","有教育部詞目","https://dict.concised.moe.edu.tw/searchP.jsp?SN=%E3%84%94&SN2=%E3%84%94%E3%84%A5%CB%8A&word=%E6%89%BF"
"1433","ㄆㄠ","泡","",,"泡、泡沫、泡沫紅茶、泡沫經濟、泡泡、泡泡糖、泡茶、泡湯、泡菜、泡影、泡澡、泡麵","12","有教育部詞目","https://dict.concised.moe.edu.tw/searchP.jsp?SN=%E3%84%86&SN2=%E3%84%86%E3%84%A0&word=%E6%B3%A1"
"1433","ㄆㄠˋ","泡","",,"泡、泡沫、泡沫紅茶、泡沫經濟、泡泡、泡泡糖、泡茶、泡湯、泡菜、泡影、泡澡、泡麵","12","有教育部詞目","https://dict.concised.moe.edu.tw/searchP.jsp?SN=%E3%84%86&SN2=%E3%84%86%E3%84%A0%CB%8B&word=%E6%B3%A1"
"1434","ㄜˊ","俄","",,"俄、俄羅斯方塊","2","有教育部詞目","https://dict.concised.moe.edu.tw/searchP.jsp?SN=%E3%84%9C&SN2=%E3%84%9C%CB%8A&word=%E4%BF%84"
"1435","ㄖㄡˊ","柔","",,"柔、柔和、柔美、柔弱、柔能克剛、柔情、柔情萬千、柔軟、柔軟體操、柔媚、柔韌、柔順、柔腸寸斷、柔道、柔嫩","15","有教育部詞目","https://dict.concised.moe.edu.tw/searchP.jsp?SN=%E3%84%96&SN2=%E3%84%96%E3%84%A1%CB%8A&word=%E6%9F%94"
"1436","ㄌㄜˋ","勒","",,"勒、勒令、勒戒、勒索、勒贖","5","有教育部詞目","https://dict.concised.moe.edu.tw/searchP.jsp?SN=%E3%84%8C&SN2=%E3%84%8C%E3%84%9C%CB%8B&word=%E5%8B%92"
"1436","ㄌㄟ","勒","",,"勒、勒死","2","有教育部詞目","https://dict.concised.moe.edu.tw/searchP.jsp?SN=%E3%84%8C&SN2=%E3%84%8C%E3%84%9F&word=%E5%8B%92"
"1437","ㄕ","獅","",,"獅、獅子","2","有教育部詞目","https://dict.concised.moe.edu.tw/searchP.jsp?SN=%E3%84%95&SN2=%E3%84%95&word=%E7%8D%85"
"1438","ㄕㄨ","輸","",,"輸、輸入、輸入許可制、輸出、輸血、輸卵管、輸家、輸送、輸誠、輸精管、輸贏","11","有教育部詞目","https://dict.concised.moe.edu.tw/searchP.jsp?SN=%E3%84%95&SN2=%E3%84%95%E3%84%A8&word=%E8%BC%B8"
"1439","ㄨˋ","霧","",,"霧、霧氣、霧裡看花","3","有教育部詞目","https://dict.concised.moe.edu.tw/searchP.jsp?SN=%E3%84%A8&SN2=%E3%84%A8%CB%8B&word=%E9%9C%A7"
"1440","ㄋㄧㄢˊ","粘","",,"粘","1","有教育部詞目","https://dict.concised.moe.edu.tw/searchP.jsp?SN=%E3%84%8B&SN2=%E3%84%8B%E3%84%A7%E3%84%A2%CB%8A&word=%E7%B2%98"
"1441","ㄈㄢˊ","凡","",,"凡、凡人、凡夫俗子、凡心、凡事、凡例、凡是、凡間","8","有教育部詞目","https://dict.concised.moe.edu.tw/searchP.jsp?SN=%E3%84%88&SN2=%E3%84%88%E3%84%A2%CB%8A&word=%E5%87%A1"
"1442","ㄑㄧㄠˇ","巧","",,"巧、巧手、巧立名目、巧合、巧克力、巧妙、巧言令色、巧取豪奪、巧固球、巧思、巧婦難為無米之炊、巧遇、巧奪天工、巧嘴、巧藝、巧辯","16","有教育部詞目","https://dict.concised.moe.edu.tw/searchP.jsp?SN=%E3%84%91&SN2=%E3%84%91%E3%84%A7%E3%84%A0%CB%87&word=%E5%B7%A7"
"1443","ㄖㄥ","扔","",,"扔、扔下、扔掉","3","有教育部詞目","https://dict.concised.moe.edu.tw/searchP.jsp?SN=%E3%84%96&SN2=%E3%84%96%E3%84%A5&word=%E6%89%94"
"1444","ㄋㄨˋ","怒","",,"怒、怒不可遏、怒火、怒火中燒、怒叱、怒斥、怒目、怒目相向、怒吼、怒放、怒氣、怒氣沖沖、怒氣衝衝、怒視、怒號、怒罵、怒髮衝冠、怒濤","18","有教育部詞目","https://dict.concised.moe.edu.tw/searchP.jsp?SN=%E3%84%8B&SN2=%E3%84%8B%E3%84%A8%CB%8B&word=%E6%80%92"
"1445","ㄕˋ","柿","",,"柿、柿子","2","有教育部詞目","https://dict.concised.moe.edu.tw/searchP.jsp?SN=%E3%84%95&SN2=%E3%84%95%CB%8B&word=%E6%9F%BF"
"1446","ㄓㄨ","株","",,"株、株守、株連","3","有教育部詞目","https://dict.concised.moe.edu.tw/searchP.jsp?SN=%E3%84%93&SN2=%E3%84%93%E3%84%A8&word=%E6%A0%AA"
"1447","ㄈㄨˊ","浮","",,"浮、浮力、浮生、浮冰、浮沉、浮泛、浮屍、浮動、浮現、浮游、浮華、浮萍、浮腫、浮誇、浮標、浮潛、浮橋、浮雕、浮濫、浮躁","20","有教育部詞目","https://dict.concised.moe.edu.tw/searchP.jsp?SN=%E3%84%88&SN2=%E3%84%88%E3%84%A8%CB%8A&word=%E6%B5%AE"
"1448","ㄆㄧㄣˊ","貧","",,"貧、貧戶、貧乏、貧民、貧血、貧困、貧苦、貧病交迫、貧富不均、貧寒、貧僧、貧嘴、貧嘴薄舌、貧瘠、貧窮、貧賤","16","有教育部詞目","https://dict.concised.moe.edu.tw/searchP.jsp?SN=%E3%84%86&SN2=%E3%84%86%E3%84%A7%E3%84%A3%CB%8A&word=%E8%B2%A7"
"1449","ㄓㄥ","蒸","",,"蒸、蒸汽、蒸汽機、蒸氣、蒸發、蒸蒸日上、蒸臉、蒸餾、蒸餾水、蒸餾法、蒸騰、蒸籠","12","有教育部詞目","https://dict.concised.moe.edu.tw/searchP.jsp?SN=%E3%84%93&SN2=%E3%84%93%E3%84%A5&word=%E8%92%B8"
"1450","ㄌㄧˋ","厲","",,"厲、厲行、厲兵秣馬、厲害、厲鬼、厲聲","6","有教育部詞目","https://dict.concised.moe.edu.tw/searchP.jsp?SN=%E3%84%8C&SN2=%E3%84%8C%E3%84%A7%CB%8B&word=%E5%8E%B2"
"1451","ㄓㄥˋ","鄭","",,"鄭、鄭重","2","有教育部詞目","https://dict.concised.moe.edu.tw/searchP.jsp?SN=%E3%84%93&SN2=%E3%84%93%E3%84%A5%CB%8B&word=%E9%84%AD"
"1452","ㄘㄨㄥˊ","叢","",,"叢、叢生、叢林、叢書","4","有教育部詞目","https://dict.concised.moe.edu.tw/searchP.jsp?SN=%E3%84%98&SN2=%E3%84%98%E3%84%A8%E3%84%A5%CB%8A&word=%E5%8F%A2"
"1453","ㄌㄢˋ","爛","",,"爛、爛片、爛好人、爛泥、爛帳、爛醉、爛醉如泥、爛攤子","8","有教育部詞目","https://dict.concised.moe.edu.tw/searchP.jsp?SN=%E3%84%8C&SN2=%E3%84%8C%E3%84%A2%CB%8B&word=%E7%88%9B"
"1454","ㄑㄩㄢˊ","權","",,"權、權力、權充、權位、權利、權杖、權宜、權宜之計、權威、權柄、權限、權益、權術、權責、權貴、權勢、權衡、權謀","18","有教育部詞目","https://dict.concised.moe.edu.tw/searchP.jsp?SN=%E3%84%91&SN2=%E3%84%91%E3%84%A9%E3%84%A2%CB%8A&word=%E6%AC%8A"
"1455","ㄉㄧㄝˊ","疊","",,"疊、疊字、疊床架屋、疊映、疊被、疊詞、疊嶂、疊羅漢、疊韻","9","有教育部詞目","https://dict.concised.moe.edu.tw/searchP.jsp?SN=%E3%84%89&SN2=%E3%84%89%E3%84%A7%E3%84%9D%CB%8A&word=%E7%96%8A"
"1456","ㄨˇ","伍","",,"伍","1","有教育部詞目","https://dict.concised.moe.edu.tw/searchP.jsp?SN=%E3%84%A8&SN2=%E3%84%A8%CB%87&word=%E4%BC%8D"
"1457","ㄉㄞ","呆","",,"呆、呆子、呆水位、呆瓜、呆住、呆板、呆若木雞、呆帳、呆滯、呆頭呆腦","10","有教育部詞目","https://dict.concised.moe.edu.tw/searchP.jsp?SN=%E3%84%89&SN2=%E3%84%89%E3%84%9E&word=%E5%91%86"
"1458","ㄕㄣˊ","甚","",,"甚、甚麼","2","有教育部詞目","https://dict.concised.moe.edu.tw/searchP.jsp?SN=%E3%84%95&SN2=%E3%84%95%E3%84%A3%CB%8A&word=%E7%94%9A"
"1458","ㄕㄣˋ","甚","",,"甚、甚且、甚至、甚或、甚囂塵上","5","有教育部詞目","https://dict.concised.moe.edu.tw/searchP.jsp?SN=%E3%84%95&SN2=%E3%84%95%E3%84%A3%CB%8B&word=%E7%94%9A"
"1459","ㄉㄧˊ","迪","",,"迪、迪士尼卡通、迪士尼樂園、迪斯可","4","有教育部詞目","https://dict.concised.moe.edu.tw/searchP.jsp?SN=%E3%84%89&SN2=%E3%84%89%E3%84%A7%CB%8A&word=%E8%BF%AA"
"1460","ㄧㄝˋ","液","",,"液、液化、液化天然氣、液化石油氣、液晶、液晶顯示器、液態、液壓、液體","9","有教育部詞目","https://dict.concised.moe.edu.tw/searchP.jsp?SN=%E3%84%A7&SN2=%E3%84%A7%E3%84%9D%CB%8B&word=%E6%B6%B2"
"1461","ㄊㄨㄛ","脫","",,"脫、脫毛、脫皮、脫臼、脫困、脫序、脫兔、脫胎、脫班、脫脂、脫臭、脫逃、脫產、脫節、脫腸、脫落、脫稿、脫險、脫離、脫黨","20","有教育部詞目","https://dict.concised.moe.edu.tw/searchP.jsp?SN=%E3%84%8A&SN2=%E3%84%8A%E3%84%A8%E3%84%9B&word=%E8%84%AB"
"1462","ㄇㄛˋ","莫","",,"莫、莫可奈何、莫名其妙、莫如、莫怪、莫非、莫若、莫衷一是、莫逆、莫逆之交、莫測高深、莫須有、莫說","13","有教育部詞目","https://dict.concised.moe.edu.tw/searchP.jsp?SN=%E3%84%87&SN2=%E3%84%87%E3%84%9B%CB%8B&word=%E8%8E%AB"
"1462","ㄇㄨˋ","莫","",,"莫","1","有教育部詞目","https://dict.concised.moe.edu.tw/searchP.jsp?SN=%E3%84%87&SN2=%E3%84%87%E3%84%A8%CB%8B&word=%E8%8E%AB"
"1463","ㄊㄧㄥˊ","蜓","",,"蜓","1","有教育部詞目","https://dict.concised.moe.edu.tw/searchP.jsp?SN=%E3%84%8A&SN2=%E3%84%8A%E3%84%A7%E3%84%A5%CB%8A&word=%E8%9C%93"
"1464","ㄐㄧ","跡","",,"跡、跡象","2","有教育部詞目","https://dict.concised.moe.edu.tw/searchP.jsp?SN=%E3%84%90&SN2=%E3%84%90%E3%84%A7&word=%E8%B7%A1"
"1465","ㄗㄞˇ","載","",,"載","1","有教育部詞目","https://dict.concised.moe.edu.tw/searchP.jsp?SN=%E3%84%97&SN2=%E3%84%97%E3%84%9E%CB%87&word=%E8%BC%89"
"1465","ㄗㄞˋ","載","",,"載、載明、載客量、載重、載浮載沉、載貨、載運、載歌載舞、載譽","9","有教育部詞目","https://dict.concised.moe.edu.tw/searchP.jsp?SN=%E3%84%97&SN2=%E3%84%97%E3%84%9E%CB%8B&word=%E8%BC%89"
"1466","ㄑㄧㄥ","蜻","",,"蜻、蜻蜓、蜻蜓點水","3","有教育部詞目","https://dict.concised.moe.edu.tw/searchP.jsp?SN=%E3%84%91&SN2=%E3%84%91%E3%84%A7%E3%84%A5&word=%E8%9C%BB"
"1467","ㄧㄢˋ","豔","",,"豔、豔星、豔陽、豔陽天、豔陽高照、豔遇、豔麗","7","有教育部詞目","https://dict.concised.moe.edu.tw/searchP.jsp?SN=%E3%84%A7&SN2=%E3%84%A7%E3%84%A2%CB%8B&word=%E8%B1%94"
"1468","ㄈㄢˋ","犯","",,"犯、犯人、犯上、犯上作亂、犯不著、犯法、犯案、犯病、犯規、犯意、犯罪、犯錯","12","有教育部詞目","https://dict.concised.moe.edu.tw/searchP.jsp?SN=%E3%84%88&SN2=%E3%84%88%E3%84%A2%CB%8B&word=%E7%8A%AF"
"1469","ㄒㄧㄣ","辛","",,"辛、辛苦、辛勞、辛勤、辛辣、辛酸","6","有教育部詞目","https://dict.concised.moe.edu.tw/searchP.jsp?SN=%E3%84%92&SN2=%E3%84%92%E3%84%A7%E3%84%A3&word=%E8%BE%9B"
"1470","ㄇㄧ","咪","",,"咪、咪咪","2","有教育部詞目","https://dict.concised.moe.edu.tw/searchP.jsp?SN=%E3%84%87&SN2=%E3%84%87%E3%84%A7&word=%E5%92%AA"
"1471","ㄧˊ","姨","",,"姨、姨丈、姨太太、姨母、姨媽","5","有教育部詞目","https://dict.concised.moe.edu.tw/searchP.jsp?SN=%E3%84%A7&SN2=%E3%84%A7%CB%8A&word=%E5%A7%A8"
"1472","ㄆㄛˋ","迫","",,"迫、迫不及待、迫不得已、迫切、迫令、迫在眉睫、迫使、迫近、迫降、迫害","10","有教育部詞目","https://dict.concised.moe.edu.tw/searchP.jsp?SN=%E3%84%86&SN2=%E3%84%86%E3%84%9B%CB%8B&word=%E8%BF%AB"
"1473","ㄒㄩˊ","徐","",,"徐、徐娘半老、徐徐","3","有教育部詞目","https://dict.concised.moe.edu.tw/searchP.jsp?SN=%E3%84%92&SN2=%E3%84%92%E3%84%A9%CB%8A&word=%E5%BE%90"
"1474","ㄨㄣˊ","紋","",,"紋、紋身、紋眉、紋風不動、紋理、紋絲不動、紋路、紋飾","8","有教育部詞目","https://dict.concised.moe.edu.tw/searchP.jsp?SN=%E3%84%A8&SN2=%E3%84%A8%E3%84%A3%CB%8A&word=%E7%B4%8B"
"1475","ㄙㄨˋ","素","",,"素、素人畫家、素不相識、素日、素行、素行不良、素材、素來、素昧平生、素食、素淨、素描、素菜、素雅、素質、素養","16","有教育部詞目","https://dict.concised.moe.edu.tw/searchP.jsp?SN=%E3%84%99&SN2=%E3%84%99%E3%84%A8%CB%8B&word=%E7%B4%A0"
"1476","ㄉㄧㄝˊ","蝶","",,"蝶、蝶式、蝶蛹","3","有教育部詞目","https://dict.concised.moe.edu.tw/searchP.jsp?SN=%E3%84%89&SN2=%E3%84%89%E3%84%A7%E3%84%9D%CB%8A&word=%E8%9D%B6"
"1477","ㄓㄨ","諸","",,"諸、諸子百家、諸多、諸如此類、諸位、諸君、諸侯、諸般、諸葛","9","有教育部詞目","https://dict.concised.moe.edu.tw/searchP.jsp?SN=%E3%84%93&SN2=%E3%84%93%E3%84%A8&word=%E8%AB%B8"
"1478","ㄊㄚˋ","踏","",,"踏、踏步、踏板、踏青、踏破鐵鞋、踏勘、踏腳、踏腳石、踏實","9","有教育部詞目","https://dict.concised.moe.edu.tw/searchP.jsp?SN=%E3%84%8A&SN2=%E3%84%8A%E3%84%9A%CB%8B&word=%E8%B8%8F"
"1479","ㄊㄨㄛˊ","駝","",,"駝、駝子、駝背、駝峰、駝鳥","5","有教育部詞目","https://dict.concised.moe.edu.tw/searchP.jsp?SN=%E3%84%8A&SN2=%E3%84%8A%E3%84%A8%E3%84%9B%CB%8A&word=%E9%A7%9D"
"1480","ㄐㄧㄥˇ","警","",,"警、警犬、警句、警兆、警告、警局、警戒、警車、警官、警政、警訊、警惕、警探、警備、警報、警鈴、警察、警醒、警覺、警鐘","20","有教育部詞目","https://dict.concised.moe.edu.tw/searchP.jsp?SN=%E3%84%90&SN2=%E3%84%90%E3%84%A7%E3%84%A5%CB%87&word=%E8%AD%A6"
"1481","ㄈㄨˇ","斧","",,"斧、斧頭、斧鑿","3","有教育部詞目","https://dict.concised.moe.edu.tw/searchP.jsp?SN=%E3%84%88&SN2=%E3%84%88%E3%84%A8%CB%87&word=%E6%96%A7"
"1482","ㄍㄨˇ","股","",,"股、股市、股本、股份、股份有限公司、股利、股東、股肱、股息、股票、股票市場、股價、股權","13","有教育部詞目","https://dict.concised.moe.edu.tw/searchP.jsp?SN=%E3%84%8D&SN2=%E3%84%8D%E3%84%A8%CB%87&word=%E8%82%A1"
"1483","ㄘㄞˊ","財","",,"財、財力、財大氣粗、財主、財物、財政、財神、財迷心竅、財務、財產、財產權、財富、財源、財經、財運、財團、財團法人、財閥、財寶","19","有教育部詞目","https://dict.concised.moe.edu.tw/searchP.jsp?SN=%E3%84%98&SN2=%E3%84%98%E3%84%9E%CB%8A&word=%E8%B2%A1"
"1484","ㄅㄞˋ","敗","",,"敗、敗亡、敗仗、敗北、敗血症、敗局、敗家子、敗退、敗陣、敗部、敗筆、敗絮、敗訴、敗落、敗興、敗壞、敗類、敗露","18","有教育部詞目","https://dict.concised.moe.edu.tw/searchP.jsp?SN=%E3%84%85&SN2=%E3%84%85%E3%84%9E%CB%8B&word=%E6%95%97"
"1485","ㄘㄨ","粗","",,"粗、粗大、粗心、粗心大意、粗劣、粗壯、粗俗、粗重、粗陋、粗淺、粗率、粗略、粗野、粗話、粗鄙、粗暴、粗線條、粗魯、粗糙、粗獷","20","有教育部詞目","https://dict.concised.moe.edu.tw/searchP.jsp?SN=%E3%84%98&SN2=%E3%84%98%E3%84%A8&word=%E7%B2%97"
"1486","ㄆㄞˊ","牌","",,"牌、牌子、牌位、牌告利率、牌坊、牌匾、牌照、牌照稅、牌價、牌樓","10","有教育部詞目","https://dict.concised.moe.edu.tw/searchP.jsp?SN=%E3%84%86&SN2=%E3%84%86%E3%84%9E%CB%8A&word=%E7%89%8C"
"1487","ㄔㄥˊ","誠","",,"誠、誠心、誠心誠意、誠如、誠信、誠信原則、誠惶誠恐、誠然、誠意、誠敬、誠實、誠摯、誠懇","13","有教育部詞目","https://dict.concised.moe.edu.tw/searchP.jsp?SN=%E3%84%94&SN2=%E3%84%94%E3%84%A5%CB%8A&word=%E8%AA%A0"
"1488","ㄕˋ","飾","",,"飾、飾物、飾金、飾詞、飾演","5","有教育部詞目","https://dict.concised.moe.edu.tw/searchP.jsp?SN=%E3%84%95&SN2=%E3%84%95%CB%8B&word=%E9%A3%BE"
"1489","ㄇㄢˋ","漫","",,"漫、漫山遍野、漫不經心、漫天、漫步、漫長、漫無止境、漫無目的、漫無涯際、漫無邊際、漫畫、漫遊、漫漫、漫漶、漫罵、漫談","16","有教育部詞目","https://dict.concised.moe.edu.tw/searchP.jsp?SN=%E3%84%87&SN2=%E3%84%87%E3%84%A2%CB%8B&word=%E6%BC%AB"
"1490","ㄐㄧㄠ","膠","膠水",,"膠、膠水、膠片、膠布、膠卷、膠柱鼓瑟、膠紙、膠帶、膠著狀態、膠鞋、膠囊","11","有教育部詞目","https://dict.concised.moe.edu.tw/searchP.jsp?SN=%E3%84%90&SN2=%E3%84%90%E3%84%A7%E3%84%A0&word=%E8%86%A0"
"1491","ㄐㄩㄢ","鵑","",,"鵑","1","有教育部詞目","https://dict.concised.moe.edu.tw/searchP.jsp?SN=%E3%84%90&SN2=%E3%84%90%E3%84%A9%E3%84%A2&word=%E9%B5%91"
"1493","ㄎㄥ","坑","",,"坑、坑人、坑洞、坑道","4","有教育部詞目","https://dict.concised.moe.edu.tw/searchP.jsp?SN=%E3%84%8E&SN2=%E3%84%8E%E3%84%A5&word=%E5%9D%91"
"1494","ㄍㄨㄥ","供","",,"供、供不應求、供用、供佛、供求、供奉、供承、供品、供述、供桌、供給、供詞、供過於求、供稱、供認、供需、供銷、供養、供應","19","有教育部詞目","https://dict.concised.moe.edu.tw/searchP.jsp?SN=%E3%84%8D&SN2=%E3%84%8D%E3%84%A8%E3%84%A5&word=%E4%BE%9B"
"1494","ㄍㄨㄥˋ","供","",,"供、供佛、供奉、供品、供桌、供養","6","有教育部詞目","https://dict.concised.moe.edu.tw/searchP.jsp?SN=%E3%84%8D&SN2=%E3%84%8D%E3%84%A8%E3%84%A5%CB%8B&word=%E4%BE%9B"
"1495","ㄍㄨˋ","固","",,"固、固守、固有、固定、固若金湯、固執、固然、固態、固體","9","有教育部詞目","https://dict.concised.moe.edu.tw/searchP.jsp?SN=%E3%84%8D&SN2=%E3%84%8D%E3%84%A8%CB%8B&word=%E5%9B%BA"
"1496","ㄎㄣˇ","肯","",,"肯、肯定","2","有教育部詞目","https://dict.concised.moe.edu.tw/searchP.jsp?SN=%E3%84%8E&SN2=%E3%84%8E%E3%84%A3%CB%87&word=%E8%82%AF"
"1497","ㄗㄨㄛˊ","昨","",,"昨、昨天、昨日、昨夜、昨晚","5","有教育部詞目","https://dict.concised.moe.edu.tw/searchP.jsp?SN=%E3%84%97&SN2=%E3%84%97%E3%84%A8%E3%84%9B%CB%8A&word=%E6%98%A8"
"1498","ㄖㄜˇ","若","",,"若","1","有教育部詞目","https://dict.concised.moe.edu.tw/searchP.jsp?SN=%E3%84%96&SN2=%E3%84%96%E3%84%9C%CB%87&word=%E8%8B%A5"
"1498","ㄖㄨㄛˋ","若","",,"若、若干、若有其事、若有所失、若有所思、若有所聞、若即若離、若使、若無其事、若隱若現","10","有教育部詞目","https://dict.concised.moe.edu.tw/searchP.jsp?SN=%E3%84%96&SN2=%E3%84%96%E3%84%A8%E3%84%9B%CB%8B&word=%E8%8B%A5"
"1499","ㄔㄚˊ","茶","",,"茶、茶几、茶水、茶包、茶行、茶坊、茶具、茶杯、茶花、茶室、茶匙、茶莊、茶壺、茶園、茶會、茶道、茶樓、茶館、茶點、茶藝","20","有教育部詞目","https://dict.concised.moe.edu.tw/searchP.jsp?SN=%E3%84%94&SN2=%E3%84%94%E3%84%9A%CB%8A&word=%E8%8C%B6"
"1500","ㄊㄡ","偷","",,"偷、偷工減料、偷天換日、偷生、偷兒、偷空、偷笑、偷偷的、偷偷摸摸、偷情、偷渡、偷渡客、偷盜、偷跑、偷閒、偷嚐禁果、偷雞摸狗、偷懶、偷竊、偷襲","20","有教育部詞目","https://dict.concised.moe.edu.tw/searchP.jsp?SN=%E3%84%8A&SN2=%E3%84%8A%E3%84%A1&word=%E5%81%B7"
"1501","ㄒㄩˋ","敘","",,"敘、敘事、敘明、敘述、敘說、敘舊","6","有教育部詞目","https://dict.concised.moe.edu.tw/searchP.jsp?SN=%E3%84%92&SN2=%E3%84%92%E3%84%A9%CB%8B&word=%E6%95%98"
"1502","ㄓㄨㄥ","終","",,"終、終了、終日、終止、終生、終年、終老、終局、終究、終身、終身大事、終身伴侶、終於、終場、終結、終極、終端機、終點、終歸","19","有教育部詞目","https://dict.concised.moe.edu.tw/searchP.jsp?SN=%E3%84%93&SN2=%E3%84%93%E3%84%A8%E3%84%A5&word=%E7%B5%82"
"1503","ㄖㄨㄢˇ","軟","",,"軟、軟化、軟木塞、軟水、軟片、軟式、軟式棒球、軟性、軟弱、軟釘子、軟骨頭、軟硬兼施、軟禁、軟綿綿、軟膏、軟糖、軟顎、軟體、軟體工業園區、軟體動物","20","有教育部詞目","https://dict.concised.moe.edu.tw/searchP.jsp?SN=%E3%84%96&SN2=%E3%84%96%E3%84%A8%E3%84%A2%CB%87&word=%E8%BB%9F"
"1504","ㄓㄡˊ","軸","",,"軸、軸心、軸心國、軸線","4","有教育部詞目","https://dict.concised.moe.edu.tw/searchP.jsp?SN=%E3%84%93&SN2=%E3%84%93%E3%84%A1%CB%8A&word=%E8%BB%B8"
"1505","ㄏㄨㄤ","慌","",,"慌、慌忙、慌成一團、慌張、慌亂","5","有教育部詞目","https://dict.concised.moe.edu.tw/searchP.jsp?SN=%E3%84%8F&SN2=%E3%84%8F%E3%84%A8%E3%84%A4&word=%E6%85%8C"
"1506","ㄋㄣˋ","嫩","",,"嫩、嫩芽、嫩苗、嫩葉、嫩綠","5","有教育部詞目","https://dict.concised.moe.edu.tw/searchP.jsp?SN=%E3%84%8B&SN2=%E3%84%8B%E3%84%A3%CB%8B&word=%E5%AB%A9"
"1507","ㄧˋ","毅","",,"毅、毅力、毅然、毅然決然","4","有教育部詞目","https://dict.concised.moe.edu.tw/searchP.jsp?SN=%E3%84%A7&SN2=%E3%84%A7%CB%8B&word=%E6%AF%85"
"1508","ㄏㄜˋ","嚇","",,"嚇、嚇阻","2","有教育部詞目","https://dict.concised.moe.edu.tw/searchP.jsp?SN=%E3%84%8F&SN2=%E3%84%8F%E3%84%9C%CB%8B&word=%E5%9A%87"
"1508","ㄒㄧㄚˋ","嚇","",,"嚇、嚇一跳、嚇唬、嚇壞","4","有教育部詞目","https://dict.concised.moe.edu.tw/searchP.jsp?SN=%E3%84%92&SN2=%E3%84%92%E3%84%A7%E3%84%9A%CB%8B&word=%E5%9A%87"
"1509","ㄓㄨˊ","燭","",,"燭、燭火、燭光、燭臺","4","有教育部詞目","https://dict.concised.moe.edu.tw/searchP.jsp?SN=%E3%84%93&SN2=%E3%84%93%E3%84%A8%CB%8A&word=%E7%87%AD"
"1510","ㄌㄧㄥˊ","齡","",,"齡","1","有教育部詞目","https://dict.concised.moe.edu.tw/searchP.jsp?SN=%E3%84%8C&SN2=%E3%84%8C%E3%84%A7%E3%84%A5%CB%8A&word=%E9%BD%A1"
"1511","ㄍㄤ","岡","",,"岡","1","有教育部詞目","https://dict.concised.moe.edu.tw/searchP.jsp?SN=%E3%84%8D&SN2=%E3%84%8D%E3%84%A4&word=%E5%B2%A1"
"1512","ㄩˋ","郁","",,"郁、郁郁青青","2","有教育部詞目","https://dict.concised.moe.edu.tw/searchP.jsp?SN=%E3%84%A9&SN2=%E3%84%A9%CB%8B&word=%E9%83%81"
"1513","ㄊㄠˊ","逃","",,"逃、逃犯、逃生、逃兵、逃走、逃命、逃家、逃荒、逃匿、逃脫、逃稅、逃跑、逃逸、逃罪、逃漏、逃學、逃避、逃竄、逃離、逃難","20","有教育部詞目","https://dict.concised.moe.edu.tw/searchP.jsp?SN=%E3%84%8A&SN2=%E3%84%8A%E3%84%A0%CB%8A&word=%E9%80%83"
"1514","ㄈㄨˋ","婦","",,"婦、婦人、婦人之仁、婦女、婦女運動、婦幼、婦科、婦產科、婦道人家、婦孺、婦孺皆知","11","有教育部詞目","https://dict.concised.moe.edu.tw/searchP.jsp?SN=%E3%84%88&SN2=%E3%84%88%E3%84%A8%CB%8B&word=%E5%A9%A6"
"1515","ㄑㄧㄥ","傾","",,"傾、傾力、傾心、傾吐、傾向、傾圮、傾軋、傾城傾國、傾盆、傾倒、傾國傾城、傾斜、傾訴、傾慕、傾銷、傾瀉、傾覆、傾囊相助、傾聽","19","有教育部詞目","https://dict.concised.moe.edu.tw/searchP.jsp?SN=%E3%84%91&SN2=%E3%84%91%E3%84%A7%E3%84%A5&word=%E5%82%BE"
"1516","ㄨㄥ","嗡","",,"嗡、嗡嗡","2","有教育部詞目","https://dict.concised.moe.edu.tw/searchP.jsp?SN=%E3%84%A8&SN2=%E3%84%A8%E3%84%A5&word=%E5%97%A1"
"1517","ㄕㄥˋ","聖","",,"聖、聖人、聖上、聖女、聖手、聖火、聖母、聖地、聖旨、聖明、聖哲、聖經、聖潔、聖誕、聖誕夜、聖誕紅、聖誕節、聖誕樹、聖賢、聖靈","20","有教育部詞目","https://dict.concised.moe.edu.tw/searchP.jsp?SN=%E3%84%95&SN2=%E3%84%95%E3%84%A5%CB%8B&word=%E8%81%96"
"1518","ㄅㄧˋ","碧","",,"碧、碧玉、碧血、碧波、碧波萬頃、碧空、碧海、碧海青天、碧草如茵、碧落、碧綠","11","有教育部詞目","https://dict.concised.moe.edu.tw/searchP.jsp?SN=%E3%84%85&SN2=%E3%84%85%E3%84%A7%CB%8B&word=%E7%A2%A7"
"1519","ㄡ","歐","",,"歐、歐元、歐化、歐巴桑、歐吉桑、歐式、歐姆、歐洲共同市場、歐美、歐普藝術","10","有教育部詞目","https://dict.concised.moe.edu.tw/searchP.jsp?SN=%E3%84%A1&SN2=%E3%84%A1&word=%E6%AD%90"
"1520","ㄒㄧㄚˊ","霞","",,"霞、霞光","2","有教育部詞目","https://dict.concised.moe.edu.tw/searchP.jsp?SN=%E3%84%92&SN2=%E3%84%92%E3%84%A7%E3%84%9A%CB%8A&word=%E9%9C%9E"
"1523","ㄔㄨㄢˋ","串","",,"串、串供、串門子、串通、串演、串燒、串聯","7","有教育部詞目","https://dict.concised.moe.edu.tw/searchP.jsp?SN=%E3%84%94&SN2=%E3%84%94%E3%84%A8%E3%84%A2%CB%8B&word=%E4%B8%B2"
"1524","ㄐㄧㄝˋ","戒","",,"戒、戒尺、戒心、戒律、戒指、戒毒、戒除、戒備、戒嚴、戒懼、戒護","11","有教育部詞目","https://dict.concised.moe.edu.tw/searchP.jsp?SN=%E3%84%90&SN2=%E3%84%90%E3%84%A7%E3%84%9D%CB%8B&word=%E6%88%92"
"1525","ㄧㄠˇ","咬","",,"咬、咬文嚼字、咬牙、咬牙切齒、咬字、咬耳朵、咬住、咬定、咬緊、咬緊牙根、咬緊牙關","11","有教育部詞目","https://dict.concised.moe.edu.tw/searchP.jsp?SN=%E3%84%A7&SN2=%E3%84%A7%E3%84%A0%CB%87&word=%E5%92%AC"
"1526","ㄩˋ","欲","",,"欲、欲言又止、欲哭無淚、欲振乏力、欲望、欲速則不達、欲蓋彌彰、欲語還休、欲罷不能、欲擒故縱","10","有教育部詞目","https://dict.concised.moe.edu.tw/searchP.jsp?SN=%E3%84%A9&SN2=%E3%84%A9%CB%8B&word=%E6%AC%B2"
"1527","ㄒㄧㄢˋ","陷","",,"陷、陷入、陷入絕境、陷阱、陷害、陷陣、陷溺、陷落","8","有教育部詞目","https://dict.concised.moe.edu.tw/searchP.jsp?SN=%E3%84%92&SN2=%E3%84%92%E3%84%A7%E3%84%A2%CB%8B&word=%E9%99%B7"
"1528","ㄜˇ","惡","",,"惡、惡心","2","有教育部詞目","https://dict.concised.moe.edu.tw/searchP.jsp?SN=%E3%84%9C&SN2=%E3%84%9C%CB%87&word=%E6%83%A1"
"1528","ㄜˋ","惡","",,"惡、惡化、惡劣、惡名、惡例、惡果、惡法、惡客、惡毒、惡徒、惡耗、惡鬥、惡報、惡棍、惡感、惡補、惡夢、惡漢、惡霸、惡魔","20","有教育部詞目","https://dict.concised.moe.edu.tw/searchP.jsp?SN=%E3%84%9C&SN2=%E3%84%9C%CB%8B&word=%E6%83%A1"
"1528","ㄨ","惡","",,"惡、惡化、惡作劇、惡性循環、惡果、惡毒、惡徒、惡貫滿盈、惡棍、惡補","10","有教育部詞目","https://dict.concised.moe.edu.tw/searchP.jsp?SN=%E3%84%A8&SN2=%E3%84%A8&word=%E6%83%A1"
"1528","ㄨˋ","惡","",,"惡","1","有教育部詞目","https://dict.concised.moe.edu.tw/searchP.jsp?SN=%E3%84%A8&SN2=%E3%84%A8%CB%8B&word=%E6%83%A1"
"1529","ㄗˇ","紫","",,"紫、紫丁香、紫外線、紫色、紫荊、紫微斗數、紫羅蘭、紫蘇","8","有教育部詞目","https://dict.concised.moe.edu.tw/searchP.jsp?SN=%E3%84%97&SN2=%E3%84%97%CB%87&word=%E7%B4%AB"
"1530","ㄖㄨㄣˋ","閏","",,"閏、閏月、閏年","3","有教育部詞目","https://dict.concised.moe.edu.tw/searchP.jsp?SN=%E3%84%96&SN2=%E3%84%96%E3%84%A8%E3%84%A3%CB%8B&word=%E9%96%8F"
"1531","ㄨㄤˇ","網","",,"網、網子、網目、網版、網狀脈、網室、網頁、網站、網球、網球肘、網開一面、網路、網路火腿族、網路卡、網路新聞系統、網路銀行、網際網路、網膜、網點、網羅","20","有教育部詞目","https://dict.concised.moe.edu.tw/searchP.jsp?SN=%E3%84%A8&SN2=%E3%84%A8%E3%84%A4%CB%87&word=%E7%B6%B2"
"1532","ㄍㄠˇ","稿","",,"稿、稿子、稿件、稿紙、稿費、稿酬","6","有教育部詞目","https://dict.concised.moe.edu.tw/searchP.jsp?SN=%E3%84%8D&SN2=%E3%84%8D%E3%84%A0%CB%87&word=%E7%A8%BF"
"1533","ㄉㄧㄡ","丟","",,"丟、丟人、丟人現眼、丟三落四、丟不掉、丟掉、丟棄、丟臉","8","有教育部詞目","https://dict.concised.moe.edu.tw/searchP.jsp?SN=%E3%84%89&SN2=%E3%84%89%E3%84%A7%E3%84%A1&word=%E4%B8%9F"
"1534","ㄈㄢˊ","帆","",,"帆、帆布、帆布袋、帆船","4","有教育部詞目","https://dict.concised.moe.edu.tw/searchP.jsp?SN=%E3%84%88&SN2=%E3%84%88%E3%84%A2%CB%8A&word=%E5%B8%86"
"1535","ㄒㄧㄝˊ","協","",,"協、協力、協力車、協同、協助、協防、協定、協奏曲、協約、協商、協理、協會、協調、協辦、協議","15","有教育部詞目","https://dict.concised.moe.edu.tw/searchP.jsp?SN=%E3%84%92&SN2=%E3%84%92%E3%84%A7%E3%84%9D%CB%8A&word=%E5%8D%94"
"1536","ㄇㄟˊ","眉","",,"眉、眉心、眉毛、眉目、眉目傳情、眉宇、眉批、眉來眼去、眉飛色舞、眉清目秀、眉筆、眉開眼笑、眉頭","13","有教育部詞目","https://dict.concised.moe.edu.tw/searchP.jsp?SN=%E3%84%87&SN2=%E3%84%87%E3%84%9F%CB%8A&word=%E7%9C%89"
"1537","ㄘㄤ","倉","",,"倉、倉卒、倉促、倉皇、倉皇失措、倉庫","6","有教育部詞目","https://dict.concised.moe.edu.tw/searchP.jsp?SN=%E3%84%98&SN2=%E3%84%98%E3%84%A4&word=%E5%80%89"
"1538","ㄇㄤˊ","茫","",,"茫、茫茫、茫無頭緒、茫然","4","有教育部詞目","https://dict.concised.moe.edu.tw/searchP.jsp?SN=%E3%84%87&SN2=%E3%84%87%E3%84%A4%CB%8A&word=%E8%8C%AB"
"1539","ㄎㄚ","喀","",,"喀","1","有教育部詞目","https://dict.concised.moe.edu.tw/searchP.jsp?SN=%E3%84%8E&SN2=%E3%84%8E%E3%84%9A&word=%E5%96%80"
"1540","ㄍㄠˇ","搞","",,"搞、搞不好、搞丟、搞定、搞怪、搞飛機、搞砸、搞笑、搞鬼、搞混、搞亂、搞懂","12","有教育部詞目","https://dict.concised.moe.edu.tw/searchP.jsp?SN=%E3%84%8D&SN2=%E3%84%8D%E3%84%A0%CB%87&word=%E6%90%9E"
"1541","ㄒㄧㄤˊ","詳","",,"詳、詳查、詳述、詳情、詳細、詳實、詳盡","7","有教育部詞目","https://dict.concised.moe.edu.tw/searchP.jsp?SN=%E3%84%92&SN2=%E3%84%92%E3%84%A7%E3%84%A4%CB%8A&word=%E8%A9%B3"
"1542","ㄊㄢˋ","嘆","",,"嘆、嘆服、嘆為觀止、嘆息、嘆氣","5","有教育部詞目","https://dict.concised.moe.edu.tw/searchP.jsp?SN=%E3%84%8A&SN2=%E3%84%8A%E3%84%A2%CB%8B&word=%E5%98%86"
"1543","ㄇㄨˋ","幕","",,"幕、幕前、幕後、幕僚","4","有教育部詞目","https://dict.concised.moe.edu.tw/searchP.jsp?SN=%E3%84%87&SN2=%E3%84%87%E3%84%A8%CB%8B&word=%E5%B9%95"
"1544","ㄇㄧㄢˊ","綿","",,"綿、綿亙、綿羊、綿延、綿長、綿密、綿裡針、綿綿、綿遠","9","有教育部詞目","https://dict.concised.moe.edu.tw/searchP.jsp?SN=%E3%84%87&SN2=%E3%84%87%E3%84%A7%E3%84%A2%CB%8A&word=%E7%B6%BF"
"1545","ㄐㄧㄢˇ","撿","",,"撿、撿便宜、撿拾、撿破爛、撿骨、撿現成","6","有教育部詞目","https://dict.concised.moe.edu.tw/searchP.jsp?SN=%E3%84%90&SN2=%E3%84%90%E3%84%A7%E3%84%A2%CB%87&word=%E6%92%BF"
"1546","ㄍㄥˇ","頸","",,"頸","1","有教育部詞目","https://dict.concised.moe.edu.tw/searchP.jsp?SN=%E3%84%8D&SN2=%E3%84%8D%E3%84%A5%CB%87&word=%E9%A0%B8"
"1546","ㄐㄧㄥˇ","頸","",,"頸、頸部、頸項","3","有教育部詞目","https://dict.concised.moe.edu.tw/searchP.jsp?SN=%E3%84%90&SN2=%E3%84%90%E3%84%A7%E3%84%A5%CB%87&word=%E9%A0%B8"
"1547","ㄉㄨㄢˋ","鍛","",,"鍛、鍛造、鍛鍊","3","有教育部詞目","https://dict.concised.moe.edu.tw/searchP.jsp?SN=%E3%84%89&SN2=%E3%84%89%E3%84%A8%E3%84%A2%CB%8B&word=%E9%8D%9B"
"1548","ㄐㄧㄣ","斤","",,"斤、斤斤計較、斤兩","3","有教育部詞目","https://dict.concised.moe.edu.tw/searchP.jsp?SN=%E3%84%90&SN2=%E3%84%90%E3%84%A7%E3%84%A3&word=%E6%96%A4"
"1549","ㄓㄠˋ","召","",,"召、召回、召見、召喚、召開、召集、召募","7","有教育部詞目","https://dict.concised.moe.edu.tw/searchP.jsp?SN=%E3%84%93&SN2=%E3%84%93%E3%84%A0%CB%8B&word=%E5%8F%AC"
"1549","ㄕㄠˋ","召","",,"召","1","有教育部詞目","https://dict.concised.moe.edu.tw/searchP.jsp?SN=%E3%84%95&SN2=%E3%84%95%E3%84%A0%CB%8B&word=%E5%8F%AC"
"1550","ㄍㄨˇ","谷","",,"谷、谷口、谷底","3","有教育部詞目","https://dict.concised.moe.edu.tw/searchP.jsp?SN=%E3%84%8D&SN2=%E3%84%8D%E3%84%A8%CB%87&word=%E8%B0%B7"
"1550","ㄩˋ","谷","",,"谷","1","有教育部詞目","https://dict.concised.moe.edu.tw/searchP.jsp?SN=%E3%84%A9&SN2=%E3%84%A9%CB%8B&word=%E8%B0%B7"
"1551","ㄌㄤˊ","郎","",,"郎、郎才女貌、郎中、郎君","4","有教育部詞目","https://dict.concised.moe.edu.tw/searchP.jsp?SN=%E3%84%8C&SN2=%E3%84%8C%E3%84%A4%CB%8A&word=%E9%83%8E"
"1552","ㄑㄧˇ","啟","",,"啟、啟口、啟用、啟示、啟示錄、啟事、啟明、啟迪、啟航、啟動、啟智、啟發、啟程、啟齒、啟聰","15","有教育部詞目","https://dict.concised.moe.edu.tw/searchP.jsp?SN=%E3%84%91&SN2=%E3%84%91%E3%84%A7%CB%87&word=%E5%95%9F"
"1553","ㄒㄧㄝˊ","斜","",,"斜、斜角、斜坡、斜度、斜風細雨、斜紋、斜視、斜陽、斜睨、斜線、斜邊","11","有教育部詞目","https://dict.concised.moe.edu.tw/searchP.jsp?SN=%E3%84%92&SN2=%E3%84%92%E3%84%A7%E3%84%9D%CB%8A&word=%E6%96%9C"
"1553","ㄧㄝˊ","斜","",,"斜、斜角、斜谷、斜坡、斜度、斜風細雨、斜紋、斜視、斜陽、斜睨、斜線、斜邊","12","有教育部詞目","https://dict.concised.moe.edu.tw/searchP.jsp?SN=%E3%84%A7&SN2=%E3%84%A7%E3%84%9D%CB%8A&word=%E6%96%9C"
"1554","ㄒㄩㄣˊ","尋","",,"尋、尋仇、尋死、尋找、尋求、尋花問柳、尋芳、尋幽訪勝、尋思、尋根究底、尋常、尋覓、尋訪、尋章摘句、尋短見、尋樂、尋獲、尋歡作樂、尋釁","19","有教育部詞目","https://dict.concised.moe.edu.tw/searchP.jsp?SN=%E3%84%92&SN2=%E3%84%92%E3%84%A9%E3%84%A3%CB%8A&word=%E5%B0%8B"
"1555","ㄊㄧˋ","替","",,"替、替代、替代品、替死鬼、替身、替換、替罪羔羊、替補","8","有教育部詞目","https://dict.concised.moe.edu.tw/searchP.jsp?SN=%E3%84%8A&SN2=%E3%84%8A%E3%84%A7%CB%8B&word=%E6%9B%BF"
"1556","ㄅㄠˇ","飽","",,"飽、飽以老拳、飽足、飽受、飽和、飽和狀態、飽和脂肪、飽和點、飽食終日、飽啖一頓、飽經世故、飽經風霜、飽滿、飽學、飽餐、飽嚐、飽覽、飽讀詩書","18","有教育部詞目","https://dict.concised.moe.edu.tw/searchP.jsp?SN=%E3%84%85&SN2=%E3%84%85%E3%84%A0%CB%87&word=%E9%A3%BD"
"1557","ㄇㄥˋ","夢","",,"夢、夢幻、夢兆、夢見、夢寐以求、夢鄉、夢想、夢想成真、夢話、夢遊、夢境、夢遺、夢囈、夢魘","14","有教育部詞目","https://dict.concised.moe.edu.tw/searchP.jsp?SN=%E3%84%87&SN2=%E3%84%87%E3%84%A5%CB%8B&word=%E5%A4%A2"
"1558","ㄓㄚˋ","榨","",,"榨、榨取、榨菜","3","有教育部詞目","https://dict.concised.moe.edu.tw/searchP.jsp?SN=%E3%84%93&SN2=%E3%84%93%E3%84%9A%CB%8B&word=%E6%A6%A8"
"1559","ㄈㄟˋ","廢","",,"廢、廢五金、廢止、廢水、廢弛、廢物、廢物利用、廢料、廢時、廢氣、廢紙、廢除、廢掉、廢票、廢棄、廢置、廢話、廢寢忘食、廢墟、廢鐵","20","有教育部詞目","https://dict.concised.moe.edu.tw/searchP.jsp?SN=%E3%84%88&SN2=%E3%84%88%E3%84%9F%CB%8B&word=%E5%BB%A2"
"1560","ㄌㄧㄢˊ","憐","",,"憐、憐恤、憐香惜玉、憐惜、憐愛、憐憫","6","有教育部詞目","https://dict.concised.moe.edu.tw/searchP.jsp?SN=%E3%84%8C&SN2=%E3%84%8C%E3%84%A7%E3%84%A2%CB%8A&word=%E6%86%90"
"1561","ㄔㄠˊ","潮","",,"潮、潮水、潮汐、潮流、潮湧、潮溼","6","有教育部詞目","https://dict.concised.moe.edu.tw/searchP.jsp?SN=%E3%84%94&SN2=%E3%84%94%E3%84%A0%CB%8A&word=%E6%BD%AE"
"1562","ㄏㄨˊ","蝴","蝴蝶",,"蝴、蝴蝶、蝴蝶結、蝴蝶蘭","4","有教育部詞目","https://dict.concised.moe.edu.tw/searchP.jsp?SN=%E3%84%8F&SN2=%E3%84%8F%E3%84%A8%CB%8A&word=%E8%9D%B4"
"1563","ㄉㄢˇ","膽","",,"膽、膽大心細、膽大包天、膽大妄為、膽子、膽小、膽小鬼、膽汁、膽固醇、膽怯、膽寒、膽敢、膽量、膽識、膽囊","15","有教育部詞目","https://dict.concised.moe.edu.tw/searchP.jsp?SN=%E3%84%89&SN2=%E3%84%89%E3%84%A2%CB%87&word=%E8%86%BD"
"1564","ㄌㄚˋ","蠟","",,"蠟、蠟紙、蠟梅、蠟筆、蠟像、蠟燭","6","有教育部詞目","https://dict.concised.moe.edu.tw/searchP.jsp?SN=%E3%84%8C&SN2=%E3%84%8C%E3%84%9A%CB%8B&word=%E8%A0%9F"
"1565","ㄌㄨㄛˊ","鑼","",,"鑼、鑼鼓、鑼鼓喧天","3","有教育部詞目","https://dict.concised.moe.edu.tw/searchP.jsp?SN=%E3%84%8C&SN2=%E3%84%8C%E3%84%A8%E3%84%9B%CB%8A&word=%E9%91%BC"
"1566","ㄔㄨㄢ","川","",,"川、川芎、川流不息、川崎症","4","有教育部詞目","https://dict.concised.moe.edu.tw/searchP.jsp?SN=%E3%84%94&SN2=%E3%84%94%E3%84%A8%E3%84%A2&word=%E5%B7%9D"
"1567","ㄎㄨㄤˊ","狂","",,"狂、狂人、狂犬病、狂妄、狂吠、狂言、狂奔、狂風、狂狷、狂笑、狂草、狂喜、狂跌、狂想、狂想曲、狂暴、狂熱、狂瀾、狂飆、狂歡","20","有教育部詞目","https://dict.concised.moe.edu.tw/searchP.jsp?SN=%E3%84%8E&SN2=%E3%84%8E%E3%84%A8%E3%84%A4%CB%8A&word=%E7%8B%82"
"1568","ㄉㄨˇ","肚","",,"肚、肚子","2","有教育部詞目","https://dict.concised.moe.edu.tw/searchP.jsp?SN=%E3%84%89&SN2=%E3%84%89%E3%84%A8%CB%87&word=%E8%82%9A"
"1568","ㄉㄨˋ","肚","",,"肚、肚子、肚皮、肚兜、肚量、肚臍","6","有教育部詞目","https://dict.concised.moe.edu.tw/searchP.jsp?SN=%E3%84%89&SN2=%E3%84%89%E3%84%A8%CB%8B&word=%E8%82%9A"
"1570","ㄅㄛˊ","勃","",,"勃、勃勃、勃起、勃然、勃然大怒、勃發、勃興、勃谿","8","有教育部詞目","https://dict.concised.moe.edu.tw/searchP.jsp?SN=%E3%84%85&SN2=%E3%84%85%E3%84%9B%CB%8A&word=%E5%8B%83"
"1571","ㄅㄧㄥ","屏","",,"屏、屏息、屏氣凝神、屏營","4","有教育部詞目","https://dict.concised.moe.edu.tw/searchP.jsp?SN=%E3%84%85&SN2=%E3%84%85%E3%84%A7%E3%84%A5&word=%E5%B1%8F"
"1571","ㄅㄧㄥˇ","屏","",,"屏、屏息、屏氣凝神","3","有教育部詞目","https://dict.concised.moe.edu.tw/searchP.jsp?SN=%E3%84%85&SN2=%E3%84%85%E3%84%A7%E3%84%A5%CB%87&word=%E5%B1%8F"
"1571","ㄆㄧㄥˊ","屏","",,"屏、屏風、屏幕、屏障、屏蔽","5","有教育部詞目","https://dict.concised.moe.edu.tw/searchP.jsp?SN=%E3%84%86&SN2=%E3%84%86%E3%84%A7%E3%84%A5%CB%8A&word=%E5%B1%8F"
"1572","ㄏㄨㄤˊ","皇","",,"皇、皇上、皇天、皇天不負苦心人、皇天后土、皇太子、皇后、皇位、皇冠、皇室、皇帝、皇宮、皇家、皇族、皇親國戚","15","有教育部詞目","https://dict.concised.moe.edu.tw/searchP.jsp?SN=%E3%84%8F&SN2=%E3%84%8F%E3%84%A8%E3%84%A4%CB%8A&word=%E7%9A%87"
"1573","ㄊㄧㄥˊ","庭","",,"庭、庭上、庭訊、庭訓、庭院、庭園","6","有教育部詞目","https://dict.concised.moe.edu.tw/searchP.jsp?SN=%E3%84%8A&SN2=%E3%84%8A%E3%84%A7%E3%84%A5%CB%8A&word=%E5%BA%AD"
"1574","ㄧㄢˋ","晏","",,"晏、晏起","2","有教育部詞目","https://dict.concised.moe.edu.tw/searchP.jsp?SN=%E3%84%A7&SN2=%E3%84%A7%E3%84%A2%CB%8B&word=%E6%99%8F"
"1575","ㄅㄟ","悲","",,"悲、悲切、悲泣、悲苦、悲悼、悲情、悲戚、悲涼、悲啼、悲痛、悲嘆、悲慟、悲歌、悲鳴、悲劇、悲憐、悲憤、悲憫、悲歡、悲觀","20","有教育部詞目","https://dict.concised.moe.edu.tw/searchP.jsp?SN=%E3%84%85&SN2=%E3%84%85%E3%84%9F&word=%E6%82%B2"
"1576","ㄗ","滋","",,"滋、滋生、滋事、滋味、滋長、滋補、滋潤、滋養、滋擾","9","有教育部詞目","https://dict.concised.moe.edu.tw/searchP.jsp?SN=%E3%84%97&SN2=%E3%84%97&word=%E6%BB%8B"
"1577","ㄆㄧㄠ","漂","",,"漂、漂白、漂白粉、漂泊、漂亮、漂流、漂浮、漂送、漂萍","9","有教育部詞目","https://dict.concised.moe.edu.tw/searchP.jsp?SN=%E3%84%86&SN2=%E3%84%86%E3%84%A7%E3%84%A0&word=%E6%BC%82"
"1577","ㄆㄧㄠˇ","漂","",,"漂、漂白、漂白粉","3","有教育部詞目","https://dict.concised.moe.edu.tw/searchP.jsp?SN=%E3%84%86&SN2=%E3%84%86%E3%84%A7%E3%84%A0%CB%87&word=%E6%BC%82"
"1577","ㄆㄧㄠˋ","漂","",,"漂、漂亮","2","有教育部詞目","https://dict.concised.moe.edu.tw/searchP.jsp?SN=%E3%84%86&SN2=%E3%84%86%E3%84%A7%E3%84%A0%CB%8B&word=%E6%BC%82"
"1578","ㄅㄛˊ","薄","",,"薄、薄片、薄利多銷、薄命、薄弱、薄紗、薄情、薄暮、薄膜、薄懲","10","有教育部詞目","https://dict.concised.moe.edu.tw/searchP.jsp?SN=%E3%84%85&SN2=%E3%84%85%E3%84%9B%CB%8A&word=%E8%96%84"
"1578","ㄅㄛˋ","薄","",,"薄、薄荷、薄荷油、薄荷腦","4","有教育部詞目","https://dict.concised.moe.edu.tw/searchP.jsp?SN=%E3%84%85&SN2=%E3%84%85%E3%84%9B%CB%8B&word=%E8%96%84"
"1579","ㄌㄧˋ","瀝","",,"瀝、瀝青","2","有教育部詞目","https://dict.concised.moe.edu.tw/searchP.jsp?SN=%E3%84%8C&SN2=%E3%84%8C%E3%84%A7%CB%8B&word=%E7%80%9D"
"1580","ㄨㄢ","灣","",,"灣","1","有教育部詞目","https://dict.concised.moe.edu.tw/searchP.jsp?SN=%E3%84%A8&SN2=%E3%84%A8%E3%84%A2&word=%E7%81%A3"
"1581","ㄧㄤˇ","仰","",,"仰、仰人鼻息、仰止、仰仗、仰角、仰泳、仰臥、仰望、仰慕、仰賴、仰藥","11","有教育部詞目","https://dict.concised.moe.edu.tw/searchP.jsp?SN=%E3%84%A7&SN2=%E3%84%A7%E3%84%A4%CB%87&word=%E4%BB%B0"
"1582","ㄊㄨˇ","吐","",,"吐、吐司、吐苦水、吐氣、吐納、吐痰、吐蕃、吐露","8","有教育部詞目","https://dict.concised.moe.edu.tw/searchP.jsp?SN=%E3%84%8A&SN2=%E3%84%8A%E3%84%A8%CB%87&word=%E5%90%90"
"1582","ㄊㄨˋ","吐","",,"吐、吐血","2","有教育部詞目","https://dict.concised.moe.edu.tw/searchP.jsp?SN=%E3%84%8A&SN2=%E3%84%8A%E3%84%A8%CB%8B&word=%E5%90%90"
"1583","ㄆㄧ","披","",,"披、披沙揀金、披肩、披星戴月、披風、披荊斬棘、披掛、披掛上陣、披麻帶孝、披頭散髮、披薩、披靡、披露","13","有教育部詞目","https://dict.concised.moe.edu.tw/searchP.jsp?SN=%E3%84%86&SN2=%E3%84%86%E3%84%A7&word=%E6%8A%AB"
"1584","ㄏㄣˇ","狠","",,"狠、狠心、狠毒、狠狠的","4","有教育部詞目","https://dict.concised.moe.edu.tw/searchP.jsp?SN=%E3%84%8F&SN2=%E3%84%8F%E3%84%A3%CB%87&word=%E7%8B%A0"
"1586","ㄏㄠˋ","浩","",,"浩、浩大、浩劫、浩氣、浩浩、浩浩湯湯、浩浩蕩蕩、浩渺、浩然、浩然正氣、浩歎、浩蕩、浩繁、浩瀚","14","有教育部詞目","https://dict.concised.moe.edu.tw/searchP.jsp?SN=%E3%84%8F&SN2=%E3%84%8F%E3%84%A0%CB%8B&word=%E6%B5%A9"
"1587","ㄊㄥˊ","疼","",,"疼、疼惜、疼痛、疼愛","4","有教育部詞目","https://dict.concised.moe.edu.tw/searchP.jsp?SN=%E3%84%8A&SN2=%E3%84%8A%E3%84%A5%CB%8A&word=%E7%96%BC"
"1588","ㄒㄧㄢˊ","絃","",,"絃","1","有教育部詞目","https://dict.concised.moe.edu.tw/searchP.jsp?SN=%E3%84%92&SN2=%E3%84%92%E3%84%A7%E3%84%A2%CB%8A&word=%E7%B5%83"
"1589","ㄅㄧˋ","閉","",,"閉、閉上、閉月羞花、閉目、閉目養神、閉門造車、閉門謝客、閉門羹、閉塞、閉會、閉路電視、閉幕、閉幕式、閉幕典禮、閉嘴、閉關、閉關自守","17","有教育部詞目","https://dict.concised.moe.edu.tw/searchP.jsp?SN=%E3%84%85&SN2=%E3%84%85%E3%84%A7%CB%8B&word=%E9%96%89"
"1590","ㄏㄨㄣˊ","渾","",,"渾、渾水、渾身、渾身解數、渾厚、渾家、渾渾噩噩、渾然不覺、渾然天成、渾然忘我、渾圓、渾濁","12","有教育部詞目","https://dict.concised.moe.edu.tw/searchP.jsp?SN=%E3%84%8F&SN2=%E3%84%8F%E3%84%A8%E3%84%A3%CB%8A&word=%E6%B8%BE"
"1590","ㄏㄨㄣˋ","渾","",,"渾、渾元、渾天儀、渾沌","4","有教育部詞目","https://dict.concised.moe.edu.tw/searchP.jsp?SN=%E3%84%8F&SN2=%E3%84%8F%E3%84%A8%E3%84%A3%CB%8B&word=%E6%B8%BE"
"1591","ㄙㄨㄣˇ","筍","",,"筍、筍乾","2","有教育部詞目","https://dict.concised.moe.edu.tw/searchP.jsp?SN=%E3%84%99&SN2=%E3%84%99%E3%84%A8%E3%84%A3%CB%87&word=%E7%AD%8D"
"1592","ㄕㄢˋ","善","",,"善、善人、善士、善心、善本、善用、善行、善男信女、善良、善事、善哉、善待、善後、善書、善終、善款、善意、善緣、善舉、善變","20","有教育部詞目","https://dict.concised.moe.edu.tw/searchP.jsp?SN=%E3%84%95&SN2=%E3%84%95%E3%84%A2%CB%8B&word=%E5%96%84"
"1593","ㄓㄨ","蛛","",,"蛛、蛛絲馬跡、蛛網","3","有教育部詞目","https://dict.concised.moe.edu.tw/searchP.jsp?SN=%E3%84%93&SN2=%E3%84%93%E3%84%A8&word=%E8%9B%9B"
"1594","ㄗㄨㄟˋ","罪","",,"罪、罪大惡極、罪不可赦、罪犯、罪刑、罪刑法定原則、罪名、罪有應得、罪狀、罪案、罪惡、罪無可逭、罪嫌、罪該萬死、罪過、罪魁、罪魁禍首、罪證、罪孽","19","有教育部詞目","https://dict.concised.moe.edu.tw/searchP.jsp?SN=%E3%84%97&SN2=%E3%84%97%E3%84%A8%E3%84%9F%CB%8B&word=%E7%BD%AA"
"1595","ㄔㄤˊ","嘗","",,"嘗、嘗試","2","有教育部詞目","https://dict.concised.moe.edu.tw/searchP.jsp?SN=%E3%84%94&SN2=%E3%84%94%E3%84%A4%CB%8A&word=%E5%98%97"
"1596","ㄓ","蜘","",,"蜘、蜘蛛","2","有教育部詞目","https://dict.concised.moe.edu.tw/searchP.jsp?SN=%E3%84%93&SN2=%E3%84%93&word=%E8%9C%98"
"1597","ㄉㄢˋ","誕","",,"誕、誕生、誕辰","3","有教育部詞目","https://dict.concised.moe.edu.tw/searchP.jsp?SN=%E3%84%89&SN2=%E3%84%89%E3%84%A2%CB%8B&word=%E8%AA%95"
"1598","ㄐㄧㄥ","鯨","",,"鯨、鯨吞、鯨豚、鯨魚","4","有教育部詞目","https://dict.concised.moe.edu.tw/searchP.jsp?SN=%E3%84%90&SN2=%E3%84%90%E3%84%A7%E3%84%A5&word=%E9%AF%A8"
"1599","ㄏㄨㄥ","轟","",,"轟、轟炸、轟動、轟隆、轟擊、轟轟烈烈","6","有教育部詞目","https://dict.concised.moe.edu.tw/searchP.jsp?SN=%E3%84%8F&SN2=%E3%84%8F%E3%84%A8%E3%84%A5&word=%E8%BD%9F"
"1600","ㄗㄠˊ","鑿","",,"鑿、鑿子、鑿井、鑿空","4","有教育部詞目","https://dict.concised.moe.edu.tw/searchP.jsp?SN=%E3%84%97&SN2=%E3%84%97%E3%84%A0%CB%8A&word=%E9%91%BF"
"1601","ㄅㄚ","叭","",,"叭","1","有教育部詞目","https://dict.concised.moe.edu.tw/searchP.jsp?SN=%E3%84%85&SN2=%E3%84%85%E3%84%9A&word=%E5%8F%AD"
"1602","ㄏㄢˊ","汗","",,"汗","1","有教育部詞目","https://dict.concised.moe.edu.tw/searchP.jsp?SN=%E3%84%8F&SN2=%E3%84%8F%E3%84%A2%CB%8A&word=%E6%B1%97"
"1602","ㄏㄢˋ","汗","",,"汗、汗毛、汗牛充棟、汗青、汗流浹背、汗衫、汗涔涔、汗珠、汗疹、汗馬功勞、汗斑、汗腺、汗顏","13","有教育部詞目","https://dict.concised.moe.edu.tw/searchP.jsp?SN=%E3%84%8F&SN2=%E3%84%8F%E3%84%A2%CB%8B&word=%E6%B1%97"
"1603","ㄓㄥ","征","",,"征、征伐、征服、征討、征途、征戰","6","有教育部詞目","https://dict.concised.moe.edu.tw/searchP.jsp?SN=%E3%84%93&SN2=%E3%84%93%E3%84%A5&word=%E5%BE%81"
"1604","ㄔㄤ","昌","",,"昌、昌明、昌盛、昌隆","4","有教育部詞目","https://dict.concised.moe.edu.tw/searchP.jsp?SN=%E3%84%94&SN2=%E3%84%94%E3%84%A4&word=%E6%98%8C"
"1605","˙ㄌㄛ","咯","",,"咯","1","有教育部詞目","https://dict.concised.moe.edu.tw/searchP.jsp?SN=%E3%84%8C&SN2=%CB%99%E3%84%8C%E3%84%9B&word=%E5%92%AF"
"1605","ㄍㄜ","咯","",,"咯、咯咯作響","2","有教育部詞目","https://dict.concised.moe.edu.tw/searchP.jsp?SN=%E3%84%8D&SN2=%E3%84%8D%E3%84%9C&word=%E5%92%AF"
"1605","ㄎㄚˇ","咯","",,"咯、咯血","2","有教育部詞目","https://dict.concised.moe.edu.tw/searchP.jsp?SN=%E3%84%8E&SN2=%E3%84%8E%E3%84%9A%CB%87&word=%E5%92%AF"
"1606","ㄧㄤ","秧","",,"秧、秧苗","2","有教育部詞目","https://dict.concised.moe.edu.tw/searchP.jsp?SN=%E3%84%A7&SN2=%E3%84%A7%E3%84%A4&word=%E7%A7%A7"
"1607","ㄡˇ","偶","",,"偶、偶一為之、偶拾、偶得、偶然、偶發、偶感、偶像、偶像劇、偶爾、偶數、偶戲","12","有教育部詞目","https://dict.concised.moe.edu.tw/searchP.jsp?SN=%E3%84%A1&SN2=%E3%84%A1%CB%87&word=%E5%81%B6"
"1608","ㄍㄤ","崗","",,"崗、崗位、崗哨","3","有教育部詞目","https://dict.concised.moe.edu.tw/searchP.jsp?SN=%E3%84%8D&SN2=%E3%84%8D%E3%84%A4&word=%E5%B4%97"
"1608","ㄍㄤˇ","崗","",,"崗、崗位、崗哨","3","有教育部詞目","https://dict.concised.moe.edu.tw/searchP.jsp?SN=%E3%84%8D&SN2=%E3%84%8D%E3%84%A4%CB%87&word=%E5%B4%97"
"1609","ㄊㄠ","掏","",,"掏、掏空、掏腰包、掏錢","4","有教育部詞目","https://dict.concised.moe.edu.tw/searchP.jsp?SN=%E3%84%8A&SN2=%E3%84%8A%E3%84%A0&word=%E6%8E%8F"
"1610","ㄌㄧㄤˊ","梁","",,"梁、梁上君子、梁架、梁柱、梁棟","5","有教育部詞目","https://dict.concised.moe.edu.tw/searchP.jsp?SN=%E3%84%8C&SN2=%E3%84%8C%E3%84%A7%E3%84%A4%CB%8A&word=%E6%A2%81"
"1611","ㄈㄤˇ","訪","",,"訪、訪友、訪古、訪求、訪客、訪查、訪問、訪問團、訪視、訪察、訪談","11","有教育部詞目","https://dict.concised.moe.edu.tw/searchP.jsp?SN=%E3%84%88&SN2=%E3%84%88%E3%84%A4%CB%87&word=%E8%A8%AA"
"1612","ㄌㄧㄡ","溜","",,"溜、溜之大吉、溜冰、溜冰鞋、溜走、溜掉","6","有教育部詞目","https://dict.concised.moe.edu.tw/searchP.jsp?SN=%E3%84%8C&SN2=%E3%84%8C%E3%84%A7%E3%84%A1&word=%E6%BA%9C"
"1612","ㄌㄧㄡˋ","溜","",,"溜","1","有教育部詞目","https://dict.concised.moe.edu.tw/searchP.jsp?SN=%E3%84%8C&SN2=%E3%84%8C%E3%84%A7%E3%84%A1%CB%8B&word=%E6%BA%9C"
"1613","ㄉㄨㄛˇ","躲","",,"躲、躲不了、躲不掉、躲閃、躲躲藏藏、躲貓貓、躲避、躲避球、躲藏","9","有教育部詞目","https://dict.concised.moe.edu.tw/searchP.jsp?SN=%E3%84%89&SN2=%E3%84%89%E3%84%A8%E3%84%9B%CB%87&word=%E8%BA%B2"
"1614","ㄐㄧㄚˋ","稼","",,"稼","1","有教育部詞目","https://dict.concised.moe.edu.tw/searchP.jsp?SN=%E3%84%90&SN2=%E3%84%90%E3%84%A7%E3%84%9A%CB%8B&word=%E7%A8%BC"
"1615","ㄉㄧㄠ","雕","",,"雕、雕工、雕刻、雕刻匠、雕刻家、雕花、雕梁畫棟、雕琢、雕塑、雕塑家、雕飾、雕像、雕漆、雕龍、雕蟲小技","15","有教育部詞目","https://dict.concised.moe.edu.tw/searchP.jsp?SN=%E3%84%89&SN2=%E3%84%89%E3%84%A7%E3%84%A0&word=%E9%9B%95"
"1616","ㄌㄨㄛˋ","駱","",,"駱、駱馬、駱駝","3","有教育部詞目","https://dict.concised.moe.edu.tw/searchP.jsp?SN=%E3%84%8C&SN2=%E3%84%8C%E3%84%A8%E3%84%9B%CB%8B&word=%E9%A7%B1"
"1617","ㄊㄠˊ","濤","",,"濤","1","有教育部詞目","https://dict.concised.moe.edu.tw/searchP.jsp?SN=%E3%84%8A&SN2=%E3%84%8A%E3%84%A0%CB%8A&word=%E6%BF%A4"
"1618","ㄌㄢˇ","覽","",,"覽、覽勝","2","有教育部詞目","https://dict.concised.moe.edu.tw/searchP.jsp?SN=%E3%84%8C&SN2=%E3%84%8C%E3%84%A2%CB%87&word=%E8%A6%BD"
"1619","ㄙㄚˇ","灑","",,"灑、灑水、灑掃、灑脫、灑落","5","有教育部詞目","https://dict.concised.moe.edu.tw/searchP.jsp?SN=%E3%84%99&SN2=%E3%84%99%E3%84%9A%CB%87&word=%E7%81%91"
"1620","ㄆㄧ","匹","",,"匹、匹夫、匹夫之勇、匹夫匹婦、匹配、匹敵","6","有教育部詞目","https://dict.concised.moe.edu.tw/searchP.jsp?SN=%E3%84%86&SN2=%E3%84%86%E3%84%A7&word=%E5%8C%B9"
"1620","ㄆㄧˇ","匹","",,"匹、匹夫、匹夫之勇、匹夫匹婦、匹配、匹敵","6","有教育部詞目","https://dict.concised.moe.edu.tw/searchP.jsp?SN=%E3%84%86&SN2=%E3%84%86%E3%84%A7%CB%87&word=%E5%8C%B9"
"1621","ㄧˋ","役","",,"役","1","有教育部詞目","https://dict.concised.moe.edu.tw/searchP.jsp?SN=%E3%84%A7&SN2=%E3%84%A7%CB%8B&word=%E5%BD%B9"
"1622","ㄇㄧㄝ","咩","",,"咩","1","有教育部詞目","https://dict.concised.moe.edu.tw/searchP.jsp?SN=%E3%84%87&SN2=%E3%84%87%E3%84%A7%E3%84%9D&word=%E5%92%A9"
"1623","ㄩㄝˋ","悅","",,"悅、悅人、悅目、悅耳、悅服、悅樂","6","有教育部詞目","https://dict.concised.moe.edu.tw/searchP.jsp?SN=%E3%84%A9&SN2=%E3%84%A9%E3%84%9D%CB%8B&word=%E6%82%85"
"1624","ㄐㄧㄠ","焦","",,"焦、焦土、焦耳、焦灼、焦孟不離、焦急、焦炭、焦距、焦黃、焦黑、焦慮、焦頭爛額、焦點、焦躁","14","有教育部詞目","https://dict.concised.moe.edu.tw/searchP.jsp?SN=%E3%84%90&SN2=%E3%84%90%E3%84%A7%E3%84%A0&word=%E7%84%A6"
"1625","ㄓㄣˋ","震","",,"震、震天價響、震古鑠今、震央、震耳、震耳欲聾、震怒、震動、震慄、震源、震撼、震盪、震懾、震顫、震驚","15","有教育部詞目","https://dict.concised.moe.edu.tw/searchP.jsp?SN=%E3%84%93&SN2=%E3%84%93%E3%84%A3%CB%8B&word=%E9%9C%87"
"1626","ㄍㄜ","鴿","",,"鴿、鴿子、鴿派、鴿樓","4","有教育部詞目","https://dict.concised.moe.edu.tw/searchP.jsp?SN=%E3%84%8D&SN2=%E3%84%8D%E3%84%9C&word=%E9%B4%BF"
"1627","ㄗㄚˊ","雜","",,"雜、雜技、雜居、雜念、雜沓、雜草、雜記、雜處、雜貨、雜陳、雜牌、雜費、雜亂、雜感、雜種、雜誌、雜遝、雜質、雜燴、雜糧","20","有教育部詞目","https://dict.concised.moe.edu.tw/searchP.jsp?SN=%E3%84%97&SN2=%E3%84%97%E3%84%9A%CB%8A&word=%E9%9B%9C"
"1628","ㄧㄠˋ","耀","",,"耀、耀武揚威、耀眼","3","有教育部詞目","https://dict.concised.moe.edu.tw/searchP.jsp?SN=%E3%84%A7&SN2=%E3%84%A7%E3%84%A0%CB%8B&word=%E8%80%80"
"1629","ㄌㄧㄣˋ","藺","",,"藺","1","有教育部詞目","https://dict.concised.moe.edu.tw/searchP.jsp?SN=%E3%84%8C&SN2=%E3%84%8C%E3%84%A7%E3%84%A3%CB%8B&word=%E8%97%BA"
"1630","ㄩㄝˋ","躍","",,"躍、躍升、躍居、躍起、躍然、躍然紙上、躍進、躍躍欲試","8","有教育部詞目","https://dict.concised.moe.edu.tw/searchP.jsp?SN=%E3%84%A9&SN2=%E3%84%A9%E3%84%9D%CB%8B&word=%E8%BA%8D"
"1631","ㄗㄤˋ","臟","",,"臟、臟腑","2","有教育部詞目","https://dict.concised.moe.edu.tw/searchP.jsp?SN=%E3%84%97&SN2=%E3%84%97%E3%84%A4%CB%8B&word=%E8%87%9F"
"1632","ㄓㄡ","舟","",,"舟、舟車勞頓、舟楫","3","有教育部詞目","https://dict.concised.moe.edu.tw/searchP.jsp?SN=%E3%84%93&SN2=%E3%84%93%E3%84%A1&word=%E8%88%9F"
"1633","ㄅㄚˊ","拔","",,"拔、拔刀相助、拔牙、拔尖、拔取、拔河、拔起、拔除、拔得頭籌、拔掉、拔腿、拔腿就跑、拔擢","13","有教育部詞目","https://dict.concised.moe.edu.tw/searchP.jsp?SN=%E3%84%85&SN2=%E3%84%85%E3%84%9A%CB%8A&word=%E6%8B%94"
"1634","ㄕ","施","",,"施、施工、施予、施主、施打、施用、施行、施放、施肥、施政、施虐、施展、施捨、施惠、施與、施暴、施壓","17","有教育部詞目","https://dict.concised.moe.edu.tw/searchP.jsp?SN=%E3%84%95&SN2=%E3%84%95&word=%E6%96%BD"
"1634","ㄧˊ","施","",,"施","1","有教育部詞目","https://dict.concised.moe.edu.tw/searchP.jsp?SN=%E3%84%A7&SN2=%E3%84%A7%CB%8A&word=%E6%96%BD"
"1634","ㄧˋ","施","",,"施","1","有教育部詞目","https://dict.concised.moe.edu.tw/searchP.jsp?SN=%E3%84%A7&SN2=%E3%84%A7%CB%8B&word=%E6%96%BD"
"1635","ㄨㄢˇ","挽","",,"挽、挽回、挽留、挽救、挽袖","5","有教育部詞目","https://dict.concised.moe.edu.tw/searchP.jsp?SN=%E3%84%A8&SN2=%E3%84%A8%E3%84%A2%CB%87&word=%E6%8C%BD"
"1636","ㄐㄧˊ","疾","",,"疾、疾行、疾步、疾言厲色、疾呼、疾苦、疾風、疾風迅雷、疾病、疾惡如仇、疾馳、疾駛","12","有教育部詞目","https://dict.concised.moe.edu.tw/searchP.jsp?SN=%E3%84%90&SN2=%E3%84%90%E3%84%A7%CB%8A&word=%E7%96%BE"
"1637","ㄅㄠˋ","豹","",,"豹、豹死留皮","2","有教育部詞目","https://dict.concised.moe.edu.tw/searchP.jsp?SN=%E3%84%85&SN2=%E3%84%85%E3%84%A0%CB%8B&word=%E8%B1%B9"
"1638","ㄍㄨㄥˋ","貢","",,"貢、貢品、貢獻","3","有教育部詞目","https://dict.concised.moe.edu.tw/searchP.jsp?SN=%E3%84%8D&SN2=%E3%84%8D%E3%84%A8%E3%84%A5%CB%8B&word=%E8%B2%A2"
"1639","ㄅㄧˋ","畢","",,"畢、畢生、畢恭畢敬、畢竟、畢業、畢業生、畢業典禮、畢業旅行","8","有教育部詞目","https://dict.concised.moe.edu.tw/searchP.jsp?SN=%E3%84%85&SN2=%E3%84%85%E3%84%A7%CB%8B&word=%E7%95%A2"
"1640","ㄧˊ","儀","",,"儀、儀式、儀表、儀容、儀隊、儀態、儀態萬千、儀器","8","有教育部詞目","https://dict.concised.moe.edu.tw/searchP.jsp?SN=%E3%84%A7&SN2=%E3%84%A7%CB%8A&word=%E5%84%80"
"1641","ㄍㄠ","糕","",,"糕、糕餅、糕點","3","有教育部詞目","https://dict.concised.moe.edu.tw/searchP.jsp?SN=%E3%84%8D&SN2=%E3%84%8D%E3%84%A0&word=%E7%B3%95"
"1642","ㄏㄥˊ","衡","",,"衡、衡量","2","有教育部詞目","https://dict.concised.moe.edu.tw/searchP.jsp?SN=%E3%84%8F&SN2=%E3%84%8F%E3%84%A5%CB%8A&word=%E8%A1%A1"
"1643","ㄒㄧㄝˊ","諧","",,"諧、諧和、諧音、諧趣","4","有教育部詞目","https://dict.concised.moe.edu.tw/searchP.jsp?SN=%E3%84%92&SN2=%E3%84%92%E3%84%A7%E3%84%9D%CB%8A&word=%E8%AB%A7"
"1644","ㄉㄠˋ","蹈","",,"蹈","1","有教育部詞目","https://dict.concised.moe.edu.tw/searchP.jsp?SN=%E3%84%89&SN2=%E3%84%89%E3%84%A0%CB%8B&word=%E8%B9%88"
"1645","ㄑㄩㄢˋ","勸","",,"勸、勸化、勸告、勸和、勸阻、勸勉、勸架、勸酒、勸善、勸善規過、勸募、勸解、勸誘、勸說、勸導、勸慰、勸諫","17","有教育部詞目","https://dict.concised.moe.edu.tw/searchP.jsp?SN=%E3%84%91&SN2=%E3%84%91%E3%84%A9%E3%84%A2%CB%8B&word=%E5%8B%B8"
"1646","ㄖㄣˊ","仁","",,"仁、仁人君子、仁人志士、仁心仁術、仁兄、仁民愛物、仁至義盡、仁弟、仁厚、仁政、仁智互見、仁愛、仁愛之家、仁義、仁慈、仁德、仁澤","17","有教育部詞目","https://dict.concised.moe.edu.tw/searchP.jsp?SN=%E3%84%96&SN2=%E3%84%96%E3%84%A3%CB%8A&word=%E4%BB%81"
"1647","ㄘㄨˋ","促","",,"促、促成、促使、促狹、促發、促進、促膝、促膝長談、促請、促銷","10","有教育部詞目","https://dict.concised.moe.edu.tw/searchP.jsp?SN=%E3%84%98&SN2=%E3%84%98%E3%84%A8%CB%8B&word=%E4%BF%83"
"1648","ㄧ","咿","",,"咿、咿唔","2","有教育部詞目","https://dict.concised.moe.edu.tw/searchP.jsp?SN=%E3%84%A7&SN2=%E3%84%A7&word=%E5%92%BF"
"1649","ㄇㄠˋ","茂","",,"茂、茂林、茂密、茂盛","4","有教育部詞目","https://dict.concised.moe.edu.tw/searchP.jsp?SN=%E3%84%87&SN2=%E3%84%87%E3%84%A0%CB%8B&word=%E8%8C%82"
"1650","ㄏㄨㄥˊ","虹","",,"虹、虹吸現象、虹吸管、虹膜","4","有教育部詞目","https://dict.concised.moe.edu.tw/searchP.jsp?SN=%E3%84%8F&SN2=%E3%84%8F%E3%84%A8%E3%84%A5%CB%8A&word=%E8%99%B9"
"1651","ㄉㄨㄥˋ","凍","",,"凍、凍寒、凍結、凍僵、凍瘡、凍斃","6","有教育部詞目","https://dict.concised.moe.edu.tw/searchP.jsp?SN=%E3%84%89&SN2=%E3%84%89%E3%84%A8%E3%84%A5%CB%8B&word=%E5%87%8D"
"1652","ㄓ","脂","",,"脂、脂肪、脂粉、脂粉氣","4","有教育部詞目","https://dict.concised.moe.edu.tw/searchP.jsp?SN=%E3%84%93&SN2=%E3%84%93&word=%E8%84%82"
"1653","ㄨㄟˋ","尉","",,"尉","1","有教育部詞目","https://dict.concised.moe.edu.tw/searchP.jsp?SN=%E3%84%A8&SN2=%E3%84%A8%E3%84%9F%CB%8B&word=%E5%B0%89"
"1653","ㄩˋ","尉","",,"尉、尉遲","2","有教育部詞目","https://dict.concised.moe.edu.tw/searchP.jsp?SN=%E3%84%A9&SN2=%E3%84%A9%CB%8B&word=%E5%B0%89"
"1654","ㄉㄢˋ","淡","",,"淡、淡入、淡化、淡水、淡水河、淡水魚、淡水湖、淡出、淡江、淡忘、淡季、淡定、淡泊、淡泊名利、淡淡、淡然、淡然處之、淡雅、淡漠、淡薄","20","有教育部詞目","https://dict.concised.moe.edu.tw/searchP.jsp?SN=%E3%84%89&SN2=%E3%84%89%E3%84%A2%CB%8B&word=%E6%B7%A1"
"1655","ㄅㄛˊ","脖","",,"脖、脖子","2","有教育部詞目","https://dict.concised.moe.edu.tw/searchP.jsp?SN=%E3%84%85&SN2=%E3%84%85%E3%84%9B%CB%8A&word=%E8%84%96"
"1656","ㄆㄥˊ","彭","",,"彭","1","有教育部詞目","https://dict.concised.moe.edu.tw/searchP.jsp?SN=%E3%84%86&SN2=%E3%84%86%E3%84%A5%CB%8A&word=%E5%BD%AD"
"1657","ㄘㄢˊ","殘","",,"殘、殘冬、殘存、殘年、殘局、殘忍、殘垣、殘害、殘留、殘疾、殘破、殘缺、殘殺、殘渣、殘照、殘酷、殘障、殘廢、殘暴、殘骸","20","有教育部詞目","https://dict.concised.moe.edu.tw/searchP.jsp?SN=%E3%84%98&SN2=%E3%84%98%E3%84%A2%CB%8A&word=%E6%AE%98"
"1658","ㄐㄧㄣ","禁","",,"禁、禁中、禁止、禁令、禁地、禁忌、禁足、禁制、禁果、禁品、禁書、禁區、禁閉、禁絕、禁菸、禁演、禁錮、禁藥、禁臠","19","有教育部詞目","https://dict.concised.moe.edu.tw/searchP.jsp?SN=%E3%84%90&SN2=%E3%84%90%E3%84%A7%E3%84%A3&word=%E7%A6%81"
"1658","ㄐㄧㄣˋ","禁","",,"禁、禁中、禁止、禁令、禁地、禁忌、禁足、禁制、禁果、禁品、禁書、禁區、禁閉、禁絕、禁菸、禁演、禁錮、禁藥、禁臠","19","有教育部詞目","https://dict.concised.moe.edu.tw/searchP.jsp?SN=%E3%84%90&SN2=%E3%84%90%E3%84%A7%E3%84%A3%CB%8B&word=%E7%A6%81"
"1659","ㄍㄤ","綱","",,"綱、綱目、綱紀、綱要、綱領、綱舉目張","6","有教育部詞目","https://dict.concised.moe.edu.tw/searchP.jsp?SN=%E3%84%8D&SN2=%E3%84%8D%E3%84%A4&word=%E7%B6%B1"
"1660","ㄏㄟ","嘿","",,"嘿","1","有教育部詞目","https://dict.concised.moe.edu.tw/searchP.jsp?SN=%E3%84%8F&SN2=%E3%84%8F%E3%84%9F&word=%E5%98%BF"
"1661","ㄌㄧˊ","黎","",,"黎、黎民、黎明","3","有教育部詞目","https://dict.concised.moe.edu.tw/searchP.jsp?SN=%E3%84%8C&SN2=%E3%84%8C%E3%84%A7%CB%8A&word=%E9%BB%8E"
"1662","ㄘㄨㄥ","聰","",,"聰、聰明、聰明伶俐、聰敏、聰慧、聰穎","6","有教育部詞目","https://dict.concised.moe.edu.tw/searchP.jsp?SN=%E3%84%98&SN2=%E3%84%98%E3%84%A8%E3%84%A5&word=%E8%81%B0"
"1663","ㄕㄡˋ","獸","",,"獸、獸性、獸醫","3","有教育部詞目","https://dict.concised.moe.edu.tw/searchP.jsp?SN=%E3%84%95&SN2=%E3%84%95%E3%84%A1%CB%8B&word=%E7%8D%B8"
"1664","ㄔㄨˋ","觸","",,"觸、觸及、觸手、觸犯、觸目、觸目驚心、觸角、觸怒、觸動、觸媒、觸媒轉化器、觸景傷情、觸發、觸電、觸摸、觸網、觸礁、觸類旁通、觸覺","19","有教育部詞目","https://dict.concised.moe.edu.tw/searchP.jsp?SN=%E3%84%94&SN2=%E3%84%94%E3%84%A8%CB%8B&word=%E8%A7%B8"
"1665","ㄓ","汁","",,"汁","1","有教育部詞目","https://dict.concised.moe.edu.tw/searchP.jsp?SN=%E3%84%93&SN2=%E3%84%93&word=%E6%B1%81"
"1666","ㄓㄡ","州","",,"州、州官放火","2","有教育部詞目","https://dict.concised.moe.edu.tw/searchP.jsp?SN=%E3%84%93&SN2=%E3%84%93%E3%84%A1&word=%E5%B7%9E"
"1667","ㄩˇ","羽","",,"羽、羽化、羽化登仙、羽毛、羽毛未豐、羽毛衣、羽毛球、羽狀複葉、羽扇綸巾、羽球、羽翼","11","有教育部詞目","https://dict.concised.moe.edu.tw/searchP.jsp?SN=%E3%84%A9&SN2=%E3%84%A9%CB%87&word=%E7%BE%BD"
"1668","ㄧㄡˋ","佑","",,"佑","1","有教育部詞目","https://dict.concised.moe.edu.tw/searchP.jsp?SN=%E3%84%A7&SN2=%E3%84%A7%E3%84%A1%CB%8B&word=%E4%BD%91"
"1669","ㄔㄠ","抄","",,"抄、抄小路、抄手、抄本、抄家、抄球、抄寫、抄錄、抄襲","9","有教育部詞目","https://dict.concised.moe.edu.tw/searchP.jsp?SN=%E3%84%94&SN2=%E3%84%94%E3%84%A0&word=%E6%8A%84"
"1670","ㄒㄧㄢˊ","弦","",,"弦、弦外之音、弦歌不輟、弦樂、弦樂器","5","有教育部詞目","https://dict.concised.moe.edu.tw/searchP.jsp?SN=%E3%84%92&SN2=%E3%84%92%E3%84%A7%E3%84%A2%CB%8A&word=%E5%BC%A6"
"1671","ㄅㄛˊ","柏","",,"柏、柏油、柏金森氏病、柏樹","4","有教育部詞目","https://dict.concised.moe.edu.tw/searchP.jsp?SN=%E3%84%85&SN2=%E3%84%85%E3%84%9B%CB%8A&word=%E6%9F%8F"
"1672","ㄍㄨㄟˇ","軌","",,"軌、軌跡、軌道、軌範","4","有教育部詞目","https://dict.concised.moe.edu.tw/searchP.jsp?SN=%E3%84%8D&SN2=%E3%84%8D%E3%84%A8%E3%84%9F%CB%87&word=%E8%BB%8C"
"1674","ㄆㄧㄢ","偏","",,"偏、偏心、偏方、偏巧、偏好、偏低、偏見、偏房、偏旁、偏狹、偏高、偏偏、偏袒、偏勞、偏頗、偏僻、偏廢、偏鋒、偏激、偏離","20","有教育部詞目","https://dict.concised.moe.edu.tw/searchP.jsp?SN=%E3%84%86&SN2=%E3%84%86%E3%84%A7%E3%84%A2&word=%E5%81%8F"
"1675","ㄒㄩ","虛","",,"虛、虛幻、虛心、虛火、虛名、虛字、虛度、虛弱、虛浮、虛耗、虛假、虛脫、虛設、虛報、虛歲、虛實、虛構、虛線、虛擬、虛驚","20","有教育部詞目","https://dict.concised.moe.edu.tw/searchP.jsp?SN=%E3%84%92&SN2=%E3%84%92%E3%84%A9&word=%E8%99%9B"
"1676","ㄧㄢˋ","雁","",,"雁、雁行","2","有教育部詞目","https://dict.concised.moe.edu.tw/searchP.jsp?SN=%E3%84%A7&SN2=%E3%84%A7%E3%84%A2%CB%8B&word=%E9%9B%81"
"1677","ㄠˋ","傲","",,"傲、傲世、傲氣、傲骨、傲視群倫、傲視群雄、傲然、傲慢","8","有教育部詞目","https://dict.concised.moe.edu.tw/searchP.jsp?SN=%E3%84%A0&SN2=%E3%84%A0%CB%8B&word=%E5%82%B2"
"1678","ㄞˇ","矮","",,"矮、矮人、矮人一截、矮小、矮化、矮冬瓜","6","有教育部詞目","https://dict.concised.moe.edu.tw/searchP.jsp?SN=%E3%84%9E&SN2=%E3%84%9E%CB%87&word=%E7%9F%AE"
"1679","ㄍㄡ","鉤","",,"鉤、鉤子、鉤心鬥角","3","有教育部詞目","https://dict.concised.moe.edu.tw/searchP.jsp?SN=%E3%84%8D&SN2=%E3%84%8D%E3%84%A1&word=%E9%89%A4"
"1680","ㄍㄜˊ","隔","",,"隔、隔天、隔日、隔代、隔夜、隔岸、隔岸觀火、隔板、隔音、隔海、隔絕、隔間、隔靴搔癢、隔閡、隔熱、隔膜、隔鄰、隔壁、隔牆有耳、隔離","20","有教育部詞目","https://dict.concised.moe.edu.tw/searchP.jsp?SN=%E3%84%8D&SN2=%E3%84%8D%E3%84%9C%CB%8A&word=%E9%9A%94"
"1681","ㄘㄨㄟˋ","翠","",,"翠、翠玉、翠綠","3","有教育部詞目","https://dict.concised.moe.edu.tw/searchP.jsp?SN=%E3%84%98&SN2=%E3%84%98%E3%84%A8%E3%84%9F%CB%8B&word=%E7%BF%A0"
"1682","ㄙㄨㄢ","酸","",,"酸、酸性、酸雨、酸甜苦辣、酸痛、酸菜、酸楚、酸溜溜、酸辣湯、酸鹼度","10","有教育部詞目","https://dict.concised.moe.edu.tw/searchP.jsp?SN=%E3%84%99&SN2=%E3%84%99%E3%84%A8%E3%84%A2&word=%E9%85%B8"
"1683","ㄏㄨㄟ","輝","",,"輝、輝映、輝煌","3","有教育部詞目","https://dict.concised.moe.edu.tw/searchP.jsp?SN=%E3%84%8F&SN2=%E3%84%8F%E3%84%A8%E3%84%9F&word=%E8%BC%9D"
"1684","ㄉㄤˇ","擋","",,"擋、擋土牆、擋不住、擋雨、擋風、擋風玻璃、擋修、擋路、擋箭牌、擋駕","10","有教育部詞目","https://dict.concised.moe.edu.tw/searchP.jsp?SN=%E3%84%89&SN2=%E3%84%89%E3%84%A4%CB%87&word=%E6%93%8B"
"1685","ㄒㄧㄠˇ","曉","",,"曉、曉以大義、曉得","3","有教育部詞目","https://dict.concised.moe.edu.tw/searchP.jsp?SN=%E3%84%92&SN2=%E3%84%92%E3%84%A7%E3%84%A0%CB%87&word=%E6%9B%89"
"1686","ㄅㄧˋ","臂","",,"臂、臂章、臂膀、臂彎","4","有教育部詞目","https://dict.concised.moe.edu.tw/searchP.jsp?SN=%E3%84%85&SN2=%E3%84%85%E3%84%A7%CB%8B&word=%E8%87%82"
"1687","ㄌㄨㄛˊ","螺","",,"螺、螺貝、螺栓、螺紋、螺釘、螺旋、螺旋狀、螺旋槳、螺絲、螺絲起子、螺絲釘、螺絲帽","12","有教育部詞目","https://dict.concised.moe.edu.tw/searchP.jsp?SN=%E3%84%8C&SN2=%E3%84%8C%E3%84%A8%E3%84%9B%CB%8A&word=%E8%9E%BA"
"1688","ㄔㄨˇ","礎","",,"礎、礎潤而雨","2","有教育部詞目","https://dict.concised.moe.edu.tw/searchP.jsp?SN=%E3%84%94&SN2=%E3%84%94%E3%84%A8%CB%87&word=%E7%A4%8E"
"1689","ㄧㄥˊ","蠅","",,"蠅、蠅頭小利、蠅頭微利、蠅營狗苟","4","有教育部詞目","https://dict.concised.moe.edu.tw/searchP.jsp?SN=%E3%84%A7&SN2=%E3%84%A7%E3%84%A5%CB%8A&word=%E8%A0%85"
"1690","ㄕㄜˋ","攝","",,"攝、攝氏、攝取、攝政、攝製、攝影、攝影師、攝影棚、攝影機、攝護腺","10","有教育部詞目","https://dict.concised.moe.edu.tw/searchP.jsp?SN=%E3%84%95&SN2=%E3%84%95%E3%84%9C%CB%8B&word=%E6%94%9D"
"1691","ㄨㄚˋ","襪","",,"襪、襪子","2","有教育部詞目","https://dict.concised.moe.edu.tw/searchP.jsp?SN=%E3%84%A8&SN2=%E3%84%A8%E3%84%9A%CB%8B&word=%E8%A5%AA"
"1692","ㄉㄢ","丹","",,"丹、丹心、丹田、丹青","4","有教育部詞目","https://dict.concised.moe.edu.tw/searchP.jsp?SN=%E3%84%89&SN2=%E3%84%89%E3%84%A2&word=%E4%B8%B9"
"1693","ㄉㄧˇ","抵","",,"抵、抵用、抵扣、抵死、抵住、抵免、抵抗、抵制、抵命、抵押、抵消、抵減、抵稅、抵債、抵罪、抵達、抵擋、抵禦、抵賴、抵償","20","有教育部詞目","https://dict.concised.moe.edu.tw/searchP.jsp?SN=%E3%84%89&SN2=%E3%84%89%E3%84%A7%CB%87&word=%E6%8A%B5"
"1694","ㄐㄧㄣ","津","",,"津、津津有味、津津樂道、津要、津梁、津貼","6","有教育部詞目","https://dict.concised.moe.edu.tw/searchP.jsp?SN=%E3%84%90&SN2=%E3%84%90%E3%84%A7%E3%84%A3&word=%E6%B4%A5"
"1695","ㄓㄥ","掙","",,"掙、掙扎、掙脫","3","有教育部詞目","https://dict.concised.moe.edu.tw/searchP.jsp?SN=%E3%84%93&SN2=%E3%84%93%E3%84%A5&word=%E6%8E%99"
"1695","ㄓㄥˋ","掙","",,"掙","1","有教育部詞目","https://dict.concised.moe.edu.tw/searchP.jsp?SN=%E3%84%93&SN2=%E3%84%93%E3%84%A5%CB%8B&word=%E6%8E%99"
"1696","ㄉㄡˋ","逗","",,"逗、逗留、逗笑、逗號、逗趣、逗點","6","有教育部詞目","https://dict.concised.moe.edu.tw/searchP.jsp?SN=%E3%84%89&SN2=%E3%84%89%E3%84%A1%CB%8B&word=%E9%80%97"
"1697","ㄌㄧㄥˊ","陵","",,"陵、陵園、陵墓、陵寢","4","有教育部詞目","https://dict.concised.moe.edu.tw/searchP.jsp?SN=%E3%84%8C&SN2=%E3%84%8C%E3%84%A7%E3%84%A5%CB%8A&word=%E9%99%B5"
"1698","ㄌㄚˇ","喇","",,"喇、喇叭、喇叭手、喇叭褲、喇嘛","5","有教育部詞目","https://dict.concised.moe.edu.tw/searchP.jsp?SN=%E3%84%8C&SN2=%E3%84%8C%E3%84%9A%CB%87&word=%E5%96%87"
"1699","ㄒㄧㄤˊ","翔","",,"翔","1","有教育部詞目","https://dict.concised.moe.edu.tw/searchP.jsp?SN=%E3%84%92&SN2=%E3%84%92%E3%84%A7%E3%84%A4%CB%8A&word=%E7%BF%94"
"1700","ㄨㄟˇ","葦","",,"葦","1","有教育部詞目","https://dict.concised.moe.edu.tw/searchP.jsp?SN=%E3%84%A8&SN2=%E3%84%A8%E3%84%9F%CB%87&word=%E8%91%A6"
"1701","ㄕㄣˇ","審","",,"審、審判、審定、審查、審美、審訂、審計、審核、審案、審訊、審問、審理、審視、審處、審慎、審稿、審閱、審議","18","有教育部詞目","https://dict.concised.moe.edu.tw/searchP.jsp?SN=%E3%84%95&SN2=%E3%84%95%E3%84%A3%CB%87&word=%E5%AF%A9"
"1702","ㄗㄠ","遭","",,"遭、遭劫、遭受、遭殃、遭逢、遭遇、遭難","7","有教育部詞目","https://dict.concised.moe.edu.tw/searchP.jsp?SN=%E3%84%97&SN2=%E3%84%97%E3%84%A0&word=%E9%81%AD"
"1703","ㄋㄨㄥˊ","濃","",,"濃、濃妝豔抹、濃厚、濃度、濃眉、濃眉大眼、濃郁、濃重、濃烈、濃茶、濃密、濃湯、濃黑、濃煙、濃蔭、濃縮、濃縮版、濃霧、濃豔","19","有教育部詞目","https://dict.concised.moe.edu.tw/searchP.jsp?SN=%E3%84%8B&SN2=%E3%84%8B%E3%84%A8%E3%84%A5%CB%8A&word=%E6%BF%83"
"1704","ㄌㄢˊ","欄","",,"欄、欄目、欄杆、欄架、欄柵","5","有教育部詞目","https://dict.concised.moe.edu.tw/searchP.jsp?SN=%E3%84%8C&SN2=%E3%84%8C%E3%84%A2%CB%8A&word=%E6%AC%84"
"1705","ㄍㄨㄥ","弓","",,"弓、弓形、弓弦、弓弩、弓箭","5","有教育部詞目","https://dict.concised.moe.edu.tw/searchP.jsp?SN=%E3%84%8D&SN2=%E3%84%8D%E3%84%A8%E3%84%A5&word=%E5%BC%93"
"1706","ㄇㄧㄢˇ","免","",,"免、免不了、免役、免俗、免卻、免疫、免除、免得、免責權、免稅、免稅商店、免費、免費軟體、免試、免談、免禮、免職","17","有教育部詞目","https://dict.concised.moe.edu.tw/searchP.jsp?SN=%E3%84%87&SN2=%E3%84%87%E3%84%A7%E3%84%A2%CB%87&word=%E5%85%8D"
"1707","ㄋㄧㄡˇ","扭","",,"扭、扭力、扭打、扭曲、扭扭捏捏、扭扭舞、扭來扭去、扭捏、扭送、扭動、扭開、扭傷、扭腰、扭頭、扭斷、扭轉、扭轉乾坤、扭轉頹勢","18","有教育部詞目","https://dict.concised.moe.edu.tw/searchP.jsp?SN=%E3%84%8B&SN2=%E3%84%8B%E3%84%A7%E3%84%A1%CB%87&word=%E6%89%AD"
"1708","ㄔㄨㄥ","沖","",,"沖、沖天、沖犯、沖印、沖刷、沖泡、沖洗、沖茶、沖淡、沖喜、沖蝕、沖銷、沖積平原、沖積扇、沖積層、沖擊","16","有教育部詞目","https://dict.concised.moe.edu.tw/searchP.jsp?SN=%E3%84%94&SN2=%E3%84%94%E3%84%A8%E3%84%A5&word=%E6%B2%96"
"1709","ㄗㄠˋ","皂","",,"皂、皂白不分","2","有教育部詞目","https://dict.concised.moe.edu.tw/searchP.jsp?SN=%E3%84%97&SN2=%E3%84%97%E3%84%A0%CB%8B&word=%E7%9A%82"
"1710","ㄏㄜ","呵","",,"呵、呵欠、呵叱、呵呵、呵責、呵護","6","有教育部詞目","https://dict.concised.moe.edu.tw/searchP.jsp?SN=%E3%84%8F&SN2=%E3%84%8F%E3%84%9C&word=%E5%91%B5"
"1710","ㄛ","呵","",,"呵","1","有教育部詞目","https://dict.concised.moe.edu.tw/searchP.jsp?SN=%E3%84%9B&SN2=%E3%84%9B&word=%E5%91%B5"
"1711","ㄑㄩ","屈","",,"屈、屈打成招、屈死、屈伸、屈服、屈指可數、屈辱、屈就、屈意奉承、屈膝、屈駕","11","有教育部詞目","https://dict.concised.moe.edu.tw/searchP.jsp?SN=%E3%84%91&SN2=%E3%84%91%E3%84%A9&word=%E5%B1%88"
"1712","ㄞ","挨","",,"挨、挨打、挨近、挨家挨戶、挨揍、挨著、挨罵、挨餓、挨餓受凍","9","有教育部詞目","https://dict.concised.moe.edu.tw/searchP.jsp?SN=%E3%84%9E&SN2=%E3%84%9E&word=%E6%8C%A8"
"1713","ㄏㄨㄢˋ","喚","",,"喚、喚起、喚醒","3","有教育部詞目","https://dict.concised.moe.edu.tw/searchP.jsp?SN=%E3%84%8F&SN2=%E3%84%8F%E3%84%A8%E3%84%A2%CB%8B&word=%E5%96%9A"
"1714","ㄖㄨㄥˊ","絨","",,"絨、絨毛、絨布、絨線","4","有教育部詞目","https://dict.concised.moe.edu.tw/searchP.jsp?SN=%E3%84%96&SN2=%E3%84%96%E3%84%A8%E3%84%A5%CB%8A&word=%E7%B5%A8"
"1715","˙ㄇㄚ","嘛","",,"嘛","1","有教育部詞目","https://dict.concised.moe.edu.tw/searchP.jsp?SN=%E3%84%87&SN2=%CB%99%E3%84%87%E3%84%9A&word=%E5%98%9B"
"1715","ㄇㄚˊ","嘛","",,"嘛","1","有教育部詞目","https://dict.concised.moe.edu.tw/searchP.jsp?SN=%E3%84%87&SN2=%E3%84%87%E3%84%9A%CB%8A&word=%E5%98%9B"
"1716","ㄇㄛˋ","漠","",,"漠、漠不關心、漠視、漠然","4","有教育部詞目","https://dict.concised.moe.edu.tw/searchP.jsp?SN=%E3%84%87&SN2=%E3%84%87%E3%84%9B%CB%8B&word=%E6%BC%A0"
"1717","ㄐㄩˋ","聚","",,"聚、聚合、聚沙成塔、聚居、聚首、聚財、聚晤、聚眾、聚眾滋事、聚散、聚集、聚會、聚落、聚精會神、聚賭、聚積、聚餐、聚寶盆","18","有教育部詞目","https://dict.concised.moe.edu.tw/searchP.jsp?SN=%E3%84%90&SN2=%E3%84%90%E3%84%A9%CB%8B&word=%E8%81%9A"
"1718","ㄈㄨˇ","腐","",,"腐、腐化、腐朽、腐臭、腐草、腐敗、腐蝕、腐壞、腐爛","9","有教育部詞目","https://dict.concised.moe.edu.tw/searchP.jsp?SN=%E3%84%88&SN2=%E3%84%88%E3%84%A8%CB%87&word=%E8%85%90"
"1719","ㄐㄧㄢˋ","劍","",,"劍、劍及履及、劍拔弩張、劍術、劍道","5","有教育部詞目","https://dict.concised.moe.edu.tw/searchP.jsp?SN=%E3%84%90&SN2=%E3%84%90%E3%84%A7%E3%84%A2%CB%8B&word=%E5%8A%8D"
"1720","ㄔˇ","齒","",,"齒、齒冷、齒根、齒輪、齒頰留香、齒齦","6","有教育部詞目","https://dict.concised.moe.edu.tw/searchP.jsp?SN=%E3%84%94&SN2=%E3%84%94%CB%87&word=%E9%BD%92"
"1721","ㄉㄤ","噹","",,"噹、噹噹","2","有教育部詞目","https://dict.concised.moe.edu.tw/searchP.jsp?SN=%E3%84%89&SN2=%E3%84%89%E3%84%A4&word=%E5%99%B9"
"1722","ㄧˋ","憶","",,"憶、憶念","2","有教育部詞目","https://dict.concised.moe.edu.tw/searchP.jsp?SN=%E3%84%A7&SN2=%E3%84%A7%CB%8B&word=%E6%86%B6"
"1723","ㄏㄨㄚˋ","樺","",,"樺","1","有教育部詞目","https://dict.concised.moe.edu.tw/searchP.jsp?SN=%E3%84%8F&SN2=%E3%84%8F%E3%84%A8%E3%84%9A%CB%8B&word=%E6%A8%BA"
"1724","ㄗㄡˋ","驟","",,"驟、驟雨、驟降、驟然、驟跌、驟變","6","有教育部詞目","https://dict.concised.moe.edu.tw/searchP.jsp?SN=%E3%84%97&SN2=%E3%84%97%E3%84%A1%CB%8B&word=%E9%A9%9F"
"1725","ㄧㄢˊ","岩","",,"岩、岩石、岩岸、岩洞、岩層、岩漿、岩壁、岩礁、岩鹽","9","有教育部詞目","https://dict.concised.moe.edu.tw/searchP.jsp?SN=%E3%84%A7&SN2=%E3%84%A7%E3%84%A2%CB%8A&word=%E5%B2%A9"
"1726","ㄧㄢˊ","延","",,"延、延年益壽、延伸、延宕、延長、延長線、延後、延期、延聘、延腦、延壽、延滯、延誤、延緩、延請、延燒、延遲、延擱、延續、延攬","20","有教育部詞目","https://dict.concised.moe.edu.tw/searchP.jsp?SN=%E3%84%A7&SN2=%E3%84%A7%E3%84%A2%CB%8A&word=%E5%BB%B6"
"1727","ㄉㄨˊ","毒","",,"毒、毒手、毒打、毒刺、毒性、毒物、毒品、毒計、毒害、毒氣、毒素、毒梟、毒殺、毒液、毒瘤、毒蟲、毒藥、毒癮","18","有教育部詞目","https://dict.concised.moe.edu.tw/searchP.jsp?SN=%E3%84%89&SN2=%E3%84%89%E3%84%A8%CB%8A&word=%E6%AF%92"
"1728","ㄆㄢˊ","胖","",,"胖","1","有教育部詞目","https://dict.concised.moe.edu.tw/searchP.jsp?SN=%E3%84%86&SN2=%E3%84%86%E3%84%A2%CB%8A&word=%E8%83%96"
"1728","ㄆㄤˋ","胖","",,"胖、胖大海、胖嘟嘟","3","有教育部詞目","https://dict.concised.moe.edu.tw/searchP.jsp?SN=%E3%84%86&SN2=%E3%84%86%E3%84%A4%CB%8B&word=%E8%83%96"
"1729","ㄎㄨㄥˇ","恐","",,"恐、恐怕、恐怖、恐怖分子、恐慌、恐龍、恐嚇、恐懼","8","有教育部詞目","https://dict.concised.moe.edu.tw/searchP.jsp?SN=%E3%84%8E&SN2=%E3%84%8E%E3%84%A8%E3%84%A5%CB%87&word=%E6%81%90"
"1730","ㄉㄧㄝ","爹","",,"爹、爹地","2","有教育部詞目","https://dict.concised.moe.edu.tw/searchP.jsp?SN=%E3%84%89&SN2=%E3%84%89%E3%84%A7%E3%84%9D&word=%E7%88%B9"
"1731","ㄆㄥˇ","捧","",,"捧、捧花、捧場、捧腹、捧腹大笑","5","有教育部詞目","https://dict.concised.moe.edu.tw/searchP.jsp?SN=%E3%84%86&SN2=%E3%84%86%E3%84%A5%CB%87&word=%E6%8D%A7"
"1732","ㄅㄢ","斑","",,"斑、斑白、斑剝、斑馬、斑馬線、斑痕、斑斑、斑斑點點、斑駁、斑點、斑斕","11","有教育部詞目","https://dict.concised.moe.edu.tw/searchP.jsp?SN=%E3%84%85&SN2=%E3%84%85%E3%84%A2&word=%E6%96%91"
"1733","ㄕㄨㄟˋ","稅","",,"稅、稅收、稅制、稅法、稅金、稅則、稅捐、稅基、稅單、稅款、稅賦、稅額","12","有教育部詞目","https://dict.concised.moe.edu.tw/searchP.jsp?SN=%E3%84%95&SN2=%E3%84%95%E3%84%A8%E3%84%9F%CB%8B&word=%E7%A8%85"
"1734","ㄓㄢ","詹","",,"詹","1","有教育部詞目","https://dict.concised.moe.edu.tw/searchP.jsp?SN=%E3%84%93&SN2=%E3%84%93%E3%84%A2&word=%E8%A9%B9"
"1735","ㄈㄥˋ","鳳","",,"鳳、鳳毛麟角、鳳尾草、鳳冠、鳳凰、鳳凰于飛、鳳凰木、鳳梨、鳳梨酥、鳳陽花鼓、鳳蝶、鳳髓龍肝","12","有教育部詞目","https://dict.concised.moe.edu.tw/searchP.jsp?SN=%E3%84%88&SN2=%E3%84%88%E3%84%A5%CB%8B&word=%E9%B3%B3"
"1736","ㄇㄛˊ","膜","",,"膜、膜拜","2","有教育部詞目","https://dict.concised.moe.edu.tw/searchP.jsp?SN=%E3%84%87&SN2=%E3%84%87%E3%84%9B%CB%8A&word=%E8%86%9C"
"1737","ㄅㄟˋ","輩","",,"輩、輩分、輩出","3","有教育部詞目","https://dict.concised.moe.edu.tw/searchP.jsp?SN=%E3%84%85&SN2=%E3%84%85%E3%84%9F%CB%8B&word=%E8%BC%A9"
"1738","ㄐㄩˋ","鋸","",,"鋸、鋸子、鋸末、鋸床、鋸琴、鋸齒、鋸斷","7","有教育部詞目","https://dict.concised.moe.edu.tw/searchP.jsp?SN=%E3%84%90&SN2=%E3%84%90%E3%84%A9%CB%8B&word=%E9%8B%B8"
"1739","ㄍㄡˋ","購","",,"購、購物、購物中心、購買、購買力、購置","6","有教育部詞目","https://dict.concised.moe.edu.tw/searchP.jsp?SN=%E3%84%8D&SN2=%E3%84%8D%E3%84%A1%CB%8B&word=%E8%B3%BC"
"1740","ㄑㄧㄠˊ","翹","",,"翹、翹首、翹首盼望、翹楚","4","有教育部詞目","https://dict.concised.moe.edu.tw/searchP.jsp?SN=%E3%84%91&SN2=%E3%84%91%E3%84%A7%E3%84%A0%CB%8A&word=%E7%BF%B9"
"1740","ㄑㄧㄠˋ","翹","",,"翹、翹翹板、翹辮子","3","有教育部詞目","https://dict.concised.moe.edu.tw/searchP.jsp?SN=%E3%84%91&SN2=%E3%84%91%E3%84%A7%E3%84%A0%CB%8B&word=%E7%BF%B9"
"1741","ㄩˋ","譽","",,"譽","1","有教育部詞目","https://dict.concised.moe.edu.tw/searchP.jsp?SN=%E3%84%A9&SN2=%E3%84%A9%CB%8B&word=%E8%AD%BD"
"1742","ㄨˊ","亡","",,"亡、亡命之徒、亡國奴","3","有教育部詞目","https://dict.concised.moe.edu.tw/searchP.jsp?SN=%E3%84%A8&SN2=%E3%84%A8%CB%8A&word=%E4%BA%A1"
"1742","ㄨㄤˊ","亡","",,"亡、亡羊補牢、亡命、亡命之徒、亡故、亡國、亡國奴、亡魂、亡魂喪膽","9","有教育部詞目","https://dict.concised.moe.edu.tw/searchP.jsp?SN=%E3%84%A8&SN2=%E3%84%A8%E3%84%A4%CB%8A&word=%E4%BA%A1"
"1743","ㄉㄡˇ","斗","",,"斗、斗大、斗杓、斗室、斗笠、斗篷、斗膽","7","有教育部詞目","https://dict.concised.moe.edu.tw/searchP.jsp?SN=%E3%84%89&SN2=%E3%84%89%E3%84%A1%CB%87&word=%E6%96%97"
"1744","ㄒㄧㄢ","仙","",,"仙、仙人、仙人掌、仙女、仙子、仙丹、仙姑、仙界、仙風道骨、仙草、仙草蜜、仙域、仙術、仙逝、仙境、仙樂、仙鶴","17","有教育部詞目","https://dict.concised.moe.edu.tw/searchP.jsp?SN=%E3%84%92&SN2=%E3%84%92%E3%84%A7%E3%84%A2&word=%E4%BB%99"
"1745","ㄒㄩㄥ","兄","",,"兄、兄友弟恭、兄弟、兄弟鬩牆、兄妹、兄長、兄嫂、兄臺","8","有教育部詞目","https://dict.concised.moe.edu.tw/searchP.jsp?SN=%E3%84%92&SN2=%E3%84%92%E3%84%A9%E3%84%A5&word=%E5%85%84"
"1746","ㄘㄨㄥ","匆","",,"匆、匆匆、匆忙、匆促","4","有教育部詞目","https://dict.concised.moe.edu.tw/searchP.jsp?SN=%E3%84%98&SN2=%E3%84%98%E3%84%A8%E3%84%A5&word=%E5%8C%86"
"1747","ㄏㄡˇ","吼","",,"吼、吼叫、吼聲","3","有教育部詞目","https://dict.concised.moe.edu.tw/searchP.jsp?SN=%E3%84%8F&SN2=%E3%84%8F%E3%84%A1%CB%87&word=%E5%90%BC"
"1748","ㄗㄞ","災","",,"災、災民、災胞、災害、災荒、災區、災情、災禍、災難、災變","10","有教育部詞目","https://dict.concised.moe.edu.tw/searchP.jsp?SN=%E3%84%97&SN2=%E3%84%97%E3%84%9E&word=%E7%81%BD"
"1749","ㄕㄥ","牲","",,"牲、牲口、牲畜、牲禮","4","有教育部詞目","https://dict.concised.moe.edu.tw/searchP.jsp?SN=%E3%84%95&SN2=%E3%84%95%E3%84%A5&word=%E7%89%B2"
"1750","ㄋㄞˋ","耐","",,"耐、耐人尋味、耐力、耐久、耐不住、耐心、耐用、耐旱、耐性、耐勞、耐著性子、耐煩、耐撞、耐熱、耐震","15","有教育部詞目","https://dict.concised.moe.edu.tw/searchP.jsp?SN=%E3%84%8B&SN2=%E3%84%8B%E3%84%9E%CB%8B&word=%E8%80%90"
"1751","ㄎㄨㄣˇ","捆","",,"捆、捆工、捆綁","3","有教育部詞目","https://dict.concised.moe.edu.tw/searchP.jsp?SN=%E3%84%8E&SN2=%E3%84%8E%E3%84%A8%E3%84%A3%CB%87&word=%E6%8D%86"
"1752","ㄑㄧㄢˇ","淺","",,"淺、淺化、淺見、淺近、淺陋、淺睡、淺嘗則止、淺聞、淺談、淺嚐、淺薄、淺灘、淺顯、淺顯易懂","14","有教育部詞目","https://dict.concised.moe.edu.tw/searchP.jsp?SN=%E3%84%91&SN2=%E3%84%91%E3%84%A7%E3%84%A2%CB%87&word=%E6%B7%BA"
"1753","ㄍㄨㄛ","郭","",,"郭","1","有教育部詞目","https://dict.concised.moe.edu.tw/searchP.jsp?SN=%E3%84%8D&SN2=%E3%84%8D%E3%84%A8%E3%84%9B&word=%E9%83%AD"
"1754","ㄑㄧㄥˊ","晴","",,"晴、晴天、晴天霹靂、晴和、晴空、晴空萬里、晴朗","7","有教育部詞目","https://dict.concised.moe.edu.tw/searchP.jsp?SN=%E3%84%91&SN2=%E3%84%91%E3%84%A7%E3%84%A5%CB%8A&word=%E6%99%B4"
"1755","ㄓˋ","智","",,"智、智力、智力測驗、智多星、智取、智者千慮，必有一失、智者不惑、智育、智勇雙全、智能、智能不足、智商、智障、智慧、智慧型大樓、智慧型手機、智齒、智謀、智囊、智囊團","20","有教育部詞目","https://dict.concised.moe.edu.tw/searchP.jsp?SN=%E3%84%93&SN2=%E3%84%93%CB%8B&word=%E6%99%BA"
"1756","ㄩㄥˇ","湧","",,"湧、湧入、湧出、湧現、湧進","5","有教育部詞目","https://dict.concised.moe.edu.tw/searchP.jsp?SN=%E3%84%A9&SN2=%E3%84%A9%E3%84%A5%CB%87&word=%E6%B9%A7"
"1757","ㄎㄜˇ","渴","",,"渴、渴求、渴望","3","有教育部詞目","https://dict.concised.moe.edu.tw/searchP.jsp?SN=%E3%84%8E&SN2=%E3%84%8E%E3%84%9C%CB%87&word=%E6%B8%B4"
"1757","ㄏㄜˊ","渴","",,"渴","1","有教育部詞目","https://dict.concised.moe.edu.tw/searchP.jsp?SN=%E3%84%8F&SN2=%E3%84%8F%E3%84%9C%CB%8A&word=%E6%B8%B4"
"1758","ㄐㄧㄣ","筋","",,"筋、筋斗、筋疲力盡、筋疲力竭、筋脈、筋骨、筋絡","7","有教育部詞目","https://dict.concised.moe.edu.tw/searchP.jsp?SN=%E3%84%90&SN2=%E3%84%90%E3%84%A7%E3%84%A3&word=%E7%AD%8B"
"1759","ㄉㄚ","搭","穿搭",,"搭、搭不上線、搭便車、搭建、搭乘、搭訕、搭配、搭救、搭景、搭話、搭載、搭調、搭橋、搭檔","14","有教育部詞目","https://dict.concised.moe.edu.tw/searchP.jsp?SN=%E3%84%89&SN2=%E3%84%89%E3%84%9A&word=%E6%90%AD"
"1760","ㄑㄩㄣˊ","裙","裙子",,"裙、裙子、裙帶關係、裙釵","4","有教育部詞目","https://dict.concised.moe.edu.tw/searchP.jsp?SN=%E3%84%91&SN2=%E3%84%91%E3%84%A9%E3%84%A3%CB%8A&word=%E8%A3%99"
"1761","ㄓㄨㄤˋ","撞","",,"撞、撞見、撞車、撞破、撞球、撞傷、撞擊、撞騙","8","有教育部詞目","https://dict.concised.moe.edu.tw/searchP.jsp?SN=%E3%84%93&SN2=%E3%84%93%E3%84%A8%E3%84%A4%CB%8B&word=%E6%92%9E"
"1762","ㄌㄩˇ","鋁","",,"鋁、鋁合金、鋁箔、鋁箔包、鋁罐","5","有教育部詞目","https://dict.concised.moe.edu.tw/searchP.jsp?SN=%E3%84%8C&SN2=%E3%84%8C%E3%84%A9%CB%87&word=%E9%8B%81"
"1763","ㄖㄨㄟˋ","銳","",,"銳、銳不可當、銳利、銳角、銳氣、銳敏、銳減、銳意、銳器","9","有教育部詞目","https://dict.concised.moe.edu.tw/searchP.jsp?SN=%E3%84%96&SN2=%E3%84%96%E3%84%A8%E3%84%9F%CB%8B&word=%E9%8A%B3"
"1764","ㄘㄢ","餐","",,"餐、餐巾、餐具、餐風露宿、餐桌、餐敘、餐盒、餐飲、餐會、餐館、餐點、餐廳","12","有教育部詞目","https://dict.concised.moe.edu.tw/searchP.jsp?SN=%E3%84%98&SN2=%E3%84%98%E3%84%A2&word=%E9%A4%90"
"1765","ㄧㄣˇ","隱","",,"隱、隱士、隱伏、隱含、隱形、隱沒、隱身、隱居、隱疾、隱祕、隱退、隱匿、隱密、隱情、隱晦、隱然、隱痛、隱蔽、隱瞞、隱諱","20","有教育部詞目","https://dict.concised.moe.edu.tw/searchP.jsp?SN=%E3%84%A7&SN2=%E3%84%A7%E3%84%A3%CB%87&word=%E9%9A%B1"
"1766","ㄅㄠˋ","爆","",,"爆、爆出、爆竹、爆米花、爆冷門、爆炸、爆炸性、爆胎、爆破、爆笑、爆發、爆發力、爆裂、爆滿","14","有教育部詞目","https://dict.concised.moe.edu.tw/searchP.jsp?SN=%E3%84%85&SN2=%E3%84%85%E3%84%A0%CB%8B&word=%E7%88%86"
"1767","ㄧㄥ","鷹","",,"鷹、鷹勾鼻、鷹式飛彈、鷹架、鷹派、鷹眼、鷹揚","7","有教育部詞目","https://dict.concised.moe.edu.tw/searchP.jsp?SN=%E3%84%A7&SN2=%E3%84%A7%E3%84%A5&word=%E9%B7%B9"
"1768","ㄍㄡ","勾","",,"勾、勾引、勾心鬥角、勾勒、勾結、勾搭、勾當、勾魂攝魄、勾銷","9","有教育部詞目","https://dict.concised.moe.edu.tw/searchP.jsp?SN=%E3%84%8D&SN2=%E3%84%8D%E3%84%A1&word=%E5%8B%BE"
"1768","ㄍㄡˋ","勾","",,"勾、勾當","2","有教育部詞目","https://dict.concised.moe.edu.tw/searchP.jsp?SN=%E3%84%8D&SN2=%E3%84%8D%E3%84%A1%CB%8B&word=%E5%8B%BE"
"1769","ㄊㄨˊ","凸","",,"凸、凸出、凸透鏡、凸顯","4","有教育部詞目","https://dict.concised.moe.edu.tw/searchP.jsp?SN=%E3%84%8A&SN2=%E3%84%8A%E3%84%A8%CB%8A&word=%E5%87%B8"
"1770","ㄇㄤˊ","芒","",,"芒、芒刺在背、芒果、芒草、芒種","5","有教育部詞目","https://dict.concised.moe.edu.tw/searchP.jsp?SN=%E3%84%87&SN2=%E3%84%87%E3%84%A4%CB%8A&word=%E8%8A%92"
"1771","ㄔˋ","赤","",,"赤、赤子、赤子之心、赤手空拳、赤字、赤字預算、赤足、赤身裸體、赤身露體、赤貧、赤嵌樓、赤腳、赤誠、赤道、赤道儀、赤膊、赤裸、赤裸裸","18","有教育部詞目","https://dict.concised.moe.edu.tw/searchP.jsp?SN=%E3%84%94&SN2=%E3%84%94%CB%8B&word=%E8%B5%A4"
"1772","ㄖㄨˇ","乳","",,"乳、乳化、乳牛、乳母、乳汁、乳白色、乳名、乳房、乳品、乳香、乳臭未乾、乳腺、乳酪、乳製品、乳酸、乳膠、乳豬、乳齒、乳頭、乳癌","20","有教育部詞目","https://dict.concised.moe.edu.tw/searchP.jsp?SN=%E3%84%96&SN2=%E3%84%96%E3%84%A8%CB%87&word=%E4%B9%B3"
"1773","ㄐㄧㄚ","佳","",,"佳、佳人、佳句、佳作、佳城、佳音、佳偶、佳偶天成、佳期、佳評如潮、佳節、佳話、佳境、佳餚、佳績、佳麗、佳釀","17","有教育部詞目","https://dict.concised.moe.edu.tw/searchP.jsp?SN=%E3%84%90&SN2=%E3%84%90%E3%84%A7%E3%84%9A&word=%E4%BD%B3"
"1774","ㄆㄟˋ","佩","",,"佩、佩服、佩帶","3","有教育部詞目","https://dict.concised.moe.edu.tw/searchP.jsp?SN=%E3%84%86&SN2=%E3%84%86%E3%84%9F%CB%8B&word=%E4%BD%A9"
"1775","ㄏㄨㄣ","昏","",,"昏、昏天黑地、昏天暗地、昏沉、昏昏沉沉、昏昏欲睡、昏花、昏昧、昏倒、昏眩、昏迷、昏庸、昏厥、昏黃、昏亂、昏暗、昏睡、昏頭轉向、昏聵","19","有教育部詞目","https://dict.concised.moe.edu.tw/searchP.jsp?SN=%E3%84%8F&SN2=%E3%84%8F%E3%84%A8%E3%84%A3&word=%E6%98%8F"
"1776","ㄏㄨㄥˊ","洪","",,"洪、洪水、洪水猛獸、洪亮、洪洞縣、洪流、洪荒、洪荒時代、洪量、洪福、洪福齊天、洪濤、洪爐、洪鐘","14","有教育部詞目","https://dict.concised.moe.edu.tw/searchP.jsp?SN=%E3%84%8F&SN2=%E3%84%8F%E3%84%A8%E3%84%A5%CB%8A&word=%E6%B4%AA"
"1777","ㄍㄢ","竿","",,"竿、竿子","2","有教育部詞目","https://dict.concised.moe.edu.tw/searchP.jsp?SN=%E3%84%8D&SN2=%E3%84%8D%E3%84%A2&word=%E7%AB%BF"
"1778","ㄛˊ","哦","",,"哦","1","有教育部詞目","https://dict.concised.moe.edu.tw/searchP.jsp?SN=%E3%84%9B&SN2=%E3%84%9B%CB%8A&word=%E5%93%A6"
"1778","ㄜˊ","哦","",,"哦","1","有教育部詞目","https://dict.concised.moe.edu.tw/searchP.jsp?SN=%E3%84%9C&SN2=%E3%84%9C%CB%8A&word=%E5%93%A6"
"1779","ㄓㄣˋ","振","",,"振、振作、振振有辭、振翅高飛、振衰起敝、振動、振幅、振筆直書、振奮、振興、振盪、振聾發聵","12","有教育部詞目","https://dict.concised.moe.edu.tw/searchP.jsp?SN=%E3%84%93&SN2=%E3%84%93%E3%84%A3%CB%8B&word=%E6%8C%AF"
"1780","ㄕㄞˋ","晒","",,"晒、晒黑","2","有教育部詞目","https://dict.concised.moe.edu.tw/searchP.jsp?SN=%E3%84%95&SN2=%E3%84%95%E3%84%9E%CB%8B&word=%E6%99%92"
"1781","ㄓˋ","秩","",,"秩、秩序","2","有教育部詞目","https://dict.concised.moe.edu.tw/searchP.jsp?SN=%E3%84%93&SN2=%E3%84%93%CB%8B&word=%E7%A7%A9"
"1782","ㄅㄤ","傍","",,"傍、傍晚","2","有教育部詞目","https://dict.concised.moe.edu.tw/searchP.jsp?SN=%E3%84%85&SN2=%E3%84%85%E3%84%A4&word=%E5%82%8D"
"1782","ㄅㄤˋ","傍","",,"傍","1","有教育部詞目","https://dict.concised.moe.edu.tw/searchP.jsp?SN=%E3%84%85&SN2=%E3%84%85%E3%84%A4%CB%8B&word=%E5%82%8D"
"1782","ㄆㄤˊ","傍","",,"傍","1","有教育部詞目","https://dict.concised.moe.edu.tw/searchP.jsp?SN=%E3%84%86&SN2=%E3%84%86%E3%84%A4%CB%8A&word=%E5%82%8D"
"1783","ㄧㄡˊ","猶","",,"猶、猶太屯墾區、猶可、猶在、猶如、猶存、猶疑、猶豫","8","有教育部詞目","https://dict.concised.moe.edu.tw/searchP.jsp?SN=%E3%84%A7&SN2=%E3%84%A7%E3%84%A1%CB%8A&word=%E7%8C%B6"
"1784","ㄑㄧㄤ","腔","",,"腔、腔調","2","有教育部詞目","https://dict.concised.moe.edu.tw/searchP.jsp?SN=%E3%84%91&SN2=%E3%84%91%E3%84%A7%E3%84%A4&word=%E8%85%94"
"1785","ㄔㄡˊ","愁","",,"愁、愁眉不展、愁眉苦臉、愁苦、愁容、愁雲、愁雲慘霧、愁腸、愁緒","9","有教育部詞目","https://dict.concised.moe.edu.tw/searchP.jsp?SN=%E3%84%94&SN2=%E3%84%94%E3%84%A1%CB%8A&word=%E6%84%81"
"1786","ㄨㄢˊ","頑","",,"頑、頑皮、頑石、頑石點頭、頑劣、頑抗、頑固、頑逆、頑強、頑童","10","有教育部詞目","https://dict.concised.moe.edu.tw/searchP.jsp?SN=%E3%84%A8&SN2=%E3%84%A8%E3%84%A2%CB%8A&word=%E9%A0%91"
"1787","ㄧˊ","疑","",,"疑、疑心、疑犯、疑似、疑信參半、疑案、疑神疑鬼、疑問、疑惑、疑雲、疑義、疑團、疑慮、疑點、疑難、疑難雜症、疑竇、疑懼","18","有教育部詞目","https://dict.concised.moe.edu.tw/searchP.jsp?SN=%E3%84%A7&SN2=%E3%84%A7%CB%8A&word=%E7%96%91"
"1788","ㄅㄧㄣ","賓","",,"賓、賓士、賓主、賓白、賓至如歸、賓果、賓客、賓語、賓館","9","有教育部詞目","https://dict.concised.moe.edu.tw/searchP.jsp?SN=%E3%84%85&SN2=%E3%84%85%E3%84%A7%E3%84%A3&word=%E8%B3%93"
"1789","˙ㄅㄚ","罷","",,"罷","1","有教育部詞目","https://dict.concised.moe.edu.tw/searchP.jsp?SN=%E3%84%85&SN2=%CB%99%E3%84%85%E3%84%9A&word=%E7%BD%B7"
"1789","ㄅㄚˋ","罷","",,"罷、罷了、罷工、罷手、罷市、罷休、罷免、罷免權、罷課、罷駛、罷黜","11","有教育部詞目","https://dict.concised.moe.edu.tw/searchP.jsp?SN=%E3%84%85&SN2=%E3%84%85%E3%84%9A%CB%8B&word=%E7%BD%B7"
"1789","ㄆㄧˊ","罷","",,"罷","1","有教育部詞目","https://dict.concised.moe.edu.tw/searchP.jsp?SN=%E3%84%86&SN2=%E3%84%86%E3%84%A7%CB%8A&word=%E7%BD%B7"
"1790","ㄕㄨ","蔬","蔬菜",,"蔬、蔬果、蔬菜","3","有教育部詞目","https://dict.concised.moe.edu.tw/searchP.jsp?SN=%E3%84%95&SN2=%E3%84%95%E3%84%A8&word=%E8%94%AC"
"1791","ㄏㄚˊ","蝦","",,"蝦、蝦蟆","2","有教育部詞目","https://dict.concised.moe.edu.tw/searchP.jsp?SN=%E3%84%8F&SN2=%E3%84%8F%E3%84%9A%CB%8A&word=%E8%9D%A6"
"1791","ㄒㄧㄚ","蝦","",,"蝦、蝦仁、蝦米、蝦兵蟹將","4","有教育部詞目","https://dict.concised.moe.edu.tw/searchP.jsp?SN=%E3%84%92&SN2=%E3%84%92%E3%84%A7%E3%84%9A&word=%E8%9D%A6"
"1792","ㄩㄥˇ","擁","",,"擁、擁有、擁抱、擁塞、擁戴、擁擠、擁護","7","有教育部詞目","https://dict.concised.moe.edu.tw/searchP.jsp?SN=%E3%84%A9&SN2=%E3%84%A9%E3%84%A5%CB%87&word=%E6%93%81"
"1793","ㄍㄨㄟ","龜","",,"龜、龜甲","2","有教育部詞目","https://dict.concised.moe.edu.tw/searchP.jsp?SN=%E3%84%8D&SN2=%E3%84%8D%E3%84%A8%E3%84%9F&word=%E9%BE%9C"
"1793","ㄐㄩㄣ","龜","",,"龜、龜裂","2","有教育部詞目","https://dict.concised.moe.edu.tw/searchP.jsp?SN=%E3%84%90&SN2=%E3%84%90%E3%84%A9%E3%84%A3&word=%E9%BE%9C"
"1793","ㄑㄧㄡ","龜","",,"龜、龜茲","2","有教育部詞目","https://dict.concised.moe.edu.tw/searchP.jsp?SN=%E3%84%91&SN2=%E3%84%91%E3%84%A7%E3%84%A1&word=%E9%BE%9C"
"1794","ㄐㄧㄤ","疆","",,"疆、疆土、疆界、疆域、疆埸、疆場","6","有教育部詞目","https://dict.concised.moe.edu.tw/searchP.jsp?SN=%E3%84%90&SN2=%E3%84%90%E3%84%A7%E3%84%A4&word=%E7%96%86"
"1795","ㄔㄣˋ","襯","",,"襯、襯托、襯衣、襯映、襯衫、襯裙、襯裡","7","有教育部詞目","https://dict.concised.moe.edu.tw/searchP.jsp?SN=%E3%84%94&SN2=%E3%84%94%E3%84%A3%CB%8B&word=%E8%A5%AF"
"1796","ㄒㄧˋ","夕","",,"夕、夕陽、夕陽工業、夕照","4","有教育部詞目","https://dict.concised.moe.edu.tw/searchP.jsp?SN=%E3%84%92&SN2=%E3%84%92%E3%84%A7%CB%8B&word=%E5%A4%95"
"1797","ㄑㄧˋ","企","",,"企、企求、企盼、企望、企業、企業管理、企業識別系統、企劃、企圖、企鵝","10","有教育部詞目","https://dict.concised.moe.edu.tw/searchP.jsp?SN=%E3%84%91&SN2=%E3%84%91%E3%84%A7%CB%8B&word=%E4%BC%81"
"1798","ㄐㄩㄣ","君","",,"君、君子、君子協定、君王、君權","5","有教育部詞目","https://dict.concised.moe.edu.tw/searchP.jsp?SN=%E3%84%90&SN2=%E3%84%90%E3%84%A9%E3%84%A3&word=%E5%90%9B"
"1799","ㄈㄨˊ","扶","",,"扶、扶手、扶正、扶乩、扶老攜幼、扶助、扶持、扶桑、扶梯、扶植、扶疏、扶搖直上、扶養","13","有教育部詞目","https://dict.concised.moe.edu.tw/searchP.jsp?SN=%E3%84%88&SN2=%E3%84%88%E3%84%A8%CB%8A&word=%E6%89%B6"
"1800","ㄐㄧㄝˋ","屆","",,"屆、屆時、屆期、屆滿、屆臨","5","有教育部詞目","https://dict.concised.moe.edu.tw/searchP.jsp?SN=%E3%84%90&SN2=%E3%84%90%E3%84%A7%E3%84%9D%CB%8B&word=%E5%B1%86"
