"BaseSymbol","Combination","Character","SourceUrl"
"ㄅ","˙ㄅㄚ","吧","https://dict.concised.moe.edu.tw/searchP.jsp?SN=%E3%84%85&SN2=%CB%99%E3%84%85%E3%84%9A#selectL"
"ㄅ","˙ㄅㄚ","罷","https://dict.concised.moe.edu.tw/searchP.jsp?SN=%E3%84%85&SN2=%CB%99%E3%84%85%E3%84%9A#selectL"
"ㄅ","ㄅㄚ","八","https://dict.concised.moe.edu.tw/searchP.jsp?SN=%E3%84%85&SN2=%E3%84%85%E3%84%9A#selectL"
"ㄅ","ㄅㄚ","巴","https://dict.concised.moe.edu.tw/searchP.jsp?SN=%E3%84%85&SN2=%E3%84%85%E3%84%9A#selectL"
"ㄅ","ㄅㄚ","叭","https://dict.concised.moe.edu.tw/searchP.jsp?SN=%E3%84%85&SN2=%E3%84%85%E3%84%9A#selectL"
"ㄅ","ㄅㄚ","扒","https://dict.concised.moe.edu.tw/searchP.jsp?SN=%E3%84%85&SN2=%E3%84%85%E3%84%9A#selectL"
"ㄅ","ㄅㄚ","吧","https://dict.concised.moe.edu.tw/searchP.jsp?SN=%E3%84%85&SN2=%E3%84%85%E3%84%9A#selectL"
"ㄅ","ㄅㄚ","芭","https://dict.concised.moe.edu.tw/searchP.jsp?SN=%E3%84%85&SN2=%E3%84%85%E3%84%9A#selectL"
"ㄅ","ㄅㄚ","峇","https://dict.concised.moe.edu.tw/searchP.jsp?SN=%E3%84%85&SN2=%E3%84%85%E3%84%9A#selectL"
"ㄅ","ㄅㄚ","疤","https://dict.concised.moe.edu.tw/searchP.jsp?SN=%E3%84%85&SN2=%E3%84%85%E3%84%9A#selectL"
"ㄅ","ㄅㄚ","捌","https://dict.concised.moe.edu.tw/searchP.jsp?SN=%E3%84%85&SN2=%E3%84%85%E3%84%9A#selectL"
"ㄅ","ㄅㄚ","笆","https://dict.concised.moe.edu.tw/searchP.jsp?SN=%E3%84%85&SN2=%E3%84%85%E3%84%9A#selectL"
"ㄅ","ㄅㄚ","粑","https://dict.concised.moe.edu.tw/searchP.jsp?SN=%E3%84%85&SN2=%E3%84%85%E3%84%9A#selectL"
"ㄅ","ㄅㄚˇ","把","https://dict.concised.moe.edu.tw/searchP.jsp?SN=%E3%84%85&SN2=%E3%84%85%E3%84%9A%CB%87#selectL"
"ㄅ","ㄅㄚˇ","靶","https://dict.concised.moe.edu.tw/searchP.jsp?SN=%E3%84%85&SN2=%E3%84%85%E3%84%9A%CB%87#selectL"
"ㄅ","ㄅㄚˊ","拔","https://dict.concised.moe.edu.tw/searchP.jsp?SN=%E3%84%85&SN2=%E3%84%85%E3%84%9A%CB%8A#selectL"
"ㄅ","ㄅㄚˊ","跋","https://dict.concised.moe.edu.tw/searchP.jsp?SN=%E3%84%85&SN2=%E3%84%85%E3%84%9A%CB%8A#selectL"
"ㄅ","ㄅㄚˊ","鈸","https://dict.concised.moe.edu.tw/searchP.jsp?SN=%E3%84%85&SN2=%E3%84%85%E3%84%9A%CB%8A#selectL"
"ㄅ","ㄅㄚˋ","伯","https://dict.concised.moe.edu.tw/searchP.jsp?SN=%E3%84%85&SN2=%E3%84%85%E3%84%9A%CB%8B#selectL"
"ㄅ","ㄅㄚˋ","把","https://dict.concised.moe.edu.tw/searchP.jsp?SN=%E3%84%85&SN2=%E3%84%85%E3%84%9A%CB%8B#selectL"
"ㄅ","ㄅㄚˋ","爸","https://dict.concised.moe.edu.tw/searchP.jsp?SN=%E3%84%85&SN2=%E3%84%85%E3%84%9A%CB%8B#selectL"
"ㄅ","ㄅㄚˋ","罷","https://dict.concised.moe.edu.tw/searchP.jsp?SN=%E3%84%85&SN2=%E3%84%85%E3%84%9A%CB%8B#selectL"
"ㄅ","ㄅㄚˋ","霸","https://dict.concised.moe.edu.tw/searchP.jsp?SN=%E3%84%85&SN2=%E3%84%85%E3%84%9A%CB%8B#selectL"
"ㄅ","ㄅㄚˋ","壩","https://dict.concised.moe.edu.tw/searchP.jsp?SN=%E3%84%85&SN2=%E3%84%85%E3%84%9A%CB%8B#selectL"
"ㄅ","ㄅㄛ","波","https://dict.concised.moe.edu.tw/searchP.jsp?SN=%E3%84%85&SN2=%E3%84%85%E3%84%9B#selectL"
"ㄅ","ㄅㄛ","玻","https://dict.concised.moe.edu.tw/searchP.jsp?SN=%E3%84%85&SN2=%E3%84%85%E3%84%9B#selectL"
"ㄅ","ㄅㄛ","剝","https://dict.concised.moe.edu.tw/searchP.jsp?SN=%E3%84%85&SN2=%E3%84%85%E3%84%9B#selectL"
"ㄅ","ㄅㄛ","砵","https://dict.concised.moe.edu.tw/searchP.jsp?SN=%E3%84%85&SN2=%E3%84%85%E3%84%9B#selectL"
"ㄅ","ㄅㄛ","般","https://dict.concised.moe.edu.tw/searchP.jsp?SN=%E3%84%85&SN2=%E3%84%85%E3%84%9B#selectL"
"ㄅ","ㄅㄛ","缽","https://dict.concised.moe.edu.tw/searchP.jsp?SN=%E3%84%85&SN2=%E3%84%85%E3%84%9B#selectL"
"ㄅ","ㄅㄛ","菠","https://dict.concised.moe.edu.tw/searchP.jsp?SN=%E3%84%85&SN2=%E3%84%85%E3%84%9B#selectL"
"ㄅ","ㄅㄛ","撥","https://dict.concised.moe.edu.tw/searchP.jsp?SN=%E3%84%85&SN2=%E3%84%85%E3%84%9B#selectL"
"ㄅ","ㄅㄛ","餑","https://dict.concised.moe.edu.tw/searchP.jsp?SN=%E3%84%85&SN2=%E3%84%85%E3%84%9B#selectL"
"ㄅ","ㄅㄛˇ","跛","https://dict.concised.moe.edu.tw/searchP.jsp?SN=%E3%84%85&SN2=%E3%84%85%E3%84%9B%CB%87#selectL"
"ㄅ","ㄅㄛˇ","簸","https://dict.concised.moe.edu.tw/searchP.jsp?SN=%E3%84%85&SN2=%E3%84%85%E3%84%9B%CB%87#selectL"
"ㄅ","ㄅㄛˊ","百","https://dict.concised.moe.edu.tw/searchP.jsp?SN=%E3%84%85&SN2=%E3%84%85%E3%84%9B%CB%8A#selectL"
"ㄅ","ㄅㄛˊ","伯","https://dict.concised.moe.edu.tw/searchP.jsp?SN=%E3%84%85&SN2=%E3%84%85%E3%84%9B%CB%8A#selectL"
"ㄅ","ㄅㄛˊ","帛","https://dict.concised.moe.edu.tw/searchP.jsp?SN=%E3%84%85&SN2=%E3%84%85%E3%84%9B%CB%8A#selectL"
"ㄅ","ㄅㄛˊ","泊","https://dict.concised.moe.edu.tw/searchP.jsp?SN=%E3%84%85&SN2=%E3%84%85%E3%84%9B%CB%8A#selectL"
"ㄅ","ㄅㄛˊ","勃","https://dict.concised.moe.edu.tw/searchP.jsp?SN=%E3%84%85&SN2=%E3%84%85%E3%84%9B%CB%8A#selectL"
"ㄅ","ㄅㄛˊ","柏","https://dict.concised.moe.edu.tw/searchP.jsp?SN=%E3%84%85&SN2=%E3%84%85%E3%84%9B%CB%8A#selectL"
"ㄅ","ㄅㄛˊ","悖","https://dict.concised.moe.edu.tw/searchP.jsp?SN=%E3%84%85&SN2=%E3%84%85%E3%84%9B%CB%8A#selectL"
"ㄅ","ㄅㄛˊ","脖","https://dict.concised.moe.edu.tw/searchP.jsp?SN=%E3%84%85&SN2=%E3%84%85%E3%84%9B%CB%8A#selectL"
"ㄅ","ㄅㄛˊ","舶","https://dict.concised.moe.edu.tw/searchP.jsp?SN=%E3%84%85&SN2=%E3%84%85%E3%84%9B%CB%8A#selectL"
"ㄅ","ㄅㄛˊ","博","https://dict.concised.moe.edu.tw/searchP.jsp?SN=%E3%84%85&SN2=%E3%84%85%E3%84%9B%CB%8A#selectL"
"ㄅ","ㄅㄛˊ","渤","https://dict.concised.moe.edu.tw/searchP.jsp?SN=%E3%84%85&SN2=%E3%84%85%E3%84%9B%CB%8A#selectL"
"ㄅ","ㄅㄛˊ","搏","https://dict.concised.moe.edu.tw/searchP.jsp?SN=%E3%84%85&SN2=%E3%84%85%E3%84%9B%CB%8A#selectL"
"ㄅ","ㄅㄛˊ","鉑","https://dict.concised.moe.edu.tw/searchP.jsp?SN=%E3%84%85&SN2=%E3%84%85%E3%84%9B%CB%8A#selectL"
"ㄅ","ㄅㄛˊ","箔","https://dict.concised.moe.edu.tw/searchP.jsp?SN=%E3%84%85&SN2=%E3%84%85%E3%84%9B%CB%8A#selectL"
"ㄅ","ㄅㄛˊ","膊","https://dict.concised.moe.edu.tw/searchP.jsp?SN=%E3%84%85&SN2=%E3%84%85%E3%84%9B%CB%8A#selectL"
"ㄅ","ㄅㄛˊ","駁","https://dict.concised.moe.edu.tw/searchP.jsp?SN=%E3%84%85&SN2=%E3%84%85%E3%84%9B%CB%8A#selectL"
"ㄅ","ㄅㄛˊ","蔔","https://dict.concised.moe.edu.tw/searchP.jsp?SN=%E3%84%85&SN2=%E3%84%85%E3%84%9B%CB%8A#selectL"
"ㄅ","ㄅㄛˊ","薄","https://dict.concised.moe.edu.tw/searchP.jsp?SN=%E3%84%85&SN2=%E3%84%85%E3%84%9B%CB%8A#selectL"
"ㄅ","ㄅㄛˊ","礴","https://dict.concised.moe.edu.tw/searchP.jsp?SN=%E3%84%85&SN2=%E3%84%85%E3%84%9B%CB%8A#selectL"
"ㄅ","ㄅㄛˋ","播","https://dict.concised.moe.edu.tw/searchP.jsp?SN=%E3%84%85&SN2=%E3%84%85%E3%84%9B%CB%8B#selectL"
"ㄅ","ㄅㄛˋ","擘","https://dict.concised.moe.edu.tw/searchP.jsp?SN=%E3%84%85&SN2=%E3%84%85%E3%84%9B%CB%8B#selectL"
"ㄅ","ㄅㄛˋ","薄","https://dict.concised.moe.edu.tw/searchP.jsp?SN=%E3%84%85&SN2=%E3%84%85%E3%84%9B%CB%8B#selectL"
"ㄅ","ㄅㄛˋ","簸","https://dict.concised.moe.edu.tw/searchP.jsp?SN=%E3%84%85&SN2=%E3%84%85%E3%84%9B%CB%8B#selectL"
"ㄅ","ㄅㄞ","掰","https://dict.concised.moe.edu.tw/searchP.jsp?SN=%E3%84%85&SN2=%E3%84%85%E3%84%9E#selectL"
"ㄅ","ㄅㄞˇ","百","https://dict.concised.moe.edu.tw/searchP.jsp?SN=%E3%84%85&SN2=%E3%84%85%E3%84%9E%CB%87#selectL"
"ㄅ","ㄅㄞˇ","佰","https://dict.concised.moe.edu.tw/searchP.jsp?SN=%E3%84%85&SN2=%E3%84%85%E3%84%9E%CB%87#selectL"
"ㄅ","ㄅㄞˇ","擺","https://dict.concised.moe.edu.tw/searchP.jsp?SN=%E3%84%85&SN2=%E3%84%85%E3%84%9E%CB%87#selectL"
"ㄅ","ㄅㄞˇ","襬","https://dict.concised.moe.edu.tw/searchP.jsp?SN=%E3%84%85&SN2=%E3%84%85%E3%84%9E%CB%87#selectL"
"ㄅ","ㄅㄞˊ","白","https://dict.concised.moe.edu.tw/searchP.jsp?SN=%E3%84%85&SN2=%E3%84%85%E3%84%9E%CB%8A#selectL"
"ㄅ","ㄅㄞˋ","拜","https://dict.concised.moe.edu.tw/searchP.jsp?SN=%E3%84%85&SN2=%E3%84%85%E3%84%9E%CB%8B#selectL"
"ㄅ","ㄅㄞˋ","唄","https://dict.concised.moe.edu.tw/searchP.jsp?SN=%E3%84%85&SN2=%E3%84%85%E3%84%9E%CB%8B#selectL"
"ㄅ","ㄅㄞˋ","敗","https://dict.concised.moe.edu.tw/searchP.jsp?SN=%E3%84%85&SN2=%E3%84%85%E3%84%9E%CB%8B#selectL"
"ㄅ","ㄅㄞˋ","稗","https://dict.concised.moe.edu.tw/searchP.jsp?SN=%E3%84%85&SN2=%E3%84%85%E3%84%9E%CB%8B#selectL"
"ㄅ","ㄅㄟ","卑","https://dict.concised.moe.edu.tw/searchP.jsp?SN=%E3%84%85&SN2=%E3%84%85%E3%84%9F#selectL"
"ㄅ","ㄅㄟ","杯","https://dict.concised.moe.edu.tw/searchP.jsp?SN=%E3%84%85&SN2=%E3%84%85%E3%84%9F#selectL"
"ㄅ","ㄅㄟ","盃","https://dict.concised.moe.edu.tw/searchP.jsp?SN=%E3%84%85&SN2=%E3%84%85%E3%84%9F#selectL"
"ㄅ","ㄅㄟ","背","https://dict.concised.moe.edu.tw/searchP.jsp?SN=%E3%84%85&SN2=%E3%84%85%E3%84%9F#selectL"
"ㄅ","ㄅㄟ","埤","https://dict.concised.moe.edu.tw/searchP.jsp?SN=%E3%84%85&SN2=%E3%84%85%E3%84%9F#selectL"
"ㄅ","ㄅㄟ","悲","https://dict.concised.moe.edu.tw/searchP.jsp?SN=%E3%84%85&SN2=%E3%84%85%E3%84%9F#selectL"
"ㄅ","ㄅㄟ","揹","https://dict.concised.moe.edu.tw/searchP.jsp?SN=%E3%84%85&SN2=%E3%84%85%E3%84%9F#selectL"
"ㄅ","ㄅㄟ","碑","https://dict.concised.moe.edu.tw/searchP.jsp?SN=%E3%84%85&SN2=%E3%84%85%E3%84%9F#selectL"
"ㄅ","ㄅㄟˇ","北","https://dict.concised.moe.edu.tw/searchP.jsp?SN=%E3%84%85&SN2=%E3%84%85%E3%84%9F%CB%87#selectL"
"ㄅ","ㄅㄟˋ","貝","https://dict.concised.moe.edu.tw/searchP.jsp?SN=%E3%84%85&SN2=%E3%84%85%E3%84%9F%CB%8B#selectL"
"ㄅ","ㄅㄟˋ","背","https://dict.concised.moe.edu.tw/searchP.jsp?SN=%E3%84%85&SN2=%E3%84%85%E3%84%9F%CB%8B#selectL"
"ㄅ","ㄅㄟˋ","倍","https://dict.concised.moe.edu.tw/searchP.jsp?SN=%E3%84%85&SN2=%E3%84%85%E3%84%9F%CB%8B#selectL"
"ㄅ","ㄅㄟˋ","悖","https://dict.concised.moe.edu.tw/searchP.jsp?SN=%E3%84%85&SN2=%E3%84%85%E3%84%9F%CB%8B#selectL"
"ㄅ","ㄅㄟˋ","狽","https://dict.concised.moe.edu.tw/searchP.jsp?SN=%E3%84%85&SN2=%E3%84%85%E3%84%9F%CB%8B#selectL"
"ㄅ","ㄅㄟˋ","被","https://dict.concised.moe.edu.tw/searchP.jsp?SN=%E3%84%85&SN2=%E3%84%85%E3%84%9F%CB%8B#selectL"
"ㄅ","ㄅㄟˋ","備","https://dict.concised.moe.edu.tw/searchP.jsp?SN=%E3%84%85&SN2=%E3%84%85%E3%84%9F%CB%8B#selectL"
"ㄅ","ㄅㄟˋ","焙","https://dict.concised.moe.edu.tw/searchP.jsp?SN=%E3%84%85&SN2=%E3%84%85%E3%84%9F%CB%8B#selectL"
"ㄅ","ㄅㄟˋ","蓓","https://dict.concised.moe.edu.tw/searchP.jsp?SN=%E3%84%85&SN2=%E3%84%85%E3%84%9F%CB%8B#selectL"
"ㄅ","ㄅㄟˋ","輩","https://dict.concised.moe.edu.tw/searchP.jsp?SN=%E3%84%85&SN2=%E3%84%85%E3%84%9F%CB%8B#selectL"
"ㄅ","ㄅㄟˋ","憊","https://dict.concised.moe.edu.tw/searchP.jsp?SN=%E3%84%85&SN2=%E3%84%85%E3%84%9F%CB%8B#selectL"
"ㄅ","ㄅㄠ","包","https://dict.concised.moe.edu.tw/searchP.jsp?SN=%E3%84%85&SN2=%E3%84%85%E3%84%A0#selectL"
"ㄅ","ㄅㄠ","孢","https://dict.concised.moe.edu.tw/searchP.jsp?SN=%E3%84%85&SN2=%E3%84%85%E3%84%A0#selectL"
"ㄅ","ㄅㄠ","炮","https://dict.concised.moe.edu.tw/searchP.jsp?SN=%E3%84%85&SN2=%E3%84%85%E3%84%A0#selectL"
"ㄅ","ㄅㄠ","胞","https://dict.concised.moe.edu.tw/searchP.jsp?SN=%E3%84%85&SN2=%E3%84%85%E3%84%A0#selectL"
"ㄅ","ㄅㄠ","苞","https://dict.concised.moe.edu.tw/searchP.jsp?SN=%E3%84%85&SN2=%E3%84%85%E3%84%A0#selectL"
"ㄅ","ㄅㄠ","煲","https://dict.concised.moe.edu.tw/searchP.jsp?SN=%E3%84%85&SN2=%E3%84%85%E3%84%A0#selectL"
"ㄅ","ㄅㄠ","褒","https://dict.concised.moe.edu.tw/searchP.jsp?SN=%E3%84%85&SN2=%E3%84%85%E3%84%A0#selectL"
"ㄅ","ㄅㄠˇ","保","https://dict.concised.moe.edu.tw/searchP.jsp?SN=%E3%84%85&SN2=%E3%84%85%E3%84%A0%CB%87#selectL"
"ㄅ","ㄅㄠˇ","堡","https://dict.concised.moe.edu.tw/searchP.jsp?SN=%E3%84%85&SN2=%E3%84%85%E3%84%A0%CB%87#selectL"
"ㄅ","ㄅㄠˇ","葆","https://dict.concised.moe.edu.tw/searchP.jsp?SN=%E3%84%85&SN2=%E3%84%85%E3%84%A0%CB%87#selectL"
"ㄅ","ㄅㄠˇ","飽","https://dict.concised.moe.edu.tw/searchP.jsp?SN=%E3%84%85&SN2=%E3%84%85%E3%84%A0%CB%87#selectL"
"ㄅ","ㄅㄠˇ","褓","https://dict.concised.moe.edu.tw/searchP.jsp?SN=%E3%84%85&SN2=%E3%84%85%E3%84%A0%CB%87#selectL"
"ㄅ","ㄅㄠˇ","鴇","https://dict.concised.moe.edu.tw/searchP.jsp?SN=%E3%84%85&SN2=%E3%84%85%E3%84%A0%CB%87#selectL"
"ㄅ","ㄅㄠˇ","寶","https://dict.concised.moe.edu.tw/searchP.jsp?SN=%E3%84%85&SN2=%E3%84%85%E3%84%A0%CB%87#selectL"
"ㄅ","ㄅㄠˊ","雹","https://dict.concised.moe.edu.tw/searchP.jsp?SN=%E3%84%85&SN2=%E3%84%85%E3%84%A0%CB%8A#selectL"
"ㄅ","ㄅㄠˋ","刨","https://dict.concised.moe.edu.tw/searchP.jsp?SN=%E3%84%85&SN2=%E3%84%85%E3%84%A0%CB%8B#selectL"
"ㄅ","ㄅㄠˋ","抱","https://dict.concised.moe.edu.tw/searchP.jsp?SN=%E3%84%85&SN2=%E3%84%85%E3%84%A0%CB%8B#selectL"
"ㄅ","ㄅㄠˋ","豹","https://dict.concised.moe.edu.tw/searchP.jsp?SN=%E3%84%85&SN2=%E3%84%85%E3%84%A0%CB%8B#selectL"
"ㄅ","ㄅㄠˋ","趵","https://dict.concised.moe.edu.tw/searchP.jsp?SN=%E3%84%85&SN2=%E3%84%85%E3%84%A0%CB%8B#selectL"
"ㄅ","ㄅㄠˋ","報","https://dict.concised.moe.edu.tw/searchP.jsp?SN=%E3%84%85&SN2=%E3%84%85%E3%84%A0%CB%8B#selectL"
"ㄅ","ㄅㄠˋ","鉋","https://dict.concised.moe.edu.tw/searchP.jsp?SN=%E3%84%85&SN2=%E3%84%85%E3%84%A0%CB%8B#selectL"
"ㄅ","ㄅㄠˋ","暴","https://dict.concised.moe.edu.tw/searchP.jsp?SN=%E3%84%85&SN2=%E3%84%85%E3%84%A0%CB%8B#selectL"
"ㄅ","ㄅㄠˋ","鮑","https://dict.concised.moe.edu.tw/searchP.jsp?SN=%E3%84%85&SN2=%E3%84%85%E3%84%A0%CB%8B#selectL"
"ㄅ","ㄅㄠˋ","爆","https://dict.concised.moe.edu.tw/searchP.jsp?SN=%E3%84%85&SN2=%E3%84%85%E3%84%A0%CB%8B#selectL"
"ㄅ","ㄅㄢ","扳","https://dict.concised.moe.edu.tw/searchP.jsp?SN=%E3%84%85&SN2=%E3%84%85%E3%84%A2#selectL"
"ㄅ","ㄅㄢ","班","https://dict.concised.moe.edu.tw/searchP.jsp?SN=%E3%84%85&SN2=%E3%84%85%E3%84%A2#selectL"
"ㄅ","ㄅㄢ","般","https://dict.concised.moe.edu.tw/searchP.jsp?SN=%E3%84%85&SN2=%E3%84%85%E3%84%A2#selectL"
"ㄅ","ㄅㄢ","斑","https://dict.concised.moe.edu.tw/searchP.jsp?SN=%E3%84%85&SN2=%E3%84%85%E3%84%A2#selectL"
"ㄅ","ㄅㄢ","搬","https://dict.concised.moe.edu.tw/searchP.jsp?SN=%E3%84%85&SN2=%E3%84%85%E3%84%A2#selectL"
"ㄅ","ㄅㄢ","頒","https://dict.concised.moe.edu.tw/searchP.jsp?SN=%E3%84%85&SN2=%E3%84%85%E3%84%A2#selectL"
"ㄅ","ㄅㄢˇ","阪","https://dict.concised.moe.edu.tw/searchP.jsp?SN=%E3%84%85&SN2=%E3%84%85%E3%84%A2%CB%87#selectL"
"ㄅ","ㄅㄢˇ","板","https://dict.concised.moe.edu.tw/searchP.jsp?SN=%E3%84%85&SN2=%E3%84%85%E3%84%A2%CB%87#selectL"
"ㄅ","ㄅㄢˇ","版","https://dict.concised.moe.edu.tw/searchP.jsp?SN=%E3%84%85&SN2=%E3%84%85%E3%84%A2%CB%87#selectL"
"ㄅ","ㄅㄢˇ","舨","https://dict.concised.moe.edu.tw/searchP.jsp?SN=%E3%84%85&SN2=%E3%84%85%E3%84%A2%CB%87#selectL"
"ㄅ","ㄅㄢˇ","鈑","https://dict.concised.moe.edu.tw/searchP.jsp?SN=%E3%84%85&SN2=%E3%84%85%E3%84%A2%CB%87#selectL"
"ㄅ","ㄅㄢˇ","闆","https://dict.concised.moe.edu.tw/searchP.jsp?SN=%E3%84%85&SN2=%E3%84%85%E3%84%A2%CB%87#selectL"
"ㄅ","ㄅㄢˋ","半","https://dict.concised.moe.edu.tw/searchP.jsp?SN=%E3%84%85&SN2=%E3%84%85%E3%84%A2%CB%8B#selectL"
"ㄅ","ㄅㄢˋ","伴","https://dict.concised.moe.edu.tw/searchP.jsp?SN=%E3%84%85&SN2=%E3%84%85%E3%84%A2%CB%8B#selectL"
"ㄅ","ㄅㄢˋ","扮","https://dict.concised.moe.edu.tw/searchP.jsp?SN=%E3%84%85&SN2=%E3%84%85%E3%84%A2%CB%8B#selectL"
"ㄅ","ㄅㄢˋ","拌","https://dict.concised.moe.edu.tw/searchP.jsp?SN=%E3%84%85&SN2=%E3%84%85%E3%84%A2%CB%8B#selectL"
"ㄅ","ㄅㄢˋ","絆","https://dict.concised.moe.edu.tw/searchP.jsp?SN=%E3%84%85&SN2=%E3%84%85%E3%84%A2%CB%8B#selectL"
"ㄅ","ㄅㄢˋ","辦","https://dict.concised.moe.edu.tw/searchP.jsp?SN=%E3%84%85&SN2=%E3%84%85%E3%84%A2%CB%8B#selectL"
"ㄅ","ㄅㄢˋ","瓣","https://dict.concised.moe.edu.tw/searchP.jsp?SN=%E3%84%85&SN2=%E3%84%85%E3%84%A2%CB%8B#selectL"
"ㄅ","ㄅㄣ","奔","https://dict.concised.moe.edu.tw/searchP.jsp?SN=%E3%84%85&SN2=%E3%84%85%E3%84%A3#selectL"
"ㄅ","ㄅㄣ","賁","https://dict.concised.moe.edu.tw/searchP.jsp?SN=%E3%84%85&SN2=%E3%84%85%E3%84%A3#selectL"
"ㄅ","ㄅㄣˇ","本","https://dict.concised.moe.edu.tw/searchP.jsp?SN=%E3%84%85&SN2=%E3%84%85%E3%84%A3%CB%87#selectL"
"ㄅ","ㄅㄣˇ","苯","https://dict.concised.moe.edu.tw/searchP.jsp?SN=%E3%84%85&SN2=%E3%84%85%E3%84%A3%CB%87#selectL"
"ㄅ","ㄅㄣˇ","畚","https://dict.concised.moe.edu.tw/searchP.jsp?SN=%E3%84%85&SN2=%E3%84%85%E3%84%A3%CB%87#selectL"
"ㄅ","ㄅㄣˋ","笨","https://dict.concised.moe.edu.tw/searchP.jsp?SN=%E3%84%85&SN2=%E3%84%85%E3%84%A3%CB%8B#selectL"
"ㄅ","ㄅㄤ","邦","https://dict.concised.moe.edu.tw/searchP.jsp?SN=%E3%84%85&SN2=%E3%84%85%E3%84%A4#selectL"
"ㄅ","ㄅㄤ","梆","https://dict.concised.moe.edu.tw/searchP.jsp?SN=%E3%84%85&SN2=%E3%84%85%E3%84%A4#selectL"
"ㄅ","ㄅㄤ","傍","https://dict.concised.moe.edu.tw/searchP.jsp?SN=%E3%84%85&SN2=%E3%84%85%E3%84%A4#selectL"
"ㄅ","ㄅㄤ","幫","https://dict.concised.moe.edu.tw/searchP.jsp?SN=%E3%84%85&SN2=%E3%84%85%E3%84%A4#selectL"
"ㄅ","ㄅㄤˇ","綁","https://dict.concised.moe.edu.tw/searchP.jsp?SN=%E3%84%85&SN2=%E3%84%85%E3%84%A4%CB%87#selectL"
"ㄅ","ㄅㄤˇ","榜","https://dict.concised.moe.edu.tw/searchP.jsp?SN=%E3%84%85&SN2=%E3%84%85%E3%84%A4%CB%87#selectL"
"ㄅ","ㄅㄤˇ","膀","https://dict.concised.moe.edu.tw/searchP.jsp?SN=%E3%84%85&SN2=%E3%84%85%E3%84%A4%CB%87#selectL"
"ㄅ","ㄅㄤˋ","旁","https://dict.concised.moe.edu.tw/searchP.jsp?SN=%E3%84%85&SN2=%E3%84%85%E3%84%A4%CB%8B#selectL"
"ㄅ","ㄅㄤˋ","蚌","https://dict.concised.moe.edu.tw/searchP.jsp?SN=%E3%84%85&SN2=%E3%84%85%E3%84%A4%CB%8B#selectL"
"ㄅ","ㄅㄤˋ","傍","https://dict.concised.moe.edu.tw/searchP.jsp?SN=%E3%84%85&SN2=%E3%84%85%E3%84%A4%CB%8B#selectL"
"ㄅ","ㄅㄤˋ","棒","https://dict.concised.moe.edu.tw/searchP.jsp?SN=%E3%84%85&SN2=%E3%84%85%E3%84%A4%CB%8B#selectL"
"ㄅ","ㄅㄤˋ","膀","https://dict.concised.moe.edu.tw/searchP.jsp?SN=%E3%84%85&SN2=%E3%84%85%E3%84%A4%CB%8B#selectL"
"ㄅ","ㄅㄤˋ","蒡","https://dict.concised.moe.edu.tw/searchP.jsp?SN=%E3%84%85&SN2=%E3%84%85%E3%84%A4%CB%8B#selectL"
"ㄅ","ㄅㄤˋ","磅","https://dict.concised.moe.edu.tw/searchP.jsp?SN=%E3%84%85&SN2=%E3%84%85%E3%84%A4%CB%8B#selectL"
"ㄅ","ㄅㄤˋ","謗","https://dict.concised.moe.edu.tw/searchP.jsp?SN=%E3%84%85&SN2=%E3%84%85%E3%84%A4%CB%8B#selectL"
"ㄅ","ㄅㄤˋ","鎊","https://dict.concised.moe.edu.tw/searchP.jsp?SN=%E3%84%85&SN2=%E3%84%85%E3%84%A4%CB%8B#selectL"
"ㄅ","ㄅㄥ","崩","https://dict.concised.moe.edu.tw/searchP.jsp?SN=%E3%84%85&SN2=%E3%84%85%E3%84%A5#selectL"
"ㄅ","ㄅㄥ","繃","https://dict.concised.moe.edu.tw/searchP.jsp?SN=%E3%84%85&SN2=%E3%84%85%E3%84%A5#selectL"
"ㄅ","ㄅㄥˇ","繃","https://dict.concised.moe.edu.tw/searchP.jsp?SN=%E3%84%85&SN2=%E3%84%85%E3%84%A5%CB%87#selectL"
"ㄅ","ㄅㄥˊ","甭","https://dict.concised.moe.edu.tw/searchP.jsp?SN=%E3%84%85&SN2=%E3%84%85%E3%84%A5%CB%8A#selectL"
"ㄅ","ㄅㄥˋ","泵","https://dict.concised.moe.edu.tw/searchP.jsp?SN=%E3%84%85&SN2=%E3%84%85%E3%84%A5%CB%8B#selectL"
"ㄅ","ㄅㄥˋ","迸","https://dict.concised.moe.edu.tw/searchP.jsp?SN=%E3%84%85&SN2=%E3%84%85%E3%84%A5%CB%8B#selectL"
"ㄅ","ㄅㄥˋ","榜","https://dict.concised.moe.edu.tw/searchP.jsp?SN=%E3%84%85&SN2=%E3%84%85%E3%84%A5%CB%8B#selectL"
"ㄅ","ㄅㄥˋ","繃","https://dict.concised.moe.edu.tw/searchP.jsp?SN=%E3%84%85&SN2=%E3%84%85%E3%84%A5%CB%8B#selectL"
"ㄅ","ㄅㄥˋ","蹦","https://dict.concised.moe.edu.tw/searchP.jsp?SN=%E3%84%85&SN2=%E3%84%85%E3%84%A5%CB%8B#selectL"
"ㄅ","ㄅㄧ","逼","https://dict.concised.moe.edu.tw/searchP.jsp?SN=%E3%84%85&SN2=%E3%84%85%E3%84%A7#selectL"
"ㄅ","ㄅㄧˇ","匕","https://dict.concised.moe.edu.tw/searchP.jsp?SN=%E3%84%85&SN2=%E3%84%85%E3%84%A7%CB%87#selectL"
"ㄅ","ㄅㄧˇ","比","https://dict.concised.moe.edu.tw/searchP.jsp?SN=%E3%84%85&SN2=%E3%84%85%E3%84%A7%CB%87#selectL"
"ㄅ","ㄅㄧˇ","妣","https://dict.concised.moe.edu.tw/searchP.jsp?SN=%E3%84%85&SN2=%E3%84%85%E3%84%A7%CB%87#selectL"
"ㄅ","ㄅㄧˇ","彼","https://dict.concised.moe.edu.tw/searchP.jsp?SN=%E3%84%85&SN2=%E3%84%85%E3%84%A7%CB%87#selectL"
"ㄅ","ㄅㄧˇ","筆","https://dict.concised.moe.edu.tw/searchP.jsp?SN=%E3%84%85&SN2=%E3%84%85%E3%84%A7%CB%87#selectL"
"ㄅ","ㄅㄧˇ","鄙","https://dict.concised.moe.edu.tw/searchP.jsp?SN=%E3%84%85&SN2=%E3%84%85%E3%84%A7%CB%87#selectL"
"ㄅ","ㄅㄧˊ","荸","https://dict.concised.moe.edu.tw/searchP.jsp?SN=%E3%84%85&SN2=%E3%84%85%E3%84%A7%CB%8A#selectL"
"ㄅ","ㄅㄧˊ","鼻","https://dict.concised.moe.edu.tw/searchP.jsp?SN=%E3%84%85&SN2=%E3%84%85%E3%84%A7%CB%8A#selectL"
"ㄅ","ㄅㄧˋ","比","https://dict.concised.moe.edu.tw/searchP.jsp?SN=%E3%84%85&SN2=%E3%84%85%E3%84%A7%CB%8B#selectL"
"ㄅ","ㄅㄧˋ","必","https://dict.concised.moe.edu.tw/searchP.jsp?SN=%E3%84%85&SN2=%E3%84%85%E3%84%A7%CB%8B#selectL"
"ㄅ","ㄅㄧˋ","庇","https://dict.concised.moe.edu.tw/searchP.jsp?SN=%E3%84%85&SN2=%E3%84%85%E3%84%A7%CB%8B#selectL"
"ㄅ","ㄅㄧˋ","拂","https://dict.concised.moe.edu.tw/searchP.jsp?SN=%E3%84%85&SN2=%E3%84%85%E3%84%A7%CB%8B#selectL"
"ㄅ","ㄅㄧˋ","泌","https://dict.concised.moe.edu.tw/searchP.jsp?SN=%E3%84%85&SN2=%E3%84%85%E3%84%A7%CB%8B#selectL"
"ㄅ","ㄅㄧˋ","畀","https://dict.concised.moe.edu.tw/searchP.jsp?SN=%E3%84%85&SN2=%E3%84%85%E3%84%A7%CB%8B#selectL"
"ㄅ","ㄅㄧˋ","毖","https://dict.concised.moe.edu.tw/searchP.jsp?SN=%E3%84%85&SN2=%E3%84%85%E3%84%A7%CB%8B#selectL"
"ㄅ","ㄅㄧˋ","俾","https://dict.concised.moe.edu.tw/searchP.jsp?SN=%E3%84%85&SN2=%E3%84%85%E3%84%A7%CB%8B#selectL"
"ㄅ","ㄅㄧˋ","祕","https://dict.concised.moe.edu.tw/searchP.jsp?SN=%E3%84%85&SN2=%E3%84%85%E3%84%A7%CB%8B#selectL"
"ㄅ","ㄅㄧˋ","秘","https://dict.concised.moe.edu.tw/searchP.jsp?SN=%E3%84%85&SN2=%E3%84%85%E3%84%A7%CB%8B#selectL"
"ㄅ","ㄅㄧˋ","陛","https://dict.concised.moe.edu.tw/searchP.jsp?SN=%E3%84%85&SN2=%E3%84%85%E3%84%A7%CB%8B#selectL"
"ㄅ","ㄅㄧˋ","埤","https://dict.concised.moe.edu.tw/searchP.jsp?SN=%E3%84%85&SN2=%E3%84%85%E3%84%A7%CB%8B#selectL"
"ㄅ","ㄅㄧˋ","婢","https://dict.concised.moe.edu.tw/searchP.jsp?SN=%E3%84%85&SN2=%E3%84%85%E3%84%A7%CB%8B#selectL"
"ㄅ","ㄅㄧˋ","敝","https://dict.concised.moe.edu.tw/searchP.jsp?SN=%E3%84%85&SN2=%E3%84%85%E3%84%A7%CB%8B#selectL"
"ㄅ","ㄅㄧˋ","畢","https://dict.concised.moe.edu.tw/searchP.jsp?SN=%E3%84%85&SN2=%E3%84%85%E3%84%A7%CB%8B#selectL"
"ㄅ","ㄅㄧˋ","閉","https://dict.concised.moe.edu.tw/searchP.jsp?SN=%E3%84%85&SN2=%E3%84%85%E3%84%A7%CB%8B#selectL"
"ㄅ","ㄅㄧˋ","弼","https://dict.concised.moe.edu.tw/searchP.jsp?SN=%E3%84%85&SN2=%E3%84%85%E3%84%A7%CB%8B#selectL"
"ㄅ","ㄅㄧˋ","愎","https://dict.concised.moe.edu.tw/searchP.jsp?SN=%E3%84%85&SN2=%E3%84%85%E3%84%A7%CB%8B#selectL"
"ㄅ","ㄅㄧˋ","賁","https://dict.concised.moe.edu.tw/searchP.jsp?SN=%E3%84%85&SN2=%E3%84%85%E3%84%A7%CB%8B#selectL"
"ㄅ","ㄅㄧˋ","痺","https://dict.concised.moe.edu.tw/searchP.jsp?SN=%E3%84%85&SN2=%E3%84%85%E3%84%A7%CB%8B#selectL"
"ㄅ","ㄅㄧˋ","睥","https://dict.concised.moe.edu.tw/searchP.jsp?SN=%E3%84%85&SN2=%E3%84%85%E3%84%A7%CB%8B#selectL"
"ㄅ","ㄅㄧˋ","辟","https://dict.concised.moe.edu.tw/searchP.jsp?SN=%E3%84%85&SN2=%E3%84%85%E3%84%A7%CB%8B#selectL"
"ㄅ","ㄅㄧˋ","嗶","https://dict.concised.moe.edu.tw/searchP.jsp?SN=%E3%84%85&SN2=%E3%84%85%E3%84%A7%CB%8B#selectL"
"ㄅ","ㄅㄧˋ","幣","https://dict.concised.moe.edu.tw/searchP.jsp?SN=%E3%84%85&SN2=%E3%84%85%E3%84%A7%CB%8B#selectL"
"ㄅ","ㄅㄧˋ","弊","https://dict.concised.moe.edu.tw/searchP.jsp?SN=%E3%84%85&SN2=%E3%84%85%E3%84%A7%CB%8B#selectL"
"ㄅ","ㄅㄧˋ","碧","https://dict.concised.moe.edu.tw/searchP.jsp?SN=%E3%84%85&SN2=%E3%84%85%E3%84%A7%CB%8B#selectL"
"ㄅ","ㄅㄧˋ","蓖","https://dict.concised.moe.edu.tw/searchP.jsp?SN=%E3%84%85&SN2=%E3%84%85%E3%84%A7%CB%8B#selectL"
"ㄅ","ㄅㄧˋ","裨","https://dict.concised.moe.edu.tw/searchP.jsp?SN=%E3%84%85&SN2=%E3%84%85%E3%84%A7%CB%8B#selectL"
"ㄅ","ㄅㄧˋ","蓽","https://dict.concised.moe.edu.tw/searchP.jsp?SN=%E3%84%85&SN2=%E3%84%85%E3%84%A7%CB%8B#selectL"
"ㄅ","ㄅㄧˋ","蔽","https://dict.concised.moe.edu.tw/searchP.jsp?SN=%E3%84%85&SN2=%E3%84%85%E3%84%A7%CB%8B#selectL"
"ㄅ","ㄅㄧˋ","壁","https://dict.concised.moe.edu.tw/searchP.jsp?SN=%E3%84%85&SN2=%E3%84%85%E3%84%A7%CB%8B#selectL"
"ㄅ","ㄅㄧˋ","嬖","https://dict.concised.moe.edu.tw/searchP.jsp?SN=%E3%84%85&SN2=%E3%84%85%E3%84%A7%CB%8B#selectL"
"ㄅ","ㄅㄧˋ","篦","https://dict.concised.moe.edu.tw/searchP.jsp?SN=%E3%84%85&SN2=%E3%84%85%E3%84%A7%CB%8B#selectL"
"ㄅ","ㄅㄧˋ","斃","https://dict.concised.moe.edu.tw/searchP.jsp?SN=%E3%84%85&SN2=%E3%84%85%E3%84%A7%CB%8B#selectL"
"ㄅ","ㄅㄧˋ","篳","https://dict.concised.moe.edu.tw/searchP.jsp?SN=%E3%84%85&SN2=%E3%84%85%E3%84%A7%CB%8B#selectL"
"ㄅ","ㄅㄧˋ","臂","https://dict.concised.moe.edu.tw/searchP.jsp?SN=%E3%84%85&SN2=%E3%84%85%E3%84%A7%CB%8B#selectL"
"ㄅ","ㄅㄧˋ","薜","https://dict.concised.moe.edu.tw/searchP.jsp?SN=%E3%84%85&SN2=%E3%84%85%E3%84%A7%CB%8B#selectL"
"ㄅ","ㄅㄧˋ","避","https://dict.concised.moe.edu.tw/searchP.jsp?SN=%E3%84%85&SN2=%E3%84%85%E3%84%A7%CB%8B#selectL"
"ㄅ","ㄅㄧˋ","璧","https://dict.concised.moe.edu.tw/searchP.jsp?SN=%E3%84%85&SN2=%E3%84%85%E3%84%A7%CB%8B#selectL"
"ㄅ","ㄅㄧˋ","蹕","https://dict.concised.moe.edu.tw/searchP.jsp?SN=%E3%84%85&SN2=%E3%84%85%E3%84%A7%CB%8B#selectL"
"ㄅ","ㄅㄧˋ","髀","https://dict.concised.moe.edu.tw/searchP.jsp?SN=%E3%84%85&SN2=%E3%84%85%E3%84%A7%CB%8B#selectL"
"ㄅ","ㄅㄧˋ","襞","https://dict.concised.moe.edu.tw/searchP.jsp?SN=%E3%84%85&SN2=%E3%84%85%E3%84%A7%CB%8B#selectL"
"ㄅ","ㄅㄧㄝ","憋","https://dict.concised.moe.edu.tw/searchP.jsp?SN=%E3%84%85&SN2=%E3%84%85%E3%84%A7%E3%84%9D#selectL"
"ㄅ","ㄅㄧㄝ","鱉","https://dict.concised.moe.edu.tw/searchP.jsp?SN=%E3%84%85&SN2=%E3%84%85%E3%84%A7%E3%84%9D#selectL"
"ㄅ","ㄅㄧㄝˇ","癟","https://dict.concised.moe.edu.tw/searchP.jsp?SN=%E3%84%85&SN2=%E3%84%85%E3%84%A7%E3%84%9D%CB%87#selectL"
"ㄅ","ㄅㄧㄝˊ","別","https://dict.concised.moe.edu.tw/searchP.jsp?SN=%E3%84%85&SN2=%E3%84%85%E3%84%A7%E3%84%9D%CB%8A#selectL"
"ㄅ","ㄅㄧㄝˊ","蹩","https://dict.concised.moe.edu.tw/searchP.jsp?SN=%E3%84%85&SN2=%E3%84%85%E3%84%A7%E3%84%9D%CB%8A#selectL"
"ㄅ","ㄅㄧㄝˋ","彆","https://dict.concised.moe.edu.tw/searchP.jsp?SN=%E3%84%85&SN2=%E3%84%85%E3%84%A7%E3%84%9D%CB%8B#selectL"
"ㄅ","ㄅㄧㄠ","杓","https://dict.concised.moe.edu.tw/searchP.jsp?SN=%E3%84%85&SN2=%E3%84%85%E3%84%A7%E3%84%A0#selectL"
"ㄅ","ㄅㄧㄠ","髟","https://dict.concised.moe.edu.tw/searchP.jsp?SN=%E3%84%85&SN2=%E3%84%85%E3%84%A7%E3%84%A0#selectL"
"ㄅ","ㄅㄧㄠ","彪","https://dict.concised.moe.edu.tw/searchP.jsp?SN=%E3%84%85&SN2=%E3%84%85%E3%84%A7%E3%84%A0#selectL"
"ㄅ","ㄅㄧㄠ","標","https://dict.concised.moe.edu.tw/searchP.jsp?SN=%E3%84%85&SN2=%E3%84%85%E3%84%A7%E3%84%A0#selectL"
"ㄅ","ㄅㄧㄠ","鏢","https://dict.concised.moe.edu.tw/searchP.jsp?SN=%E3%84%85&SN2=%E3%84%85%E3%84%A7%E3%84%A0#selectL"
"ㄅ","ㄅㄧㄠ","飆","https://dict.concised.moe.edu.tw/searchP.jsp?SN=%E3%84%85&SN2=%E3%84%85%E3%84%A7%E3%84%A0#selectL"
"ㄅ","ㄅㄧㄠ","鑣","https://dict.concised.moe.edu.tw/searchP.jsp?SN=%E3%84%85&SN2=%E3%84%85%E3%84%A7%E3%84%A0#selectL"
"ㄅ","ㄅㄧㄠˇ","表","https://dict.concised.moe.edu.tw/searchP.jsp?SN=%E3%84%85&SN2=%E3%84%85%E3%84%A7%E3%84%A0%CB%87#selectL"
"ㄅ","ㄅㄧㄠˇ","婊","https://dict.concised.moe.edu.tw/searchP.jsp?SN=%E3%84%85&SN2=%E3%84%85%E3%84%A7%E3%84%A0%CB%87#selectL"
"ㄅ","ㄅㄧㄠˇ","裱","https://dict.concised.moe.edu.tw/searchP.jsp?SN=%E3%84%85&SN2=%E3%84%85%E3%84%A7%E3%84%A0%CB%87#selectL"
"ㄅ","ㄅㄧㄠˇ","錶","https://dict.concised.moe.edu.tw/searchP.jsp?SN=%E3%84%85&SN2=%E3%84%85%E3%84%A7%E3%84%A0%CB%87#selectL"
"ㄅ","ㄅㄧㄠˋ","摽","https://dict.concised.moe.edu.tw/searchP.jsp?SN=%E3%84%85&SN2=%E3%84%85%E3%84%A7%E3%84%A0%CB%8B#selectL"
"ㄅ","ㄅㄧㄠˋ","鰾","https://dict.concised.moe.edu.tw/searchP.jsp?SN=%E3%84%85&SN2=%E3%84%85%E3%84%A7%E3%84%A0%CB%8B#selectL"
"ㄅ","ㄅㄧㄢ","砭","https://dict.concised.moe.edu.tw/searchP.jsp?SN=%E3%84%85&SN2=%E3%84%85%E3%84%A7%E3%84%A2#selectL"
"ㄅ","ㄅㄧㄢ","編","https://dict.concised.moe.edu.tw/searchP.jsp?SN=%E3%84%85&SN2=%E3%84%85%E3%84%A7%E3%84%A2#selectL"
"ㄅ","ㄅㄧㄢ","蝙","https://dict.concised.moe.edu.tw/searchP.jsp?SN=%E3%84%85&SN2=%E3%84%85%E3%84%A7%E3%84%A2#selectL"
"ㄅ","ㄅㄧㄢ","鞭","https://dict.concised.moe.edu.tw/searchP.jsp?SN=%E3%84%85&SN2=%E3%84%85%E3%84%A7%E3%84%A2#selectL"
"ㄅ","ㄅㄧㄢ","邊","https://dict.concised.moe.edu.tw/searchP.jsp?SN=%E3%84%85&SN2=%E3%84%85%E3%84%A7%E3%84%A2#selectL"
"ㄅ","ㄅㄧㄢ","籩","https://dict.concised.moe.edu.tw/searchP.jsp?SN=%E3%84%85&SN2=%E3%84%85%E3%84%A7%E3%84%A2#selectL"
"ㄅ","ㄅㄧㄢˇ","扁","https://dict.concised.moe.edu.tw/searchP.jsp?SN=%E3%84%85&SN2=%E3%84%85%E3%84%A7%E3%84%A2%CB%87#selectL"
"ㄅ","ㄅㄧㄢˇ","窆","https://dict.concised.moe.edu.tw/searchP.jsp?SN=%E3%84%85&SN2=%E3%84%85%E3%84%A7%E3%84%A2%CB%87#selectL"
"ㄅ","ㄅㄧㄢˇ","匾","https://dict.concised.moe.edu.tw/searchP.jsp?SN=%E3%84%85&SN2=%E3%84%85%E3%84%A7%E3%84%A2%CB%87#selectL"
"ㄅ","ㄅㄧㄢˇ","貶","https://dict.concised.moe.edu.tw/searchP.jsp?SN=%E3%84%85&SN2=%E3%84%85%E3%84%A7%E3%84%A2%CB%87#selectL"
"ㄅ","ㄅㄧㄢˇ","褊","https://dict.concised.moe.edu.tw/searchP.jsp?SN=%E3%84%85&SN2=%E3%84%85%E3%84%A7%E3%84%A2%CB%87#selectL"
"ㄅ","ㄅㄧㄢˋ","卞","https://dict.concised.moe.edu.tw/searchP.jsp?SN=%E3%84%85&SN2=%E3%84%85%E3%84%A7%E3%84%A2%CB%8B#selectL"
"ㄅ","ㄅㄧㄢˋ","弁","https://dict.concised.moe.edu.tw/searchP.jsp?SN=%E3%84%85&SN2=%E3%84%85%E3%84%A7%E3%84%A2%CB%8B#selectL"
"ㄅ","ㄅㄧㄢˋ","汴","https://dict.concised.moe.edu.tw/searchP.jsp?SN=%E3%84%85&SN2=%E3%84%85%E3%84%A7%E3%84%A2%CB%8B#selectL"
"ㄅ","ㄅㄧㄢˋ","便","https://dict.concised.moe.edu.tw/searchP.jsp?SN=%E3%84%85&SN2=%E3%84%85%E3%84%A7%E3%84%A2%CB%8B#selectL"
"ㄅ","ㄅㄧㄢˋ","遍","https://dict.concised.moe.edu.tw/searchP.jsp?SN=%E3%84%85&SN2=%E3%84%85%E3%84%A7%E3%84%A2%CB%8B#selectL"
"ㄅ","ㄅㄧㄢˋ","辨","https://dict.concised.moe.edu.tw/searchP.jsp?SN=%E3%84%85&SN2=%E3%84%85%E3%84%A7%E3%84%A2%CB%8B#selectL"
"ㄅ","ㄅㄧㄢˋ","辮","https://dict.concised.moe.edu.tw/searchP.jsp?SN=%E3%84%85&SN2=%E3%84%85%E3%84%A7%E3%84%A2%CB%8B#selectL"
"ㄅ","ㄅㄧㄢˋ","辯","https://dict.concised.moe.edu.tw/searchP.jsp?SN=%E3%84%85&SN2=%E3%84%85%E3%84%A7%E3%84%A2%CB%8B#selectL"
"ㄅ","ㄅㄧㄢˋ","變","https://dict.concised.moe.edu.tw/searchP.jsp?SN=%E3%84%85&SN2=%E3%84%85%E3%84%A7%E3%84%A2%CB%8B#selectL"
"ㄅ","ㄅㄧㄣ","彬","https://dict.concised.moe.edu.tw/searchP.jsp?SN=%E3%84%85&SN2=%E3%84%85%E3%84%A7%E3%84%A3#selectL"
"ㄅ","ㄅㄧㄣ","斌","https://dict.concised.moe.edu.tw/searchP.jsp?SN=%E3%84%85&SN2=%E3%84%85%E3%84%A7%E3%84%A3#selectL"
"ㄅ","ㄅㄧㄣ","賓","https://dict.concised.moe.edu.tw/searchP.jsp?SN=%E3%84%85&SN2=%E3%84%85%E3%84%A7%E3%84%A3#selectL"
"ㄅ","ㄅㄧㄣ","儐","https://dict.concised.moe.edu.tw/searchP.jsp?SN=%E3%84%85&SN2=%E3%84%85%E3%84%A7%E3%84%A3#selectL"
"ㄅ","ㄅㄧㄣ","濱","https://dict.concised.moe.edu.tw/searchP.jsp?SN=%E3%84%85&SN2=%E3%84%85%E3%84%A7%E3%84%A3#selectL"
"ㄅ","ㄅㄧㄣ","檳","https://dict.concised.moe.edu.tw/searchP.jsp?SN=%E3%84%85&SN2=%E3%84%85%E3%84%A7%E3%84%A3#selectL"
"ㄅ","ㄅㄧㄣ","瀕","https://dict.concised.moe.edu.tw/searchP.jsp?SN=%E3%84%85&SN2=%E3%84%85%E3%84%A7%E3%84%A3#selectL"
"ㄅ","ㄅㄧㄣ","繽","https://dict.concised.moe.edu.tw/searchP.jsp?SN=%E3%84%85&SN2=%E3%84%85%E3%84%A7%E3%84%A3#selectL"
"ㄅ","ㄅㄧㄣˋ","擯","https://dict.concised.moe.edu.tw/searchP.jsp?SN=%E3%84%85&SN2=%E3%84%85%E3%84%A7%E3%84%A3%CB%8B#selectL"
"ㄅ","ㄅㄧㄣˋ","殯","https://dict.concised.moe.edu.tw/searchP.jsp?SN=%E3%84%85&SN2=%E3%84%85%E3%84%A7%E3%84%A3%CB%8B#selectL"
"ㄅ","ㄅㄧㄣˋ","臏","https://dict.concised.moe.edu.tw/searchP.jsp?SN=%E3%84%85&SN2=%E3%84%85%E3%84%A7%E3%84%A3%CB%8B#selectL"
"ㄅ","ㄅㄧㄣˋ","鬢","https://dict.concised.moe.edu.tw/searchP.jsp?SN=%E3%84%85&SN2=%E3%84%85%E3%84%A7%E3%84%A3%CB%8B#selectL"
"ㄅ","ㄅㄧㄥ","冰","https://dict.concised.moe.edu.tw/searchP.jsp?SN=%E3%84%85&SN2=%E3%84%85%E3%84%A7%E3%84%A5#selectL"
"ㄅ","ㄅㄧㄥ","并","https://dict.concised.moe.edu.tw/searchP.jsp?SN=%E3%84%85&SN2=%E3%84%85%E3%84%A7%E3%84%A5#selectL"
"ㄅ","ㄅㄧㄥ","兵","https://dict.concised.moe.edu.tw/searchP.jsp?SN=%E3%84%85&SN2=%E3%84%85%E3%84%A7%E3%84%A5#selectL"
"ㄅ","ㄅㄧㄥ","屏","https://dict.concised.moe.edu.tw/searchP.jsp?SN=%E3%84%85&SN2=%E3%84%85%E3%84%A7%E3%84%A5#selectL"
"ㄅ","ㄅㄧㄥˇ","丙","https://dict.concised.moe.edu.tw/searchP.jsp?SN=%E3%84%85&SN2=%E3%84%85%E3%84%A7%E3%84%A5%CB%87#selectL"
"ㄅ","ㄅㄧㄥˇ","秉","https://dict.concised.moe.edu.tw/searchP.jsp?SN=%E3%84%85&SN2=%E3%84%85%E3%84%A7%E3%84%A5%CB%87#selectL"
"ㄅ","ㄅㄧㄥˇ","屏","https://dict.concised.moe.edu.tw/searchP.jsp?SN=%E3%84%85&SN2=%E3%84%85%E3%84%A7%E3%84%A5%CB%87#selectL"
"ㄅ","ㄅㄧㄥˇ","柄","https://dict.concised.moe.edu.tw/searchP.jsp?SN=%E3%84%85&SN2=%E3%84%85%E3%84%A7%E3%84%A5%CB%87#selectL"
"ㄅ","ㄅㄧㄥˇ","炳","https://dict.concised.moe.edu.tw/searchP.jsp?SN=%E3%84%85&SN2=%E3%84%85%E3%84%A7%E3%84%A5%CB%87#selectL"
"ㄅ","ㄅㄧㄥˇ","稟","https://dict.concised.moe.edu.tw/searchP.jsp?SN=%E3%84%85&SN2=%E3%84%85%E3%84%A7%E3%84%A5%CB%87#selectL"
"ㄅ","ㄅㄧㄥˇ","餅","https://dict.concised.moe.edu.tw/searchP.jsp?SN=%E3%84%85&SN2=%E3%84%85%E3%84%A7%E3%84%A5%CB%87#selectL"
"ㄅ","ㄅㄧㄥˋ","并","https://dict.concised.moe.edu.tw/searchP.jsp?SN=%E3%84%85&SN2=%E3%84%85%E3%84%A7%E3%84%A5%CB%8B#selectL"
"ㄅ","ㄅㄧㄥˋ","並","https://dict.concised.moe.edu.tw/searchP.jsp?SN=%E3%84%85&SN2=%E3%84%85%E3%84%A7%E3%84%A5%CB%8B#selectL"
"ㄅ","ㄅㄧㄥˋ","併","https://dict.concised.moe.edu.tw/searchP.jsp?SN=%E3%84%85&SN2=%E3%84%85%E3%84%A7%E3%84%A5%CB%8B#selectL"
"ㄅ","ㄅㄧㄥˋ","病","https://dict.concised.moe.edu.tw/searchP.jsp?SN=%E3%84%85&SN2=%E3%84%85%E3%84%A7%E3%84%A5%CB%8B#selectL"
"ㄅ","ㄅㄧㄥˋ","摒","https://dict.concised.moe.edu.tw/searchP.jsp?SN=%E3%84%85&SN2=%E3%84%85%E3%84%A7%E3%84%A5%CB%8B#selectL"
"ㄅ","ㄅㄨ","逋","https://dict.concised.moe.edu.tw/searchP.jsp?SN=%E3%84%85&SN2=%E3%84%85%E3%84%A8#selectL"
"ㄅ","ㄅㄨ","餔","https://dict.concised.moe.edu.tw/searchP.jsp?SN=%E3%84%85&SN2=%E3%84%85%E3%84%A8#selectL"
"ㄅ","ㄅㄨˇ","卜","https://dict.concised.moe.edu.tw/searchP.jsp?SN=%E3%84%85&SN2=%E3%84%85%E3%84%A8%CB%87#selectL"
"ㄅ","ㄅㄨˇ","哺","https://dict.concised.moe.edu.tw/searchP.jsp?SN=%E3%84%85&SN2=%E3%84%85%E3%84%A8%CB%87#selectL"
"ㄅ","ㄅㄨˇ","捕","https://dict.concised.moe.edu.tw/searchP.jsp?SN=%E3%84%85&SN2=%E3%84%85%E3%84%A8%CB%87#selectL"
"ㄅ","ㄅㄨˇ","補","https://dict.concised.moe.edu.tw/searchP.jsp?SN=%E3%84%85&SN2=%E3%84%85%E3%84%A8%CB%87#selectL"
"ㄅ","ㄅㄨˋ","不","https://dict.concised.moe.edu.tw/searchP.jsp?SN=%E3%84%85&SN2=%E3%84%85%E3%84%A8%CB%8B#selectL"
"ㄅ","ㄅㄨˋ","布","https://dict.concised.moe.edu.tw/searchP.jsp?SN=%E3%84%85&SN2=%E3%84%85%E3%84%A8%CB%8B#selectL"
"ㄅ","ㄅㄨˋ","佈","https://dict.concised.moe.edu.tw/searchP.jsp?SN=%E3%84%85&SN2=%E3%84%85%E3%84%A8%CB%8B#selectL"
"ㄅ","ㄅㄨˋ","步","https://dict.concised.moe.edu.tw/searchP.jsp?SN=%E3%84%85&SN2=%E3%84%85%E3%84%A8%CB%8B#selectL"
"ㄅ","ㄅㄨˋ","怖","https://dict.concised.moe.edu.tw/searchP.jsp?SN=%E3%84%85&SN2=%E3%84%85%E3%84%A8%CB%8B#selectL"
"ㄅ","ㄅㄨˋ","埠","https://dict.concised.moe.edu.tw/searchP.jsp?SN=%E3%84%85&SN2=%E3%84%85%E3%84%A8%CB%8B#selectL"
"ㄅ","ㄅㄨˋ","部","https://dict.concised.moe.edu.tw/searchP.jsp?SN=%E3%84%85&SN2=%E3%84%85%E3%84%A8%CB%8B#selectL"
"ㄅ","ㄅㄨˋ","鈽","https://dict.concised.moe.edu.tw/searchP.jsp?SN=%E3%84%85&SN2=%E3%84%85%E3%84%A8%CB%8B#selectL"
"ㄅ","ㄅㄨˋ","簿","https://dict.concised.moe.edu.tw/searchP.jsp?SN=%E3%84%85&SN2=%E3%84%85%E3%84%A8%CB%8B#selectL"
"ㄆ","ㄆㄚ","趴","https://dict.concised.moe.edu.tw/searchP.jsp?SN=%E3%84%86&SN2=%E3%84%86%E3%84%9A#selectL"
"ㄆ","ㄆㄚ","啪","https://dict.concised.moe.edu.tw/searchP.jsp?SN=%E3%84%86&SN2=%E3%84%86%E3%84%9A#selectL"
"ㄆ","ㄆㄚ","葩","https://dict.concised.moe.edu.tw/searchP.jsp?SN=%E3%84%86&SN2=%E3%84%86%E3%84%9A#selectL"
"ㄆ","ㄆㄚˊ","扒","https://dict.concised.moe.edu.tw/searchP.jsp?SN=%E3%84%86&SN2=%E3%84%86%E3%84%9A%CB%8A#selectL"
"ㄆ","ㄆㄚˊ","杷","https://dict.concised.moe.edu.tw/searchP.jsp?SN=%E3%84%86&SN2=%E3%84%86%E3%84%9A%CB%8A#selectL"
"ㄆ","ㄆㄚˊ","爬","https://dict.concised.moe.edu.tw/searchP.jsp?SN=%E3%84%86&SN2=%E3%84%86%E3%84%9A%CB%8A#selectL"
"ㄆ","ㄆㄚˊ","耙","https://dict.concised.moe.edu.tw/searchP.jsp?SN=%E3%84%86&SN2=%E3%84%86%E3%84%9A%CB%8A#selectL"
"ㄆ","ㄆㄚˊ","琶","https://dict.concised.moe.edu.tw/searchP.jsp?SN=%E3%84%86&SN2=%E3%84%86%E3%84%9A%CB%8A#selectL"
"ㄆ","ㄆㄚˋ","帕","https://dict.concised.moe.edu.tw/searchP.jsp?SN=%E3%84%86&SN2=%E3%84%86%E3%84%9A%CB%8B#selectL"
"ㄆ","ㄆㄚˋ","怕","https://dict.concised.moe.edu.tw/searchP.jsp?SN=%E3%84%86&SN2=%E3%84%86%E3%84%9A%CB%8B#selectL"
"ㄆ","ㄆㄛ","坡","https://dict.concised.moe.edu.tw/searchP.jsp?SN=%E3%84%86&SN2=%E3%84%86%E3%84%9B#selectL"
"ㄆ","ㄆㄛ","潑","https://dict.concised.moe.edu.tw/searchP.jsp?SN=%E3%84%86&SN2=%E3%84%86%E3%84%9B#selectL"
"ㄆ","ㄆㄛˇ","叵","https://dict.concised.moe.edu.tw/searchP.jsp?SN=%E3%84%86&SN2=%E3%84%86%E3%84%9B%CB%87#selectL"
"ㄆ","ㄆㄛˇ","頗","https://dict.concised.moe.edu.tw/searchP.jsp?SN=%E3%84%86&SN2=%E3%84%86%E3%84%9B%CB%87#selectL"
"ㄆ","ㄆㄛˊ","婆","https://dict.concised.moe.edu.tw/searchP.jsp?SN=%E3%84%86&SN2=%E3%84%86%E3%84%9B%CB%8A#selectL"
"ㄆ","ㄆㄛˊ","鄱","https://dict.concised.moe.edu.tw/searchP.jsp?SN=%E3%84%86&SN2=%E3%84%86%E3%84%9B%CB%8A#selectL"
"ㄆ","ㄆㄛˊ","皤","https://dict.concised.moe.edu.tw/searchP.jsp?SN=%E3%84%86&SN2=%E3%84%86%E3%84%9B%CB%8A#selectL"
"ㄆ","ㄆㄛˊ","繁","https://dict.concised.moe.edu.tw/searchP.jsp?SN=%E3%84%86&SN2=%E3%84%86%E3%84%9B%CB%8A#selectL"
"ㄆ","ㄆㄛˋ","朴","https://dict.concised.moe.edu.tw/searchP.jsp?SN=%E3%84%86&SN2=%E3%84%86%E3%84%9B%CB%8B#selectL"
"ㄆ","ㄆㄛˋ","珀","https://dict.concised.moe.edu.tw/searchP.jsp?SN=%E3%84%86&SN2=%E3%84%86%E3%84%9B%CB%8B#selectL"
"ㄆ","ㄆㄛˋ","迫","https://dict.concised.moe.edu.tw/searchP.jsp?SN=%E3%84%86&SN2=%E3%84%86%E3%84%9B%CB%8B#selectL"
"ㄆ","ㄆㄛˋ","破","https://dict.concised.moe.edu.tw/searchP.jsp?SN=%E3%84%86&SN2=%E3%84%86%E3%84%9B%CB%8B#selectL"
"ㄆ","ㄆㄛˋ","粕","https://dict.concised.moe.edu.tw/searchP.jsp?SN=%E3%84%86&SN2=%E3%84%86%E3%84%9B%CB%8B#selectL"
"ㄆ","ㄆㄛˋ","魄","https://dict.concised.moe.edu.tw/searchP.jsp?SN=%E3%84%86&SN2=%E3%84%86%E3%84%9B%CB%8B#selectL"
"ㄆ","ㄆㄛˋ","醱","https://dict.concised.moe.edu.tw/searchP.jsp?SN=%E3%84%86&SN2=%E3%84%86%E3%84%9B%CB%8B#selectL"
"ㄆ","ㄆㄞ","拍","https://dict.concised.moe.edu.tw/searchP.jsp?SN=%E3%84%86&SN2=%E3%84%86%E3%84%9E#selectL"
"ㄆ","ㄆㄞˇ","排","https://dict.concised.moe.edu.tw/searchP.jsp?SN=%E3%84%86&SN2=%E3%84%86%E3%84%9E%CB%87#selectL"
"ㄆ","ㄆㄞˊ","俳","https://dict.concised.moe.edu.tw/searchP.jsp?SN=%E3%84%86&SN2=%E3%84%86%E3%84%9E%CB%8A#selectL"
"ㄆ","ㄆㄞˊ","徘","https://dict.concised.moe.edu.tw/searchP.jsp?SN=%E3%84%86&SN2=%E3%84%86%E3%84%9E%CB%8A#selectL"
"ㄆ","ㄆㄞˊ","排","https://dict.concised.moe.edu.tw/searchP.jsp?SN=%E3%84%86&SN2=%E3%84%86%E3%84%9E%CB%8A#selectL"
"ㄆ","ㄆㄞˊ","牌","https://dict.concised.moe.edu.tw/searchP.jsp?SN=%E3%84%86&SN2=%E3%84%86%E3%84%9E%CB%8A#selectL"
"ㄆ","ㄆㄞˋ","派","https://dict.concised.moe.edu.tw/searchP.jsp?SN=%E3%84%86&SN2=%E3%84%86%E3%84%9E%CB%8B#selectL"
"ㄆ","ㄆㄞˋ","湃","https://dict.concised.moe.edu.tw/searchP.jsp?SN=%E3%84%86&SN2=%E3%84%86%E3%84%9E%CB%8B#selectL"
"ㄆ","ㄆㄟ","坏","https://dict.concised.moe.edu.tw/searchP.jsp?SN=%E3%84%86&SN2=%E3%84%86%E3%84%9F#selectL"
"ㄆ","ㄆㄟ","呸","https://dict.concised.moe.edu.tw/searchP.jsp?SN=%E3%84%86&SN2=%E3%84%86%E3%84%9F#selectL"
"ㄆ","ㄆㄟ","坯","https://dict.concised.moe.edu.tw/searchP.jsp?SN=%E3%84%86&SN2=%E3%84%86%E3%84%9F#selectL"
"ㄆ","ㄆㄟ","胚","https://dict.concised.moe.edu.tw/searchP.jsp?SN=%E3%84%86&SN2=%E3%84%86%E3%84%9F#selectL"
"ㄆ","ㄆㄟ","醅","https://dict.concised.moe.edu.tw/searchP.jsp?SN=%E3%84%86&SN2=%E3%84%86%E3%84%9F#selectL"
"ㄆ","ㄆㄟˊ","培","https://dict.concised.moe.edu.tw/searchP.jsp?SN=%E3%84%86&SN2=%E3%84%86%E3%84%9F%CB%8A#selectL"
"ㄆ","ㄆㄟˊ","陪","https://dict.concised.moe.edu.tw/searchP.jsp?SN=%E3%84%86&SN2=%E3%84%86%E3%84%9F%CB%8A#selectL"
"ㄆ","ㄆㄟˊ","裴","https://dict.concised.moe.edu.tw/searchP.jsp?SN=%E3%84%86&SN2=%E3%84%86%E3%84%9F%CB%8A#selectL"
"ㄆ","ㄆㄟˊ","賠","https://dict.concised.moe.edu.tw/searchP.jsp?SN=%E3%84%86&SN2=%E3%84%86%E3%84%9F%CB%8A#selectL"
"ㄆ","ㄆㄟˋ","沛","https://dict.concised.moe.edu.tw/searchP.jsp?SN=%E3%84%86&SN2=%E3%84%86%E3%84%9F%CB%8B#selectL"
"ㄆ","ㄆㄟˋ","佩","https://dict.concised.moe.edu.tw/searchP.jsp?SN=%E3%84%86&SN2=%E3%84%86%E3%84%9F%CB%8B#selectL"
"ㄆ","ㄆㄟˋ","帔","https://dict.concised.moe.edu.tw/searchP.jsp?SN=%E3%84%86&SN2=%E3%84%86%E3%84%9F%CB%8B#selectL"
"ㄆ","ㄆㄟˋ","旆","https://dict.concised.moe.edu.tw/searchP.jsp?SN=%E3%84%86&SN2=%E3%84%86%E3%84%9F%CB%8B#selectL"
"ㄆ","ㄆㄟˋ","珮","https://dict.concised.moe.edu.tw/searchP.jsp?SN=%E3%84%86&SN2=%E3%84%86%E3%84%9F%CB%8B#selectL"
"ㄆ","ㄆㄟˋ","配","https://dict.concised.moe.edu.tw/searchP.jsp?SN=%E3%84%86&SN2=%E3%84%86%E3%84%9F%CB%8B#selectL"
"ㄆ","ㄆㄟˋ","霈","https://dict.concised.moe.edu.tw/searchP.jsp?SN=%E3%84%86&SN2=%E3%84%86%E3%84%9F%CB%8B#selectL"
"ㄆ","ㄆㄟˋ","轡","https://dict.concised.moe.edu.tw/searchP.jsp?SN=%E3%84%86&SN2=%E3%84%86%E3%84%9F%CB%8B#selectL"
"ㄆ","ㄆㄠ","拋","https://dict.concised.moe.edu.tw/searchP.jsp?SN=%E3%84%86&SN2=%E3%84%86%E3%84%A0#selectL"
"ㄆ","ㄆㄠ","泡","https://dict.concised.moe.edu.tw/searchP.jsp?SN=%E3%84%86&SN2=%E3%84%86%E3%84%A0#selectL"
"ㄆ","ㄆㄠˇ","跑","https://dict.concised.moe.edu.tw/searchP.jsp?SN=%E3%84%86&SN2=%E3%84%86%E3%84%A0%CB%87#selectL"
"ㄆ","ㄆㄠˊ","刨","https://dict.concised.moe.edu.tw/searchP.jsp?SN=%E3%84%86&SN2=%E3%84%86%E3%84%A0%CB%8A#selectL"
"ㄆ","ㄆㄠˊ","咆","https://dict.concised.moe.edu.tw/searchP.jsp?SN=%E3%84%86&SN2=%E3%84%86%E3%84%A0%CB%8A#selectL"
"ㄆ","ㄆㄠˊ","庖","https://dict.concised.moe.edu.tw/searchP.jsp?SN=%E3%84%86&SN2=%E3%84%86%E3%84%A0%CB%8A#selectL"
"ㄆ","ㄆㄠˊ","炮","https://dict.concised.moe.edu.tw/searchP.jsp?SN=%E3%84%86&SN2=%E3%84%86%E3%84%A0%CB%8A#selectL"
"ㄆ","ㄆㄠˊ","匏","https://dict.concised.moe.edu.tw/searchP.jsp?SN=%E3%84%86&SN2=%E3%84%86%E3%84%A0%CB%8A#selectL"
"ㄆ","ㄆㄠˊ","袍","https://dict.concised.moe.edu.tw/searchP.jsp?SN=%E3%84%86&SN2=%E3%84%86%E3%84%A0%CB%8A#selectL"
"ㄆ","ㄆㄠˊ","跑","https://dict.concised.moe.edu.tw/searchP.jsp?SN=%E3%84%86&SN2=%E3%84%86%E3%84%A0%CB%8A#selectL"
"ㄆ","ㄆㄠˋ","泡","https://dict.concised.moe.edu.tw/searchP.jsp?SN=%E3%84%86&SN2=%E3%84%86%E3%84%A0%CB%8B#selectL"
"ㄆ","ㄆㄠˋ","炮","https://dict.concised.moe.edu.tw/searchP.jsp?SN=%E3%84%86&SN2=%E3%84%86%E3%84%A0%CB%8B#selectL"
"ㄆ","ㄆㄠˋ","疱","https://dict.concised.moe.edu.tw/searchP.jsp?SN=%E3%84%86&SN2=%E3%84%86%E3%84%A0%CB%8B#selectL"
"ㄆ","ㄆㄠˋ","皰","https://dict.concised.moe.edu.tw/searchP.jsp?SN=%E3%84%86&SN2=%E3%84%86%E3%84%A0%CB%8B#selectL"
"ㄆ","ㄆㄠˋ","砲","https://dict.concised.moe.edu.tw/searchP.jsp?SN=%E3%84%86&SN2=%E3%84%86%E3%84%A0%CB%8B#selectL"
"ㄆ","ㄆㄡˇ","剖","https://dict.concised.moe.edu.tw/searchP.jsp?SN=%E3%84%86&SN2=%E3%84%86%E3%84%A1%CB%87#selectL"
"ㄆ","ㄆㄡˇ","培","https://dict.concised.moe.edu.tw/searchP.jsp?SN=%E3%84%86&SN2=%E3%84%86%E3%84%A1%CB%87#selectL"
"ㄆ","ㄆㄢ","番","https://dict.concised.moe.edu.tw/searchP.jsp?SN=%E3%84%86&SN2=%E3%84%86%E3%84%A2#selectL"
"ㄆ","ㄆㄢ","潘","https://dict.concised.moe.edu.tw/searchP.jsp?SN=%E3%84%86&SN2=%E3%84%86%E3%84%A2#selectL"
"ㄆ","ㄆㄢ","攀","https://dict.concised.moe.edu.tw/searchP.jsp?SN=%E3%84%86&SN2=%E3%84%86%E3%84%A2#selectL"
"ㄆ","ㄆㄢˊ","胖","https://dict.concised.moe.edu.tw/searchP.jsp?SN=%E3%84%86&SN2=%E3%84%86%E3%84%A2%CB%8A#selectL"
"ㄆ","ㄆㄢˊ","般","https://dict.concised.moe.edu.tw/searchP.jsp?SN=%E3%84%86&SN2=%E3%84%86%E3%84%A2%CB%8A#selectL"
"ㄆ","ㄆㄢˊ","槃","https://dict.concised.moe.edu.tw/searchP.jsp?SN=%E3%84%86&SN2=%E3%84%86%E3%84%A2%CB%8A#selectL"
"ㄆ","ㄆㄢˊ","盤","https://dict.concised.moe.edu.tw/searchP.jsp?SN=%E3%84%86&SN2=%E3%84%86%E3%84%A2%CB%8A#selectL"
"ㄆ","ㄆㄢˊ","磐","https://dict.concised.moe.edu.tw/searchP.jsp?SN=%E3%84%86&SN2=%E3%84%86%E3%84%A2%CB%8A#selectL"
"ㄆ","ㄆㄢˊ","蟠","https://dict.concised.moe.edu.tw/searchP.jsp?SN=%E3%84%86&SN2=%E3%84%86%E3%84%A2%CB%8A#selectL"
"ㄆ","ㄆㄢˋ","判","https://dict.concised.moe.edu.tw/searchP.jsp?SN=%E3%84%86&SN2=%E3%84%86%E3%84%A2%CB%8B#selectL"
"ㄆ","ㄆㄢˋ","拚","https://dict.concised.moe.edu.tw/searchP.jsp?SN=%E3%84%86&SN2=%E3%84%86%E3%84%A2%CB%8B#selectL"
"ㄆ","ㄆㄢˋ","泮","https://dict.concised.moe.edu.tw/searchP.jsp?SN=%E3%84%86&SN2=%E3%84%86%E3%84%A2%CB%8B#selectL"
"ㄆ","ㄆㄢˋ","叛","https://dict.concised.moe.edu.tw/searchP.jsp?SN=%E3%84%86&SN2=%E3%84%86%E3%84%A2%CB%8B#selectL"
"ㄆ","ㄆㄢˋ","盼","https://dict.concised.moe.edu.tw/searchP.jsp?SN=%E3%84%86&SN2=%E3%84%86%E3%84%A2%CB%8B#selectL"
"ㄆ","ㄆㄢˋ","畔","https://dict.concised.moe.edu.tw/searchP.jsp?SN=%E3%84%86&SN2=%E3%84%86%E3%84%A2%CB%8B#selectL"
"ㄆ","ㄆㄣ","噴","https://dict.concised.moe.edu.tw/searchP.jsp?SN=%E3%84%86&SN2=%E3%84%86%E3%84%A3#selectL"
"ㄆ","ㄆㄣˊ","盆","https://dict.concised.moe.edu.tw/searchP.jsp?SN=%E3%84%86&SN2=%E3%84%86%E3%84%A3%CB%8A#selectL"
"ㄆ","ㄆㄣˋ","噴","https://dict.concised.moe.edu.tw/searchP.jsp?SN=%E3%84%86&SN2=%E3%84%86%E3%84%A3%CB%8B#selectL"
"ㄆ","ㄆㄤ","乓","https://dict.concised.moe.edu.tw/searchP.jsp?SN=%E3%84%86&SN2=%E3%84%86%E3%84%A4#selectL"
"ㄆ","ㄆㄤ","滂","https://dict.concised.moe.edu.tw/searchP.jsp?SN=%E3%84%86&SN2=%E3%84%86%E3%84%A4#selectL"
"ㄆ","ㄆㄤ","膀","https://dict.concised.moe.edu.tw/searchP.jsp?SN=%E3%84%86&SN2=%E3%84%86%E3%84%A4#selectL"
"ㄆ","ㄆㄤ","磅","https://dict.concised.moe.edu.tw/searchP.jsp?SN=%E3%84%86&SN2=%E3%84%86%E3%84%A4#selectL"
"ㄆ","ㄆㄤˊ","彷","https://dict.concised.moe.edu.tw/searchP.jsp?SN=%E3%84%86&SN2=%E3%84%86%E3%84%A4%CB%8A#selectL"
"ㄆ","ㄆㄤˊ","旁","https://dict.concised.moe.edu.tw/searchP.jsp?SN=%E3%84%86&SN2=%E3%84%86%E3%84%A4%CB%8A#selectL"
"ㄆ","ㄆㄤˊ","逄","https://dict.concised.moe.edu.tw/searchP.jsp?SN=%E3%84%86&SN2=%E3%84%86%E3%84%A4%CB%8A#selectL"
"ㄆ","ㄆㄤˊ","傍","https://dict.concised.moe.edu.tw/searchP.jsp?SN=%E3%84%86&SN2=%E3%84%86%E3%84%A4%CB%8A#selectL"
"ㄆ","ㄆㄤˊ","雱","https://dict.concised.moe.edu.tw/searchP.jsp?SN=%E3%84%86&SN2=%E3%84%86%E3%84%A4%CB%8A#selectL"
"ㄆ","ㄆㄤˊ","徬","https://dict.concised.moe.edu.tw/searchP.jsp?SN=%E3%84%86&SN2=%E3%84%86%E3%84%A4%CB%8A#selectL"
"ㄆ","ㄆㄤˊ","膀","https://dict.concised.moe.edu.tw/searchP.jsp?SN=%E3%84%86&SN2=%E3%84%86%E3%84%A4%CB%8A#selectL"
"ㄆ","ㄆㄤˊ","篣","https://dict.concised.moe.edu.tw/searchP.jsp?SN=%E3%84%86&SN2=%E3%84%86%E3%84%A4%CB%8A#selectL"
"ㄆ","ㄆㄤˊ","螃","https://dict.concised.moe.edu.tw/searchP.jsp?SN=%E3%84%86&SN2=%E3%84%86%E3%84%A4%CB%8A#selectL"
"ㄆ","ㄆㄤˊ","龐","https://dict.concised.moe.edu.tw/searchP.jsp?SN=%E3%84%86&SN2=%E3%84%86%E3%84%A4%CB%8A#selectL"
"ㄆ","ㄆㄤˋ","胖","https://dict.concised.moe.edu.tw/searchP.jsp?SN=%E3%84%86&SN2=%E3%84%86%E3%84%A4%CB%8B#selectL"
"ㄆ","ㄆㄥ","亨","https://dict.concised.moe.edu.tw/searchP.jsp?SN=%E3%84%86&SN2=%E3%84%86%E3%84%A5#selectL"
"ㄆ","ㄆㄥ","怦","https://dict.concised.moe.edu.tw/searchP.jsp?SN=%E3%84%86&SN2=%E3%84%86%E3%84%A5#selectL"
"ㄆ","ㄆㄥ","抨","https://dict.concised.moe.edu.tw/searchP.jsp?SN=%E3%84%86&SN2=%E3%84%86%E3%84%A5#selectL"
"ㄆ","ㄆㄥ","砰","https://dict.concised.moe.edu.tw/searchP.jsp?SN=%E3%84%86&SN2=%E3%84%86%E3%84%A5#selectL"
"ㄆ","ㄆㄥ","烹","https://dict.concised.moe.edu.tw/searchP.jsp?SN=%E3%84%86&SN2=%E3%84%86%E3%84%A5#selectL"
"ㄆ","ㄆㄥ","澎","https://dict.concised.moe.edu.tw/searchP.jsp?SN=%E3%84%86&SN2=%E3%84%86%E3%84%A5#selectL"
"ㄆ","ㄆㄥˇ","捧","https://dict.concised.moe.edu.tw/searchP.jsp?SN=%E3%84%86&SN2=%E3%84%86%E3%84%A5%CB%87#selectL"
"ㄆ","ㄆㄥˊ","芃","https://dict.concised.moe.edu.tw/searchP.jsp?SN=%E3%84%86&SN2=%E3%84%86%E3%84%A5%CB%8A#selectL"
"ㄆ","ㄆㄥˊ","朋","https://dict.concised.moe.edu.tw/searchP.jsp?SN=%E3%84%86&SN2=%E3%84%86%E3%84%A5%CB%8A#selectL"
"ㄆ","ㄆㄥˊ","逢","https://dict.concised.moe.edu.tw/searchP.jsp?SN=%E3%84%86&SN2=%E3%84%86%E3%84%A5%CB%8A#selectL"
"ㄆ","ㄆㄥˊ","彭","https://dict.concised.moe.edu.tw/searchP.jsp?SN=%E3%84%86&SN2=%E3%84%86%E3%84%A5%CB%8A#selectL"
"ㄆ","ㄆㄥˊ","棚","https://dict.concised.moe.edu.tw/searchP.jsp?SN=%E3%84%86&SN2=%E3%84%86%E3%84%A5%CB%8A#selectL"
"ㄆ","ㄆㄥˊ","硼","https://dict.concised.moe.edu.tw/searchP.jsp?SN=%E3%84%86&SN2=%E3%84%86%E3%84%A5%CB%8A#selectL"
"ㄆ","ㄆㄥˊ","澎","https://dict.concised.moe.edu.tw/searchP.jsp?SN=%E3%84%86&SN2=%E3%84%86%E3%84%A5%CB%8A#selectL"
"ㄆ","ㄆㄥˊ","蓬","https://dict.concised.moe.edu.tw/searchP.jsp?SN=%E3%84%86&SN2=%E3%84%86%E3%84%A5%CB%8A#selectL"
"ㄆ","ㄆㄥˊ","膨","https://dict.concised.moe.edu.tw/searchP.jsp?SN=%E3%84%86&SN2=%E3%84%86%E3%84%A5%CB%8A#selectL"
"ㄆ","ㄆㄥˊ","篷","https://dict.concised.moe.edu.tw/searchP.jsp?SN=%E3%84%86&SN2=%E3%84%86%E3%84%A5%CB%8A#selectL"
"ㄆ","ㄆㄥˊ","鵬","https://dict.concised.moe.edu.tw/searchP.jsp?SN=%E3%84%86&SN2=%E3%84%86%E3%84%A5%CB%8A#selectL"
"ㄆ","ㄆㄥˋ","椪","https://dict.concised.moe.edu.tw/searchP.jsp?SN=%E3%84%86&SN2=%E3%84%86%E3%84%A5%CB%8B#selectL"
"ㄆ","ㄆㄥˋ","碰","https://dict.concised.moe.edu.tw/searchP.jsp?SN=%E3%84%86&SN2=%E3%84%86%E3%84%A5%CB%8B#selectL"
"ㄆ","ㄆㄧ","匹","https://dict.concised.moe.edu.tw/searchP.jsp?SN=%E3%84%86&SN2=%E3%84%86%E3%84%A7#selectL"
"ㄆ","ㄆㄧ","丕","https://dict.concised.moe.edu.tw/searchP.jsp?SN=%E3%84%86&SN2=%E3%84%86%E3%84%A7#selectL"
"ㄆ","ㄆㄧ","批","https://dict.concised.moe.edu.tw/searchP.jsp?SN=%E3%84%86&SN2=%E3%84%86%E3%84%A7#selectL"
"ㄆ","ㄆㄧ","披","https://dict.concised.moe.edu.tw/searchP.jsp?SN=%E3%84%86&SN2=%E3%84%86%E3%84%A7#selectL"
"ㄆ","ㄆㄧ","砒","https://dict.concised.moe.edu.tw/searchP.jsp?SN=%E3%84%86&SN2=%E3%84%86%E3%84%A7#selectL"
"ㄆ","ㄆㄧ","紕","https://dict.concised.moe.edu.tw/searchP.jsp?SN=%E3%84%86&SN2=%E3%84%86%E3%84%A7#selectL"
"ㄆ","ㄆㄧ","被","https://dict.concised.moe.edu.tw/searchP.jsp?SN=%E3%84%86&SN2=%E3%84%86%E3%84%A7#selectL"
"ㄆ","ㄆㄧ","劈","https://dict.concised.moe.edu.tw/searchP.jsp?SN=%E3%84%86&SN2=%E3%84%86%E3%84%A7#selectL"
"ㄆ","ㄆㄧ","霹","https://dict.concised.moe.edu.tw/searchP.jsp?SN=%E3%84%86&SN2=%E3%84%86%E3%84%A7#selectL"
"ㄆ","ㄆㄧˇ","匹","https://dict.concised.moe.edu.tw/searchP.jsp?SN=%E3%84%86&SN2=%E3%84%86%E3%84%A7%CB%87#selectL"
"ㄆ","ㄆㄧˇ","疋","https://dict.concised.moe.edu.tw/searchP.jsp?SN=%E3%84%86&SN2=%E3%84%86%E3%84%A7%CB%87#selectL"
"ㄆ","ㄆㄧˇ","仳","https://dict.concised.moe.edu.tw/searchP.jsp?SN=%E3%84%86&SN2=%E3%84%86%E3%84%A7%CB%87#selectL"
"ㄆ","ㄆㄧˇ","圮","https://dict.concised.moe.edu.tw/searchP.jsp?SN=%E3%84%86&SN2=%E3%84%86%E3%84%A7%CB%87#selectL"
"ㄆ","ㄆㄧˇ","否","https://dict.concised.moe.edu.tw/searchP.jsp?SN=%E3%84%86&SN2=%E3%84%86%E3%84%A7%CB%87#selectL"
"ㄆ","ㄆㄧˇ","痞","https://dict.concised.moe.edu.tw/searchP.jsp?SN=%E3%84%86&SN2=%E3%84%86%E3%84%A7%CB%87#selectL"
"ㄆ","ㄆㄧˇ","癖","https://dict.concised.moe.edu.tw/searchP.jsp?SN=%E3%84%86&SN2=%E3%84%86%E3%84%A7%CB%87#selectL"
"ㄆ","ㄆㄧˇ","嚭","https://dict.concised.moe.edu.tw/searchP.jsp?SN=%E3%84%86&SN2=%E3%84%86%E3%84%A7%CB%87#selectL"
"ㄆ","ㄆㄧˊ","比","https://dict.concised.moe.edu.tw/searchP.jsp?SN=%E3%84%86&SN2=%E3%84%86%E3%84%A7%CB%8A#selectL"
"ㄆ","ㄆㄧˊ","皮","https://dict.concised.moe.edu.tw/searchP.jsp?SN=%E3%84%86&SN2=%E3%84%86%E3%84%A7%CB%8A#selectL"
"ㄆ","ㄆㄧˊ","枇","https://dict.concised.moe.edu.tw/searchP.jsp?SN=%E3%84%86&SN2=%E3%84%86%E3%84%A7%CB%8A#selectL"
"ㄆ","ㄆㄧˊ","毗","https://dict.concised.moe.edu.tw/searchP.jsp?SN=%E3%84%86&SN2=%E3%84%86%E3%84%A7%CB%8A#selectL"
"ㄆ","ㄆㄧˊ","疲","https://dict.concised.moe.edu.tw/searchP.jsp?SN=%E3%84%86&SN2=%E3%84%86%E3%84%A7%CB%8A#selectL"
"ㄆ","ㄆㄧˊ","蚍","https://dict.concised.moe.edu.tw/searchP.jsp?SN=%E3%84%86&SN2=%E3%84%86%E3%84%A7%CB%8A#selectL"
"ㄆ","ㄆㄧˊ","啤","https://dict.concised.moe.edu.tw/searchP.jsp?SN=%E3%84%86&SN2=%E3%84%86%E3%84%A7%CB%8A#selectL"
"ㄆ","ㄆㄧˊ","埤","https://dict.concised.moe.edu.tw/searchP.jsp?SN=%E3%84%86&SN2=%E3%84%86%E3%84%A7%CB%8A#selectL"
"ㄆ","ㄆㄧˊ","琵","https://dict.concised.moe.edu.tw/searchP.jsp?SN=%E3%84%86&SN2=%E3%84%86%E3%84%A7%CB%8A#selectL"
"ㄆ","ㄆㄧˊ","脾","https://dict.concised.moe.edu.tw/searchP.jsp?SN=%E3%84%86&SN2=%E3%84%86%E3%84%A7%CB%8A#selectL"
"ㄆ","ㄆㄧˊ","裨","https://dict.concised.moe.edu.tw/searchP.jsp?SN=%E3%84%86&SN2=%E3%84%86%E3%84%A7%CB%8A#selectL"
"ㄆ","ㄆㄧˊ","罷","https://dict.concised.moe.edu.tw/searchP.jsp?SN=%E3%84%86&SN2=%E3%84%86%E3%84%A7%CB%8A#selectL"
"ㄆ","ㄆㄧˊ","羆","https://dict.concised.moe.edu.tw/searchP.jsp?SN=%E3%84%86&SN2=%E3%84%86%E3%84%A7%CB%8A#selectL"
"ㄆ","ㄆㄧˊ","鼙","https://dict.concised.moe.edu.tw/searchP.jsp?SN=%E3%84%86&SN2=%E3%84%86%E3%84%A7%CB%8A#selectL"
"ㄆ","ㄆㄧˋ","屁","https://dict.concised.moe.edu.tw/searchP.jsp?SN=%E3%84%86&SN2=%E3%84%86%E3%84%A7%CB%8B#selectL"
"ㄆ","ㄆㄧˋ","副","https://dict.concised.moe.edu.tw/searchP.jsp?SN=%E3%84%86&SN2=%E3%84%86%E3%84%A7%CB%8B#selectL"
"ㄆ","ㄆㄧˋ","媲","https://dict.concised.moe.edu.tw/searchP.jsp?SN=%E3%84%86&SN2=%E3%84%86%E3%84%A7%CB%8B#selectL"
"ㄆ","ㄆㄧˋ","辟","https://dict.concised.moe.edu.tw/searchP.jsp?SN=%E3%84%86&SN2=%E3%84%86%E3%84%A7%CB%8B#selectL"
"ㄆ","ㄆㄧˋ","僻","https://dict.concised.moe.edu.tw/searchP.jsp?SN=%E3%84%86&SN2=%E3%84%86%E3%84%A7%CB%8B#selectL"
"ㄆ","ㄆㄧˋ","譬","https://dict.concised.moe.edu.tw/searchP.jsp?SN=%E3%84%86&SN2=%E3%84%86%E3%84%A7%CB%8B#selectL"
"ㄆ","ㄆㄧˋ","闢","https://dict.concised.moe.edu.tw/searchP.jsp?SN=%E3%84%86&SN2=%E3%84%86%E3%84%A7%CB%8B#selectL"
"ㄆ","ㄆㄧㄝ","撇","https://dict.concised.moe.edu.tw/searchP.jsp?SN=%E3%84%86&SN2=%E3%84%86%E3%84%A7%E3%84%9D#selectL"
"ㄆ","ㄆㄧㄝ","瞥","https://dict.concised.moe.edu.tw/searchP.jsp?SN=%E3%84%86&SN2=%E3%84%86%E3%84%A7%E3%84%9D#selectL"
"ㄆ","ㄆㄧㄝˇ","撇","https://dict.concised.moe.edu.tw/searchP.jsp?SN=%E3%84%86&SN2=%E3%84%86%E3%84%A7%E3%84%9D%CB%87#selectL"
"ㄆ","ㄆㄧㄠ","嫖","https://dict.concised.moe.edu.tw/searchP.jsp?SN=%E3%84%86&SN2=%E3%84%86%E3%84%A7%E3%84%A0#selectL"
"ㄆ","ㄆㄧㄠ","漂","https://dict.concised.moe.edu.tw/searchP.jsp?SN=%E3%84%86&SN2=%E3%84%86%E3%84%A7%E3%84%A0#selectL"
"ㄆ","ㄆㄧㄠ","飄","https://dict.concised.moe.edu.tw/searchP.jsp?SN=%E3%84%86&SN2=%E3%84%86%E3%84%A7%E3%84%A0#selectL"
"ㄆ","ㄆㄧㄠˇ","摽","https://dict.concised.moe.edu.tw/searchP.jsp?SN=%E3%84%86&SN2=%E3%84%86%E3%84%A7%E3%84%A0%CB%87#selectL"
"ㄆ","ㄆㄧㄠˇ","漂","https://dict.concised.moe.edu.tw/searchP.jsp?SN=%E3%84%86&SN2=%E3%84%86%E3%84%A7%E3%84%A0%CB%87#selectL"
"ㄆ","ㄆㄧㄠˇ","瞟","https://dict.concised.moe.edu.tw/searchP.jsp?SN=%E3%84%86&SN2=%E3%84%86%E3%84%A7%E3%84%A0%CB%87#selectL"
"ㄆ","ㄆㄧㄠˇ","縹","https://dict.concised.moe.edu.tw/searchP.jsp?SN=%E3%84%86&SN2=%E3%84%86%E3%84%A7%E3%84%A0%CB%87#selectL"
"ㄆ","ㄆㄧㄠˊ","朴","https://dict.concised.moe.edu.tw/searchP.jsp?SN=%E3%84%86&SN2=%E3%84%86%E3%84%A7%E3%84%A0%CB%8A#selectL"
"ㄆ","ㄆㄧㄠˊ","嫖","https://dict.concised.moe.edu.tw/searchP.jsp?SN=%E3%84%86&SN2=%E3%84%86%E3%84%A7%E3%84%A0%CB%8A#selectL"
"ㄆ","ㄆㄧㄠˊ","瓢","https://dict.concised.moe.edu.tw/searchP.jsp?SN=%E3%84%86&SN2=%E3%84%86%E3%84%A7%E3%84%A0%CB%8A#selectL"
"ㄆ","ㄆㄧㄠˋ","票","https://dict.concised.moe.edu.tw/searchP.jsp?SN=%E3%84%86&SN2=%E3%84%86%E3%84%A7%E3%84%A0%CB%8B#selectL"
"ㄆ","ㄆㄧㄠˋ","剽","https://dict.concised.moe.edu.tw/searchP.jsp?SN=%E3%84%86&SN2=%E3%84%86%E3%84%A7%E3%84%A0%CB%8B#selectL"
"ㄆ","ㄆㄧㄠˋ","慓","https://dict.concised.moe.edu.tw/searchP.jsp?SN=%E3%84%86&SN2=%E3%84%86%E3%84%A7%E3%84%A0%CB%8B#selectL"
"ㄆ","ㄆㄧㄠˋ","漂","https://dict.concised.moe.edu.tw/searchP.jsp?SN=%E3%84%86&SN2=%E3%84%86%E3%84%A7%E3%84%A0%CB%8B#selectL"
"ㄆ","ㄆㄧㄠˋ","驃","https://dict.concised.moe.edu.tw/searchP.jsp?SN=%E3%84%86&SN2=%E3%84%86%E3%84%A7%E3%84%A0%CB%8B#selectL"
"ㄆ","ㄆㄧㄢ","扁","https://dict.concised.moe.edu.tw/searchP.jsp?SN=%E3%84%86&SN2=%E3%84%86%E3%84%A7%E3%84%A2#selectL"
"ㄆ","ㄆㄧㄢ","偏","https://dict.concised.moe.edu.tw/searchP.jsp?SN=%E3%84%86&SN2=%E3%84%86%E3%84%A7%E3%84%A2#selectL"
"ㄆ","ㄆㄧㄢ","篇","https://dict.concised.moe.edu.tw/searchP.jsp?SN=%E3%84%86&SN2=%E3%84%86%E3%84%A7%E3%84%A2#selectL"
"ㄆ","ㄆㄧㄢ","翩","https://dict.concised.moe.edu.tw/searchP.jsp?SN=%E3%84%86&SN2=%E3%84%86%E3%84%A7%E3%84%A2#selectL"
"ㄆ","ㄆㄧㄢˊ","便","https://dict.concised.moe.edu.tw/searchP.jsp?SN=%E3%84%86&SN2=%E3%84%86%E3%84%A7%E3%84%A2%CB%8A#selectL"
"ㄆ","ㄆㄧㄢˊ","胼","https://dict.concised.moe.edu.tw/searchP.jsp?SN=%E3%84%86&SN2=%E3%84%86%E3%84%A7%E3%84%A2%CB%8A#selectL"
"ㄆ","ㄆㄧㄢˊ","駢","https://dict.concised.moe.edu.tw/searchP.jsp?SN=%E3%84%86&SN2=%E3%84%86%E3%84%A7%E3%84%A2%CB%8A#selectL"
"ㄆ","ㄆㄧㄢˋ","片","https://dict.concised.moe.edu.tw/searchP.jsp?SN=%E3%84%86&SN2=%E3%84%86%E3%84%A7%E3%84%A2%CB%8B#selectL"
"ㄆ","ㄆㄧㄢˋ","騙","https://dict.concised.moe.edu.tw/searchP.jsp?SN=%E3%84%86&SN2=%E3%84%86%E3%84%A7%E3%84%A2%CB%8B#selectL"
"ㄆ","ㄆㄧㄣ","姘","https://dict.concised.moe.edu.tw/searchP.jsp?SN=%E3%84%86&SN2=%E3%84%86%E3%84%A7%E3%84%A3#selectL"
"ㄆ","ㄆㄧㄣ","拼","https://dict.concised.moe.edu.tw/searchP.jsp?SN=%E3%84%86&SN2=%E3%84%86%E3%84%A7%E3%84%A3#selectL"
"ㄆ","ㄆㄧㄣˇ","品","https://dict.concised.moe.edu.tw/searchP.jsp?SN=%E3%84%86&SN2=%E3%84%86%E3%84%A7%E3%84%A3%CB%87#selectL"
"ㄆ","ㄆㄧㄣˊ","貧","https://dict.concised.moe.edu.tw/searchP.jsp?SN=%E3%84%86&SN2=%E3%84%86%E3%84%A7%E3%84%A3%CB%8A#selectL"
"ㄆ","ㄆㄧㄣˊ","頻","https://dict.concised.moe.edu.tw/searchP.jsp?SN=%E3%84%86&SN2=%E3%84%86%E3%84%A7%E3%84%A3%CB%8A#selectL"
"ㄆ","ㄆㄧㄣˊ","嬪","https://dict.concised.moe.edu.tw/searchP.jsp?SN=%E3%84%86&SN2=%E3%84%86%E3%84%A7%E3%84%A3%CB%8A#selectL"
"ㄆ","ㄆㄧㄣˊ","蘋","https://dict.concised.moe.edu.tw/searchP.jsp?SN=%E3%84%86&SN2=%E3%84%86%E3%84%A7%E3%84%A3%CB%8A#selectL"
"ㄆ","ㄆㄧㄣˊ","顰","https://dict.concised.moe.edu.tw/searchP.jsp?SN=%E3%84%86&SN2=%E3%84%86%E3%84%A7%E3%84%A3%CB%8A#selectL"
"ㄆ","ㄆㄧㄣˋ","牝","https://dict.concised.moe.edu.tw/searchP.jsp?SN=%E3%84%86&SN2=%E3%84%86%E3%84%A7%E3%84%A3%CB%8B#selectL"
"ㄆ","ㄆㄧㄥ","乒","https://dict.concised.moe.edu.tw/searchP.jsp?SN=%E3%84%86&SN2=%E3%84%86%E3%84%A7%E3%84%A5#selectL"
"ㄆ","ㄆㄧㄥ","娉","https://dict.concised.moe.edu.tw/searchP.jsp?SN=%E3%84%86&SN2=%E3%84%86%E3%84%A7%E3%84%A5#selectL"
"ㄆ","ㄆㄧㄥˊ","平","https://dict.concised.moe.edu.tw/searchP.jsp?SN=%E3%84%86&SN2=%E3%84%86%E3%84%A7%E3%84%A5%CB%8A#selectL"
"ㄆ","ㄆㄧㄥˊ","坪","https://dict.concised.moe.edu.tw/searchP.jsp?SN=%E3%84%86&SN2=%E3%84%86%E3%84%A7%E3%84%A5%CB%8A#selectL"
"ㄆ","ㄆㄧㄥˊ","屏","https://dict.concised.moe.edu.tw/searchP.jsp?SN=%E3%84%86&SN2=%E3%84%86%E3%84%A7%E3%84%A5%CB%8A#selectL"
"ㄆ","ㄆㄧㄥˊ","枰","https://dict.concised.moe.edu.tw/searchP.jsp?SN=%E3%84%86&SN2=%E3%84%86%E3%84%A7%E3%84%A5%CB%8A#selectL"
"ㄆ","ㄆㄧㄥˊ","苹","https://dict.concised.moe.edu.tw/searchP.jsp?SN=%E3%84%86&SN2=%E3%84%86%E3%84%A7%E3%84%A5%CB%8A#selectL"
"ㄆ","ㄆㄧㄥˊ","秤","https://dict.concised.moe.edu.tw/searchP.jsp?SN=%E3%84%86&SN2=%E3%84%86%E3%84%A7%E3%84%A5%CB%8A#selectL"
"ㄆ","ㄆㄧㄥˊ","瓶","https://dict.concised.moe.edu.tw/searchP.jsp?SN=%E3%84%86&SN2=%E3%84%86%E3%84%A7%E3%84%A5%CB%8A#selectL"
"ㄆ","ㄆㄧㄥˊ","萍","https://dict.concised.moe.edu.tw/searchP.jsp?SN=%E3%84%86&SN2=%E3%84%86%E3%84%A7%E3%84%A5%CB%8A#selectL"
"ㄆ","ㄆㄧㄥˊ","評","https://dict.concised.moe.edu.tw/searchP.jsp?SN=%E3%84%86&SN2=%E3%84%86%E3%84%A7%E3%84%A5%CB%8A#selectL"
"ㄆ","ㄆㄧㄥˊ","馮","https://dict.concised.moe.edu.tw/searchP.jsp?SN=%E3%84%86&SN2=%E3%84%86%E3%84%A7%E3%84%A5%CB%8A#selectL"
"ㄆ","ㄆㄧㄥˊ","憑","https://dict.concised.moe.edu.tw/searchP.jsp?SN=%E3%84%86&SN2=%E3%84%86%E3%84%A7%E3%84%A5%CB%8A#selectL"
"ㄆ","ㄆㄧㄥˊ","蘋","https://dict.concised.moe.edu.tw/searchP.jsp?SN=%E3%84%86&SN2=%E3%84%86%E3%84%A7%E3%84%A5%CB%8A#selectL"
"ㄆ","ㄆㄧㄥˋ","聘","https://dict.concised.moe.edu.tw/searchP.jsp?SN=%E3%84%86&SN2=%E3%84%86%E3%84%A7%E3%84%A5%CB%8B#selectL"
"ㄆ","ㄆㄨ","仆","https://dict.concised.moe.edu.tw/searchP.jsp?SN=%E3%84%86&SN2=%E3%84%86%E3%84%A8#selectL"
"ㄆ","ㄆㄨ","噗","https://dict.concised.moe.edu.tw/searchP.jsp?SN=%E3%84%86&SN2=%E3%84%86%E3%84%A8#selectL"
"ㄆ","ㄆㄨ","撲","https://dict.concised.moe.edu.tw/searchP.jsp?SN=%E3%84%86&SN2=%E3%84%86%E3%84%A8#selectL"
"ㄆ","ㄆㄨ","鋪","https://dict.concised.moe.edu.tw/searchP.jsp?SN=%E3%84%86&SN2=%E3%84%86%E3%84%A8#selectL"
"ㄆ","ㄆㄨˇ","圃","https://dict.concised.moe.edu.tw/searchP.jsp?SN=%E3%84%86&SN2=%E3%84%86%E3%84%A8%CB%87#selectL"
"ㄆ","ㄆㄨˇ","埔","https://dict.concised.moe.edu.tw/searchP.jsp?SN=%E3%84%86&SN2=%E3%84%86%E3%84%A8%CB%87#selectL"
"ㄆ","ㄆㄨˇ","浦","https://dict.concised.moe.edu.tw/searchP.jsp?SN=%E3%84%86&SN2=%E3%84%86%E3%84%A8%CB%87#selectL"
"ㄆ","ㄆㄨˇ","普","https://dict.concised.moe.edu.tw/searchP.jsp?SN=%E3%84%86&SN2=%E3%84%86%E3%84%A8%CB%87#selectL"
"ㄆ","ㄆㄨˇ","溥","https://dict.concised.moe.edu.tw/searchP.jsp?SN=%E3%84%86&SN2=%E3%84%86%E3%84%A8%CB%87#selectL"
"ㄆ","ㄆㄨˇ","氆","https://dict.concised.moe.edu.tw/searchP.jsp?SN=%E3%84%86&SN2=%E3%84%86%E3%84%A8%CB%87#selectL"
"ㄆ","ㄆㄨˇ","譜","https://dict.concised.moe.edu.tw/searchP.jsp?SN=%E3%84%86&SN2=%E3%84%86%E3%84%A8%CB%87#selectL"
"ㄆ","ㄆㄨˊ","朴","https://dict.concised.moe.edu.tw/searchP.jsp?SN=%E3%84%86&SN2=%E3%84%86%E3%84%A8%CB%8A#selectL"
"ㄆ","ㄆㄨˊ","匍","https://dict.concised.moe.edu.tw/searchP.jsp?SN=%E3%84%86&SN2=%E3%84%86%E3%84%A8%CB%8A#selectL"
"ㄆ","ㄆㄨˊ","脯","https://dict.concised.moe.edu.tw/searchP.jsp?SN=%E3%84%86&SN2=%E3%84%86%E3%84%A8%CB%8A#selectL"
"ㄆ","ㄆㄨˊ","莆","https://dict.concised.moe.edu.tw/searchP.jsp?SN=%E3%84%86&SN2=%E3%84%86%E3%84%A8%CB%8A#selectL"
"ㄆ","ㄆㄨˊ","菩","https://dict.concised.moe.edu.tw/searchP.jsp?SN=%E3%84%86&SN2=%E3%84%86%E3%84%A8%CB%8A#selectL"
"ㄆ","ㄆㄨˊ","葡","https://dict.concised.moe.edu.tw/searchP.jsp?SN=%E3%84%86&SN2=%E3%84%86%E3%84%A8%CB%8A#selectL"
"ㄆ","ㄆㄨˊ","僕","https://dict.concised.moe.edu.tw/searchP.jsp?SN=%E3%84%86&SN2=%E3%84%86%E3%84%A8%CB%8A#selectL"
"ㄆ","ㄆㄨˊ","蒲","https://dict.concised.moe.edu.tw/searchP.jsp?SN=%E3%84%86&SN2=%E3%84%86%E3%84%A8%CB%8A#selectL"
"ㄆ","ㄆㄨˊ","樸","https://dict.concised.moe.edu.tw/searchP.jsp?SN=%E3%84%86&SN2=%E3%84%86%E3%84%A8%CB%8A#selectL"
"ㄆ","ㄆㄨˊ","璞","https://dict.concised.moe.edu.tw/searchP.jsp?SN=%E3%84%86&SN2=%E3%84%86%E3%84%A8%CB%8A#selectL"
"ㄆ","ㄆㄨˊ","蹼","https://dict.concised.moe.edu.tw/searchP.jsp?SN=%E3%84%86&SN2=%E3%84%86%E3%84%A8%CB%8A#selectL"
"ㄆ","ㄆㄨˋ","暴","https://dict.concised.moe.edu.tw/searchP.jsp?SN=%E3%84%86&SN2=%E3%84%86%E3%84%A8%CB%8B#selectL"
"ㄆ","ㄆㄨˋ","鋪","https://dict.concised.moe.edu.tw/searchP.jsp?SN=%E3%84%86&SN2=%E3%84%86%E3%84%A8%CB%8B#selectL"
"ㄆ","ㄆㄨˋ","瀑","https://dict.concised.moe.edu.tw/searchP.jsp?SN=%E3%84%86&SN2=%E3%84%86%E3%84%A8%CB%8B#selectL"
"ㄆ","ㄆㄨˋ","曝","https://dict.concised.moe.edu.tw/searchP.jsp?SN=%E3%84%86&SN2=%E3%84%86%E3%84%A8%CB%8B#selectL"
"ㄇ","˙ㄇㄚ","嗎","https://dict.concised.moe.edu.tw/searchP.jsp?SN=%E3%84%87&SN2=%CB%99%E3%84%87%E3%84%9A#selectL"
"ㄇ","˙ㄇㄚ","嘛","https://dict.concised.moe.edu.tw/searchP.jsp?SN=%E3%84%87&SN2=%CB%99%E3%84%87%E3%84%9A#selectL"
"ㄇ","˙ㄇㄜ","麼","https://dict.concised.moe.edu.tw/searchP.jsp?SN=%E3%84%87&SN2=%CB%99%E3%84%87%E3%84%9C#selectL"
"ㄇ","˙ㄇㄣ","們","https://dict.concised.moe.edu.tw/searchP.jsp?SN=%E3%84%87&SN2=%CB%99%E3%84%87%E3%84%A3#selectL"
"ㄇ","ㄇㄚ","媽","https://dict.concised.moe.edu.tw/searchP.jsp?SN=%E3%84%87&SN2=%E3%84%87%E3%84%9A#selectL"
"ㄇ","ㄇㄚ","嬤","https://dict.concised.moe.edu.tw/searchP.jsp?SN=%E3%84%87&SN2=%E3%84%87%E3%84%9A#selectL"
"ㄇ","ㄇㄚˇ","馬","https://dict.concised.moe.edu.tw/searchP.jsp?SN=%E3%84%87&SN2=%E3%84%87%E3%84%9A%CB%87#selectL"
"ㄇ","ㄇㄚˇ","嗎","https://dict.concised.moe.edu.tw/searchP.jsp?SN=%E3%84%87&SN2=%E3%84%87%E3%84%9A%CB%87#selectL"
"ㄇ","ㄇㄚˇ","瑪","https://dict.concised.moe.edu.tw/searchP.jsp?SN=%E3%84%87&SN2=%E3%84%87%E3%84%9A%CB%87#selectL"
"ㄇ","ㄇㄚˇ","碼","https://dict.concised.moe.edu.tw/searchP.jsp?SN=%E3%84%87&SN2=%E3%84%87%E3%84%9A%CB%87#selectL"
"ㄇ","ㄇㄚˇ","螞","https://dict.concised.moe.edu.tw/searchP.jsp?SN=%E3%84%87&SN2=%E3%84%87%E3%84%9A%CB%87#selectL"
"ㄇ","ㄇㄚˊ","麻","https://dict.concised.moe.edu.tw/searchP.jsp?SN=%E3%84%87&SN2=%E3%84%87%E3%84%9A%CB%8A#selectL"
"ㄇ","ㄇㄚˊ","痲","https://dict.concised.moe.edu.tw/searchP.jsp?SN=%E3%84%87&SN2=%E3%84%87%E3%84%9A%CB%8A#selectL"
"ㄇ","ㄇㄚˊ","嘛","https://dict.concised.moe.edu.tw/searchP.jsp?SN=%E3%84%87&SN2=%E3%84%87%E3%84%9A%CB%8A#selectL"
"ㄇ","ㄇㄚˊ","麼","https://dict.concised.moe.edu.tw/searchP.jsp?SN=%E3%84%87&SN2=%E3%84%87%E3%84%9A%CB%8A#selectL"
"ㄇ","ㄇㄚˊ","蟆","https://dict.concised.moe.edu.tw/searchP.jsp?SN=%E3%84%87&SN2=%E3%84%87%E3%84%9A%CB%8A#selectL"
"ㄇ","ㄇㄚˋ","罵","https://dict.concised.moe.edu.tw/searchP.jsp?SN=%E3%84%87&SN2=%E3%84%87%E3%84%9A%CB%8B#selectL"
"ㄇ","ㄇㄚˋ","螞","https://dict.concised.moe.edu.tw/searchP.jsp?SN=%E3%84%87&SN2=%E3%84%87%E3%84%9A%CB%8B#selectL"
"ㄇ","ㄇㄛ","摸","https://dict.concised.moe.edu.tw/searchP.jsp?SN=%E3%84%87&SN2=%E3%84%87%E3%84%9B#selectL"
"ㄇ","ㄇㄛˇ","抹","https://dict.concised.moe.edu.tw/searchP.jsp?SN=%E3%84%87&SN2=%E3%84%87%E3%84%9B%CB%87#selectL"
"ㄇ","ㄇㄛˊ","無","https://dict.concised.moe.edu.tw/searchP.jsp?SN=%E3%84%87&SN2=%E3%84%87%E3%84%9B%CB%8A#selectL"
"ㄇ","ㄇㄛˊ","麼","https://dict.concised.moe.edu.tw/searchP.jsp?SN=%E3%84%87&SN2=%E3%84%87%E3%84%9B%CB%8A#selectL"
"ㄇ","ㄇㄛˊ","摩","https://dict.concised.moe.edu.tw/searchP.jsp?SN=%E3%84%87&SN2=%E3%84%87%E3%84%9B%CB%8A#selectL"
"ㄇ","ㄇㄛˊ","摹","https://dict.concised.moe.edu.tw/searchP.jsp?SN=%E3%84%87&SN2=%E3%84%87%E3%84%9B%CB%8A#selectL"
"ㄇ","ㄇㄛˊ","模","https://dict.concised.moe.edu.tw/searchP.jsp?SN=%E3%84%87&SN2=%E3%84%87%E3%84%9B%CB%8A#selectL"
"ㄇ","ㄇㄛˊ","膜","https://dict.concised.moe.edu.tw/searchP.jsp?SN=%E3%84%87&SN2=%E3%84%87%E3%84%9B%CB%8A#selectL"
"ㄇ","ㄇㄛˊ","磨","https://dict.concised.moe.edu.tw/searchP.jsp?SN=%E3%84%87&SN2=%E3%84%87%E3%84%9B%CB%8A#selectL"
"ㄇ","ㄇㄛˊ","糢","https://dict.concised.moe.edu.tw/searchP.jsp?SN=%E3%84%87&SN2=%E3%84%87%E3%84%9B%CB%8A#selectL"
"ㄇ","ㄇㄛˊ","謨","https://dict.concised.moe.edu.tw/searchP.jsp?SN=%E3%84%87&SN2=%E3%84%87%E3%84%9B%CB%8A#selectL"
"ㄇ","ㄇㄛˊ","饃","https://dict.concised.moe.edu.tw/searchP.jsp?SN=%E3%84%87&SN2=%E3%84%87%E3%84%9B%CB%8A#selectL"
"ㄇ","ㄇㄛˊ","蘑","https://dict.concised.moe.edu.tw/searchP.jsp?SN=%E3%84%87&SN2=%E3%84%87%E3%84%9B%CB%8A#selectL"
"ㄇ","ㄇㄛˊ","魔","https://dict.concised.moe.edu.tw/searchP.jsp?SN=%E3%84%87&SN2=%E3%84%87%E3%84%9B%CB%8A#selectL"
"ㄇ","ㄇㄛˋ","万","https://dict.concised.moe.edu.tw/searchP.jsp?SN=%E3%84%87&SN2=%E3%84%87%E3%84%9B%CB%8B#selectL"
"ㄇ","ㄇㄛˋ","末","https://dict.concised.moe.edu.tw/searchP.jsp?SN=%E3%84%87&SN2=%E3%84%87%E3%84%9B%CB%8B#selectL"
"ㄇ","ㄇㄛˋ","沒","https://dict.concised.moe.edu.tw/searchP.jsp?SN=%E3%84%87&SN2=%E3%84%87%E3%84%9B%CB%8B#selectL"
"ㄇ","ㄇㄛˋ","妺","https://dict.concised.moe.edu.tw/searchP.jsp?SN=%E3%84%87&SN2=%E3%84%87%E3%84%9B%CB%8B#selectL"
"ㄇ","ㄇㄛˋ","抹","https://dict.concised.moe.edu.tw/searchP.jsp?SN=%E3%84%87&SN2=%E3%84%87%E3%84%9B%CB%8B#selectL"
"ㄇ","ㄇㄛˋ","歿","https://dict.concised.moe.edu.tw/searchP.jsp?SN=%E3%84%87&SN2=%E3%84%87%E3%84%9B%CB%8B#selectL"
"ㄇ","ㄇㄛˋ","沫","https://dict.concised.moe.edu.tw/searchP.jsp?SN=%E3%84%87&SN2=%E3%84%87%E3%84%9B%CB%8B#selectL"
"ㄇ","ㄇㄛˋ","冒","https://dict.concised.moe.edu.tw/searchP.jsp?SN=%E3%84%87&SN2=%E3%84%87%E3%84%9B%CB%8B#selectL"
"ㄇ","ㄇㄛˋ","茉","https://dict.concised.moe.edu.tw/searchP.jsp?SN=%E3%84%87&SN2=%E3%84%87%E3%84%9B%CB%8B#selectL"
"ㄇ","ㄇㄛˋ","陌","https://dict.concised.moe.edu.tw/searchP.jsp?SN=%E3%84%87&SN2=%E3%84%87%E3%84%9B%CB%8B#selectL"
"ㄇ","ㄇㄛˋ","秣","https://dict.concised.moe.edu.tw/searchP.jsp?SN=%E3%84%87&SN2=%E3%84%87%E3%84%9B%CB%8B#selectL"
"ㄇ","ㄇㄛˋ","脈","https://dict.concised.moe.edu.tw/searchP.jsp?SN=%E3%84%87&SN2=%E3%84%87%E3%84%9B%CB%8B#selectL"
"ㄇ","ㄇㄛˋ","莫","https://dict.concised.moe.edu.tw/searchP.jsp?SN=%E3%84%87&SN2=%E3%84%87%E3%84%9B%CB%8B#selectL"
"ㄇ","ㄇㄛˋ","貉","https://dict.concised.moe.edu.tw/searchP.jsp?SN=%E3%84%87&SN2=%E3%84%87%E3%84%9B%CB%8B#selectL"
"ㄇ","ㄇㄛˋ","貊","https://dict.concised.moe.edu.tw/searchP.jsp?SN=%E3%84%87&SN2=%E3%84%87%E3%84%9B%CB%8B#selectL"
"ㄇ","ㄇㄛˋ","寞","https://dict.concised.moe.edu.tw/searchP.jsp?SN=%E3%84%87&SN2=%E3%84%87%E3%84%9B%CB%8B#selectL"
"ㄇ","ㄇㄛˋ","漠","https://dict.concised.moe.edu.tw/searchP.jsp?SN=%E3%84%87&SN2=%E3%84%87%E3%84%9B%CB%8B#selectL"
"ㄇ","ㄇㄛˋ","墨","https://dict.concised.moe.edu.tw/searchP.jsp?SN=%E3%84%87&SN2=%E3%84%87%E3%84%9B%CB%8B#selectL"
"ㄇ","ㄇㄛˋ","瘼","https://dict.concised.moe.edu.tw/searchP.jsp?SN=%E3%84%87&SN2=%E3%84%87%E3%84%9B%CB%8B#selectL"
"ㄇ","ㄇㄛˋ","磨","https://dict.concised.moe.edu.tw/searchP.jsp?SN=%E3%84%87&SN2=%E3%84%87%E3%84%9B%CB%8B#selectL"
"ㄇ","ㄇㄛˋ","默","https://dict.concised.moe.edu.tw/searchP.jsp?SN=%E3%84%87&SN2=%E3%84%87%E3%84%9B%CB%8B#selectL"
"ㄇ","ㄇㄛˋ","驀","https://dict.concised.moe.edu.tw/searchP.jsp?SN=%E3%84%87&SN2=%E3%84%87%E3%84%9B%CB%8B#selectL"
"ㄇ","ㄇㄞˇ","買","https://dict.concised.moe.edu.tw/searchP.jsp?SN=%E3%84%87&SN2=%E3%84%87%E3%84%9E%CB%87#selectL"
"ㄇ","ㄇㄞˊ","埋","https://dict.concised.moe.edu.tw/searchP.jsp?SN=%E3%84%87&SN2=%E3%84%87%E3%84%9E%CB%8A#selectL"
"ㄇ","ㄇㄞˊ","霾","https://dict.concised.moe.edu.tw/searchP.jsp?SN=%E3%84%87&SN2=%E3%84%87%E3%84%9E%CB%8A#selectL"
"ㄇ","ㄇㄞˋ","脈","https://dict.concised.moe.edu.tw/searchP.jsp?SN=%E3%84%87&SN2=%E3%84%87%E3%84%9E%CB%8B#selectL"
"ㄇ","ㄇㄞˋ","麥","https://dict.concised.moe.edu.tw/searchP.jsp?SN=%E3%84%87&SN2=%E3%84%87%E3%84%9E%CB%8B#selectL"
"ㄇ","ㄇㄞˋ","賣","https://dict.concised.moe.edu.tw/searchP.jsp?SN=%E3%84%87&SN2=%E3%84%87%E3%84%9E%CB%8B#selectL"
"ㄇ","ㄇㄞˋ","邁","https://dict.concised.moe.edu.tw/searchP.jsp?SN=%E3%84%87&SN2=%E3%84%87%E3%84%9E%CB%8B#selectL"
"ㄇ","ㄇㄟˇ","每","https://dict.concised.moe.edu.tw/searchP.jsp?SN=%E3%84%87&SN2=%E3%84%87%E3%84%9F%CB%87#selectL"
"ㄇ","ㄇㄟˇ","美","https://dict.concised.moe.edu.tw/searchP.jsp?SN=%E3%84%87&SN2=%E3%84%87%E3%84%9F%CB%87#selectL"
"ㄇ","ㄇㄟˇ","鎂","https://dict.concised.moe.edu.tw/searchP.jsp?SN=%E3%84%87&SN2=%E3%84%87%E3%84%9F%CB%87#selectL"
"ㄇ","ㄇㄟˊ","沒","https://dict.concised.moe.edu.tw/searchP.jsp?SN=%E3%84%87&SN2=%E3%84%87%E3%84%9F%CB%8A#selectL"
"ㄇ","ㄇㄟˊ","枚","https://dict.concised.moe.edu.tw/searchP.jsp?SN=%E3%84%87&SN2=%E3%84%87%E3%84%9F%CB%8A#selectL"
"ㄇ","ㄇㄟˊ","玫","https://dict.concised.moe.edu.tw/searchP.jsp?SN=%E3%84%87&SN2=%E3%84%87%E3%84%9F%CB%8A#selectL"
"ㄇ","ㄇㄟˊ","眉","https://dict.concised.moe.edu.tw/searchP.jsp?SN=%E3%84%87&SN2=%E3%84%87%E3%84%9F%CB%8A#selectL"
"ㄇ","ㄇㄟˊ","梅","https://dict.concised.moe.edu.tw/searchP.jsp?SN=%E3%84%87&SN2=%E3%84%87%E3%84%9F%CB%8A#selectL"
"ㄇ","ㄇㄟˊ","莓","https://dict.concised.moe.edu.tw/searchP.jsp?SN=%E3%84%87&SN2=%E3%84%87%E3%84%9F%CB%8A#selectL"
"ㄇ","ㄇㄟˊ","媒","https://dict.concised.moe.edu.tw/searchP.jsp?SN=%E3%84%87&SN2=%E3%84%87%E3%84%9F%CB%8A#selectL"
"ㄇ","ㄇㄟˊ","嵋","https://dict.concised.moe.edu.tw/searchP.jsp?SN=%E3%84%87&SN2=%E3%84%87%E3%84%9F%CB%8A#selectL"
"ㄇ","ㄇㄟˊ","湄","https://dict.concised.moe.edu.tw/searchP.jsp?SN=%E3%84%87&SN2=%E3%84%87%E3%84%9F%CB%8A#selectL"
"ㄇ","ㄇㄟˊ","楣","https://dict.concised.moe.edu.tw/searchP.jsp?SN=%E3%84%87&SN2=%E3%84%87%E3%84%9F%CB%8A#selectL"
"ㄇ","ㄇㄟˊ","煤","https://dict.concised.moe.edu.tw/searchP.jsp?SN=%E3%84%87&SN2=%E3%84%87%E3%84%9F%CB%8A#selectL"
"ㄇ","ㄇㄟˊ","酶","https://dict.concised.moe.edu.tw/searchP.jsp?SN=%E3%84%87&SN2=%E3%84%87%E3%84%9F%CB%8A#selectL"
"ㄇ","ㄇㄟˊ","霉","https://dict.concised.moe.edu.tw/searchP.jsp?SN=%E3%84%87&SN2=%E3%84%87%E3%84%9F%CB%8A#selectL"
"ㄇ","ㄇㄟˊ","黴","https://dict.concised.moe.edu.tw/searchP.jsp?SN=%E3%84%87&SN2=%E3%84%87%E3%84%9F%CB%8A#selectL"
"ㄇ","ㄇㄟˋ","妹","https://dict.concised.moe.edu.tw/searchP.jsp?SN=%E3%84%87&SN2=%E3%84%87%E3%84%9F%CB%8B#selectL"
"ㄇ","ㄇㄟˋ","昧","https://dict.concised.moe.edu.tw/searchP.jsp?SN=%E3%84%87&SN2=%E3%84%87%E3%84%9F%CB%8B#selectL"
"ㄇ","ㄇㄟˋ","袂","https://dict.concised.moe.edu.tw/searchP.jsp?SN=%E3%84%87&SN2=%E3%84%87%E3%84%9F%CB%8B#selectL"
"ㄇ","ㄇㄟˋ","媚","https://dict.concised.moe.edu.tw/searchP.jsp?SN=%E3%84%87&SN2=%E3%84%87%E3%84%9F%CB%8B#selectL"
"ㄇ","ㄇㄟˋ","寐","https://dict.concised.moe.edu.tw/searchP.jsp?SN=%E3%84%87&SN2=%E3%84%87%E3%84%9F%CB%8B#selectL"
"ㄇ","ㄇㄟˋ","瑁","https://dict.concised.moe.edu.tw/searchP.jsp?SN=%E3%84%87&SN2=%E3%84%87%E3%84%9F%CB%8B#selectL"
"ㄇ","ㄇㄟˋ","魅","https://dict.concised.moe.edu.tw/searchP.jsp?SN=%E3%84%87&SN2=%E3%84%87%E3%84%9F%CB%8B#selectL"
"ㄇ","ㄇㄠ","貓","https://dict.concised.moe.edu.tw/searchP.jsp?SN=%E3%84%87&SN2=%E3%84%87%E3%84%A0#selectL"
"ㄇ","ㄇㄠˇ","卯","https://dict.concised.moe.edu.tw/searchP.jsp?SN=%E3%84%87&SN2=%E3%84%87%E3%84%A0%CB%87#selectL"
"ㄇ","ㄇㄠˇ","昴","https://dict.concised.moe.edu.tw/searchP.jsp?SN=%E3%84%87&SN2=%E3%84%87%E3%84%A0%CB%87#selectL"
"ㄇ","ㄇㄠˇ","茆","https://dict.concised.moe.edu.tw/searchP.jsp?SN=%E3%84%87&SN2=%E3%84%87%E3%84%A0%CB%87#selectL"
"ㄇ","ㄇㄠˇ","鉚","https://dict.concised.moe.edu.tw/searchP.jsp?SN=%E3%84%87&SN2=%E3%84%87%E3%84%A0%CB%87#selectL"
"ㄇ","ㄇㄠˊ","毛","https://dict.concised.moe.edu.tw/searchP.jsp?SN=%E3%84%87&SN2=%E3%84%87%E3%84%A0%CB%8A#selectL"
"ㄇ","ㄇㄠˊ","矛","https://dict.concised.moe.edu.tw/searchP.jsp?SN=%E3%84%87&SN2=%E3%84%87%E3%84%A0%CB%8A#selectL"
"ㄇ","ㄇㄠˊ","茅","https://dict.concised.moe.edu.tw/searchP.jsp?SN=%E3%84%87&SN2=%E3%84%87%E3%84%A0%CB%8A#selectL"
"ㄇ","ㄇㄠˊ","旄","https://dict.concised.moe.edu.tw/searchP.jsp?SN=%E3%84%87&SN2=%E3%84%87%E3%84%A0%CB%8A#selectL"
"ㄇ","ㄇㄠˊ","髦","https://dict.concised.moe.edu.tw/searchP.jsp?SN=%E3%84%87&SN2=%E3%84%87%E3%84%A0%CB%8A#selectL"
"ㄇ","ㄇㄠˊ","蟊","https://dict.concised.moe.edu.tw/searchP.jsp?SN=%E3%84%87&SN2=%E3%84%87%E3%84%A0%CB%8A#selectL"
"ㄇ","ㄇㄠˊ","錨","https://dict.concised.moe.edu.tw/searchP.jsp?SN=%E3%84%87&SN2=%E3%84%87%E3%84%A0%CB%8A#selectL"
"ㄇ","ㄇㄠˋ","冒","https://dict.concised.moe.edu.tw/searchP.jsp?SN=%E3%84%87&SN2=%E3%84%87%E3%84%A0%CB%8B#selectL"
"ㄇ","ㄇㄠˋ","眊","https://dict.concised.moe.edu.tw/searchP.jsp?SN=%E3%84%87&SN2=%E3%84%87%E3%84%A0%CB%8B#selectL"
"ㄇ","ㄇㄠˋ","茂","https://dict.concised.moe.edu.tw/searchP.jsp?SN=%E3%84%87&SN2=%E3%84%87%E3%84%A0%CB%8B#selectL"
"ㄇ","ㄇㄠˋ","耄","https://dict.concised.moe.edu.tw/searchP.jsp?SN=%E3%84%87&SN2=%E3%84%87%E3%84%A0%CB%8B#selectL"
"ㄇ","ㄇㄠˋ","媢","https://dict.concised.moe.edu.tw/searchP.jsp?SN=%E3%84%87&SN2=%E3%84%87%E3%84%A0%CB%8B#selectL"
"ㄇ","ㄇㄠˋ","帽","https://dict.concised.moe.edu.tw/searchP.jsp?SN=%E3%84%87&SN2=%E3%84%87%E3%84%A0%CB%8B#selectL"
"ㄇ","ㄇㄠˋ","貿","https://dict.concised.moe.edu.tw/searchP.jsp?SN=%E3%84%87&SN2=%E3%84%87%E3%84%A0%CB%8B#selectL"
"ㄇ","ㄇㄠˋ","貌","https://dict.concised.moe.edu.tw/searchP.jsp?SN=%E3%84%87&SN2=%E3%84%87%E3%84%A0%CB%8B#selectL"
"ㄇ","ㄇㄠˋ","懋","https://dict.concised.moe.edu.tw/searchP.jsp?SN=%E3%84%87&SN2=%E3%84%87%E3%84%A0%CB%8B#selectL"
"ㄇ","ㄇㄡˇ","冇","https://dict.concised.moe.edu.tw/searchP.jsp?SN=%E3%84%87&SN2=%E3%84%87%E3%84%A1%CB%87#selectL"
"ㄇ","ㄇㄡˇ","某","https://dict.concised.moe.edu.tw/searchP.jsp?SN=%E3%84%87&SN2=%E3%84%87%E3%84%A1%CB%87#selectL"
"ㄇ","ㄇㄡˊ","牟","https://dict.concised.moe.edu.tw/searchP.jsp?SN=%E3%84%87&SN2=%E3%84%87%E3%84%A1%CB%8A#selectL"
"ㄇ","ㄇㄡˊ","侔","https://dict.concised.moe.edu.tw/searchP.jsp?SN=%E3%84%87&SN2=%E3%84%87%E3%84%A1%CB%8A#selectL"
"ㄇ","ㄇㄡˊ","眸","https://dict.concised.moe.edu.tw/searchP.jsp?SN=%E3%84%87&SN2=%E3%84%87%E3%84%A1%CB%8A#selectL"
"ㄇ","ㄇㄡˊ","謀","https://dict.concised.moe.edu.tw/searchP.jsp?SN=%E3%84%87&SN2=%E3%84%87%E3%84%A1%CB%8A#selectL"
"ㄇ","ㄇㄡˊ","繆","https://dict.concised.moe.edu.tw/searchP.jsp?SN=%E3%84%87&SN2=%E3%84%87%E3%84%A1%CB%8A#selectL"
"ㄇ","ㄇㄡˊ","麰","https://dict.concised.moe.edu.tw/searchP.jsp?SN=%E3%84%87&SN2=%E3%84%87%E3%84%A1%CB%8A#selectL"
"ㄇ","ㄇㄢ","屘","https://dict.concised.moe.edu.tw/searchP.jsp?SN=%E3%84%87&SN2=%E3%84%87%E3%84%A2#selectL"
"ㄇ","ㄇㄢˇ","滿","https://dict.concised.moe.edu.tw/searchP.jsp?SN=%E3%84%87&SN2=%E3%84%87%E3%84%A2%CB%87#selectL"
"ㄇ","ㄇㄢˊ","埋","https://dict.concised.moe.edu.tw/searchP.jsp?SN=%E3%84%87&SN2=%E3%84%87%E3%84%A2%CB%8A#selectL"
"ㄇ","ㄇㄢˊ","蔓","https://dict.concised.moe.edu.tw/searchP.jsp?SN=%E3%84%87&SN2=%E3%84%87%E3%84%A2%CB%8A#selectL"
"ㄇ","ㄇㄢˊ","瞞","https://dict.concised.moe.edu.tw/searchP.jsp?SN=%E3%84%87&SN2=%E3%84%87%E3%84%A2%CB%8A#selectL"
"ㄇ","ㄇㄢˊ","謾","https://dict.concised.moe.edu.tw/searchP.jsp?SN=%E3%84%87&SN2=%E3%84%87%E3%84%A2%CB%8A#selectL"
"ㄇ","ㄇㄢˊ","蹣","https://dict.concised.moe.edu.tw/searchP.jsp?SN=%E3%84%87&SN2=%E3%84%87%E3%84%A2%CB%8A#selectL"
"ㄇ","ㄇㄢˊ","饅","https://dict.concised.moe.edu.tw/searchP.jsp?SN=%E3%84%87&SN2=%E3%84%87%E3%84%A2%CB%8A#selectL"
"ㄇ","ㄇㄢˊ","顢","https://dict.concised.moe.edu.tw/searchP.jsp?SN=%E3%84%87&SN2=%E3%84%87%E3%84%A2%CB%8A#selectL"
"ㄇ","ㄇㄢˊ","鰻","https://dict.concised.moe.edu.tw/searchP.jsp?SN=%E3%84%87&SN2=%E3%84%87%E3%84%A2%CB%8A#selectL"
"ㄇ","ㄇㄢˊ","蠻","https://dict.concised.moe.edu.tw/searchP.jsp?SN=%E3%84%87&SN2=%E3%84%87%E3%84%A2%CB%8A#selectL"
"ㄇ","ㄇㄢˋ","曼","https://dict.concised.moe.edu.tw/searchP.jsp?SN=%E3%84%87&SN2=%E3%84%87%E3%84%A2%CB%8B#selectL"
"ㄇ","ㄇㄢˋ","嫚","https://dict.concised.moe.edu.tw/searchP.jsp?SN=%E3%84%87&SN2=%E3%84%87%E3%84%A2%CB%8B#selectL"
"ㄇ","ㄇㄢˋ","幔","https://dict.concised.moe.edu.tw/searchP.jsp?SN=%E3%84%87&SN2=%E3%84%87%E3%84%A2%CB%8B#selectL"
"ㄇ","ㄇㄢˋ","慢","https://dict.concised.moe.edu.tw/searchP.jsp?SN=%E3%84%87&SN2=%E3%84%87%E3%84%A2%CB%8B#selectL"
"ㄇ","ㄇㄢˋ","漫","https://dict.concised.moe.edu.tw/searchP.jsp?SN=%E3%84%87&SN2=%E3%84%87%E3%84%A2%CB%8B#selectL"
"ㄇ","ㄇㄢˋ","蔓","https://dict.concised.moe.edu.tw/searchP.jsp?SN=%E3%84%87&SN2=%E3%84%87%E3%84%A2%CB%8B#selectL"
"ㄇ","ㄇㄢˋ","縵","https://dict.concised.moe.edu.tw/searchP.jsp?SN=%E3%84%87&SN2=%E3%84%87%E3%84%A2%CB%8B#selectL"
"ㄇ","ㄇㄢˋ","謾","https://dict.concised.moe.edu.tw/searchP.jsp?SN=%E3%84%87&SN2=%E3%84%87%E3%84%A2%CB%8B#selectL"
"ㄇ","ㄇㄢˋ","鏝","https://dict.concised.moe.edu.tw/searchP.jsp?SN=%E3%84%87&SN2=%E3%84%87%E3%84%A2%CB%8B#selectL"
"ㄇ","ㄇㄣ","悶","https://dict.concised.moe.edu.tw/searchP.jsp?SN=%E3%84%87&SN2=%E3%84%87%E3%84%A3#selectL"
"ㄇ","ㄇㄣˊ","門","https://dict.concised.moe.edu.tw/searchP.jsp?SN=%E3%84%87&SN2=%E3%84%87%E3%84%A3%CB%8A#selectL"
"ㄇ","ㄇㄣˊ","們","https://dict.concised.moe.edu.tw/searchP.jsp?SN=%E3%84%87&SN2=%E3%84%87%E3%84%A3%CB%8A#selectL"
"ㄇ","ㄇㄣˊ","捫","https://dict.concised.moe.edu.tw/searchP.jsp?SN=%E3%84%87&SN2=%E3%84%87%E3%84%A3%CB%8A#selectL"
"ㄇ","ㄇㄣˋ","悶","https://dict.concised.moe.edu.tw/searchP.jsp?SN=%E3%84%87&SN2=%E3%84%87%E3%84%A3%CB%8B#selectL"
"ㄇ","ㄇㄣˋ","燜","https://dict.concised.moe.edu.tw/searchP.jsp?SN=%E3%84%87&SN2=%E3%84%87%E3%84%A3%CB%8B#selectL"
"ㄇ","ㄇㄣˋ","懣","https://dict.concised.moe.edu.tw/searchP.jsp?SN=%E3%84%87&SN2=%E3%84%87%E3%84%A3%CB%8B#selectL"
"ㄇ","ㄇㄤˇ","莽","https://dict.concised.moe.edu.tw/searchP.jsp?SN=%E3%84%87&SN2=%E3%84%87%E3%84%A4%CB%87#selectL"
"ㄇ","ㄇㄤˇ","蟒","https://dict.concised.moe.edu.tw/searchP.jsp?SN=%E3%84%87&SN2=%E3%84%87%E3%84%A4%CB%87#selectL"
"ㄇ","ㄇㄤˊ","忙","https://dict.concised.moe.edu.tw/searchP.jsp?SN=%E3%84%87&SN2=%E3%84%87%E3%84%A4%CB%8A#selectL"
"ㄇ","ㄇㄤˊ","芒","https://dict.concised.moe.edu.tw/searchP.jsp?SN=%E3%84%87&SN2=%E3%84%87%E3%84%A4%CB%8A#selectL"
"ㄇ","ㄇㄤˊ","氓","https://dict.concised.moe.edu.tw/searchP.jsp?SN=%E3%84%87&SN2=%E3%84%87%E3%84%A4%CB%8A#selectL"
"ㄇ","ㄇㄤˊ","盲","https://dict.concised.moe.edu.tw/searchP.jsp?SN=%E3%84%87&SN2=%E3%84%87%E3%84%A4%CB%8A#selectL"
"ㄇ","ㄇㄤˊ","茫","https://dict.concised.moe.edu.tw/searchP.jsp?SN=%E3%84%87&SN2=%E3%84%87%E3%84%A4%CB%8A#selectL"
"ㄇ","ㄇㄥ","矇","https://dict.concised.moe.edu.tw/searchP.jsp?SN=%E3%84%87&SN2=%E3%84%87%E3%84%A5#selectL"
"ㄇ","ㄇㄥˇ","猛","https://dict.concised.moe.edu.tw/searchP.jsp?SN=%E3%84%87&SN2=%E3%84%87%E3%84%A5%CB%87#selectL"
"ㄇ","ㄇㄥˇ","艋","https://dict.concised.moe.edu.tw/searchP.jsp?SN=%E3%84%87&SN2=%E3%84%87%E3%84%A5%CB%87#selectL"
"ㄇ","ㄇㄥˇ","蜢","https://dict.concised.moe.edu.tw/searchP.jsp?SN=%E3%84%87&SN2=%E3%84%87%E3%84%A5%CB%87#selectL"
"ㄇ","ㄇㄥˇ","錳","https://dict.concised.moe.edu.tw/searchP.jsp?SN=%E3%84%87&SN2=%E3%84%87%E3%84%A5%CB%87#selectL"
"ㄇ","ㄇㄥˊ","氓","https://dict.concised.moe.edu.tw/searchP.jsp?SN=%E3%84%87&SN2=%E3%84%87%E3%84%A5%CB%8A#selectL"
"ㄇ","ㄇㄥˊ","虻","https://dict.concised.moe.edu.tw/searchP.jsp?SN=%E3%84%87&SN2=%E3%84%87%E3%84%A5%CB%8A#selectL"
"ㄇ","ㄇㄥˊ","萌","https://dict.concised.moe.edu.tw/searchP.jsp?SN=%E3%84%87&SN2=%E3%84%87%E3%84%A5%CB%8A#selectL"
"ㄇ","ㄇㄥˊ","盟","https://dict.concised.moe.edu.tw/searchP.jsp?SN=%E3%84%87&SN2=%E3%84%87%E3%84%A5%CB%8A#selectL"
"ㄇ","ㄇㄥˊ","蒙","https://dict.concised.moe.edu.tw/searchP.jsp?SN=%E3%84%87&SN2=%E3%84%87%E3%84%A5%CB%8A#selectL"
"ㄇ","ㄇㄥˊ","甍","https://dict.concised.moe.edu.tw/searchP.jsp?SN=%E3%84%87&SN2=%E3%84%87%E3%84%A5%CB%8A#selectL"
"ㄇ","ㄇㄥˊ","幪","https://dict.concised.moe.edu.tw/searchP.jsp?SN=%E3%84%87&SN2=%E3%84%87%E3%84%A5%CB%8A#selectL"
"ㄇ","ㄇㄥˊ","濛","https://dict.concised.moe.edu.tw/searchP.jsp?SN=%E3%84%87&SN2=%E3%84%87%E3%84%A5%CB%8A#selectL"
"ㄇ","ㄇㄥˊ","朦","https://dict.concised.moe.edu.tw/searchP.jsp?SN=%E3%84%87&SN2=%E3%84%87%E3%84%A5%CB%8A#selectL"
"ㄇ","ㄇㄥˊ","檬","https://dict.concised.moe.edu.tw/searchP.jsp?SN=%E3%84%87&SN2=%E3%84%87%E3%84%A5%CB%8A#selectL"
"ㄇ","ㄇㄥˊ","懵","https://dict.concised.moe.edu.tw/searchP.jsp?SN=%E3%84%87&SN2=%E3%84%87%E3%84%A5%CB%8A#selectL"
"ㄇ","ㄇㄥˊ","矇","https://dict.concised.moe.edu.tw/searchP.jsp?SN=%E3%84%87&SN2=%E3%84%87%E3%84%A5%CB%8A#selectL"
"ㄇ","ㄇㄥˋ","孟","https://dict.concised.moe.edu.tw/searchP.jsp?SN=%E3%84%87&SN2=%E3%84%87%E3%84%A5%CB%8B#selectL"
"ㄇ","ㄇㄥˋ","夢","https://dict.concised.moe.edu.tw/searchP.jsp?SN=%E3%84%87&SN2=%E3%84%87%E3%84%A5%CB%8B#selectL"
"ㄇ","ㄇㄧ","咪","https://dict.concised.moe.edu.tw/searchP.jsp?SN=%E3%84%87&SN2=%E3%84%87%E3%84%A7#selectL"
"ㄇ","ㄇㄧ","瞇","https://dict.concised.moe.edu.tw/searchP.jsp?SN=%E3%84%87&SN2=%E3%84%87%E3%84%A7#selectL"
"ㄇ","ㄇㄧˇ","米","https://dict.concised.moe.edu.tw/searchP.jsp?SN=%E3%84%87&SN2=%E3%84%87%E3%84%A7%CB%87#selectL"
"ㄇ","ㄇㄧˇ","弭","https://dict.concised.moe.edu.tw/searchP.jsp?SN=%E3%84%87&SN2=%E3%84%87%E3%84%A7%CB%87#selectL"
"ㄇ","ㄇㄧˇ","敉","https://dict.concised.moe.edu.tw/searchP.jsp?SN=%E3%84%87&SN2=%E3%84%87%E3%84%A7%CB%87#selectL"
"ㄇ","ㄇㄧˇ","靡","https://dict.concised.moe.edu.tw/searchP.jsp?SN=%E3%84%87&SN2=%E3%84%87%E3%84%A7%CB%87#selectL"
"ㄇ","ㄇㄧˊ","迷","https://dict.concised.moe.edu.tw/searchP.jsp?SN=%E3%84%87&SN2=%E3%84%87%E3%84%A7%CB%8A#selectL"
"ㄇ","ㄇㄧˊ","彌","https://dict.concised.moe.edu.tw/searchP.jsp?SN=%E3%84%87&SN2=%E3%84%87%E3%84%A7%CB%8A#selectL"
"ㄇ","ㄇㄧˊ","糜","https://dict.concised.moe.edu.tw/searchP.jsp?SN=%E3%84%87&SN2=%E3%84%87%E3%84%A7%CB%8A#selectL"
"ㄇ","ㄇㄧˊ","謎","https://dict.concised.moe.edu.tw/searchP.jsp?SN=%E3%84%87&SN2=%E3%84%87%E3%84%A7%CB%8A#selectL"
"ㄇ","ㄇㄧˊ","醚","https://dict.concised.moe.edu.tw/searchP.jsp?SN=%E3%84%87&SN2=%E3%84%87%E3%84%A7%CB%8A#selectL"
"ㄇ","ㄇㄧˊ","麋","https://dict.concised.moe.edu.tw/searchP.jsp?SN=%E3%84%87&SN2=%E3%84%87%E3%84%A7%CB%8A#selectL"
"ㄇ","ㄇㄧˊ","靡","https://dict.concised.moe.edu.tw/searchP.jsp?SN=%E3%84%87&SN2=%E3%84%87%E3%84%A7%CB%8A#selectL"
"ㄇ","ㄇㄧˊ","瀰","https://dict.concised.moe.edu.tw/searchP.jsp?SN=%E3%84%87&SN2=%E3%84%87%E3%84%A7%CB%8A#selectL"
"ㄇ","ㄇㄧˊ","獼","https://dict.concised.moe.edu.tw/searchP.jsp?SN=%E3%84%87&SN2=%E3%84%87%E3%84%A7%CB%8A#selectL"
"ㄇ","ㄇㄧˋ","糸","https://dict.concised.moe.edu.tw/searchP.jsp?SN=%E3%84%87&SN2=%E3%84%87%E3%84%A7%CB%8B#selectL"
"ㄇ","ㄇㄧˋ","汨","https://dict.concised.moe.edu.tw/searchP.jsp?SN=%E3%84%87&SN2=%E3%84%87%E3%84%A7%CB%8B#selectL"
"ㄇ","ㄇㄧˋ","宓","https://dict.concised.moe.edu.tw/searchP.jsp?SN=%E3%84%87&SN2=%E3%84%87%E3%84%A7%CB%8B#selectL"
"ㄇ","ㄇㄧˋ","泌","https://dict.concised.moe.edu.tw/searchP.jsp?SN=%E3%84%87&SN2=%E3%84%87%E3%84%A7%CB%8B#selectL"
"ㄇ","ㄇㄧˋ","祕","https://dict.concised.moe.edu.tw/searchP.jsp?SN=%E3%84%87&SN2=%E3%84%87%E3%84%A7%CB%8B#selectL"
"ㄇ","ㄇㄧˋ","秘","https://dict.concised.moe.edu.tw/searchP.jsp?SN=%E3%84%87&SN2=%E3%84%87%E3%84%A7%CB%8B#selectL"
"ㄇ","ㄇㄧˋ","密","https://dict.concised.moe.edu.tw/searchP.jsp?SN=%E3%84%87&SN2=%E3%84%87%E3%84%A7%CB%8B#selectL"
"ㄇ","ㄇㄧˋ","覓","https://dict.concised.moe.edu.tw/searchP.jsp?SN=%E3%84%87&SN2=%E3%84%87%E3%84%A7%CB%8B#selectL"
"ㄇ","ㄇㄧˋ","蜜","https://dict.concised.moe.edu.tw/searchP.jsp?SN=%E3%84%87&SN2=%E3%84%87%E3%84%A7%CB%8B#selectL"
"ㄇ","ㄇㄧˋ","冪","https://dict.concised.moe.edu.tw/searchP.jsp?SN=%E3%84%87&SN2=%E3%84%87%E3%84%A7%CB%8B#selectL"
"ㄇ","ㄇㄧˋ","謐","https://dict.concised.moe.edu.tw/searchP.jsp?SN=%E3%84%87&SN2=%E3%84%87%E3%84%A7%CB%8B#selectL"
"ㄇ","ㄇㄧㄝ","乜","https://dict.concised.moe.edu.tw/searchP.jsp?SN=%E3%84%87&SN2=%E3%84%87%E3%84%A7%E3%84%9D#selectL"
"ㄇ","ㄇㄧㄝ","咩","https://dict.concised.moe.edu.tw/searchP.jsp?SN=%E3%84%87&SN2=%E3%84%87%E3%84%A7%E3%84%9D#selectL"
"ㄇ","ㄇㄧㄝˋ","滅","https://dict.concised.moe.edu.tw/searchP.jsp?SN=%E3%84%87&SN2=%E3%84%87%E3%84%A7%E3%84%9D%CB%8B#selectL"
"ㄇ","ㄇㄧㄝˋ","蔑","https://dict.concised.moe.edu.tw/searchP.jsp?SN=%E3%84%87&SN2=%E3%84%87%E3%84%A7%E3%84%9D%CB%8B#selectL"
"ㄇ","ㄇㄧㄝˋ","篾","https://dict.concised.moe.edu.tw/searchP.jsp?SN=%E3%84%87&SN2=%E3%84%87%E3%84%A7%E3%84%9D%CB%8B#selectL"
"ㄇ","ㄇㄧㄝˋ","衊","https://dict.concised.moe.edu.tw/searchP.jsp?SN=%E3%84%87&SN2=%E3%84%87%E3%84%A7%E3%84%9D%CB%8B#selectL"
"ㄇ","ㄇㄧㄠ","喵","https://dict.concised.moe.edu.tw/searchP.jsp?SN=%E3%84%87&SN2=%E3%84%87%E3%84%A7%E3%84%A0#selectL"
"ㄇ","ㄇㄧㄠˇ","杪","https://dict.concised.moe.edu.tw/searchP.jsp?SN=%E3%84%87&SN2=%E3%84%87%E3%84%A7%E3%84%A0%CB%87#selectL"
"ㄇ","ㄇㄧㄠˇ","眇","https://dict.concised.moe.edu.tw/searchP.jsp?SN=%E3%84%87&SN2=%E3%84%87%E3%84%A7%E3%84%A0%CB%87#selectL"
"ㄇ","ㄇㄧㄠˇ","秒","https://dict.concised.moe.edu.tw/searchP.jsp?SN=%E3%84%87&SN2=%E3%84%87%E3%84%A7%E3%84%A0%CB%87#selectL"
"ㄇ","ㄇㄧㄠˇ","淼","https://dict.concised.moe.edu.tw/searchP.jsp?SN=%E3%84%87&SN2=%E3%84%87%E3%84%A7%E3%84%A0%CB%87#selectL"
"ㄇ","ㄇㄧㄠˇ","渺","https://dict.concised.moe.edu.tw/searchP.jsp?SN=%E3%84%87&SN2=%E3%84%87%E3%84%A7%E3%84%A0%CB%87#selectL"
"ㄇ","ㄇㄧㄠˇ","緲","https://dict.concised.moe.edu.tw/searchP.jsp?SN=%E3%84%87&SN2=%E3%84%87%E3%84%A7%E3%84%A0%CB%87#selectL"
"ㄇ","ㄇㄧㄠˇ","藐","https://dict.concised.moe.edu.tw/searchP.jsp?SN=%E3%84%87&SN2=%E3%84%87%E3%84%A7%E3%84%A0%CB%87#selectL"
"ㄇ","ㄇㄧㄠˇ","邈","https://dict.concised.moe.edu.tw/searchP.jsp?SN=%E3%84%87&SN2=%E3%84%87%E3%84%A7%E3%84%A0%CB%87#selectL"
"ㄇ","ㄇㄧㄠˊ","苗","https://dict.concised.moe.edu.tw/searchP.jsp?SN=%E3%84%87&SN2=%E3%84%87%E3%84%A7%E3%84%A0%CB%8A#selectL"
"ㄇ","ㄇㄧㄠˊ","描","https://dict.concised.moe.edu.tw/searchP.jsp?SN=%E3%84%87&SN2=%E3%84%87%E3%84%A7%E3%84%A0%CB%8A#selectL"
"ㄇ","ㄇㄧㄠˊ","瞄","https://dict.concised.moe.edu.tw/searchP.jsp?SN=%E3%84%87&SN2=%E3%84%87%E3%84%A7%E3%84%A0%CB%8A#selectL"
"ㄇ","ㄇㄧㄠˋ","妙","https://dict.concised.moe.edu.tw/searchP.jsp?SN=%E3%84%87&SN2=%E3%84%87%E3%84%A7%E3%84%A0%CB%8B#selectL"
"ㄇ","ㄇㄧㄠˋ","廟","https://dict.concised.moe.edu.tw/searchP.jsp?SN=%E3%84%87&SN2=%E3%84%87%E3%84%A7%E3%84%A0%CB%8B#selectL"
"ㄇ","ㄇㄧㄠˋ","繆","https://dict.concised.moe.edu.tw/searchP.jsp?SN=%E3%84%87&SN2=%E3%84%87%E3%84%A7%E3%84%A0%CB%8B#selectL"
"ㄇ","ㄇㄧㄡˋ","繆","https://dict.concised.moe.edu.tw/searchP.jsp?SN=%E3%84%87&SN2=%E3%84%87%E3%84%A7%E3%84%A1%CB%8B#selectL"
"ㄇ","ㄇㄧㄡˋ","謬","https://dict.concised.moe.edu.tw/searchP.jsp?SN=%E3%84%87&SN2=%E3%84%87%E3%84%A7%E3%84%A1%CB%8B#selectL"
"ㄇ","ㄇㄧㄢˇ","丏","https://dict.concised.moe.edu.tw/searchP.jsp?SN=%E3%84%87&SN2=%E3%84%87%E3%84%A7%E3%84%A2%CB%87#selectL"
"ㄇ","ㄇㄧㄢˇ","免","https://dict.concised.moe.edu.tw/searchP.jsp?SN=%E3%84%87&SN2=%E3%84%87%E3%84%A7%E3%84%A2%CB%87#selectL"
"ㄇ","ㄇㄧㄢˇ","俛","https://dict.concised.moe.edu.tw/searchP.jsp?SN=%E3%84%87&SN2=%E3%84%87%E3%84%A7%E3%84%A2%CB%87#selectL"
"ㄇ","ㄇㄧㄢˇ","勉","https://dict.concised.moe.edu.tw/searchP.jsp?SN=%E3%84%87&SN2=%E3%84%87%E3%84%A7%E3%84%A2%CB%87#selectL"
"ㄇ","ㄇㄧㄢˇ","眄","https://dict.concised.moe.edu.tw/searchP.jsp?SN=%E3%84%87&SN2=%E3%84%87%E3%84%A7%E3%84%A2%CB%87#selectL"
"ㄇ","ㄇㄧㄢˇ","娩","https://dict.concised.moe.edu.tw/searchP.jsp?SN=%E3%84%87&SN2=%E3%84%87%E3%84%A7%E3%84%A2%CB%87#selectL"
"ㄇ","ㄇㄧㄢˇ","冕","https://dict.concised.moe.edu.tw/searchP.jsp?SN=%E3%84%87&SN2=%E3%84%87%E3%84%A7%E3%84%A2%CB%87#selectL"
"ㄇ","ㄇㄧㄢˇ","湎","https://dict.concised.moe.edu.tw/searchP.jsp?SN=%E3%84%87&SN2=%E3%84%87%E3%84%A7%E3%84%A2%CB%87#selectL"
"ㄇ","ㄇㄧㄢˇ","緬","https://dict.concised.moe.edu.tw/searchP.jsp?SN=%E3%84%87&SN2=%E3%84%87%E3%84%A7%E3%84%A2%CB%87#selectL"
"ㄇ","ㄇㄧㄢˇ","靦","https://dict.concised.moe.edu.tw/searchP.jsp?SN=%E3%84%87&SN2=%E3%84%87%E3%84%A7%E3%84%A2%CB%87#selectL"
"ㄇ","ㄇㄧㄢˊ","眠","https://dict.concised.moe.edu.tw/searchP.jsp?SN=%E3%84%87&SN2=%E3%84%87%E3%84%A7%E3%84%A2%CB%8A#selectL"
"ㄇ","ㄇㄧㄢˊ","棉","https://dict.concised.moe.edu.tw/searchP.jsp?SN=%E3%84%87&SN2=%E3%84%87%E3%84%A7%E3%84%A2%CB%8A#selectL"
"ㄇ","ㄇㄧㄢˊ","綿","https://dict.concised.moe.edu.tw/searchP.jsp?SN=%E3%84%87&SN2=%E3%84%87%E3%84%A7%E3%84%A2%CB%8A#selectL"
"ㄇ","ㄇㄧㄢˋ","面","https://dict.concised.moe.edu.tw/searchP.jsp?SN=%E3%84%87&SN2=%E3%84%87%E3%84%A7%E3%84%A2%CB%8B#selectL"
"ㄇ","ㄇㄧㄢˋ","瞑","https://dict.concised.moe.edu.tw/searchP.jsp?SN=%E3%84%87&SN2=%E3%84%87%E3%84%A7%E3%84%A2%CB%8B#selectL"
"ㄇ","ㄇㄧㄢˋ","麵","https://dict.concised.moe.edu.tw/searchP.jsp?SN=%E3%84%87&SN2=%E3%84%87%E3%84%A7%E3%84%A2%CB%8B#selectL"
"ㄇ","ㄇㄧㄣˇ","皿","https://dict.concised.moe.edu.tw/searchP.jsp?SN=%E3%84%87&SN2=%E3%84%87%E3%84%A7%E3%84%A3%CB%87#selectL"
"ㄇ","ㄇㄧㄣˇ","抿","https://dict.concised.moe.edu.tw/searchP.jsp?SN=%E3%84%87&SN2=%E3%84%87%E3%84%A7%E3%84%A3%CB%87#selectL"
"ㄇ","ㄇㄧㄣˇ","泯","https://dict.concised.moe.edu.tw/searchP.jsp?SN=%E3%84%87&SN2=%E3%84%87%E3%84%A7%E3%84%A3%CB%87#selectL"
"ㄇ","ㄇㄧㄣˇ","敏","https://dict.concised.moe.edu.tw/searchP.jsp?SN=%E3%84%87&SN2=%E3%84%87%E3%84%A7%E3%84%A3%CB%87#selectL"
"ㄇ","ㄇㄧㄣˇ","閔","https://dict.concised.moe.edu.tw/searchP.jsp?SN=%E3%84%87&SN2=%E3%84%87%E3%84%A7%E3%84%A3%CB%87#selectL"
"ㄇ","ㄇㄧㄣˇ","愍","https://dict.concised.moe.edu.tw/searchP.jsp?SN=%E3%84%87&SN2=%E3%84%87%E3%84%A7%E3%84%A3%CB%87#selectL"
"ㄇ","ㄇㄧㄣˇ","黽","https://dict.concised.moe.edu.tw/searchP.jsp?SN=%E3%84%87&SN2=%E3%84%87%E3%84%A7%E3%84%A3%CB%87#selectL"
"ㄇ","ㄇㄧㄣˇ","閩","https://dict.concised.moe.edu.tw/searchP.jsp?SN=%E3%84%87&SN2=%E3%84%87%E3%84%A7%E3%84%A3%CB%87#selectL"
"ㄇ","ㄇㄧㄣˇ","僶","https://dict.concised.moe.edu.tw/searchP.jsp?SN=%E3%84%87&SN2=%E3%84%87%E3%84%A7%E3%84%A3%CB%87#selectL"
"ㄇ","ㄇㄧㄣˇ","憫","https://dict.concised.moe.edu.tw/searchP.jsp?SN=%E3%84%87&SN2=%E3%84%87%E3%84%A7%E3%84%A3%CB%87#selectL"
"ㄇ","ㄇㄧㄣˇ","澠","https://dict.concised.moe.edu.tw/searchP.jsp?SN=%E3%84%87&SN2=%E3%84%87%E3%84%A7%E3%84%A3%CB%87#selectL"
"ㄇ","ㄇㄧㄣˊ","民","https://dict.concised.moe.edu.tw/searchP.jsp?SN=%E3%84%87&SN2=%E3%84%87%E3%84%A7%E3%84%A3%CB%8A#selectL"
"ㄇ","ㄇㄧㄣˊ","岷","https://dict.concised.moe.edu.tw/searchP.jsp?SN=%E3%84%87&SN2=%E3%84%87%E3%84%A7%E3%84%A3%CB%8A#selectL"
"ㄇ","ㄇㄧㄣˊ","旻","https://dict.concised.moe.edu.tw/searchP.jsp?SN=%E3%84%87&SN2=%E3%84%87%E3%84%A7%E3%84%A3%CB%8A#selectL"
"ㄇ","ㄇㄧㄣˊ","緡","https://dict.concised.moe.edu.tw/searchP.jsp?SN=%E3%84%87&SN2=%E3%84%87%E3%84%A7%E3%84%A3%CB%8A#selectL"
"ㄇ","ㄇㄧㄥˊ","名","https://dict.concised.moe.edu.tw/searchP.jsp?SN=%E3%84%87&SN2=%E3%84%87%E3%84%A7%E3%84%A5%CB%8A#selectL"
"ㄇ","ㄇㄧㄥˊ","明","https://dict.concised.moe.edu.tw/searchP.jsp?SN=%E3%84%87&SN2=%E3%84%87%E3%84%A7%E3%84%A5%CB%8A#selectL"
"ㄇ","ㄇㄧㄥˊ","冥","https://dict.concised.moe.edu.tw/searchP.jsp?SN=%E3%84%87&SN2=%E3%84%87%E3%84%A7%E3%84%A5%CB%8A#selectL"
"ㄇ","ㄇㄧㄥˊ","茗","https://dict.concised.moe.edu.tw/searchP.jsp?SN=%E3%84%87&SN2=%E3%84%87%E3%84%A7%E3%84%A5%CB%8A#selectL"
"ㄇ","ㄇㄧㄥˊ","溟","https://dict.concised.moe.edu.tw/searchP.jsp?SN=%E3%84%87&SN2=%E3%84%87%E3%84%A7%E3%84%A5%CB%8A#selectL"
"ㄇ","ㄇㄧㄥˊ","酩","https://dict.concised.moe.edu.tw/searchP.jsp?SN=%E3%84%87&SN2=%E3%84%87%E3%84%A7%E3%84%A5%CB%8A#selectL"
"ㄇ","ㄇㄧㄥˊ","暝","https://dict.concised.moe.edu.tw/searchP.jsp?SN=%E3%84%87&SN2=%E3%84%87%E3%84%A7%E3%84%A5%CB%8A#selectL"
"ㄇ","ㄇㄧㄥˊ","銘","https://dict.concised.moe.edu.tw/searchP.jsp?SN=%E3%84%87&SN2=%E3%84%87%E3%84%A7%E3%84%A5%CB%8A#selectL"
"ㄇ","ㄇㄧㄥˊ","鳴","https://dict.concised.moe.edu.tw/searchP.jsp?SN=%E3%84%87&SN2=%E3%84%87%E3%84%A7%E3%84%A5%CB%8A#selectL"
"ㄇ","ㄇㄧㄥˊ","瞑","https://dict.concised.moe.edu.tw/searchP.jsp?SN=%E3%84%87&SN2=%E3%84%87%E3%84%A7%E3%84%A5%CB%8A#selectL"
"ㄇ","ㄇㄧㄥˊ","螟","https://dict.concised.moe.edu.tw/searchP.jsp?SN=%E3%84%87&SN2=%E3%84%87%E3%84%A7%E3%84%A5%CB%8A#selectL"
"ㄇ","ㄇㄧㄥˋ","命","https://dict.concised.moe.edu.tw/searchP.jsp?SN=%E3%84%87&SN2=%E3%84%87%E3%84%A7%E3%84%A5%CB%8B#selectL"
"ㄇ","ㄇㄨˇ","母","https://dict.concised.moe.edu.tw/searchP.jsp?SN=%E3%84%87&SN2=%E3%84%87%E3%84%A8%CB%87#selectL"
"ㄇ","ㄇㄨˇ","牡","https://dict.concised.moe.edu.tw/searchP.jsp?SN=%E3%84%87&SN2=%E3%84%87%E3%84%A8%CB%87#selectL"
"ㄇ","ㄇㄨˇ","坶","https://dict.concised.moe.edu.tw/searchP.jsp?SN=%E3%84%87&SN2=%E3%84%87%E3%84%A8%CB%87#selectL"
"ㄇ","ㄇㄨˇ","姆","https://dict.concised.moe.edu.tw/searchP.jsp?SN=%E3%84%87&SN2=%E3%84%87%E3%84%A8%CB%87#selectL"
"ㄇ","ㄇㄨˇ","拇","https://dict.concised.moe.edu.tw/searchP.jsp?SN=%E3%84%87&SN2=%E3%84%87%E3%84%A8%CB%87#selectL"
"ㄇ","ㄇㄨˇ","姥","https://dict.concised.moe.edu.tw/searchP.jsp?SN=%E3%84%87&SN2=%E3%84%87%E3%84%A8%CB%87#selectL"
"ㄇ","ㄇㄨˇ","畝","https://dict.concised.moe.edu.tw/searchP.jsp?SN=%E3%84%87&SN2=%E3%84%87%E3%84%A8%CB%87#selectL"
"ㄇ","ㄇㄨˇ","鉧","https://dict.concised.moe.edu.tw/searchP.jsp?SN=%E3%84%87&SN2=%E3%84%87%E3%84%A8%CB%87#selectL"
"ㄇ","ㄇㄨˋ","木","https://dict.concised.moe.edu.tw/searchP.jsp?SN=%E3%84%87&SN2=%E3%84%87%E3%84%A8%CB%8B#selectL"
"ㄇ","ㄇㄨˋ","目","https://dict.concised.moe.edu.tw/searchP.jsp?SN=%E3%84%87&SN2=%E3%84%87%E3%84%A8%CB%8B#selectL"
"ㄇ","ㄇㄨˋ","沐","https://dict.concised.moe.edu.tw/searchP.jsp?SN=%E3%84%87&SN2=%E3%84%87%E3%84%A8%CB%8B#selectL"
"ㄇ","ㄇㄨˋ","牧","https://dict.concised.moe.edu.tw/searchP.jsp?SN=%E3%84%87&SN2=%E3%84%87%E3%84%A8%CB%8B#selectL"
"ㄇ","ㄇㄨˋ","苜","https://dict.concised.moe.edu.tw/searchP.jsp?SN=%E3%84%87&SN2=%E3%84%87%E3%84%A8%CB%8B#selectL"
"ㄇ","ㄇㄨˋ","莫","https://dict.concised.moe.edu.tw/searchP.jsp?SN=%E3%84%87&SN2=%E3%84%87%E3%84%A8%CB%8B#selectL"
"ㄇ","ㄇㄨˋ","募","https://dict.concised.moe.edu.tw/searchP.jsp?SN=%E3%84%87&SN2=%E3%84%87%E3%84%A8%CB%8B#selectL"
"ㄇ","ㄇㄨˋ","睦","https://dict.concised.moe.edu.tw/searchP.jsp?SN=%E3%84%87&SN2=%E3%84%87%E3%84%A8%CB%8B#selectL"
"ㄇ","ㄇㄨˋ","墓","https://dict.concised.moe.edu.tw/searchP.jsp?SN=%E3%84%87&SN2=%E3%84%87%E3%84%A8%CB%8B#selectL"
"ㄇ","ㄇㄨˋ","幕","https://dict.concised.moe.edu.tw/searchP.jsp?SN=%E3%84%87&SN2=%E3%84%87%E3%84%A8%CB%8B#selectL"
"ㄇ","ㄇㄨˋ","慕","https://dict.concised.moe.edu.tw/searchP.jsp?SN=%E3%84%87&SN2=%E3%84%87%E3%84%A8%CB%8B#selectL"
"ㄇ","ㄇㄨˋ","暮","https://dict.concised.moe.edu.tw/searchP.jsp?SN=%E3%84%87&SN2=%E3%84%87%E3%84%A8%CB%8B#selectL"
"ㄇ","ㄇㄨˋ","穆","https://dict.concised.moe.edu.tw/searchP.jsp?SN=%E3%84%87&SN2=%E3%84%87%E3%84%A8%CB%8B#selectL"
"ㄇ","ㄇㄨˋ","繆","https://dict.concised.moe.edu.tw/searchP.jsp?SN=%E3%84%87&SN2=%E3%84%87%E3%84%A8%CB%8B#selectL"
"ㄈ","ㄈㄚ","伐","https://dict.concised.moe.edu.tw/searchP.jsp?SN=%E3%84%88&SN2=%E3%84%88%E3%84%9A#selectL"
"ㄈ","ㄈㄚ","發","https://dict.concised.moe.edu.tw/searchP.jsp?SN=%E3%84%88&SN2=%E3%84%88%E3%84%9A#selectL"
"ㄈ","ㄈㄚˇ","法","https://dict.concised.moe.edu.tw/searchP.jsp?SN=%E3%84%88&SN2=%E3%84%88%E3%84%9A%CB%87#selectL"
"ㄈ","ㄈㄚˇ","砝","https://dict.concised.moe.edu.tw/searchP.jsp?SN=%E3%84%88&SN2=%E3%84%88%E3%84%9A%CB%87#selectL"
"ㄈ","ㄈㄚˇ","髮","https://dict.concised.moe.edu.tw/searchP.jsp?SN=%E3%84%88&SN2=%E3%84%88%E3%84%9A%CB%87#selectL"
"ㄈ","ㄈㄚˊ","乏","https://dict.concised.moe.edu.tw/searchP.jsp?SN=%E3%84%88&SN2=%E3%84%88%E3%84%9A%CB%8A#selectL"
"ㄈ","ㄈㄚˊ","法","https://dict.concised.moe.edu.tw/searchP.jsp?SN=%E3%84%88&SN2=%E3%84%88%E3%84%9A%CB%8A#selectL"
"ㄈ","ㄈㄚˊ","筏","https://dict.concised.moe.edu.tw/searchP.jsp?SN=%E3%84%88&SN2=%E3%84%88%E3%84%9A%CB%8A#selectL"
"ㄈ","ㄈㄚˊ","罰","https://dict.concised.moe.edu.tw/searchP.jsp?SN=%E3%84%88&SN2=%E3%84%88%E3%84%9A%CB%8A#selectL"
"ㄈ","ㄈㄚˊ","閥","https://dict.concised.moe.edu.tw/searchP.jsp?SN=%E3%84%88&SN2=%E3%84%88%E3%84%9A%CB%8A#selectL"
"ㄈ","ㄈㄚˋ","琺","https://dict.concised.moe.edu.tw/searchP.jsp?SN=%E3%84%88&SN2=%E3%84%88%E3%84%9A%CB%8B#selectL"
"ㄈ","ㄈㄛˊ","佛","https://dict.concised.moe.edu.tw/searchP.jsp?SN=%E3%84%88&SN2=%E3%84%88%E3%84%9B%CB%8A#selectL"
"ㄈ","ㄈㄟ","妃","https://dict.concised.moe.edu.tw/searchP.jsp?SN=%E3%84%88&SN2=%E3%84%88%E3%84%9F#selectL"
"ㄈ","ㄈㄟ","非","https://dict.concised.moe.edu.tw/searchP.jsp?SN=%E3%84%88&SN2=%E3%84%88%E3%84%9F#selectL"
"ㄈ","ㄈㄟ","飛","https://dict.concised.moe.edu.tw/searchP.jsp?SN=%E3%84%88&SN2=%E3%84%88%E3%84%9F#selectL"
"ㄈ","ㄈㄟ","啡","https://dict.concised.moe.edu.tw/searchP.jsp?SN=%E3%84%88&SN2=%E3%84%88%E3%84%9F#selectL"
"ㄈ","ㄈㄟ","扉","https://dict.concised.moe.edu.tw/searchP.jsp?SN=%E3%84%88&SN2=%E3%84%88%E3%84%9F#selectL"
"ㄈ","ㄈㄟ","菲","https://dict.concised.moe.edu.tw/searchP.jsp?SN=%E3%84%88&SN2=%E3%84%88%E3%84%9F#selectL"
"ㄈ","ㄈㄟ","緋","https://dict.concised.moe.edu.tw/searchP.jsp?SN=%E3%84%88&SN2=%E3%84%88%E3%84%9F#selectL"
"ㄈ","ㄈㄟ","蜚","https://dict.concised.moe.edu.tw/searchP.jsp?SN=%E3%84%88&SN2=%E3%84%88%E3%84%9F#selectL"
"ㄈ","ㄈㄟ","霏","https://dict.concised.moe.edu.tw/searchP.jsp?SN=%E3%84%88&SN2=%E3%84%88%E3%84%9F#selectL"
"ㄈ","ㄈㄟˇ","匪","https://dict.concised.moe.edu.tw/searchP.jsp?SN=%E3%84%88&SN2=%E3%84%88%E3%84%9F%CB%87#selectL"
"ㄈ","ㄈㄟˇ","悱","https://dict.concised.moe.edu.tw/searchP.jsp?SN=%E3%84%88&SN2=%E3%84%88%E3%84%9F%CB%87#selectL"
"ㄈ","ㄈㄟˇ","斐","https://dict.concised.moe.edu.tw/searchP.jsp?SN=%E3%84%88&SN2=%E3%84%88%E3%84%9F%CB%87#selectL"
"ㄈ","ㄈㄟˇ","菲","https://dict.concised.moe.edu.tw/searchP.jsp?SN=%E3%84%88&SN2=%E3%84%88%E3%84%9F%CB%87#selectL"
"ㄈ","ㄈㄟˇ","榧","https://dict.concised.moe.edu.tw/searchP.jsp?SN=%E3%84%88&SN2=%E3%84%88%E3%84%9F%CB%87#selectL"
"ㄈ","ㄈㄟˇ","翡","https://dict.concised.moe.edu.tw/searchP.jsp?SN=%E3%84%88&SN2=%E3%84%88%E3%84%9F%CB%87#selectL"
"ㄈ","ㄈㄟˇ","蜚","https://dict.concised.moe.edu.tw/searchP.jsp?SN=%E3%84%88&SN2=%E3%84%88%E3%84%9F%CB%87#selectL"
"ㄈ","ㄈㄟˇ","誹","https://dict.concised.moe.edu.tw/searchP.jsp?SN=%E3%84%88&SN2=%E3%84%88%E3%84%9F%CB%87#selectL"
"ㄈ","ㄈㄟˊ","肥","https://dict.concised.moe.edu.tw/searchP.jsp?SN=%E3%84%88&SN2=%E3%84%88%E3%84%9F%CB%8A#selectL"
"ㄈ","ㄈㄟˊ","淝","https://dict.concised.moe.edu.tw/searchP.jsp?SN=%E3%84%88&SN2=%E3%84%88%E3%84%9F%CB%8A#selectL"
"ㄈ","ㄈㄟˊ","腓","https://dict.concised.moe.edu.tw/searchP.jsp?SN=%E3%84%88&SN2=%E3%84%88%E3%84%9F%CB%8A#selectL"
"ㄈ","ㄈㄟˋ","吠","https://dict.concised.moe.edu.tw/searchP.jsp?SN=%E3%84%88&SN2=%E3%84%88%E3%84%9F%CB%8B#selectL"
"ㄈ","ㄈㄟˋ","沸","https://dict.concised.moe.edu.tw/searchP.jsp?SN=%E3%84%88&SN2=%E3%84%88%E3%84%9F%CB%8B#selectL"
"ㄈ","ㄈㄟˋ","狒","https://dict.concised.moe.edu.tw/searchP.jsp?SN=%E3%84%88&SN2=%E3%84%88%E3%84%9F%CB%8B#selectL"
"ㄈ","ㄈㄟˋ","肺","https://dict.concised.moe.edu.tw/searchP.jsp?SN=%E3%84%88&SN2=%E3%84%88%E3%84%9F%CB%8B#selectL"
"ㄈ","ㄈㄟˋ","芾","https://dict.concised.moe.edu.tw/searchP.jsp?SN=%E3%84%88&SN2=%E3%84%88%E3%84%9F%CB%8B#selectL"
"ㄈ","ㄈㄟˋ","費","https://dict.concised.moe.edu.tw/searchP.jsp?SN=%E3%84%88&SN2=%E3%84%88%E3%84%9F%CB%8B#selectL"
"ㄈ","ㄈㄟˋ","痱","https://dict.concised.moe.edu.tw/searchP.jsp?SN=%E3%84%88&SN2=%E3%84%88%E3%84%9F%CB%8B#selectL"
"ㄈ","ㄈㄟˋ","廢","https://dict.concised.moe.edu.tw/searchP.jsp?SN=%E3%84%88&SN2=%E3%84%88%E3%84%9F%CB%8B#selectL"
"ㄈ","ㄈㄡˇ","不","https://dict.concised.moe.edu.tw/searchP.jsp?SN=%E3%84%88&SN2=%E3%84%88%E3%84%A1%CB%87#selectL"
"ㄈ","ㄈㄡˇ","缶","https://dict.concised.moe.edu.tw/searchP.jsp?SN=%E3%84%88&SN2=%E3%84%88%E3%84%A1%CB%87#selectL"
"ㄈ","ㄈㄡˇ","否","https://dict.concised.moe.edu.tw/searchP.jsp?SN=%E3%84%88&SN2=%E3%84%88%E3%84%A1%CB%87#selectL"
"ㄈ","ㄈㄢ","番","https://dict.concised.moe.edu.tw/searchP.jsp?SN=%E3%84%88&SN2=%E3%84%88%E3%84%A2#selectL"
"ㄈ","ㄈㄢ","幡","https://dict.concised.moe.edu.tw/searchP.jsp?SN=%E3%84%88&SN2=%E3%84%88%E3%84%A2#selectL"
"ㄈ","ㄈㄢ","蕃","https://dict.concised.moe.edu.tw/searchP.jsp?SN=%E3%84%88&SN2=%E3%84%88%E3%84%A2#selectL"
"ㄈ","ㄈㄢ","旛","https://dict.concised.moe.edu.tw/searchP.jsp?SN=%E3%84%88&SN2=%E3%84%88%E3%84%A2#selectL"
"ㄈ","ㄈㄢ","翻","https://dict.concised.moe.edu.tw/searchP.jsp?SN=%E3%84%88&SN2=%E3%84%88%E3%84%A2#selectL"
"ㄈ","ㄈㄢˇ","反","https://dict.concised.moe.edu.tw/searchP.jsp?SN=%E3%84%88&SN2=%E3%84%88%E3%84%A2%CB%87#selectL"
"ㄈ","ㄈㄢˇ","返","https://dict.concised.moe.edu.tw/searchP.jsp?SN=%E3%84%88&SN2=%E3%84%88%E3%84%A2%CB%87#selectL"
"ㄈ","ㄈㄢˊ","凡","https://dict.concised.moe.edu.tw/searchP.jsp?SN=%E3%84%88&SN2=%E3%84%88%E3%84%A2%CB%8A#selectL"
"ㄈ","ㄈㄢˊ","帆","https://dict.concised.moe.edu.tw/searchP.jsp?SN=%E3%84%88&SN2=%E3%84%88%E3%84%A2%CB%8A#selectL"
"ㄈ","ㄈㄢˊ","煩","https://dict.concised.moe.edu.tw/searchP.jsp?SN=%E3%84%88&SN2=%E3%84%88%E3%84%A2%CB%8A#selectL"
"ㄈ","ㄈㄢˊ","墦","https://dict.concised.moe.edu.tw/searchP.jsp?SN=%E3%84%88&SN2=%E3%84%88%E3%84%A2%CB%8A#selectL"
"ㄈ","ㄈㄢˊ","樊","https://dict.concised.moe.edu.tw/searchP.jsp?SN=%E3%84%88&SN2=%E3%84%88%E3%84%A2%CB%8A#selectL"
"ㄈ","ㄈㄢˊ","燔","https://dict.concised.moe.edu.tw/searchP.jsp?SN=%E3%84%88&SN2=%E3%84%88%E3%84%A2%CB%8A#selectL"
"ㄈ","ㄈㄢˊ","蕃","https://dict.concised.moe.edu.tw/searchP.jsp?SN=%E3%84%88&SN2=%E3%84%88%E3%84%A2%CB%8A#selectL"
"ㄈ","ㄈㄢˊ","繁","https://dict.concised.moe.edu.tw/searchP.jsp?SN=%E3%84%88&SN2=%E3%84%88%E3%84%A2%CB%8A#selectL"
"ㄈ","ㄈㄢˊ","藩","https://dict.concised.moe.edu.tw/searchP.jsp?SN=%E3%84%88&SN2=%E3%84%88%E3%84%A2%CB%8A#selectL"
"ㄈ","ㄈㄢˊ","礬","https://dict.concised.moe.edu.tw/searchP.jsp?SN=%E3%84%88&SN2=%E3%84%88%E3%84%A2%CB%8A#selectL"
"ㄈ","ㄈㄢˋ","氾","https://dict.concised.moe.edu.tw/searchP.jsp?SN=%E3%84%88&SN2=%E3%84%88%E3%84%A2%CB%8B#selectL"
"ㄈ","ㄈㄢˋ","犯","https://dict.concised.moe.edu.tw/searchP.jsp?SN=%E3%84%88&SN2=%E3%84%88%E3%84%A2%CB%8B#selectL"
"ㄈ","ㄈㄢˋ","汎","https://dict.concised.moe.edu.tw/searchP.jsp?SN=%E3%84%88&SN2=%E3%84%88%E3%84%A2%CB%8B#selectL"
"ㄈ","ㄈㄢˋ","泛","https://dict.concised.moe.edu.tw/searchP.jsp?SN=%E3%84%88&SN2=%E3%84%88%E3%84%A2%CB%8B#selectL"
"ㄈ","ㄈㄢˋ","范","https://dict.concised.moe.edu.tw/searchP.jsp?SN=%E3%84%88&SN2=%E3%84%88%E3%84%A2%CB%8B#selectL"
"ㄈ","ㄈㄢˋ","梵","https://dict.concised.moe.edu.tw/searchP.jsp?SN=%E3%84%88&SN2=%E3%84%88%E3%84%A2%CB%8B#selectL"
"ㄈ","ㄈㄢˋ","販","https://dict.concised.moe.edu.tw/searchP.jsp?SN=%E3%84%88&SN2=%E3%84%88%E3%84%A2%CB%8B#selectL"
"ㄈ","ㄈㄢˋ","飯","https://dict.concised.moe.edu.tw/searchP.jsp?SN=%E3%84%88&SN2=%E3%84%88%E3%84%A2%CB%8B#selectL"
"ㄈ","ㄈㄢˋ","範","https://dict.concised.moe.edu.tw/searchP.jsp?SN=%E3%84%88&SN2=%E3%84%88%E3%84%A2%CB%8B#selectL"
"ㄈ","ㄈㄣ","分","https://dict.concised.moe.edu.tw/searchP.jsp?SN=%E3%84%88&SN2=%E3%84%88%E3%84%A3#selectL"
"ㄈ","ㄈㄣ","吩","https://dict.concised.moe.edu.tw/searchP.jsp?SN=%E3%84%88&SN2=%E3%84%88%E3%84%A3#selectL"
"ㄈ","ㄈㄣ","氛","https://dict.concised.moe.edu.tw/searchP.jsp?SN=%E3%84%88&SN2=%E3%84%88%E3%84%A3#selectL"
"ㄈ","ㄈㄣ","芬","https://dict.concised.moe.edu.tw/searchP.jsp?SN=%E3%84%88&SN2=%E3%84%88%E3%84%A3#selectL"
"ㄈ","ㄈㄣ","紛","https://dict.concised.moe.edu.tw/searchP.jsp?SN=%E3%84%88&SN2=%E3%84%88%E3%84%A3#selectL"
"ㄈ","ㄈㄣ","酚","https://dict.concised.moe.edu.tw/searchP.jsp?SN=%E3%84%88&SN2=%E3%84%88%E3%84%A3#selectL"
"ㄈ","ㄈㄣ","棻","https://dict.concised.moe.edu.tw/searchP.jsp?SN=%E3%84%88&SN2=%E3%84%88%E3%84%A3#selectL"
"ㄈ","ㄈㄣ","雰","https://dict.concised.moe.edu.tw/searchP.jsp?SN=%E3%84%88&SN2=%E3%84%88%E3%84%A3#selectL"
"ㄈ","ㄈㄣˇ","粉","https://dict.concised.moe.edu.tw/searchP.jsp?SN=%E3%84%88&SN2=%E3%84%88%E3%84%A3%CB%87#selectL"
"ㄈ","ㄈㄣˊ","汾","https://dict.concised.moe.edu.tw/searchP.jsp?SN=%E3%84%88&SN2=%E3%84%88%E3%84%A3%CB%8A#selectL"
"ㄈ","ㄈㄣˊ","棼","https://dict.concised.moe.edu.tw/searchP.jsp?SN=%E3%84%88&SN2=%E3%84%88%E3%84%A3%CB%8A#selectL"
"ㄈ","ㄈㄣˊ","焚","https://dict.concised.moe.edu.tw/searchP.jsp?SN=%E3%84%88&SN2=%E3%84%88%E3%84%A3%CB%8A#selectL"
"ㄈ","ㄈㄣˊ","墳","https://dict.concised.moe.edu.tw/searchP.jsp?SN=%E3%84%88&SN2=%E3%84%88%E3%84%A3%CB%8A#selectL"
"ㄈ","ㄈㄣˋ","分","https://dict.concised.moe.edu.tw/searchP.jsp?SN=%E3%84%88&SN2=%E3%84%88%E3%84%A3%CB%8B#selectL"
"ㄈ","ㄈㄣˋ","份","https://dict.concised.moe.edu.tw/searchP.jsp?SN=%E3%84%88&SN2=%E3%84%88%E3%84%A3%CB%8B#selectL"
"ㄈ","ㄈㄣˋ","忿","https://dict.concised.moe.edu.tw/searchP.jsp?SN=%E3%84%88&SN2=%E3%84%88%E3%84%A3%CB%8B#selectL"
"ㄈ","ㄈㄣˋ","憤","https://dict.concised.moe.edu.tw/searchP.jsp?SN=%E3%84%88&SN2=%E3%84%88%E3%84%A3%CB%8B#selectL"
"ㄈ","ㄈㄣˋ","奮","https://dict.concised.moe.edu.tw/searchP.jsp?SN=%E3%84%88&SN2=%E3%84%88%E3%84%A3%CB%8B#selectL"
"ㄈ","ㄈㄣˋ","糞","https://dict.concised.moe.edu.tw/searchP.jsp?SN=%E3%84%88&SN2=%E3%84%88%E3%84%A3%CB%8B#selectL"
"ㄈ","ㄈㄤ","方","https://dict.concised.moe.edu.tw/searchP.jsp?SN=%E3%84%88&SN2=%E3%84%88%E3%84%A4#selectL"
"ㄈ","ㄈㄤ","坊","https://dict.concised.moe.edu.tw/searchP.jsp?SN=%E3%84%88&SN2=%E3%84%88%E3%84%A4#selectL"
"ㄈ","ㄈㄤ","枋","https://dict.concised.moe.edu.tw/searchP.jsp?SN=%E3%84%88&SN2=%E3%84%88%E3%84%A4#selectL"
"ㄈ","ㄈㄤ","芳","https://dict.concised.moe.edu.tw/searchP.jsp?SN=%E3%84%88&SN2=%E3%84%88%E3%84%A4#selectL"
"ㄈ","ㄈㄤˇ","仿","https://dict.concised.moe.edu.tw/searchP.jsp?SN=%E3%84%88&SN2=%E3%84%88%E3%84%A4%CB%87#selectL"
"ㄈ","ㄈㄤˇ","彷","https://dict.concised.moe.edu.tw/searchP.jsp?SN=%E3%84%88&SN2=%E3%84%88%E3%84%A4%CB%87#selectL"
"ㄈ","ㄈㄤˇ","放","https://dict.concised.moe.edu.tw/searchP.jsp?SN=%E3%84%88&SN2=%E3%84%88%E3%84%A4%CB%87#selectL"
"ㄈ","ㄈㄤˇ","昉","https://dict.concised.moe.edu.tw/searchP.jsp?SN=%E3%84%88&SN2=%E3%84%88%E3%84%A4%CB%87#selectL"
"ㄈ","ㄈㄤˇ","倣","https://dict.concised.moe.edu.tw/searchP.jsp?SN=%E3%84%88&SN2=%E3%84%88%E3%84%A4%CB%87#selectL"
"ㄈ","ㄈㄤˇ","紡","https://dict.concised.moe.edu.tw/searchP.jsp?SN=%E3%84%88&SN2=%E3%84%88%E3%84%A4%CB%87#selectL"
"ㄈ","ㄈㄤˇ","舫","https://dict.concised.moe.edu.tw/searchP.jsp?SN=%E3%84%88&SN2=%E3%84%88%E3%84%A4%CB%87#selectL"
"ㄈ","ㄈㄤˇ","訪","https://dict.concised.moe.edu.tw/searchP.jsp?SN=%E3%84%88&SN2=%E3%84%88%E3%84%A4%CB%87#selectL"
"ㄈ","ㄈㄤˇ","髣","https://dict.concised.moe.edu.tw/searchP.jsp?SN=%E3%84%88&SN2=%E3%84%88%E3%84%A4%CB%87#selectL"
"ㄈ","ㄈㄤˊ","坊","https://dict.concised.moe.edu.tw/searchP.jsp?SN=%E3%84%88&SN2=%E3%84%88%E3%84%A4%CB%8A#selectL"
"ㄈ","ㄈㄤˊ","妨","https://dict.concised.moe.edu.tw/searchP.jsp?SN=%E3%84%88&SN2=%E3%84%88%E3%84%A4%CB%8A#selectL"
"ㄈ","ㄈㄤˊ","防","https://dict.concised.moe.edu.tw/searchP.jsp?SN=%E3%84%88&SN2=%E3%84%88%E3%84%A4%CB%8A#selectL"
"ㄈ","ㄈㄤˊ","房","https://dict.concised.moe.edu.tw/searchP.jsp?SN=%E3%84%88&SN2=%E3%84%88%E3%84%A4%CB%8A#selectL"
"ㄈ","ㄈㄤˊ","肪","https://dict.concised.moe.edu.tw/searchP.jsp?SN=%E3%84%88&SN2=%E3%84%88%E3%84%A4%CB%8A#selectL"
"ㄈ","ㄈㄤˋ","放","https://dict.concised.moe.edu.tw/searchP.jsp?SN=%E3%84%88&SN2=%E3%84%88%E3%84%A4%CB%8B#selectL"
"ㄈ","ㄈㄥ","丰","https://dict.concised.moe.edu.tw/searchP.jsp?SN=%E3%84%88&SN2=%E3%84%88%E3%84%A5#selectL"
"ㄈ","ㄈㄥ","封","https://dict.concised.moe.edu.tw/searchP.jsp?SN=%E3%84%88&SN2=%E3%84%88%E3%84%A5#selectL"
"ㄈ","ㄈㄥ","風","https://dict.concised.moe.edu.tw/searchP.jsp?SN=%E3%84%88&SN2=%E3%84%88%E3%84%A5#selectL"
"ㄈ","ㄈㄥ","峰","https://dict.concised.moe.edu.tw/searchP.jsp?SN=%E3%84%88&SN2=%E3%84%88%E3%84%A5#selectL"
"ㄈ","ㄈㄥ","烽","https://dict.concised.moe.edu.tw/searchP.jsp?SN=%E3%84%88&SN2=%E3%84%88%E3%84%A5#selectL"
"ㄈ","ㄈㄥ","楓","https://dict.concised.moe.edu.tw/searchP.jsp?SN=%E3%84%88&SN2=%E3%84%88%E3%84%A5#selectL"
"ㄈ","ㄈㄥ","蜂","https://dict.concised.moe.edu.tw/searchP.jsp?SN=%E3%84%88&SN2=%E3%84%88%E3%84%A5#selectL"
"ㄈ","ㄈㄥ","瘋","https://dict.concised.moe.edu.tw/searchP.jsp?SN=%E3%84%88&SN2=%E3%84%88%E3%84%A5#selectL"
"ㄈ","ㄈㄥ","鋒","https://dict.concised.moe.edu.tw/searchP.jsp?SN=%E3%84%88&SN2=%E3%84%88%E3%84%A5#selectL"
"ㄈ","ㄈㄥ","豐","https://dict.concised.moe.edu.tw/searchP.jsp?SN=%E3%84%88&SN2=%E3%84%88%E3%84%A5#selectL"
"ㄈ","ㄈㄥ","酆","https://dict.concised.moe.edu.tw/searchP.jsp?SN=%E3%84%88&SN2=%E3%84%88%E3%84%A5#selectL"
"ㄈ","ㄈㄥˊ","逢","https://dict.concised.moe.edu.tw/searchP.jsp?SN=%E3%84%88&SN2=%E3%84%88%E3%84%A5%CB%8A#selectL"
"ㄈ","ㄈㄥˊ","馮","https://dict.concised.moe.edu.tw/searchP.jsp?SN=%E3%84%88&SN2=%E3%84%88%E3%84%A5%CB%8A#selectL"
"ㄈ","ㄈㄥˊ","縫","https://dict.concised.moe.edu.tw/searchP.jsp?SN=%E3%84%88&SN2=%E3%84%88%E3%84%A5%CB%8A#selectL"
"ㄈ","ㄈㄥˋ","奉","https://dict.concised.moe.edu.tw/searchP.jsp?SN=%E3%84%88&SN2=%E3%84%88%E3%84%A5%CB%8B#selectL"
"ㄈ","ㄈㄥˋ","風","https://dict.concised.moe.edu.tw/searchP.jsp?SN=%E3%84%88&SN2=%E3%84%88%E3%84%A5%CB%8B#selectL"
"ㄈ","ㄈㄥˋ","俸","https://dict.concised.moe.edu.tw/searchP.jsp?SN=%E3%84%88&SN2=%E3%84%88%E3%84%A5%CB%8B#selectL"
"ㄈ","ㄈㄥˋ","鳳","https://dict.concised.moe.edu.tw/searchP.jsp?SN=%E3%84%88&SN2=%E3%84%88%E3%84%A5%CB%8B#selectL"
"ㄈ","ㄈㄥˋ","諷","https://dict.concised.moe.edu.tw/searchP.jsp?SN=%E3%84%88&SN2=%E3%84%88%E3%84%A5%CB%8B#selectL"
"ㄈ","ㄈㄥˋ","縫","https://dict.concised.moe.edu.tw/searchP.jsp?SN=%E3%84%88&SN2=%E3%84%88%E3%84%A5%CB%8B#selectL"
"ㄈ","ㄈㄨ","夫","https://dict.concised.moe.edu.tw/searchP.jsp?SN=%E3%84%88&SN2=%E3%84%88%E3%84%A8#selectL"
"ㄈ","ㄈㄨ","伕","https://dict.concised.moe.edu.tw/searchP.jsp?SN=%E3%84%88&SN2=%E3%84%88%E3%84%A8#selectL"
"ㄈ","ㄈㄨ","趺","https://dict.concised.moe.edu.tw/searchP.jsp?SN=%E3%84%88&SN2=%E3%84%88%E3%84%A8#selectL"
"ㄈ","ㄈㄨ","孵","https://dict.concised.moe.edu.tw/searchP.jsp?SN=%E3%84%88&SN2=%E3%84%88%E3%84%A8#selectL"
"ㄈ","ㄈㄨ","敷","https://dict.concised.moe.edu.tw/searchP.jsp?SN=%E3%84%88&SN2=%E3%84%88%E3%84%A8#selectL"
"ㄈ","ㄈㄨ","膚","https://dict.concised.moe.edu.tw/searchP.jsp?SN=%E3%84%88&SN2=%E3%84%88%E3%84%A8#selectL"
"ㄈ","ㄈㄨ","麩","https://dict.concised.moe.edu.tw/searchP.jsp?SN=%E3%84%88&SN2=%E3%84%88%E3%84%A8#selectL"
"ㄈ","ㄈㄨˇ","父","https://dict.concised.moe.edu.tw/searchP.jsp?SN=%E3%84%88&SN2=%E3%84%88%E3%84%A8%CB%87#selectL"
"ㄈ","ㄈㄨˇ","甫","https://dict.concised.moe.edu.tw/searchP.jsp?SN=%E3%84%88&SN2=%E3%84%88%E3%84%A8%CB%87#selectL"
"ㄈ","ㄈㄨˇ","府","https://dict.concised.moe.edu.tw/searchP.jsp?SN=%E3%84%88&SN2=%E3%84%88%E3%84%A8%CB%87#selectL"
"ㄈ","ㄈㄨˇ","拊","https://dict.concised.moe.edu.tw/searchP.jsp?SN=%E3%84%88&SN2=%E3%84%88%E3%84%A8%CB%87#selectL"
"ㄈ","ㄈㄨˇ","斧","https://dict.concised.moe.edu.tw/searchP.jsp?SN=%E3%84%88&SN2=%E3%84%88%E3%84%A8%CB%87#selectL"
"ㄈ","ㄈㄨˇ","俛","https://dict.concised.moe.edu.tw/searchP.jsp?SN=%E3%84%88&SN2=%E3%84%88%E3%84%A8%CB%87#selectL"
"ㄈ","ㄈㄨˇ","俯","https://dict.concised.moe.edu.tw/searchP.jsp?SN=%E3%84%88&SN2=%E3%84%88%E3%84%A8%CB%87#selectL"
"ㄈ","ㄈㄨˇ","釜","https://dict.concised.moe.edu.tw/searchP.jsp?SN=%E3%84%88&SN2=%E3%84%88%E3%84%A8%CB%87#selectL"
"ㄈ","ㄈㄨˇ","脯","https://dict.concised.moe.edu.tw/searchP.jsp?SN=%E3%84%88&SN2=%E3%84%88%E3%84%A8%CB%87#selectL"
"ㄈ","ㄈㄨˇ","腑","https://dict.concised.moe.edu.tw/searchP.jsp?SN=%E3%84%88&SN2=%E3%84%88%E3%84%A8%CB%87#selectL"
"ㄈ","ㄈㄨˇ","腐","https://dict.concised.moe.edu.tw/searchP.jsp?SN=%E3%84%88&SN2=%E3%84%88%E3%84%A8%CB%87#selectL"
"ㄈ","ㄈㄨˇ","輔","https://dict.concised.moe.edu.tw/searchP.jsp?SN=%E3%84%88&SN2=%E3%84%88%E3%84%A8%CB%87#selectL"
"ㄈ","ㄈㄨˇ","撫","https://dict.concised.moe.edu.tw/searchP.jsp?SN=%E3%84%88&SN2=%E3%84%88%E3%84%A8%CB%87#selectL"
"ㄈ","ㄈㄨˇ","頫","https://dict.concised.moe.edu.tw/searchP.jsp?SN=%E3%84%88&SN2=%E3%84%88%E3%84%A8%CB%87#selectL"
"ㄈ","ㄈㄨˇ","黼","https://dict.concised.moe.edu.tw/searchP.jsp?SN=%E3%84%88&SN2=%E3%84%88%E3%84%A8%CB%87#selectL"
"ㄈ","ㄈㄨˊ","夫","https://dict.concised.moe.edu.tw/searchP.jsp?SN=%E3%84%88&SN2=%E3%84%88%E3%84%A8%CB%8A#selectL"
"ㄈ","ㄈㄨˊ","巿","https://dict.concised.moe.edu.tw/searchP.jsp?SN=%E3%84%88&SN2=%E3%84%88%E3%84%A8%CB%8A#selectL"
"ㄈ","ㄈㄨˊ","弗","https://dict.concised.moe.edu.tw/searchP.jsp?SN=%E3%84%88&SN2=%E3%84%88%E3%84%A8%CB%8A#selectL"
"ㄈ","ㄈㄨˊ","伏","https://dict.concised.moe.edu.tw/searchP.jsp?SN=%E3%84%88&SN2=%E3%84%88%E3%84%A8%CB%8A#selectL"
"ㄈ","ㄈㄨˊ","佛","https://dict.concised.moe.edu.tw/searchP.jsp?SN=%E3%84%88&SN2=%E3%84%88%E3%84%A8%CB%8A#selectL"
"ㄈ","ㄈㄨˊ","孚","https://dict.concised.moe.edu.tw/searchP.jsp?SN=%E3%84%88&SN2=%E3%84%88%E3%84%A8%CB%8A#selectL"
"ㄈ","ㄈㄨˊ","扶","https://dict.concised.moe.edu.tw/searchP.jsp?SN=%E3%84%88&SN2=%E3%84%88%E3%84%A8%CB%8A#selectL"
"ㄈ","ㄈㄨˊ","宓","https://dict.concised.moe.edu.tw/searchP.jsp?SN=%E3%84%88&SN2=%E3%84%88%E3%84%A8%CB%8A#selectL"
"ㄈ","ㄈㄨˊ","彿","https://dict.concised.moe.edu.tw/searchP.jsp?SN=%E3%84%88&SN2=%E3%84%88%E3%84%A8%CB%8A#selectL"
"ㄈ","ㄈㄨˊ","拂","https://dict.concised.moe.edu.tw/searchP.jsp?SN=%E3%84%88&SN2=%E3%84%88%E3%84%A8%CB%8A#selectL"
"ㄈ","ㄈㄨˊ","服","https://dict.concised.moe.edu.tw/searchP.jsp?SN=%E3%84%88&SN2=%E3%84%88%E3%84%A8%CB%8A#selectL"
"ㄈ","ㄈㄨˊ","芙","https://dict.concised.moe.edu.tw/searchP.jsp?SN=%E3%84%88&SN2=%E3%84%88%E3%84%A8%CB%8A#selectL"
"ㄈ","ㄈㄨˊ","芾","https://dict.concised.moe.edu.tw/searchP.jsp?SN=%E3%84%88&SN2=%E3%84%88%E3%84%A8%CB%8A#selectL"
"ㄈ","ㄈㄨˊ","俘","https://dict.concised.moe.edu.tw/searchP.jsp?SN=%E3%84%88&SN2=%E3%84%88%E3%84%A8%CB%8A#selectL"
"ㄈ","ㄈㄨˊ","氟","https://dict.concised.moe.edu.tw/searchP.jsp?SN=%E3%84%88&SN2=%E3%84%88%E3%84%A8%CB%8A#selectL"
"ㄈ","ㄈㄨˊ","苻","https://dict.concised.moe.edu.tw/searchP.jsp?SN=%E3%84%88&SN2=%E3%84%88%E3%84%A8%CB%8A#selectL"
"ㄈ","ㄈㄨˊ","浮","https://dict.concised.moe.edu.tw/searchP.jsp?SN=%E3%84%88&SN2=%E3%84%88%E3%84%A8%CB%8A#selectL"
"ㄈ","ㄈㄨˊ","茯","https://dict.concised.moe.edu.tw/searchP.jsp?SN=%E3%84%88&SN2=%E3%84%88%E3%84%A8%CB%8A#selectL"
"ㄈ","ㄈㄨˊ","郛","https://dict.concised.moe.edu.tw/searchP.jsp?SN=%E3%84%88&SN2=%E3%84%88%E3%84%A8%CB%8A#selectL"
"ㄈ","ㄈㄨˊ","匐","https://dict.concised.moe.edu.tw/searchP.jsp?SN=%E3%84%88&SN2=%E3%84%88%E3%84%A8%CB%8A#selectL"
"ㄈ","ㄈㄨˊ","涪","https://dict.concised.moe.edu.tw/searchP.jsp?SN=%E3%84%88&SN2=%E3%84%88%E3%84%A8%CB%8A#selectL"
"ㄈ","ㄈㄨˊ","符","https://dict.concised.moe.edu.tw/searchP.jsp?SN=%E3%84%88&SN2=%E3%84%88%E3%84%A8%CB%8A#selectL"
"ㄈ","ㄈㄨˊ","幅","https://dict.concised.moe.edu.tw/searchP.jsp?SN=%E3%84%88&SN2=%E3%84%88%E3%84%A8%CB%8A#selectL"
"ㄈ","ㄈㄨˊ","袱","https://dict.concised.moe.edu.tw/searchP.jsp?SN=%E3%84%88&SN2=%E3%84%88%E3%84%A8%CB%8A#selectL"
"ㄈ","ㄈㄨˊ","蜉","https://dict.concised.moe.edu.tw/searchP.jsp?SN=%E3%84%88&SN2=%E3%84%88%E3%84%A8%CB%8A#selectL"
"ㄈ","ㄈㄨˊ","鳧","https://dict.concised.moe.edu.tw/searchP.jsp?SN=%E3%84%88&SN2=%E3%84%88%E3%84%A8%CB%8A#selectL"
"ㄈ","ㄈㄨˊ","福","https://dict.concised.moe.edu.tw/searchP.jsp?SN=%E3%84%88&SN2=%E3%84%88%E3%84%A8%CB%8A#selectL"
"ㄈ","ㄈㄨˊ","蝠","https://dict.concised.moe.edu.tw/searchP.jsp?SN=%E3%84%88&SN2=%E3%84%88%E3%84%A8%CB%8A#selectL"
"ㄈ","ㄈㄨˊ","髴","https://dict.concised.moe.edu.tw/searchP.jsp?SN=%E3%84%88&SN2=%E3%84%88%E3%84%A8%CB%8A#selectL"
"ㄈ","ㄈㄨˊ","縛","https://dict.concised.moe.edu.tw/searchP.jsp?SN=%E3%84%88&SN2=%E3%84%88%E3%84%A8%CB%8A#selectL"
"ㄈ","ㄈㄨˊ","輻","https://dict.concised.moe.edu.tw/searchP.jsp?SN=%E3%84%88&SN2=%E3%84%88%E3%84%A8%CB%8A#selectL"
"ㄈ","ㄈㄨˊ","黻","https://dict.concised.moe.edu.tw/searchP.jsp?SN=%E3%84%88&SN2=%E3%84%88%E3%84%A8%CB%8A#selectL"
"ㄈ","ㄈㄨˋ","父","https://dict.concised.moe.edu.tw/searchP.jsp?SN=%E3%84%88&SN2=%E3%84%88%E3%84%A8%CB%8B#selectL"
"ㄈ","ㄈㄨˋ","付","https://dict.concised.moe.edu.tw/searchP.jsp?SN=%E3%84%88&SN2=%E3%84%88%E3%84%A8%CB%8B#selectL"
"ㄈ","ㄈㄨˋ","咐","https://dict.concised.moe.edu.tw/searchP.jsp?SN=%E3%84%88&SN2=%E3%84%88%E3%84%A8%CB%8B#selectL"
"ㄈ","ㄈㄨˋ","阜","https://dict.concised.moe.edu.tw/searchP.jsp?SN=%E3%84%88&SN2=%E3%84%88%E3%84%A8%CB%8B#selectL"
"ㄈ","ㄈㄨˋ","附","https://dict.concised.moe.edu.tw/searchP.jsp?SN=%E3%84%88&SN2=%E3%84%88%E3%84%A8%CB%8B#selectL"
"ㄈ","ㄈㄨˋ","訃","https://dict.concised.moe.edu.tw/searchP.jsp?SN=%E3%84%88&SN2=%E3%84%88%E3%84%A8%CB%8B#selectL"
"ㄈ","ㄈㄨˋ","負","https://dict.concised.moe.edu.tw/searchP.jsp?SN=%E3%84%88&SN2=%E3%84%88%E3%84%A8%CB%8B#selectL"
"ㄈ","ㄈㄨˋ","赴","https://dict.concised.moe.edu.tw/searchP.jsp?SN=%E3%84%88&SN2=%E3%84%88%E3%84%A8%CB%8B#selectL"
"ㄈ","ㄈㄨˋ","副","https://dict.concised.moe.edu.tw/searchP.jsp?SN=%E3%84%88&SN2=%E3%84%88%E3%84%A8%CB%8B#selectL"
"ㄈ","ㄈㄨˋ","婦","https://dict.concised.moe.edu.tw/searchP.jsp?SN=%E3%84%88&SN2=%E3%84%88%E3%84%A8%CB%8B#selectL"
"ㄈ","ㄈㄨˋ","傅","https://dict.concised.moe.edu.tw/searchP.jsp?SN=%E3%84%88&SN2=%E3%84%88%E3%84%A8%CB%8B#selectL"
"ㄈ","ㄈㄨˋ","富","https://dict.concised.moe.edu.tw/searchP.jsp?SN=%E3%84%88&SN2=%E3%84%88%E3%84%A8%CB%8B#selectL"
"ㄈ","ㄈㄨˋ","復","https://dict.concised.moe.edu.tw/searchP.jsp?SN=%E3%84%88&SN2=%E3%84%88%E3%84%A8%CB%8B#selectL"
"ㄈ","ㄈㄨˋ","腹","https://dict.concised.moe.edu.tw/searchP.jsp?SN=%E3%84%88&SN2=%E3%84%88%E3%84%A8%CB%8B#selectL"
"ㄈ","ㄈㄨˋ","複","https://dict.concised.moe.edu.tw/searchP.jsp?SN=%E3%84%88&SN2=%E3%84%88%E3%84%A8%CB%8B#selectL"
"ㄈ","ㄈㄨˋ","賦","https://dict.concised.moe.edu.tw/searchP.jsp?SN=%E3%84%88&SN2=%E3%84%88%E3%84%A8%CB%8B#selectL"
"ㄈ","ㄈㄨˋ","駙","https://dict.concised.moe.edu.tw/searchP.jsp?SN=%E3%84%88&SN2=%E3%84%88%E3%84%A8%CB%8B#selectL"
"ㄈ","ㄈㄨˋ","覆","https://dict.concised.moe.edu.tw/searchP.jsp?SN=%E3%84%88&SN2=%E3%84%88%E3%84%A8%CB%8B#selectL"
"ㄈ","ㄈㄨˋ","馥","https://dict.concised.moe.edu.tw/searchP.jsp?SN=%E3%84%88&SN2=%E3%84%88%E3%84%A8%CB%8B#selectL"
"ㄉ","˙ㄉㄜ","地","https://dict.concised.moe.edu.tw/searchP.jsp?SN=%E3%84%89&SN2=%CB%99%E3%84%89%E3%84%9C#selectL"
"ㄉ","˙ㄉㄜ","底","https://dict.concised.moe.edu.tw/searchP.jsp?SN=%E3%84%89&SN2=%CB%99%E3%84%89%E3%84%9C#selectL"
"ㄉ","˙ㄉㄜ","的","https://dict.concised.moe.edu.tw/searchP.jsp?SN=%E3%84%89&SN2=%CB%99%E3%84%89%E3%84%9C#selectL"
"ㄉ","˙ㄉㄜ","得","https://dict.concised.moe.edu.tw/searchP.jsp?SN=%E3%84%89&SN2=%CB%99%E3%84%89%E3%84%9C#selectL"
"ㄉ","ㄉㄚ","耷","https://dict.concised.moe.edu.tw/searchP.jsp?SN=%E3%84%89&SN2=%E3%84%89%E3%84%9A#selectL"
"ㄉ","ㄉㄚ","答","https://dict.concised.moe.edu.tw/searchP.jsp?SN=%E3%84%89&SN2=%E3%84%89%E3%84%9A#selectL"
"ㄉ","ㄉㄚ","搭","https://dict.concised.moe.edu.tw/searchP.jsp?SN=%E3%84%89&SN2=%E3%84%89%E3%84%9A#selectL"
"ㄉ","ㄉㄚ","褡","https://dict.concised.moe.edu.tw/searchP.jsp?SN=%E3%84%89&SN2=%E3%84%89%E3%84%9A#selectL"
"ㄉ","ㄉㄚ","躂","https://dict.concised.moe.edu.tw/searchP.jsp?SN=%E3%84%89&SN2=%E3%84%89%E3%84%9A#selectL"
"ㄉ","ㄉㄚˇ","打","https://dict.concised.moe.edu.tw/searchP.jsp?SN=%E3%84%89&SN2=%E3%84%89%E3%84%9A%CB%87#selectL"
"ㄉ","ㄉㄚˊ","妲","https://dict.concised.moe.edu.tw/searchP.jsp?SN=%E3%84%89&SN2=%E3%84%89%E3%84%9A%CB%8A#selectL"
"ㄉ","ㄉㄚˊ","答","https://dict.concised.moe.edu.tw/searchP.jsp?SN=%E3%84%89&SN2=%E3%84%89%E3%84%9A%CB%8A#selectL"
"ㄉ","ㄉㄚˊ","達","https://dict.concised.moe.edu.tw/searchP.jsp?SN=%E3%84%89&SN2=%E3%84%89%E3%84%9A%CB%8A#selectL"
"ㄉ","ㄉㄚˊ","靼","https://dict.concised.moe.edu.tw/searchP.jsp?SN=%E3%84%89&SN2=%E3%84%89%E3%84%9A%CB%8A#selectL"
"ㄉ","ㄉㄚˊ","瘩","https://dict.concised.moe.edu.tw/searchP.jsp?SN=%E3%84%89&SN2=%E3%84%89%E3%84%9A%CB%8A#selectL"
"ㄉ","ㄉㄚˊ","噠","https://dict.concised.moe.edu.tw/searchP.jsp?SN=%E3%84%89&SN2=%E3%84%89%E3%84%9A%CB%8A#selectL"
"ㄉ","ㄉㄚˊ","韃","https://dict.concised.moe.edu.tw/searchP.jsp?SN=%E3%84%89&SN2=%E3%84%89%E3%84%9A%CB%8A#selectL"
"ㄉ","ㄉㄚˋ","大","https://dict.concised.moe.edu.tw/searchP.jsp?SN=%E3%84%89&SN2=%E3%84%89%E3%84%9A%CB%8B#selectL"
"ㄉ","ㄉㄜˊ","得","https://dict.concised.moe.edu.tw/searchP.jsp?SN=%E3%84%89&SN2=%E3%84%89%E3%84%9C%CB%8A#selectL"
"ㄉ","ㄉㄜˊ","德","https://dict.concised.moe.edu.tw/searchP.jsp?SN=%E3%84%89&SN2=%E3%84%89%E3%84%9C%CB%8A#selectL"
"ㄉ","ㄉㄞ","呆","https://dict.concised.moe.edu.tw/searchP.jsp?SN=%E3%84%89&SN2=%E3%84%89%E3%84%9E#selectL"
"ㄉ","ㄉㄞ","待","https://dict.concised.moe.edu.tw/searchP.jsp?SN=%E3%84%89&SN2=%E3%84%89%E3%84%9E#selectL"
"ㄉ","ㄉㄞ","獃","https://dict.concised.moe.edu.tw/searchP.jsp?SN=%E3%84%89&SN2=%E3%84%89%E3%84%9E#selectL"
"ㄉ","ㄉㄞˇ","歹","https://dict.concised.moe.edu.tw/searchP.jsp?SN=%E3%84%89&SN2=%E3%84%89%E3%84%9E%CB%87#selectL"
"ㄉ","ㄉㄞˇ","逮","https://dict.concised.moe.edu.tw/searchP.jsp?SN=%E3%84%89&SN2=%E3%84%89%E3%84%9E%CB%87#selectL"
"ㄉ","ㄉㄞˋ","大","https://dict.concised.moe.edu.tw/searchP.jsp?SN=%E3%84%89&SN2=%E3%84%89%E3%84%9E%CB%8B#selectL"
"ㄉ","ㄉㄞˋ","代","https://dict.concised.moe.edu.tw/searchP.jsp?SN=%E3%84%89&SN2=%E3%84%89%E3%84%9E%CB%8B#selectL"
"ㄉ","ㄉㄞˋ","岱","https://dict.concised.moe.edu.tw/searchP.jsp?SN=%E3%84%89&SN2=%E3%84%89%E3%84%9E%CB%8B#selectL"
"ㄉ","ㄉㄞˋ","待","https://dict.concised.moe.edu.tw/searchP.jsp?SN=%E3%84%89&SN2=%E3%84%89%E3%84%9E%CB%8B#selectL"
"ㄉ","ㄉㄞˋ","怠","https://dict.concised.moe.edu.tw/searchP.jsp?SN=%E3%84%89&SN2=%E3%84%89%E3%84%9E%CB%8B#selectL"
"ㄉ","ㄉㄞˋ","殆","https://dict.concised.moe.edu.tw/searchP.jsp?SN=%E3%84%89&SN2=%E3%84%89%E3%84%9E%CB%8B#selectL"
"ㄉ","ㄉㄞˋ","玳","https://dict.concised.moe.edu.tw/searchP.jsp?SN=%E3%84%89&SN2=%E3%84%89%E3%84%9E%CB%8B#selectL"
"ㄉ","ㄉㄞˋ","迨","https://dict.concised.moe.edu.tw/searchP.jsp?SN=%E3%84%89&SN2=%E3%84%89%E3%84%9E%CB%8B#selectL"
"ㄉ","ㄉㄞˋ","帶","https://dict.concised.moe.edu.tw/searchP.jsp?SN=%E3%84%89&SN2=%E3%84%89%E3%84%9E%CB%8B#selectL"
"ㄉ","ㄉㄞˋ","紿","https://dict.concised.moe.edu.tw/searchP.jsp?SN=%E3%84%89&SN2=%E3%84%89%E3%84%9E%CB%8B#selectL"
"ㄉ","ㄉㄞˋ","袋","https://dict.concised.moe.edu.tw/searchP.jsp?SN=%E3%84%89&SN2=%E3%84%89%E3%84%9E%CB%8B#selectL"
"ㄉ","ㄉㄞˋ","貸","https://dict.concised.moe.edu.tw/searchP.jsp?SN=%E3%84%89&SN2=%E3%84%89%E3%84%9E%CB%8B#selectL"
"ㄉ","ㄉㄞˋ","逮","https://dict.concised.moe.edu.tw/searchP.jsp?SN=%E3%84%89&SN2=%E3%84%89%E3%84%9E%CB%8B#selectL"
"ㄉ","ㄉㄞˋ","駘","https://dict.concised.moe.edu.tw/searchP.jsp?SN=%E3%84%89&SN2=%E3%84%89%E3%84%9E%CB%8B#selectL"
"ㄉ","ㄉㄞˋ","戴","https://dict.concised.moe.edu.tw/searchP.jsp?SN=%E3%84%89&SN2=%E3%84%89%E3%84%9E%CB%8B#selectL"
"ㄉ","ㄉㄞˋ","黛","https://dict.concised.moe.edu.tw/searchP.jsp?SN=%E3%84%89&SN2=%E3%84%89%E3%84%9E%CB%8B#selectL"
"ㄉ","ㄉㄟˇ","得","https://dict.concised.moe.edu.tw/searchP.jsp?SN=%E3%84%89&SN2=%E3%84%89%E3%84%9F%CB%87#selectL"
"ㄉ","ㄉㄠ","刀","https://dict.concised.moe.edu.tw/searchP.jsp?SN=%E3%84%89&SN2=%E3%84%89%E3%84%A0#selectL"
"ㄉ","ㄉㄠ","叨","https://dict.concised.moe.edu.tw/searchP.jsp?SN=%E3%84%89&SN2=%E3%84%89%E3%84%A0#selectL"
"ㄉ","ㄉㄠˇ","倒","https://dict.concised.moe.edu.tw/searchP.jsp?SN=%E3%84%89&SN2=%E3%84%89%E3%84%A0%CB%87#selectL"
"ㄉ","ㄉㄠˇ","島","https://dict.concised.moe.edu.tw/searchP.jsp?SN=%E3%84%89&SN2=%E3%84%89%E3%84%A0%CB%87#selectL"
"ㄉ","ㄉㄠˇ","搗","https://dict.concised.moe.edu.tw/searchP.jsp?SN=%E3%84%89&SN2=%E3%84%89%E3%84%A0%CB%87#selectL"
"ㄉ","ㄉㄠˇ","導","https://dict.concised.moe.edu.tw/searchP.jsp?SN=%E3%84%89&SN2=%E3%84%89%E3%84%A0%CB%87#selectL"
"ㄉ","ㄉㄠˇ","擣","https://dict.concised.moe.edu.tw/searchP.jsp?SN=%E3%84%89&SN2=%E3%84%89%E3%84%A0%CB%87#selectL"
"ㄉ","ㄉㄠˇ","禱","https://dict.concised.moe.edu.tw/searchP.jsp?SN=%E3%84%89&SN2=%E3%84%89%E3%84%A0%CB%87#selectL"
"ㄉ","ㄉㄠˋ","到","https://dict.concised.moe.edu.tw/searchP.jsp?SN=%E3%84%89&SN2=%E3%84%89%E3%84%A0%CB%8B#selectL"
"ㄉ","ㄉㄠˋ","倒","https://dict.concised.moe.edu.tw/searchP.jsp?SN=%E3%84%89&SN2=%E3%84%89%E3%84%A0%CB%8B#selectL"
"ㄉ","ㄉㄠˋ","悼","https://dict.concised.moe.edu.tw/searchP.jsp?SN=%E3%84%89&SN2=%E3%84%89%E3%84%A0%CB%8B#selectL"
"ㄉ","ㄉㄠˋ","盜","https://dict.concised.moe.edu.tw/searchP.jsp?SN=%E3%84%89&SN2=%E3%84%89%E3%84%A0%CB%8B#selectL"
"ㄉ","ㄉㄠˋ","道","https://dict.concised.moe.edu.tw/searchP.jsp?SN=%E3%84%89&SN2=%E3%84%89%E3%84%A0%CB%8B#selectL"
"ㄉ","ㄉㄠˋ","稻","https://dict.concised.moe.edu.tw/searchP.jsp?SN=%E3%84%89&SN2=%E3%84%89%E3%84%A0%CB%8B#selectL"
"ㄉ","ㄉㄠˋ","蹈","https://dict.concised.moe.edu.tw/searchP.jsp?SN=%E3%84%89&SN2=%E3%84%89%E3%84%A0%CB%8B#selectL"
"ㄉ","ㄉㄠˋ","纛","https://dict.concised.moe.edu.tw/searchP.jsp?SN=%E3%84%89&SN2=%E3%84%89%E3%84%A0%CB%8B#selectL"
"ㄉ","ㄉㄡ","兜","https://dict.concised.moe.edu.tw/searchP.jsp?SN=%E3%84%89&SN2=%E3%84%89%E3%84%A1#selectL"
"ㄉ","ㄉㄡ","都","https://dict.concised.moe.edu.tw/searchP.jsp?SN=%E3%84%89&SN2=%E3%84%89%E3%84%A1#selectL"
"ㄉ","ㄉㄡˇ","斗","https://dict.concised.moe.edu.tw/searchP.jsp?SN=%E3%84%89&SN2=%E3%84%89%E3%84%A1%CB%87#selectL"
"ㄉ","ㄉㄡˇ","抖","https://dict.concised.moe.edu.tw/searchP.jsp?SN=%E3%84%89&SN2=%E3%84%89%E3%84%A1%CB%87#selectL"
"ㄉ","ㄉㄡˇ","蚪","https://dict.concised.moe.edu.tw/searchP.jsp?SN=%E3%84%89&SN2=%E3%84%89%E3%84%A1%CB%87#selectL"
"ㄉ","ㄉㄡˇ","陡","https://dict.concised.moe.edu.tw/searchP.jsp?SN=%E3%84%89&SN2=%E3%84%89%E3%84%A1%CB%87#selectL"
"ㄉ","ㄉㄡˋ","豆","https://dict.concised.moe.edu.tw/searchP.jsp?SN=%E3%84%89&SN2=%E3%84%89%E3%84%A1%CB%8B#selectL"
"ㄉ","ㄉㄡˋ","鬥","https://dict.concised.moe.edu.tw/searchP.jsp?SN=%E3%84%89&SN2=%E3%84%89%E3%84%A1%CB%8B#selectL"
"ㄉ","ㄉㄡˋ","荳","https://dict.concised.moe.edu.tw/searchP.jsp?SN=%E3%84%89&SN2=%E3%84%89%E3%84%A1%CB%8B#selectL"
"ㄉ","ㄉㄡˋ","逗","https://dict.concised.moe.edu.tw/searchP.jsp?SN=%E3%84%89&SN2=%E3%84%89%E3%84%A1%CB%8B#selectL"
"ㄉ","ㄉㄡˋ","痘","https://dict.concised.moe.edu.tw/searchP.jsp?SN=%E3%84%89&SN2=%E3%84%89%E3%84%A1%CB%8B#selectL"
"ㄉ","ㄉㄡˋ","竇","https://dict.concised.moe.edu.tw/searchP.jsp?SN=%E3%84%89&SN2=%E3%84%89%E3%84%A1%CB%8B#selectL"
"ㄉ","ㄉㄡˋ","讀","https://dict.concised.moe.edu.tw/searchP.jsp?SN=%E3%84%89&SN2=%E3%84%89%E3%84%A1%CB%8B#selectL"
"ㄉ","ㄉㄢ","丹","https://dict.concised.moe.edu.tw/searchP.jsp?SN=%E3%84%89&SN2=%E3%84%89%E3%84%A2#selectL"
"ㄉ","ㄉㄢ","眈","https://dict.concised.moe.edu.tw/searchP.jsp?SN=%E3%84%89&SN2=%E3%84%89%E3%84%A2#selectL"
"ㄉ","ㄉㄢ","耽","https://dict.concised.moe.edu.tw/searchP.jsp?SN=%E3%84%89&SN2=%E3%84%89%E3%84%A2#selectL"
"ㄉ","ㄉㄢ","聃","https://dict.concised.moe.edu.tw/searchP.jsp?SN=%E3%84%89&SN2=%E3%84%89%E3%84%A2#selectL"
"ㄉ","ㄉㄢ","單","https://dict.concised.moe.edu.tw/searchP.jsp?SN=%E3%84%89&SN2=%E3%84%89%E3%84%A2#selectL"
"ㄉ","ㄉㄢ","儋","https://dict.concised.moe.edu.tw/searchP.jsp?SN=%E3%84%89&SN2=%E3%84%89%E3%84%A2#selectL"
"ㄉ","ㄉㄢ","鄲","https://dict.concised.moe.edu.tw/searchP.jsp?SN=%E3%84%89&SN2=%E3%84%89%E3%84%A2#selectL"
"ㄉ","ㄉㄢ","擔","https://dict.concised.moe.edu.tw/searchP.jsp?SN=%E3%84%89&SN2=%E3%84%89%E3%84%A2#selectL"
"ㄉ","ㄉㄢ","殫","https://dict.concised.moe.edu.tw/searchP.jsp?SN=%E3%84%89&SN2=%E3%84%89%E3%84%A2#selectL"
"ㄉ","ㄉㄢ","簞","https://dict.concised.moe.edu.tw/searchP.jsp?SN=%E3%84%89&SN2=%E3%84%89%E3%84%A2#selectL"
"ㄉ","ㄉㄢˇ","疸","https://dict.concised.moe.edu.tw/searchP.jsp?SN=%E3%84%89&SN2=%E3%84%89%E3%84%A2%CB%87#selectL"
"ㄉ","ㄉㄢˇ","撢","https://dict.concised.moe.edu.tw/searchP.jsp?SN=%E3%84%89&SN2=%E3%84%89%E3%84%A2%CB%87#selectL"
"ㄉ","ㄉㄢˇ","撣","https://dict.concised.moe.edu.tw/searchP.jsp?SN=%E3%84%89&SN2=%E3%84%89%E3%84%A2%CB%87#selectL"
"ㄉ","ㄉㄢˇ","膽","https://dict.concised.moe.edu.tw/searchP.jsp?SN=%E3%84%89&SN2=%E3%84%89%E3%84%A2%CB%87#selectL"
"ㄉ","ㄉㄢˋ","旦","https://dict.concised.moe.edu.tw/searchP.jsp?SN=%E3%84%89&SN2=%E3%84%89%E3%84%A2%CB%8B#selectL"
"ㄉ","ㄉㄢˋ","石","https://dict.concised.moe.edu.tw/searchP.jsp?SN=%E3%84%89&SN2=%E3%84%89%E3%84%A2%CB%8B#selectL"
"ㄉ","ㄉㄢˋ","但","https://dict.concised.moe.edu.tw/searchP.jsp?SN=%E3%84%89&SN2=%E3%84%89%E3%84%A2%CB%8B#selectL"
"ㄉ","ㄉㄢˋ","啖","https://dict.concised.moe.edu.tw/searchP.jsp?SN=%E3%84%89&SN2=%E3%84%89%E3%84%A2%CB%8B#selectL"
"ㄉ","ㄉㄢˋ","啗","https://dict.concised.moe.edu.tw/searchP.jsp?SN=%E3%84%89&SN2=%E3%84%89%E3%84%A2%CB%8B#selectL"
"ㄉ","ㄉㄢˋ","淡","https://dict.concised.moe.edu.tw/searchP.jsp?SN=%E3%84%89&SN2=%E3%84%89%E3%84%A2%CB%8B#selectL"
"ㄉ","ㄉㄢˋ","蛋","https://dict.concised.moe.edu.tw/searchP.jsp?SN=%E3%84%89&SN2=%E3%84%89%E3%84%A2%CB%8B#selectL"
"ㄉ","ㄉㄢˋ","氮","https://dict.concised.moe.edu.tw/searchP.jsp?SN=%E3%84%89&SN2=%E3%84%89%E3%84%A2%CB%8B#selectL"
"ㄉ","ㄉㄢˋ","萏","https://dict.concised.moe.edu.tw/searchP.jsp?SN=%E3%84%89&SN2=%E3%84%89%E3%84%A2%CB%8B#selectL"
"ㄉ","ㄉㄢˋ","彈","https://dict.concised.moe.edu.tw/searchP.jsp?SN=%E3%84%89&SN2=%E3%84%89%E3%84%A2%CB%8B#selectL"
"ㄉ","ㄉㄢˋ","憚","https://dict.concised.moe.edu.tw/searchP.jsp?SN=%E3%84%89&SN2=%E3%84%89%E3%84%A2%CB%8B#selectL"
"ㄉ","ㄉㄢˋ","誕","https://dict.concised.moe.edu.tw/searchP.jsp?SN=%E3%84%89&SN2=%E3%84%89%E3%84%A2%CB%8B#selectL"
"ㄉ","ㄉㄢˋ","擔","https://dict.concised.moe.edu.tw/searchP.jsp?SN=%E3%84%89&SN2=%E3%84%89%E3%84%A2%CB%8B#selectL"
"ㄉ","ㄉㄢˋ","澹","https://dict.concised.moe.edu.tw/searchP.jsp?SN=%E3%84%89&SN2=%E3%84%89%E3%84%A2%CB%8B#selectL"
"ㄉ","ㄉㄤ","當","https://dict.concised.moe.edu.tw/searchP.jsp?SN=%E3%84%89&SN2=%E3%84%89%E3%84%A4#selectL"
"ㄉ","ㄉㄤ","噹","https://dict.concised.moe.edu.tw/searchP.jsp?SN=%E3%84%89&SN2=%E3%84%89%E3%84%A4#selectL"
"ㄉ","ㄉㄤ","璫","https://dict.concised.moe.edu.tw/searchP.jsp?SN=%E3%84%89&SN2=%E3%84%89%E3%84%A4#selectL"
"ㄉ","ㄉㄤ","襠","https://dict.concised.moe.edu.tw/searchP.jsp?SN=%E3%84%89&SN2=%E3%84%89%E3%84%A4#selectL"
"ㄉ","ㄉㄤ","鐺","https://dict.concised.moe.edu.tw/searchP.jsp?SN=%E3%84%89&SN2=%E3%84%89%E3%84%A4#selectL"
"ㄉ","ㄉㄤˇ","党","https://dict.concised.moe.edu.tw/searchP.jsp?SN=%E3%84%89&SN2=%E3%84%89%E3%84%A4%CB%87#selectL"
"ㄉ","ㄉㄤˇ","當","https://dict.concised.moe.edu.tw/searchP.jsp?SN=%E3%84%89&SN2=%E3%84%89%E3%84%A4%CB%87#selectL"
"ㄉ","ㄉㄤˇ","擋","https://dict.concised.moe.edu.tw/searchP.jsp?SN=%E3%84%89&SN2=%E3%84%89%E3%84%A4%CB%87#selectL"
"ㄉ","ㄉㄤˇ","檔","https://dict.concised.moe.edu.tw/searchP.jsp?SN=%E3%84%89&SN2=%E3%84%89%E3%84%A4%CB%87#selectL"
"ㄉ","ㄉㄤˇ","黨","https://dict.concised.moe.edu.tw/searchP.jsp?SN=%E3%84%89&SN2=%E3%84%89%E3%84%A4%CB%87#selectL"
"ㄉ","ㄉㄤˇ","讜","https://dict.concised.moe.edu.tw/searchP.jsp?SN=%E3%84%89&SN2=%E3%84%89%E3%84%A4%CB%87#selectL"
"ㄉ","ㄉㄤˋ","宕","https://dict.concised.moe.edu.tw/searchP.jsp?SN=%E3%84%89&SN2=%E3%84%89%E3%84%A4%CB%8B#selectL"
"ㄉ","ㄉㄤˋ","當","https://dict.concised.moe.edu.tw/searchP.jsp?SN=%E3%84%89&SN2=%E3%84%89%E3%84%A4%CB%8B#selectL"
"ㄉ","ㄉㄤˋ","蕩","https://dict.concised.moe.edu.tw/searchP.jsp?SN=%E3%84%89&SN2=%E3%84%89%E3%84%A4%CB%8B#selectL"
"ㄉ","ㄉㄤˋ","盪","https://dict.concised.moe.edu.tw/searchP.jsp?SN=%E3%84%89&SN2=%E3%84%89%E3%84%A4%CB%8B#selectL"
"ㄉ","ㄉㄥ","登","https://dict.concised.moe.edu.tw/searchP.jsp?SN=%E3%84%89&SN2=%E3%84%89%E3%84%A5#selectL"
"ㄉ","ㄉㄥ","燈","https://dict.concised.moe.edu.tw/searchP.jsp?SN=%E3%84%89&SN2=%E3%84%89%E3%84%A5#selectL"
"ㄉ","ㄉㄥˇ","等","https://dict.concised.moe.edu.tw/searchP.jsp?SN=%E3%84%89&SN2=%E3%84%89%E3%84%A5%CB%87#selectL"
"ㄉ","ㄉㄥˇ","戥","https://dict.concised.moe.edu.tw/searchP.jsp?SN=%E3%84%89&SN2=%E3%84%89%E3%84%A5%CB%87#selectL"
"ㄉ","ㄉㄥˋ","凳","https://dict.concised.moe.edu.tw/searchP.jsp?SN=%E3%84%89&SN2=%E3%84%89%E3%84%A5%CB%8B#selectL"
"ㄉ","ㄉㄥˋ","澄","https://dict.concised.moe.edu.tw/searchP.jsp?SN=%E3%84%89&SN2=%E3%84%89%E3%84%A5%CB%8B#selectL"
"ㄉ","ㄉㄥˋ","鄧","https://dict.concised.moe.edu.tw/searchP.jsp?SN=%E3%84%89&SN2=%E3%84%89%E3%84%A5%CB%8B#selectL"
"ㄉ","ㄉㄥˋ","瞪","https://dict.concised.moe.edu.tw/searchP.jsp?SN=%E3%84%89&SN2=%E3%84%89%E3%84%A5%CB%8B#selectL"
"ㄉ","ㄉㄥˋ","磴","https://dict.concised.moe.edu.tw/searchP.jsp?SN=%E3%84%89&SN2=%E3%84%89%E3%84%A5%CB%8B#selectL"
"ㄉ","ㄉㄥˋ","蹬","https://dict.concised.moe.edu.tw/searchP.jsp?SN=%E3%84%89&SN2=%E3%84%89%E3%84%A5%CB%8B#selectL"
"ㄉ","ㄉㄥˋ","鐙","https://dict.concised.moe.edu.tw/searchP.jsp?SN=%E3%84%89&SN2=%E3%84%89%E3%84%A5%CB%8B#selectL"
"ㄉ","ㄉㄧ","氐","https://dict.concised.moe.edu.tw/searchP.jsp?SN=%E3%84%89&SN2=%E3%84%89%E3%84%A7#selectL"
"ㄉ","ㄉㄧ","低","https://dict.concised.moe.edu.tw/searchP.jsp?SN=%E3%84%89&SN2=%E3%84%89%E3%84%A7#selectL"
"ㄉ","ㄉㄧ","滴","https://dict.concised.moe.edu.tw/searchP.jsp?SN=%E3%84%89&SN2=%E3%84%89%E3%84%A7#selectL"
"ㄉ","ㄉㄧˇ","底","https://dict.concised.moe.edu.tw/searchP.jsp?SN=%E3%84%89&SN2=%E3%84%89%E3%84%A7%CB%87#selectL"
"ㄉ","ㄉㄧˇ","抵","https://dict.concised.moe.edu.tw/searchP.jsp?SN=%E3%84%89&SN2=%E3%84%89%E3%84%A7%CB%87#selectL"
"ㄉ","ㄉㄧˇ","邸","https://dict.concised.moe.edu.tw/searchP.jsp?SN=%E3%84%89&SN2=%E3%84%89%E3%84%A7%CB%87#selectL"
"ㄉ","ㄉㄧˇ","柢","https://dict.concised.moe.edu.tw/searchP.jsp?SN=%E3%84%89&SN2=%E3%84%89%E3%84%A7%CB%87#selectL"
"ㄉ","ㄉㄧˇ","牴","https://dict.concised.moe.edu.tw/searchP.jsp?SN=%E3%84%89&SN2=%E3%84%89%E3%84%A7%CB%87#selectL"
"ㄉ","ㄉㄧˇ","砥","https://dict.concised.moe.edu.tw/searchP.jsp?SN=%E3%84%89&SN2=%E3%84%89%E3%84%A7%CB%87#selectL"
"ㄉ","ㄉㄧˇ","詆","https://dict.concised.moe.edu.tw/searchP.jsp?SN=%E3%84%89&SN2=%E3%84%89%E3%84%A7%CB%87#selectL"
"ㄉ","ㄉㄧˊ","狄","https://dict.concised.moe.edu.tw/searchP.jsp?SN=%E3%84%89&SN2=%E3%84%89%E3%84%A7%CB%8A#selectL"
"ㄉ","ㄉㄧˊ","的","https://dict.concised.moe.edu.tw/searchP.jsp?SN=%E3%84%89&SN2=%E3%84%89%E3%84%A7%CB%8A#selectL"
"ㄉ","ㄉㄧˊ","迪","https://dict.concised.moe.edu.tw/searchP.jsp?SN=%E3%84%89&SN2=%E3%84%89%E3%84%A7%CB%8A#selectL"
"ㄉ","ㄉㄧˊ","笛","https://dict.concised.moe.edu.tw/searchP.jsp?SN=%E3%84%89&SN2=%E3%84%89%E3%84%A7%CB%8A#selectL"
"ㄉ","ㄉㄧˊ","荻","https://dict.concised.moe.edu.tw/searchP.jsp?SN=%E3%84%89&SN2=%E3%84%89%E3%84%A7%CB%8A#selectL"
"ㄉ","ㄉㄧˊ","嘀","https://dict.concised.moe.edu.tw/searchP.jsp?SN=%E3%84%89&SN2=%E3%84%89%E3%84%A7%CB%8A#selectL"
"ㄉ","ㄉㄧˊ","嫡","https://dict.concised.moe.edu.tw/searchP.jsp?SN=%E3%84%89&SN2=%E3%84%89%E3%84%A7%CB%8A#selectL"
"ㄉ","ㄉㄧˊ","滌","https://dict.concised.moe.edu.tw/searchP.jsp?SN=%E3%84%89&SN2=%E3%84%89%E3%84%A7%CB%8A#selectL"
"ㄉ","ㄉㄧˊ","翟","https://dict.concised.moe.edu.tw/searchP.jsp?SN=%E3%84%89&SN2=%E3%84%89%E3%84%A7%CB%8A#selectL"
"ㄉ","ㄉㄧˊ","敵","https://dict.concised.moe.edu.tw/searchP.jsp?SN=%E3%84%89&SN2=%E3%84%89%E3%84%A7%CB%8A#selectL"
"ㄉ","ㄉㄧˊ","糴","https://dict.concised.moe.edu.tw/searchP.jsp?SN=%E3%84%89&SN2=%E3%84%89%E3%84%A7%CB%8A#selectL"
"ㄉ","ㄉㄧˋ","地","https://dict.concised.moe.edu.tw/searchP.jsp?SN=%E3%84%89&SN2=%E3%84%89%E3%84%A7%CB%8B#selectL"
"ㄉ","ㄉㄧˋ","弟","https://dict.concised.moe.edu.tw/searchP.jsp?SN=%E3%84%89&SN2=%E3%84%89%E3%84%A7%CB%8B#selectL"
"ㄉ","ㄉㄧˋ","的","https://dict.concised.moe.edu.tw/searchP.jsp?SN=%E3%84%89&SN2=%E3%84%89%E3%84%A7%CB%8B#selectL"
"ㄉ","ㄉㄧˋ","帝","https://dict.concised.moe.edu.tw/searchP.jsp?SN=%E3%84%89&SN2=%E3%84%89%E3%84%A7%CB%8B#selectL"
"ㄉ","ㄉㄧˋ","娣","https://dict.concised.moe.edu.tw/searchP.jsp?SN=%E3%84%89&SN2=%E3%84%89%E3%84%A7%CB%8B#selectL"
"ㄉ","ㄉㄧˋ","第","https://dict.concised.moe.edu.tw/searchP.jsp?SN=%E3%84%89&SN2=%E3%84%89%E3%84%A7%CB%8B#selectL"
"ㄉ","ㄉㄧˋ","棣","https://dict.concised.moe.edu.tw/searchP.jsp?SN=%E3%84%89&SN2=%E3%84%89%E3%84%A7%CB%8B#selectL"
"ㄉ","ㄉㄧˋ","睇","https://dict.concised.moe.edu.tw/searchP.jsp?SN=%E3%84%89&SN2=%E3%84%89%E3%84%A7%CB%8B#selectL"
"ㄉ","ㄉㄧˋ","蒂","https://dict.concised.moe.edu.tw/searchP.jsp?SN=%E3%84%89&SN2=%E3%84%89%E3%84%A7%CB%8B#selectL"
"ㄉ","ㄉㄧˋ","遞","https://dict.concised.moe.edu.tw/searchP.jsp?SN=%E3%84%89&SN2=%E3%84%89%E3%84%A7%CB%8B#selectL"
"ㄉ","ㄉㄧˋ","締","https://dict.concised.moe.edu.tw/searchP.jsp?SN=%E3%84%89&SN2=%E3%84%89%E3%84%A7%CB%8B#selectL"
"ㄉ","ㄉㄧˋ","諦","https://dict.concised.moe.edu.tw/searchP.jsp?SN=%E3%84%89&SN2=%E3%84%89%E3%84%A7%CB%8B#selectL"
"ㄉ","ㄉㄧㄝ","爹","https://dict.concised.moe.edu.tw/searchP.jsp?SN=%E3%84%89&SN2=%E3%84%89%E3%84%A7%E3%84%9D#selectL"
"ㄉ","ㄉㄧㄝ","嗲","https://dict.concised.moe.edu.tw/searchP.jsp?SN=%E3%84%89&SN2=%E3%84%89%E3%84%A7%E3%84%9D#selectL"
"ㄉ","ㄉㄧㄝˊ","迭","https://dict.concised.moe.edu.tw/searchP.jsp?SN=%E3%84%89&SN2=%E3%84%89%E3%84%A7%E3%84%9D%CB%8A#selectL"
"ㄉ","ㄉㄧㄝˊ","瓞","https://dict.concised.moe.edu.tw/searchP.jsp?SN=%E3%84%89&SN2=%E3%84%89%E3%84%A7%E3%84%9D%CB%8A#selectL"
"ㄉ","ㄉㄧㄝˊ","喋","https://dict.concised.moe.edu.tw/searchP.jsp?SN=%E3%84%89&SN2=%E3%84%89%E3%84%A7%E3%84%9D%CB%8A#selectL"
"ㄉ","ㄉㄧㄝˊ","堞","https://dict.concised.moe.edu.tw/searchP.jsp?SN=%E3%84%89&SN2=%E3%84%89%E3%84%A7%E3%84%9D%CB%8A#selectL"
"ㄉ","ㄉㄧㄝˊ","耋","https://dict.concised.moe.edu.tw/searchP.jsp?SN=%E3%84%89&SN2=%E3%84%89%E3%84%A7%E3%84%9D%CB%8A#selectL"
"ㄉ","ㄉㄧㄝˊ","跌","https://dict.concised.moe.edu.tw/searchP.jsp?SN=%E3%84%89&SN2=%E3%84%89%E3%84%A7%E3%84%9D%CB%8A#selectL"
"ㄉ","ㄉㄧㄝˊ","牒","https://dict.concised.moe.edu.tw/searchP.jsp?SN=%E3%84%89&SN2=%E3%84%89%E3%84%A7%E3%84%9D%CB%8A#selectL"
"ㄉ","ㄉㄧㄝˊ","碟","https://dict.concised.moe.edu.tw/searchP.jsp?SN=%E3%84%89&SN2=%E3%84%89%E3%84%A7%E3%84%9D%CB%8A#selectL"
"ㄉ","ㄉㄧㄝˊ","蝶","https://dict.concised.moe.edu.tw/searchP.jsp?SN=%E3%84%89&SN2=%E3%84%89%E3%84%A7%E3%84%9D%CB%8A#selectL"
"ㄉ","ㄉㄧㄝˊ","諜","https://dict.concised.moe.edu.tw/searchP.jsp?SN=%E3%84%89&SN2=%E3%84%89%E3%84%A7%E3%84%9D%CB%8A#selectL"
"ㄉ","ㄉㄧㄝˊ","褶","https://dict.concised.moe.edu.tw/searchP.jsp?SN=%E3%84%89&SN2=%E3%84%89%E3%84%A7%E3%84%9D%CB%8A#selectL"
"ㄉ","ㄉㄧㄝˊ","鰈","https://dict.concised.moe.edu.tw/searchP.jsp?SN=%E3%84%89&SN2=%E3%84%89%E3%84%A7%E3%84%9D%CB%8A#selectL"
"ㄉ","ㄉㄧㄝˊ","疊","https://dict.concised.moe.edu.tw/searchP.jsp?SN=%E3%84%89&SN2=%E3%84%89%E3%84%A7%E3%84%9D%CB%8A#selectL"
"ㄉ","ㄉㄧㄠ","刁","https://dict.concised.moe.edu.tw/searchP.jsp?SN=%E3%84%89&SN2=%E3%84%89%E3%84%A7%E3%84%A0#selectL"
"ㄉ","ㄉㄧㄠ","叼","https://dict.concised.moe.edu.tw/searchP.jsp?SN=%E3%84%89&SN2=%E3%84%89%E3%84%A7%E3%84%A0#selectL"
"ㄉ","ㄉㄧㄠ","凋","https://dict.concised.moe.edu.tw/searchP.jsp?SN=%E3%84%89&SN2=%E3%84%89%E3%84%A7%E3%84%A0#selectL"
"ㄉ","ㄉㄧㄠ","彫","https://dict.concised.moe.edu.tw/searchP.jsp?SN=%E3%84%89&SN2=%E3%84%89%E3%84%A7%E3%84%A0#selectL"
"ㄉ","ㄉㄧㄠ","琱","https://dict.concised.moe.edu.tw/searchP.jsp?SN=%E3%84%89&SN2=%E3%84%89%E3%84%A7%E3%84%A0#selectL"
"ㄉ","ㄉㄧㄠ","貂","https://dict.concised.moe.edu.tw/searchP.jsp?SN=%E3%84%89&SN2=%E3%84%89%E3%84%A7%E3%84%A0#selectL"
"ㄉ","ㄉㄧㄠ","碉","https://dict.concised.moe.edu.tw/searchP.jsp?SN=%E3%84%89&SN2=%E3%84%89%E3%84%A7%E3%84%A0#selectL"
"ㄉ","ㄉㄧㄠ","雕","https://dict.concised.moe.edu.tw/searchP.jsp?SN=%E3%84%89&SN2=%E3%84%89%E3%84%A7%E3%84%A0#selectL"
"ㄉ","ㄉㄧㄠ","鯛","https://dict.concised.moe.edu.tw/searchP.jsp?SN=%E3%84%89&SN2=%E3%84%89%E3%84%A7%E3%84%A0#selectL"
"ㄉ","ㄉㄧㄠ","鵰","https://dict.concised.moe.edu.tw/searchP.jsp?SN=%E3%84%89&SN2=%E3%84%89%E3%84%A7%E3%84%A0#selectL"
"ㄉ","ㄉㄧㄠˇ","屌","https://dict.concised.moe.edu.tw/searchP.jsp?SN=%E3%84%89&SN2=%E3%84%89%E3%84%A7%E3%84%A0%CB%87#selectL"
"ㄉ","ㄉㄧㄠˋ","弔","https://dict.concised.moe.edu.tw/searchP.jsp?SN=%E3%84%89&SN2=%E3%84%89%E3%84%A7%E3%84%A0%CB%8B#selectL"
"ㄉ","ㄉㄧㄠˋ","吊","https://dict.concised.moe.edu.tw/searchP.jsp?SN=%E3%84%89&SN2=%E3%84%89%E3%84%A7%E3%84%A0%CB%8B#selectL"
"ㄉ","ㄉㄧㄠˋ","掉","https://dict.concised.moe.edu.tw/searchP.jsp?SN=%E3%84%89&SN2=%E3%84%89%E3%84%A7%E3%84%A0%CB%8B#selectL"
"ㄉ","ㄉㄧㄠˋ","釣","https://dict.concised.moe.edu.tw/searchP.jsp?SN=%E3%84%89&SN2=%E3%84%89%E3%84%A7%E3%84%A0%CB%8B#selectL"
"ㄉ","ㄉㄧㄠˋ","蓧","https://dict.concised.moe.edu.tw/searchP.jsp?SN=%E3%84%89&SN2=%E3%84%89%E3%84%A7%E3%84%A0%CB%8B#selectL"
"ㄉ","ㄉㄧㄠˋ","調","https://dict.concised.moe.edu.tw/searchP.jsp?SN=%E3%84%89&SN2=%E3%84%89%E3%84%A7%E3%84%A0%CB%8B#selectL"
"ㄉ","ㄉㄧㄡ","丟","https://dict.concised.moe.edu.tw/searchP.jsp?SN=%E3%84%89&SN2=%E3%84%89%E3%84%A7%E3%84%A1#selectL"
"ㄉ","ㄉㄧㄢ","掂","https://dict.concised.moe.edu.tw/searchP.jsp?SN=%E3%84%89&SN2=%E3%84%89%E3%84%A7%E3%84%A2#selectL"
"ㄉ","ㄉㄧㄢ","滇","https://dict.concised.moe.edu.tw/searchP.jsp?SN=%E3%84%89&SN2=%E3%84%89%E3%84%A7%E3%84%A2#selectL"
"ㄉ","ㄉㄧㄢ","顛","https://dict.concised.moe.edu.tw/searchP.jsp?SN=%E3%84%89&SN2=%E3%84%89%E3%84%A7%E3%84%A2#selectL"
"ㄉ","ㄉㄧㄢ","巔","https://dict.concised.moe.edu.tw/searchP.jsp?SN=%E3%84%89&SN2=%E3%84%89%E3%84%A7%E3%84%A2#selectL"
"ㄉ","ㄉㄧㄢ","癲","https://dict.concised.moe.edu.tw/searchP.jsp?SN=%E3%84%89&SN2=%E3%84%89%E3%84%A7%E3%84%A2#selectL"
"ㄉ","ㄉㄧㄢˇ","典","https://dict.concised.moe.edu.tw/searchP.jsp?SN=%E3%84%89&SN2=%E3%84%89%E3%84%A7%E3%84%A2%CB%87#selectL"
"ㄉ","ㄉㄧㄢˇ","碘","https://dict.concised.moe.edu.tw/searchP.jsp?SN=%E3%84%89&SN2=%E3%84%89%E3%84%A7%E3%84%A2%CB%87#selectL"
"ㄉ","ㄉㄧㄢˇ","點","https://dict.concised.moe.edu.tw/searchP.jsp?SN=%E3%84%89&SN2=%E3%84%89%E3%84%A7%E3%84%A2%CB%87#selectL"
"ㄉ","ㄉㄧㄢˋ","佃","https://dict.concised.moe.edu.tw/searchP.jsp?SN=%E3%84%89&SN2=%E3%84%89%E3%84%A7%E3%84%A2%CB%8B#selectL"
"ㄉ","ㄉㄧㄢˋ","甸","https://dict.concised.moe.edu.tw/searchP.jsp?SN=%E3%84%89&SN2=%E3%84%89%E3%84%A7%E3%84%A2%CB%8B#selectL"
"ㄉ","ㄉㄧㄢˋ","店","https://dict.concised.moe.edu.tw/searchP.jsp?SN=%E3%84%89&SN2=%E3%84%89%E3%84%A7%E3%84%A2%CB%8B#selectL"
"ㄉ","ㄉㄧㄢˋ","玷","https://dict.concised.moe.edu.tw/searchP.jsp?SN=%E3%84%89&SN2=%E3%84%89%E3%84%A7%E3%84%A2%CB%8B#selectL"
"ㄉ","ㄉㄧㄢˋ","惦","https://dict.concised.moe.edu.tw/searchP.jsp?SN=%E3%84%89&SN2=%E3%84%89%E3%84%A7%E3%84%A2%CB%8B#selectL"
"ㄉ","ㄉㄧㄢˋ","奠","https://dict.concised.moe.edu.tw/searchP.jsp?SN=%E3%84%89&SN2=%E3%84%89%E3%84%A7%E3%84%A2%CB%8B#selectL"
"ㄉ","ㄉㄧㄢˋ","殿","https://dict.concised.moe.edu.tw/searchP.jsp?SN=%E3%84%89&SN2=%E3%84%89%E3%84%A7%E3%84%A2%CB%8B#selectL"
"ㄉ","ㄉㄧㄢˋ","鈿","https://dict.concised.moe.edu.tw/searchP.jsp?SN=%E3%84%89&SN2=%E3%84%89%E3%84%A7%E3%84%A2%CB%8B#selectL"
"ㄉ","ㄉㄧㄢˋ","電","https://dict.concised.moe.edu.tw/searchP.jsp?SN=%E3%84%89&SN2=%E3%84%89%E3%84%A7%E3%84%A2%CB%8B#selectL"
"ㄉ","ㄉㄧㄢˋ","墊","https://dict.concised.moe.edu.tw/searchP.jsp?SN=%E3%84%89&SN2=%E3%84%89%E3%84%A7%E3%84%A2%CB%8B#selectL"
"ㄉ","ㄉㄧㄢˋ","踮","https://dict.concised.moe.edu.tw/searchP.jsp?SN=%E3%84%89&SN2=%E3%84%89%E3%84%A7%E3%84%A2%CB%8B#selectL"
"ㄉ","ㄉㄧㄢˋ","澱","https://dict.concised.moe.edu.tw/searchP.jsp?SN=%E3%84%89&SN2=%E3%84%89%E3%84%A7%E3%84%A2%CB%8B#selectL"
"ㄉ","ㄉㄧㄢˋ","靛","https://dict.concised.moe.edu.tw/searchP.jsp?SN=%E3%84%89&SN2=%E3%84%89%E3%84%A7%E3%84%A2%CB%8B#selectL"
"ㄉ","ㄉㄧㄢˋ","簟","https://dict.concised.moe.edu.tw/searchP.jsp?SN=%E3%84%89&SN2=%E3%84%89%E3%84%A7%E3%84%A2%CB%8B#selectL"
"ㄉ","ㄉㄧㄥ","丁","https://dict.concised.moe.edu.tw/searchP.jsp?SN=%E3%84%89&SN2=%E3%84%89%E3%84%A7%E3%84%A5#selectL"
"ㄉ","ㄉㄧㄥ","仃","https://dict.concised.moe.edu.tw/searchP.jsp?SN=%E3%84%89&SN2=%E3%84%89%E3%84%A7%E3%84%A5#selectL"
"ㄉ","ㄉㄧㄥ","叮","https://dict.concised.moe.edu.tw/searchP.jsp?SN=%E3%84%89&SN2=%E3%84%89%E3%84%A7%E3%84%A5#selectL"
"ㄉ","ㄉㄧㄥ","町","https://dict.concised.moe.edu.tw/searchP.jsp?SN=%E3%84%89&SN2=%E3%84%89%E3%84%A7%E3%84%A5#selectL"
"ㄉ","ㄉㄧㄥ","疔","https://dict.concised.moe.edu.tw/searchP.jsp?SN=%E3%84%89&SN2=%E3%84%89%E3%84%A7%E3%84%A5#selectL"
"ㄉ","ㄉㄧㄥ","盯","https://dict.concised.moe.edu.tw/searchP.jsp?SN=%E3%84%89&SN2=%E3%84%89%E3%84%A7%E3%84%A5#selectL"
"ㄉ","ㄉㄧㄥ","酊","https://dict.concised.moe.edu.tw/searchP.jsp?SN=%E3%84%89&SN2=%E3%84%89%E3%84%A7%E3%84%A5#selectL"
"ㄉ","ㄉㄧㄥ","釘","https://dict.concised.moe.edu.tw/searchP.jsp?SN=%E3%84%89&SN2=%E3%84%89%E3%84%A7%E3%84%A5#selectL"
"ㄉ","ㄉㄧㄥˇ","耵","https://dict.concised.moe.edu.tw/searchP.jsp?SN=%E3%84%89&SN2=%E3%84%89%E3%84%A7%E3%84%A5%CB%87#selectL"
"ㄉ","ㄉㄧㄥˇ","酊","https://dict.concised.moe.edu.tw/searchP.jsp?SN=%E3%84%89&SN2=%E3%84%89%E3%84%A7%E3%84%A5%CB%87#selectL"
"ㄉ","ㄉㄧㄥˇ","頂","https://dict.concised.moe.edu.tw/searchP.jsp?SN=%E3%84%89&SN2=%E3%84%89%E3%84%A7%E3%84%A5%CB%87#selectL"
"ㄉ","ㄉㄧㄥˇ","鼎","https://dict.concised.moe.edu.tw/searchP.jsp?SN=%E3%84%89&SN2=%E3%84%89%E3%84%A7%E3%84%A5%CB%87#selectL"
"ㄉ","ㄉㄧㄥˋ","定","https://dict.concised.moe.edu.tw/searchP.jsp?SN=%E3%84%89&SN2=%E3%84%89%E3%84%A7%E3%84%A5%CB%8B#selectL"
"ㄉ","ㄉㄧㄥˋ","訂","https://dict.concised.moe.edu.tw/searchP.jsp?SN=%E3%84%89&SN2=%E3%84%89%E3%84%A7%E3%84%A5%CB%8B#selectL"
"ㄉ","ㄉㄧㄥˋ","釘","https://dict.concised.moe.edu.tw/searchP.jsp?SN=%E3%84%89&SN2=%E3%84%89%E3%84%A7%E3%84%A5%CB%8B#selectL"
"ㄉ","ㄉㄧㄥˋ","碇","https://dict.concised.moe.edu.tw/searchP.jsp?SN=%E3%84%89&SN2=%E3%84%89%E3%84%A7%E3%84%A5%CB%8B#selectL"
"ㄉ","ㄉㄧㄥˋ","錠","https://dict.concised.moe.edu.tw/searchP.jsp?SN=%E3%84%89&SN2=%E3%84%89%E3%84%A7%E3%84%A5%CB%8B#selectL"
"ㄉ","ㄉㄨ","都","https://dict.concised.moe.edu.tw/searchP.jsp?SN=%E3%84%89&SN2=%E3%84%89%E3%84%A8#selectL"
"ㄉ","ㄉㄨ","督","https://dict.concised.moe.edu.tw/searchP.jsp?SN=%E3%84%89&SN2=%E3%84%89%E3%84%A8#selectL"
"ㄉ","ㄉㄨ","嘟","https://dict.concised.moe.edu.tw/searchP.jsp?SN=%E3%84%89&SN2=%E3%84%89%E3%84%A8#selectL"
"ㄉ","ㄉㄨˇ","肚","https://dict.concised.moe.edu.tw/searchP.jsp?SN=%E3%84%89&SN2=%E3%84%89%E3%84%A8%CB%87#selectL"
"ㄉ","ㄉㄨˇ","堵","https://dict.concised.moe.edu.tw/searchP.jsp?SN=%E3%84%89&SN2=%E3%84%89%E3%84%A8%CB%87#selectL"
"ㄉ","ㄉㄨˇ","睹","https://dict.concised.moe.edu.tw/searchP.jsp?SN=%E3%84%89&SN2=%E3%84%89%E3%84%A8%CB%87#selectL"
"ㄉ","ㄉㄨˇ","賭","https://dict.concised.moe.edu.tw/searchP.jsp?SN=%E3%84%89&SN2=%E3%84%89%E3%84%A8%CB%87#selectL"
"ㄉ","ㄉㄨˇ","篤","https://dict.concised.moe.edu.tw/searchP.jsp?SN=%E3%84%89&SN2=%E3%84%89%E3%84%A8%CB%87#selectL"
"ㄉ","ㄉㄨˊ","毒","https://dict.concised.moe.edu.tw/searchP.jsp?SN=%E3%84%89&SN2=%E3%84%89%E3%84%A8%CB%8A#selectL"
"ㄉ","ㄉㄨˊ","頓","https://dict.concised.moe.edu.tw/searchP.jsp?SN=%E3%84%89&SN2=%E3%84%89%E3%84%A8%CB%8A#selectL"
"ㄉ","ㄉㄨˊ","獨","https://dict.concised.moe.edu.tw/searchP.jsp?SN=%E3%84%89&SN2=%E3%84%89%E3%84%A8%CB%8A#selectL"
"ㄉ","ㄉㄨˊ","瀆","https://dict.concised.moe.edu.tw/searchP.jsp?SN=%E3%84%89&SN2=%E3%84%89%E3%84%A8%CB%8A#selectL"
"ㄉ","ㄉㄨˊ","櫝","https://dict.concised.moe.edu.tw/searchP.jsp?SN=%E3%84%89&SN2=%E3%84%89%E3%84%A8%CB%8A#selectL"
"ㄉ","ㄉㄨˊ","牘","https://dict.concised.moe.edu.tw/searchP.jsp?SN=%E3%84%89&SN2=%E3%84%89%E3%84%A8%CB%8A#selectL"
"ㄉ","ㄉㄨˊ","犢","https://dict.concised.moe.edu.tw/searchP.jsp?SN=%E3%84%89&SN2=%E3%84%89%E3%84%A8%CB%8A#selectL"
"ㄉ","ㄉㄨˊ","讀","https://dict.concised.moe.edu.tw/searchP.jsp?SN=%E3%84%89&SN2=%E3%84%89%E3%84%A8%CB%8A#selectL"
"ㄉ","ㄉㄨˊ","黷","https://dict.concised.moe.edu.tw/searchP.jsp?SN=%E3%84%89&SN2=%E3%84%89%E3%84%A8%CB%8A#selectL"
"ㄉ","ㄉㄨˋ","妒","https://dict.concised.moe.edu.tw/searchP.jsp?SN=%E3%84%89&SN2=%E3%84%89%E3%84%A8%CB%8B#selectL"
"ㄉ","ㄉㄨˋ","杜","https://dict.concised.moe.edu.tw/searchP.jsp?SN=%E3%84%89&SN2=%E3%84%89%E3%84%A8%CB%8B#selectL"
"ㄉ","ㄉㄨˋ","肚","https://dict.concised.moe.edu.tw/searchP.jsp?SN=%E3%84%89&SN2=%E3%84%89%E3%84%A8%CB%8B#selectL"
"ㄉ","ㄉㄨˋ","度","https://dict.concised.moe.edu.tw/searchP.jsp?SN=%E3%84%89&SN2=%E3%84%89%E3%84%A8%CB%8B#selectL"
"ㄉ","ㄉㄨˋ","渡","https://dict.concised.moe.edu.tw/searchP.jsp?SN=%E3%84%89&SN2=%E3%84%89%E3%84%A8%CB%8B#selectL"
"ㄉ","ㄉㄨˋ","鍍","https://dict.concised.moe.edu.tw/searchP.jsp?SN=%E3%84%89&SN2=%E3%84%89%E3%84%A8%CB%8B#selectL"
"ㄉ","ㄉㄨˋ","蠹","https://dict.concised.moe.edu.tw/searchP.jsp?SN=%E3%84%89&SN2=%E3%84%89%E3%84%A8%CB%8B#selectL"
"ㄉ","ㄉㄨㄛ","多","https://dict.concised.moe.edu.tw/searchP.jsp?SN=%E3%84%89&SN2=%E3%84%89%E3%84%A8%E3%84%9B#selectL"
"ㄉ","ㄉㄨㄛ","哆","https://dict.concised.moe.edu.tw/searchP.jsp?SN=%E3%84%89&SN2=%E3%84%89%E3%84%A8%E3%84%9B#selectL"
"ㄉ","ㄉㄨㄛˇ","朵","https://dict.concised.moe.edu.tw/searchP.jsp?SN=%E3%84%89&SN2=%E3%84%89%E3%84%A8%E3%84%9B%CB%87#selectL"
"ㄉ","ㄉㄨㄛˇ","垛","https://dict.concised.moe.edu.tw/searchP.jsp?SN=%E3%84%89&SN2=%E3%84%89%E3%84%A8%E3%84%9B%CB%87#selectL"
"ㄉ","ㄉㄨㄛˇ","躲","https://dict.concised.moe.edu.tw/searchP.jsp?SN=%E3%84%89&SN2=%E3%84%89%E3%84%A8%E3%84%9B%CB%87#selectL"
"ㄉ","ㄉㄨㄛˊ","掇","https://dict.concised.moe.edu.tw/searchP.jsp?SN=%E3%84%89&SN2=%E3%84%89%E3%84%A8%E3%84%9B%CB%8A#selectL"
"ㄉ","ㄉㄨㄛˊ","奪","https://dict.concised.moe.edu.tw/searchP.jsp?SN=%E3%84%89&SN2=%E3%84%89%E3%84%A8%E3%84%9B%CB%8A#selectL"
"ㄉ","ㄉㄨㄛˊ","鐸","https://dict.concised.moe.edu.tw/searchP.jsp?SN=%E3%84%89&SN2=%E3%84%89%E3%84%A8%E3%84%9B%CB%8A#selectL"
"ㄉ","ㄉㄨㄛˋ","剁","https://dict.concised.moe.edu.tw/searchP.jsp?SN=%E3%84%89&SN2=%E3%84%89%E3%84%A8%E3%84%9B%CB%8B#selectL"
"ㄉ","ㄉㄨㄛˋ","咄","https://dict.concised.moe.edu.tw/searchP.jsp?SN=%E3%84%89&SN2=%E3%84%89%E3%84%A8%E3%84%9B%CB%8B#selectL"
"ㄉ","ㄉㄨㄛˋ","垛","https://dict.concised.moe.edu.tw/searchP.jsp?SN=%E3%84%89&SN2=%E3%84%89%E3%84%A8%E3%84%9B%CB%8B#selectL"
"ㄉ","ㄉㄨㄛˋ","度","https://dict.concised.moe.edu.tw/searchP.jsp?SN=%E3%84%89&SN2=%E3%84%89%E3%84%A8%E3%84%9B%CB%8B#selectL"
"ㄉ","ㄉㄨㄛˋ","舵","https://dict.concised.moe.edu.tw/searchP.jsp?SN=%E3%84%89&SN2=%E3%84%89%E3%84%A8%E3%84%9B%CB%8B#selectL"
"ㄉ","ㄉㄨㄛˋ","惰","https://dict.concised.moe.edu.tw/searchP.jsp?SN=%E3%84%89&SN2=%E3%84%89%E3%84%A8%E3%84%9B%CB%8B#selectL"
"ㄉ","ㄉㄨㄛˋ","跺","https://dict.concised.moe.edu.tw/searchP.jsp?SN=%E3%84%89&SN2=%E3%84%89%E3%84%A8%E3%84%9B%CB%8B#selectL"
"ㄉ","ㄉㄨㄛˋ","馱","https://dict.concised.moe.edu.tw/searchP.jsp?SN=%E3%84%89&SN2=%E3%84%89%E3%84%A8%E3%84%9B%CB%8B#selectL"
"ㄉ","ㄉㄨㄛˋ","墮","https://dict.concised.moe.edu.tw/searchP.jsp?SN=%E3%84%89&SN2=%E3%84%89%E3%84%A8%E3%84%9B%CB%8B#selectL"
"ㄉ","ㄉㄨㄛˋ","踱","https://dict.concised.moe.edu.tw/searchP.jsp?SN=%E3%84%89&SN2=%E3%84%89%E3%84%A8%E3%84%9B%CB%8B#selectL"
"ㄉ","ㄉㄨㄟ","堆","https://dict.concised.moe.edu.tw/searchP.jsp?SN=%E3%84%89&SN2=%E3%84%89%E3%84%A8%E3%84%9F#selectL"
"ㄉ","ㄉㄨㄟˋ","兌","https://dict.concised.moe.edu.tw/searchP.jsp?SN=%E3%84%89&SN2=%E3%84%89%E3%84%A8%E3%84%9F%CB%8B#selectL"
"ㄉ","ㄉㄨㄟˋ","敦","https://dict.concised.moe.edu.tw/searchP.jsp?SN=%E3%84%89&SN2=%E3%84%89%E3%84%A8%E3%84%9F%CB%8B#selectL"
"ㄉ","ㄉㄨㄟˋ","隊","https://dict.concised.moe.edu.tw/searchP.jsp?SN=%E3%84%89&SN2=%E3%84%89%E3%84%A8%E3%84%9F%CB%8B#selectL"
"ㄉ","ㄉㄨㄟˋ","碓","https://dict.concised.moe.edu.tw/searchP.jsp?SN=%E3%84%89&SN2=%E3%84%89%E3%84%A8%E3%84%9F%CB%8B#selectL"
"ㄉ","ㄉㄨㄟˋ","對","https://dict.concised.moe.edu.tw/searchP.jsp?SN=%E3%84%89&SN2=%E3%84%89%E3%84%A8%E3%84%9F%CB%8B#selectL"
"ㄉ","ㄉㄨㄟˋ","懟","https://dict.concised.moe.edu.tw/searchP.jsp?SN=%E3%84%89&SN2=%E3%84%89%E3%84%A8%E3%84%9F%CB%8B#selectL"
"ㄉ","ㄉㄨㄢ","端","https://dict.concised.moe.edu.tw/searchP.jsp?SN=%E3%84%89&SN2=%E3%84%89%E3%84%A8%E3%84%A2#selectL"
"ㄉ","ㄉㄨㄢˇ","短","https://dict.concised.moe.edu.tw/searchP.jsp?SN=%E3%84%89&SN2=%E3%84%89%E3%84%A8%E3%84%A2%CB%87#selectL"
"ㄉ","ㄉㄨㄢˋ","段","https://dict.concised.moe.edu.tw/searchP.jsp?SN=%E3%84%89&SN2=%E3%84%89%E3%84%A8%E3%84%A2%CB%8B#selectL"
"ㄉ","ㄉㄨㄢˋ","緞","https://dict.concised.moe.edu.tw/searchP.jsp?SN=%E3%84%89&SN2=%E3%84%89%E3%84%A8%E3%84%A2%CB%8B#selectL"
"ㄉ","ㄉㄨㄢˋ","鍛","https://dict.concised.moe.edu.tw/searchP.jsp?SN=%E3%84%89&SN2=%E3%84%89%E3%84%A8%E3%84%A2%CB%8B#selectL"
"ㄉ","ㄉㄨㄢˋ","斷","https://dict.concised.moe.edu.tw/searchP.jsp?SN=%E3%84%89&SN2=%E3%84%89%E3%84%A8%E3%84%A2%CB%8B#selectL"
"ㄉ","ㄉㄨㄣ","敦","https://dict.concised.moe.edu.tw/searchP.jsp?SN=%E3%84%89&SN2=%E3%84%89%E3%84%A8%E3%84%A3#selectL"
"ㄉ","ㄉㄨㄣ","墩","https://dict.concised.moe.edu.tw/searchP.jsp?SN=%E3%84%89&SN2=%E3%84%89%E3%84%A8%E3%84%A3#selectL"
"ㄉ","ㄉㄨㄣ","燉","https://dict.concised.moe.edu.tw/searchP.jsp?SN=%E3%84%89&SN2=%E3%84%89%E3%84%A8%E3%84%A3#selectL"
"ㄉ","ㄉㄨㄣ","蹲","https://dict.concised.moe.edu.tw/searchP.jsp?SN=%E3%84%89&SN2=%E3%84%89%E3%84%A8%E3%84%A3#selectL"
"ㄉ","ㄉㄨㄣˇ","盹","https://dict.concised.moe.edu.tw/searchP.jsp?SN=%E3%84%89&SN2=%E3%84%89%E3%84%A8%E3%84%A3%CB%87#selectL"
"ㄉ","ㄉㄨㄣˇ","躉","https://dict.concised.moe.edu.tw/searchP.jsp?SN=%E3%84%89&SN2=%E3%84%89%E3%84%A8%E3%84%A3%CB%87#selectL"
"ㄉ","ㄉㄨㄣˋ","囤","https://dict.concised.moe.edu.tw/searchP.jsp?SN=%E3%84%89&SN2=%E3%84%89%E3%84%A8%E3%84%A3%CB%8B#selectL"
"ㄉ","ㄉㄨㄣˋ","沌","https://dict.concised.moe.edu.tw/searchP.jsp?SN=%E3%84%89&SN2=%E3%84%89%E3%84%A8%E3%84%A3%CB%8B#selectL"
"ㄉ","ㄉㄨㄣˋ","盾","https://dict.concised.moe.edu.tw/searchP.jsp?SN=%E3%84%89&SN2=%E3%84%89%E3%84%A8%E3%84%A3%CB%8B#selectL"
"ㄉ","ㄉㄨㄣˋ","鈍","https://dict.concised.moe.edu.tw/searchP.jsp?SN=%E3%84%89&SN2=%E3%84%89%E3%84%A8%E3%84%A3%CB%8B#selectL"
"ㄉ","ㄉㄨㄣˋ","飩","https://dict.concised.moe.edu.tw/searchP.jsp?SN=%E3%84%89&SN2=%E3%84%89%E3%84%A8%E3%84%A3%CB%8B#selectL"
"ㄉ","ㄉㄨㄣˋ","遁","https://dict.concised.moe.edu.tw/searchP.jsp?SN=%E3%84%89&SN2=%E3%84%89%E3%84%A8%E3%84%A3%CB%8B#selectL"
"ㄉ","ㄉㄨㄣˋ","頓","https://dict.concised.moe.edu.tw/searchP.jsp?SN=%E3%84%89&SN2=%E3%84%89%E3%84%A8%E3%84%A3%CB%8B#selectL"
"ㄉ","ㄉㄨㄣˋ","遯","https://dict.concised.moe.edu.tw/searchP.jsp?SN=%E3%84%89&SN2=%E3%84%89%E3%84%A8%E3%84%A3%CB%8B#selectL"
"ㄉ","ㄉㄨㄣˋ","噸","https://dict.concised.moe.edu.tw/searchP.jsp?SN=%E3%84%89&SN2=%E3%84%89%E3%84%A8%E3%84%A3%CB%8B#selectL"
"ㄉ","ㄉㄨㄣˋ","燉","https://dict.concised.moe.edu.tw/searchP.jsp?SN=%E3%84%89&SN2=%E3%84%89%E3%84%A8%E3%84%A3%CB%8B#selectL"
"ㄉ","ㄉㄨㄥ","冬","https://dict.concised.moe.edu.tw/searchP.jsp?SN=%E3%84%89&SN2=%E3%84%89%E3%84%A8%E3%84%A5#selectL"
"ㄉ","ㄉㄨㄥ","咚","https://dict.concised.moe.edu.tw/searchP.jsp?SN=%E3%84%89&SN2=%E3%84%89%E3%84%A8%E3%84%A5#selectL"
"ㄉ","ㄉㄨㄥ","東","https://dict.concised.moe.edu.tw/searchP.jsp?SN=%E3%84%89&SN2=%E3%84%89%E3%84%A8%E3%84%A5#selectL"
"ㄉ","ㄉㄨㄥ","氡","https://dict.concised.moe.edu.tw/searchP.jsp?SN=%E3%84%89&SN2=%E3%84%89%E3%84%A8%E3%84%A5#selectL"
"ㄉ","ㄉㄨㄥ","鼕","https://dict.concised.moe.edu.tw/searchP.jsp?SN=%E3%84%89&SN2=%E3%84%89%E3%84%A8%E3%84%A5#selectL"
"ㄉ","ㄉㄨㄥˇ","董","https://dict.concised.moe.edu.tw/searchP.jsp?SN=%E3%84%89&SN2=%E3%84%89%E3%84%A8%E3%84%A5%CB%87#selectL"
"ㄉ","ㄉㄨㄥˇ","懂","https://dict.concised.moe.edu.tw/searchP.jsp?SN=%E3%84%89&SN2=%E3%84%89%E3%84%A8%E3%84%A5%CB%87#selectL"
"ㄉ","ㄉㄨㄥˋ","侗","https://dict.concised.moe.edu.tw/searchP.jsp?SN=%E3%84%89&SN2=%E3%84%89%E3%84%A8%E3%84%A5%CB%8B#selectL"
"ㄉ","ㄉㄨㄥˋ","垌","https://dict.concised.moe.edu.tw/searchP.jsp?SN=%E3%84%89&SN2=%E3%84%89%E3%84%A8%E3%84%A5%CB%8B#selectL"
"ㄉ","ㄉㄨㄥˋ","峒","https://dict.concised.moe.edu.tw/searchP.jsp?SN=%E3%84%89&SN2=%E3%84%89%E3%84%A8%E3%84%A5%CB%8B#selectL"
"ㄉ","ㄉㄨㄥˋ","恫","https://dict.concised.moe.edu.tw/searchP.jsp?SN=%E3%84%89&SN2=%E3%84%89%E3%84%A8%E3%84%A5%CB%8B#selectL"
"ㄉ","ㄉㄨㄥˋ","洞","https://dict.concised.moe.edu.tw/searchP.jsp?SN=%E3%84%89&SN2=%E3%84%89%E3%84%A8%E3%84%A5%CB%8B#selectL"
"ㄉ","ㄉㄨㄥˋ","凍","https://dict.concised.moe.edu.tw/searchP.jsp?SN=%E3%84%89&SN2=%E3%84%89%E3%84%A8%E3%84%A5%CB%8B#selectL"
"ㄉ","ㄉㄨㄥˋ","胴","https://dict.concised.moe.edu.tw/searchP.jsp?SN=%E3%84%89&SN2=%E3%84%89%E3%84%A8%E3%84%A5%CB%8B#selectL"
"ㄉ","ㄉㄨㄥˋ","動","https://dict.concised.moe.edu.tw/searchP.jsp?SN=%E3%84%89&SN2=%E3%84%89%E3%84%A8%E3%84%A5%CB%8B#selectL"
"ㄉ","ㄉㄨㄥˋ","棟","https://dict.concised.moe.edu.tw/searchP.jsp?SN=%E3%84%89&SN2=%E3%84%89%E3%84%A8%E3%84%A5%CB%8B#selectL"
"ㄊ","˙ㄊㄡ","頭","https://dict.concised.moe.edu.tw/searchP.jsp?SN=%E3%84%8A&SN2=%CB%99%E3%84%8A%E3%84%A1#selectL"
"ㄊ","ㄊㄚ","他","https://dict.concised.moe.edu.tw/searchP.jsp?SN=%E3%84%8A&SN2=%E3%84%8A%E3%84%9A#selectL"
"ㄊ","ㄊㄚ","它","https://dict.concised.moe.edu.tw/searchP.jsp?SN=%E3%84%8A&SN2=%E3%84%8A%E3%84%9A#selectL"
"ㄊ","ㄊㄚ","她","https://dict.concised.moe.edu.tw/searchP.jsp?SN=%E3%84%8A&SN2=%E3%84%8A%E3%84%9A#selectL"
"ㄊ","ㄊㄚ","牠","https://dict.concised.moe.edu.tw/searchP.jsp?SN=%E3%84%8A&SN2=%E3%84%8A%E3%84%9A#selectL"
"ㄊ","ㄊㄚ","祂","https://dict.concised.moe.edu.tw/searchP.jsp?SN=%E3%84%8A&SN2=%E3%84%8A%E3%84%9A#selectL"
"ㄊ","ㄊㄚ","趿","https://dict.concised.moe.edu.tw/searchP.jsp?SN=%E3%84%8A&SN2=%E3%84%8A%E3%84%9A#selectL"
"ㄊ","ㄊㄚ","塌","https://dict.concised.moe.edu.tw/searchP.jsp?SN=%E3%84%8A&SN2=%E3%84%8A%E3%84%9A#selectL"
"ㄊ","ㄊㄚˇ","塔","https://dict.concised.moe.edu.tw/searchP.jsp?SN=%E3%84%8A&SN2=%E3%84%8A%E3%84%9A%CB%87#selectL"
"ㄊ","ㄊㄚˋ","拓","https://dict.concised.moe.edu.tw/searchP.jsp?SN=%E3%84%8A&SN2=%E3%84%8A%E3%84%9A%CB%8B#selectL"
"ㄊ","ㄊㄚˋ","沓","https://dict.concised.moe.edu.tw/searchP.jsp?SN=%E3%84%8A&SN2=%E3%84%8A%E3%84%9A%CB%8B#selectL"
"ㄊ","ㄊㄚˋ","榻","https://dict.concised.moe.edu.tw/searchP.jsp?SN=%E3%84%8A&SN2=%E3%84%8A%E3%84%9A%CB%8B#selectL"
"ㄊ","ㄊㄚˋ","漯","https://dict.concised.moe.edu.tw/searchP.jsp?SN=%E3%84%8A&SN2=%E3%84%8A%E3%84%9A%CB%8B#selectL"
"ㄊ","ㄊㄚˋ","遝","https://dict.concised.moe.edu.tw/searchP.jsp?SN=%E3%84%8A&SN2=%E3%84%8A%E3%84%9A%CB%8B#selectL"
"ㄊ","ㄊㄚˋ","遢","https://dict.concised.moe.edu.tw/searchP.jsp?SN=%E3%84%8A&SN2=%E3%84%8A%E3%84%9A%CB%8B#selectL"
"ㄊ","ㄊㄚˋ","踏","https://dict.concised.moe.edu.tw/searchP.jsp?SN=%E3%84%8A&SN2=%E3%84%8A%E3%84%9A%CB%8B#selectL"
"ㄊ","ㄊㄚˋ","撻","https://dict.concised.moe.edu.tw/searchP.jsp?SN=%E3%84%8A&SN2=%E3%84%8A%E3%84%9A%CB%8B#selectL"
"ㄊ","ㄊㄚˋ","蹋","https://dict.concised.moe.edu.tw/searchP.jsp?SN=%E3%84%8A&SN2=%E3%84%8A%E3%84%9A%CB%8B#selectL"
"ㄊ","ㄊㄚˋ","獺","https://dict.concised.moe.edu.tw/searchP.jsp?SN=%E3%84%8A&SN2=%E3%84%8A%E3%84%9A%CB%8B#selectL"
"ㄊ","ㄊㄚˋ","躂","https://dict.concised.moe.edu.tw/searchP.jsp?SN=%E3%84%8A&SN2=%E3%84%8A%E3%84%9A%CB%8B#selectL"
"ㄊ","ㄊㄚˋ","闥","https://dict.concised.moe.edu.tw/searchP.jsp?SN=%E3%84%8A&SN2=%E3%84%8A%E3%84%9A%CB%8B#selectL"
"ㄊ","ㄊㄜˋ","忑","https://dict.concised.moe.edu.tw/searchP.jsp?SN=%E3%84%8A&SN2=%E3%84%8A%E3%84%9C%CB%8B#selectL"
"ㄊ","ㄊㄜˋ","忒","https://dict.concised.moe.edu.tw/searchP.jsp?SN=%E3%84%8A&SN2=%E3%84%8A%E3%84%9C%CB%8B#selectL"
"ㄊ","ㄊㄜˋ","特","https://dict.concised.moe.edu.tw/searchP.jsp?SN=%E3%84%8A&SN2=%E3%84%8A%E3%84%9C%CB%8B#selectL"
"ㄊ","ㄊㄜˋ","慝","https://dict.concised.moe.edu.tw/searchP.jsp?SN=%E3%84%8A&SN2=%E3%84%8A%E3%84%9C%CB%8B#selectL"
"ㄊ","ㄊㄞ","胎","https://dict.concised.moe.edu.tw/searchP.jsp?SN=%E3%84%8A&SN2=%E3%84%8A%E3%84%9E#selectL"
"ㄊ","ㄊㄞ","苔","https://dict.concised.moe.edu.tw/searchP.jsp?SN=%E3%84%8A&SN2=%E3%84%8A%E3%84%9E#selectL"
"ㄊ","ㄊㄞˊ","抬","https://dict.concised.moe.edu.tw/searchP.jsp?SN=%E3%84%8A&SN2=%E3%84%8A%E3%84%9E%CB%8A#selectL"
"ㄊ","ㄊㄞˊ","邰","https://dict.concised.moe.edu.tw/searchP.jsp?SN=%E3%84%8A&SN2=%E3%84%8A%E3%84%9E%CB%8A#selectL"
"ㄊ","ㄊㄞˊ","苔","https://dict.concised.moe.edu.tw/searchP.jsp?SN=%E3%84%8A&SN2=%E3%84%8A%E3%84%9E%CB%8A#selectL"
"ㄊ","ㄊㄞˊ","跆","https://dict.concised.moe.edu.tw/searchP.jsp?SN=%E3%84%8A&SN2=%E3%84%8A%E3%84%9E%CB%8A#selectL"
"ㄊ","ㄊㄞˊ","臺","https://dict.concised.moe.edu.tw/searchP.jsp?SN=%E3%84%8A&SN2=%E3%84%8A%E3%84%9E%CB%8A#selectL"
"ㄊ","ㄊㄞˊ","颱","https://dict.concised.moe.edu.tw/searchP.jsp?SN=%E3%84%8A&SN2=%E3%84%8A%E3%84%9E%CB%8A#selectL"
"ㄊ","ㄊㄞˊ","駘","https://dict.concised.moe.edu.tw/searchP.jsp?SN=%E3%84%8A&SN2=%E3%84%8A%E3%84%9E%CB%8A#selectL"
"ㄊ","ㄊㄞˊ","檯","https://dict.concised.moe.edu.tw/searchP.jsp?SN=%E3%84%8A&SN2=%E3%84%8A%E3%84%9E%CB%8A#selectL"
"ㄊ","ㄊㄞˋ","太","https://dict.concised.moe.edu.tw/searchP.jsp?SN=%E3%84%8A&SN2=%E3%84%8A%E3%84%9E%CB%8B#selectL"
"ㄊ","ㄊㄞˋ","汰","https://dict.concised.moe.edu.tw/searchP.jsp?SN=%E3%84%8A&SN2=%E3%84%8A%E3%84%9E%CB%8B#selectL"
"ㄊ","ㄊㄞˋ","肽","https://dict.concised.moe.edu.tw/searchP.jsp?SN=%E3%84%8A&SN2=%E3%84%8A%E3%84%9E%CB%8B#selectL"
"ㄊ","ㄊㄞˋ","泰","https://dict.concised.moe.edu.tw/searchP.jsp?SN=%E3%84%8A&SN2=%E3%84%8A%E3%84%9E%CB%8B#selectL"
"ㄊ","ㄊㄞˋ","鈦","https://dict.concised.moe.edu.tw/searchP.jsp?SN=%E3%84%8A&SN2=%E3%84%8A%E3%84%9E%CB%8B#selectL"
"ㄊ","ㄊㄞˋ","態","https://dict.concised.moe.edu.tw/searchP.jsp?SN=%E3%84%8A&SN2=%E3%84%8A%E3%84%9E%CB%8B#selectL"
"ㄊ","ㄊㄠ","叨","https://dict.concised.moe.edu.tw/searchP.jsp?SN=%E3%84%8A&SN2=%E3%84%8A%E3%84%A0#selectL"
"ㄊ","ㄊㄠ","掏","https://dict.concised.moe.edu.tw/searchP.jsp?SN=%E3%84%8A&SN2=%E3%84%8A%E3%84%A0#selectL"
"ㄊ","ㄊㄠ","搯","https://dict.concised.moe.edu.tw/searchP.jsp?SN=%E3%84%8A&SN2=%E3%84%8A%E3%84%A0#selectL"
"ㄊ","ㄊㄠ","滔","https://dict.concised.moe.edu.tw/searchP.jsp?SN=%E3%84%8A&SN2=%E3%84%8A%E3%84%A0#selectL"
"ㄊ","ㄊㄠ","絛","https://dict.concised.moe.edu.tw/searchP.jsp?SN=%E3%84%8A&SN2=%E3%84%8A%E3%84%A0#selectL"
"ㄊ","ㄊㄠ","韜","https://dict.concised.moe.edu.tw/searchP.jsp?SN=%E3%84%8A&SN2=%E3%84%8A%E3%84%A0#selectL"
"ㄊ","ㄊㄠ","饕","https://dict.concised.moe.edu.tw/searchP.jsp?SN=%E3%84%8A&SN2=%E3%84%8A%E3%84%A0#selectL"
"ㄊ","ㄊㄠˇ","討","https://dict.concised.moe.edu.tw/searchP.jsp?SN=%E3%84%8A&SN2=%E3%84%8A%E3%84%A0%CB%87#selectL"
"ㄊ","ㄊㄠˊ","桃","https://dict.concised.moe.edu.tw/searchP.jsp?SN=%E3%84%8A&SN2=%E3%84%8A%E3%84%A0%CB%8A#selectL"
"ㄊ","ㄊㄠˊ","逃","https://dict.concised.moe.edu.tw/searchP.jsp?SN=%E3%84%8A&SN2=%E3%84%8A%E3%84%A0%CB%8A#selectL"
"ㄊ","ㄊㄠˊ","啕","https://dict.concised.moe.edu.tw/searchP.jsp?SN=%E3%84%8A&SN2=%E3%84%8A%E3%84%A0%CB%8A#selectL"
"ㄊ","ㄊㄠˊ","淘","https://dict.concised.moe.edu.tw/searchP.jsp?SN=%E3%84%8A&SN2=%E3%84%8A%E3%84%A0%CB%8A#selectL"
"ㄊ","ㄊㄠˊ","陶","https://dict.concised.moe.edu.tw/searchP.jsp?SN=%E3%84%8A&SN2=%E3%84%8A%E3%84%A0%CB%8A#selectL"
"ㄊ","ㄊㄠˊ","萄","https://dict.concised.moe.edu.tw/searchP.jsp?SN=%E3%84%8A&SN2=%E3%84%8A%E3%84%A0%CB%8A#selectL"
"ㄊ","ㄊㄠˊ","濤","https://dict.concised.moe.edu.tw/searchP.jsp?SN=%E3%84%8A&SN2=%E3%84%8A%E3%84%A0%CB%8A#selectL"
"ㄊ","ㄊㄠˊ","燾","https://dict.concised.moe.edu.tw/searchP.jsp?SN=%E3%84%8A&SN2=%E3%84%8A%E3%84%A0%CB%8A#selectL"
"ㄊ","ㄊㄠˋ","套","https://dict.concised.moe.edu.tw/searchP.jsp?SN=%E3%84%8A&SN2=%E3%84%8A%E3%84%A0%CB%8B#selectL"
"ㄊ","ㄊㄡ","偷","https://dict.concised.moe.edu.tw/searchP.jsp?SN=%E3%84%8A&SN2=%E3%84%8A%E3%84%A1#selectL"
"ㄊ","ㄊㄡˊ","投","https://dict.concised.moe.edu.tw/searchP.jsp?SN=%E3%84%8A&SN2=%E3%84%8A%E3%84%A1%CB%8A#selectL"
"ㄊ","ㄊㄡˊ","骰","https://dict.concised.moe.edu.tw/searchP.jsp?SN=%E3%84%8A&SN2=%E3%84%8A%E3%84%A1%CB%8A#selectL"
"ㄊ","ㄊㄡˊ","頭","https://dict.concised.moe.edu.tw/searchP.jsp?SN=%E3%84%8A&SN2=%E3%84%8A%E3%84%A1%CB%8A#selectL"
"ㄊ","ㄊㄡˋ","透","https://dict.concised.moe.edu.tw/searchP.jsp?SN=%E3%84%8A&SN2=%E3%84%8A%E3%84%A1%CB%8B#selectL"
"ㄊ","ㄊㄢ","坍","https://dict.concised.moe.edu.tw/searchP.jsp?SN=%E3%84%8A&SN2=%E3%84%8A%E3%84%A2#selectL"
"ㄊ","ㄊㄢ","貪","https://dict.concised.moe.edu.tw/searchP.jsp?SN=%E3%84%8A&SN2=%E3%84%8A%E3%84%A2#selectL"
"ㄊ","ㄊㄢ","攤","https://dict.concised.moe.edu.tw/searchP.jsp?SN=%E3%84%8A&SN2=%E3%84%8A%E3%84%A2#selectL"
"ㄊ","ㄊㄢ","灘","https://dict.concised.moe.edu.tw/searchP.jsp?SN=%E3%84%8A&SN2=%E3%84%8A%E3%84%A2#selectL"
"ㄊ","ㄊㄢ","癱","https://dict.concised.moe.edu.tw/searchP.jsp?SN=%E3%84%8A&SN2=%E3%84%8A%E3%84%A2#selectL"
"ㄊ","ㄊㄢˇ","忐","https://dict.concised.moe.edu.tw/searchP.jsp?SN=%E3%84%8A&SN2=%E3%84%8A%E3%84%A2%CB%87#selectL"
"ㄊ","ㄊㄢˇ","坦","https://dict.concised.moe.edu.tw/searchP.jsp?SN=%E3%84%8A&SN2=%E3%84%8A%E3%84%A2%CB%87#selectL"
"ㄊ","ㄊㄢˇ","袒","https://dict.concised.moe.edu.tw/searchP.jsp?SN=%E3%84%8A&SN2=%E3%84%8A%E3%84%A2%CB%87#selectL"
"ㄊ","ㄊㄢˇ","毯","https://dict.concised.moe.edu.tw/searchP.jsp?SN=%E3%84%8A&SN2=%E3%84%8A%E3%84%A2%CB%87#selectL"
"ㄊ","ㄊㄢˊ","覃","https://dict.concised.moe.edu.tw/searchP.jsp?SN=%E3%84%8A&SN2=%E3%84%8A%E3%84%A2%CB%8A#selectL"
"ㄊ","ㄊㄢˊ","痰","https://dict.concised.moe.edu.tw/searchP.jsp?SN=%E3%84%8A&SN2=%E3%84%8A%E3%84%A2%CB%8A#selectL"
"ㄊ","ㄊㄢˊ","彈","https://dict.concised.moe.edu.tw/searchP.jsp?SN=%E3%84%8A&SN2=%E3%84%8A%E3%84%A2%CB%8A#selectL"
"ㄊ","ㄊㄢˊ","潭","https://dict.concised.moe.edu.tw/searchP.jsp?SN=%E3%84%8A&SN2=%E3%84%8A%E3%84%A2%CB%8A#selectL"
"ㄊ","ㄊㄢˊ","談","https://dict.concised.moe.edu.tw/searchP.jsp?SN=%E3%84%8A&SN2=%E3%84%8A%E3%84%A2%CB%8A#selectL"
"ㄊ","ㄊㄢˊ","壇","https://dict.concised.moe.edu.tw/searchP.jsp?SN=%E3%84%8A&SN2=%E3%84%8A%E3%84%A2%CB%8A#selectL"
"ㄊ","ㄊㄢˊ","曇","https://dict.concised.moe.edu.tw/searchP.jsp?SN=%E3%84%8A&SN2=%E3%84%8A%E3%84%A2%CB%8A#selectL"
"ㄊ","ㄊㄢˊ","澹","https://dict.concised.moe.edu.tw/searchP.jsp?SN=%E3%84%8A&SN2=%E3%84%8A%E3%84%A2%CB%8A#selectL"
"ㄊ","ㄊㄢˊ","檀","https://dict.concised.moe.edu.tw/searchP.jsp?SN=%E3%84%8A&SN2=%E3%84%8A%E3%84%A2%CB%8A#selectL"
"ㄊ","ㄊㄢˊ","罈","https://dict.concised.moe.edu.tw/searchP.jsp?SN=%E3%84%8A&SN2=%E3%84%8A%E3%84%A2%CB%8A#selectL"
"ㄊ","ㄊㄢˊ","譚","https://dict.concised.moe.edu.tw/searchP.jsp?SN=%E3%84%8A&SN2=%E3%84%8A%E3%84%A2%CB%8A#selectL"
"ㄊ","ㄊㄢˊ","醰","https://dict.concised.moe.edu.tw/searchP.jsp?SN=%E3%84%8A&SN2=%E3%84%8A%E3%84%A2%CB%8A#selectL"
"ㄊ","ㄊㄢˋ","炭","https://dict.concised.moe.edu.tw/searchP.jsp?SN=%E3%84%8A&SN2=%E3%84%8A%E3%84%A2%CB%8B#selectL"
"ㄊ","ㄊㄢˋ","探","https://dict.concised.moe.edu.tw/searchP.jsp?SN=%E3%84%8A&SN2=%E3%84%8A%E3%84%A2%CB%8B#selectL"
"ㄊ","ㄊㄢˋ","嘆","https://dict.concised.moe.edu.tw/searchP.jsp?SN=%E3%84%8A&SN2=%E3%84%8A%E3%84%A2%CB%8B#selectL"
"ㄊ","ㄊㄢˋ","碳","https://dict.concised.moe.edu.tw/searchP.jsp?SN=%E3%84%8A&SN2=%E3%84%8A%E3%84%A2%CB%8B#selectL"
"ㄊ","ㄊㄢˋ","歎","https://dict.concised.moe.edu.tw/searchP.jsp?SN=%E3%84%8A&SN2=%E3%84%8A%E3%84%A2%CB%8B#selectL"
"ㄊ","ㄊㄤ","湯","https://dict.concised.moe.edu.tw/searchP.jsp?SN=%E3%84%8A&SN2=%E3%84%8A%E3%84%A4#selectL"
"ㄊ","ㄊㄤ","蹚","https://dict.concised.moe.edu.tw/searchP.jsp?SN=%E3%84%8A&SN2=%E3%84%8A%E3%84%A4#selectL"
"ㄊ","ㄊㄤ","鏜","https://dict.concised.moe.edu.tw/searchP.jsp?SN=%E3%84%8A&SN2=%E3%84%8A%E3%84%A4#selectL"
"ㄊ","ㄊㄤˇ","帑","https://dict.concised.moe.edu.tw/searchP.jsp?SN=%E3%84%8A&SN2=%E3%84%8A%E3%84%A4%CB%87#selectL"
"ㄊ","ㄊㄤˇ","倘","https://dict.concised.moe.edu.tw/searchP.jsp?SN=%E3%84%8A&SN2=%E3%84%8A%E3%84%A4%CB%87#selectL"
"ㄊ","ㄊㄤˇ","淌","https://dict.concised.moe.edu.tw/searchP.jsp?SN=%E3%84%8A&SN2=%E3%84%8A%E3%84%A4%CB%87#selectL"
"ㄊ","ㄊㄤˇ","躺","https://dict.concised.moe.edu.tw/searchP.jsp?SN=%E3%84%8A&SN2=%E3%84%8A%E3%84%A4%CB%87#selectL"
"ㄊ","ㄊㄤˇ","儻","https://dict.concised.moe.edu.tw/searchP.jsp?SN=%E3%84%8A&SN2=%E3%84%8A%E3%84%A4%CB%87#selectL"
"ㄊ","ㄊㄤˊ","唐","https://dict.concised.moe.edu.tw/searchP.jsp?SN=%E3%84%8A&SN2=%E3%84%8A%E3%84%A4%CB%8A#selectL"
"ㄊ","ㄊㄤˊ","堂","https://dict.concised.moe.edu.tw/searchP.jsp?SN=%E3%84%8A&SN2=%E3%84%8A%E3%84%A4%CB%8A#selectL"
"ㄊ","ㄊㄤˊ","棠","https://dict.concised.moe.edu.tw/searchP.jsp?SN=%E3%84%8A&SN2=%E3%84%8A%E3%84%A4%CB%8A#selectL"
"ㄊ","ㄊㄤˊ","塘","https://dict.concised.moe.edu.tw/searchP.jsp?SN=%E3%84%8A&SN2=%E3%84%8A%E3%84%A4%CB%8A#selectL"
"ㄊ","ㄊㄤˊ","搪","https://dict.concised.moe.edu.tw/searchP.jsp?SN=%E3%84%8A&SN2=%E3%84%8A%E3%84%A4%CB%8A#selectL"
"ㄊ","ㄊㄤˊ","膛","https://dict.concised.moe.edu.tw/searchP.jsp?SN=%E3%84%8A&SN2=%E3%84%8A%E3%84%A4%CB%8A#selectL"
"ㄊ","ㄊㄤˊ","糖","https://dict.concised.moe.edu.tw/searchP.jsp?SN=%E3%84%8A&SN2=%E3%84%8A%E3%84%A4%CB%8A#selectL"
"ㄊ","ㄊㄤˊ","螗","https://dict.concised.moe.edu.tw/searchP.jsp?SN=%E3%84%8A&SN2=%E3%84%8A%E3%84%A4%CB%8A#selectL"
"ㄊ","ㄊㄤˊ","螳","https://dict.concised.moe.edu.tw/searchP.jsp?SN=%E3%84%8A&SN2=%E3%84%8A%E3%84%A4%CB%8A#selectL"
"ㄊ","ㄊㄤˊ","醣","https://dict.concised.moe.edu.tw/searchP.jsp?SN=%E3%84%8A&SN2=%E3%84%8A%E3%84%A4%CB%8A#selectL"
"ㄊ","ㄊㄤˋ","趟","https://dict.concised.moe.edu.tw/searchP.jsp?SN=%E3%84%8A&SN2=%E3%84%8A%E3%84%A4%CB%8B#selectL"
"ㄊ","ㄊㄤˋ","燙","https://dict.concised.moe.edu.tw/searchP.jsp?SN=%E3%84%8A&SN2=%E3%84%8A%E3%84%A4%CB%8B#selectL"
"ㄊ","ㄊㄥˊ","疼","https://dict.concised.moe.edu.tw/searchP.jsp?SN=%E3%84%8A&SN2=%E3%84%8A%E3%84%A5%CB%8A#selectL"
"ㄊ","ㄊㄥˊ","滕","https://dict.concised.moe.edu.tw/searchP.jsp?SN=%E3%84%8A&SN2=%E3%84%8A%E3%84%A5%CB%8A#selectL"
"ㄊ","ㄊㄥˊ","謄","https://dict.concised.moe.edu.tw/searchP.jsp?SN=%E3%84%8A&SN2=%E3%84%8A%E3%84%A5%CB%8A#selectL"
"ㄊ","ㄊㄥˊ","藤","https://dict.concised.moe.edu.tw/searchP.jsp?SN=%E3%84%8A&SN2=%E3%84%8A%E3%84%A5%CB%8A#selectL"
"ㄊ","ㄊㄥˊ","騰","https://dict.concised.moe.edu.tw/searchP.jsp?SN=%E3%84%8A&SN2=%E3%84%8A%E3%84%A5%CB%8A#selectL"
"ㄊ","ㄊㄥˊ","籐","https://dict.concised.moe.edu.tw/searchP.jsp?SN=%E3%84%8A&SN2=%E3%84%8A%E3%84%A5%CB%8A#selectL"
"ㄊ","ㄊㄧ","剔","https://dict.concised.moe.edu.tw/searchP.jsp?SN=%E3%84%8A&SN2=%E3%84%8A%E3%84%A7#selectL"
"ㄊ","ㄊㄧ","梯","https://dict.concised.moe.edu.tw/searchP.jsp?SN=%E3%84%8A&SN2=%E3%84%8A%E3%84%A7#selectL"
"ㄊ","ㄊㄧ","踢","https://dict.concised.moe.edu.tw/searchP.jsp?SN=%E3%84%8A&SN2=%E3%84%8A%E3%84%A7#selectL"
"ㄊ","ㄊㄧˇ","體","https://dict.concised.moe.edu.tw/searchP.jsp?SN=%E3%84%8A&SN2=%E3%84%8A%E3%84%A7%CB%87#selectL"
"ㄊ","ㄊㄧˊ","啼","https://dict.concised.moe.edu.tw/searchP.jsp?SN=%E3%84%8A&SN2=%E3%84%8A%E3%84%A7%CB%8A#selectL"
"ㄊ","ㄊㄧˊ","堤","https://dict.concised.moe.edu.tw/searchP.jsp?SN=%E3%84%8A&SN2=%E3%84%8A%E3%84%A7%CB%8A#selectL"
"ㄊ","ㄊㄧˊ","提","https://dict.concised.moe.edu.tw/searchP.jsp?SN=%E3%84%8A&SN2=%E3%84%8A%E3%84%A7%CB%8A#selectL"
"ㄊ","ㄊㄧˊ","隄","https://dict.concised.moe.edu.tw/searchP.jsp?SN=%E3%84%8A&SN2=%E3%84%8A%E3%84%A7%CB%8A#selectL"
"ㄊ","ㄊㄧˊ","緹","https://dict.concised.moe.edu.tw/searchP.jsp?SN=%E3%84%8A&SN2=%E3%84%8A%E3%84%A7%CB%8A#selectL"
"ㄊ","ㄊㄧˊ","蹄","https://dict.concised.moe.edu.tw/searchP.jsp?SN=%E3%84%8A&SN2=%E3%84%8A%E3%84%A7%CB%8A#selectL"
"ㄊ","ㄊㄧˊ","醍","https://dict.concised.moe.edu.tw/searchP.jsp?SN=%E3%84%8A&SN2=%E3%84%8A%E3%84%A7%CB%8A#selectL"
"ㄊ","ㄊㄧˊ","題","https://dict.concised.moe.edu.tw/searchP.jsp?SN=%E3%84%8A&SN2=%E3%84%8A%E3%84%A7%CB%8A#selectL"
"ㄊ","ㄊㄧˊ","鵜","https://dict.concised.moe.edu.tw/searchP.jsp?SN=%E3%84%8A&SN2=%E3%84%8A%E3%84%A7%CB%8A#selectL"
"ㄊ","ㄊㄧˋ","弟","https://dict.concised.moe.edu.tw/searchP.jsp?SN=%E3%84%8A&SN2=%E3%84%8A%E3%84%A7%CB%8B#selectL"
"ㄊ","ㄊㄧˋ","剃","https://dict.concised.moe.edu.tw/searchP.jsp?SN=%E3%84%8A&SN2=%E3%84%8A%E3%84%A7%CB%8B#selectL"
"ㄊ","ㄊㄧˋ","倜","https://dict.concised.moe.edu.tw/searchP.jsp?SN=%E3%84%8A&SN2=%E3%84%8A%E3%84%A7%CB%8B#selectL"
"ㄊ","ㄊㄧˋ","悌","https://dict.concised.moe.edu.tw/searchP.jsp?SN=%E3%84%8A&SN2=%E3%84%8A%E3%84%A7%CB%8B#selectL"
"ㄊ","ㄊㄧˋ","涕","https://dict.concised.moe.edu.tw/searchP.jsp?SN=%E3%84%8A&SN2=%E3%84%8A%E3%84%A7%CB%8B#selectL"
"ㄊ","ㄊㄧˋ","屜","https://dict.concised.moe.edu.tw/searchP.jsp?SN=%E3%84%8A&SN2=%E3%84%8A%E3%84%A7%CB%8B#selectL"
"ㄊ","ㄊㄧˋ","惕","https://dict.concised.moe.edu.tw/searchP.jsp?SN=%E3%84%8A&SN2=%E3%84%8A%E3%84%A7%CB%8B#selectL"
"ㄊ","ㄊㄧˋ","逖","https://dict.concised.moe.edu.tw/searchP.jsp?SN=%E3%84%8A&SN2=%E3%84%8A%E3%84%A7%CB%8B#selectL"
"ㄊ","ㄊㄧˋ","替","https://dict.concised.moe.edu.tw/searchP.jsp?SN=%E3%84%8A&SN2=%E3%84%8A%E3%84%A7%CB%8B#selectL"
"ㄊ","ㄊㄧˋ","裼","https://dict.concised.moe.edu.tw/searchP.jsp?SN=%E3%84%8A&SN2=%E3%84%8A%E3%84%A7%CB%8B#selectL"
"ㄊ","ㄊㄧˋ","嚏","https://dict.concised.moe.edu.tw/searchP.jsp?SN=%E3%84%8A&SN2=%E3%84%8A%E3%84%A7%CB%8B#selectL"
"ㄊ","ㄊㄧˋ","薙","https://dict.concised.moe.edu.tw/searchP.jsp?SN=%E3%84%8A&SN2=%E3%84%8A%E3%84%A7%CB%8B#selectL"
"ㄊ","ㄊㄧㄝ","帖","https://dict.concised.moe.edu.tw/searchP.jsp?SN=%E3%84%8A&SN2=%E3%84%8A%E3%84%A7%E3%84%9D#selectL"
"ㄊ","ㄊㄧㄝ","貼","https://dict.concised.moe.edu.tw/searchP.jsp?SN=%E3%84%8A&SN2=%E3%84%8A%E3%84%A7%E3%84%9D#selectL"
"ㄊ","ㄊㄧㄝˇ","帖","https://dict.concised.moe.edu.tw/searchP.jsp?SN=%E3%84%8A&SN2=%E3%84%8A%E3%84%A7%E3%84%9D%CB%87#selectL"
"ㄊ","ㄊㄧㄝˇ","鐵","https://dict.concised.moe.edu.tw/searchP.jsp?SN=%E3%84%8A&SN2=%E3%84%8A%E3%84%A7%E3%84%9D%CB%87#selectL"
"ㄊ","ㄊㄧㄝˋ","餮","https://dict.concised.moe.edu.tw/searchP.jsp?SN=%E3%84%8A&SN2=%E3%84%8A%E3%84%A7%E3%84%9D%CB%8B#selectL"
"ㄊ","ㄊㄧㄠ","挑","https://dict.concised.moe.edu.tw/searchP.jsp?SN=%E3%84%8A&SN2=%E3%84%8A%E3%84%A7%E3%84%A0#selectL"
"ㄊ","ㄊㄧㄠ","祧","https://dict.concised.moe.edu.tw/searchP.jsp?SN=%E3%84%8A&SN2=%E3%84%8A%E3%84%A7%E3%84%A0#selectL"
"ㄊ","ㄊㄧㄠˇ","挑","https://dict.concised.moe.edu.tw/searchP.jsp?SN=%E3%84%8A&SN2=%E3%84%8A%E3%84%A7%E3%84%A0%CB%87#selectL"
"ㄊ","ㄊㄧㄠˇ","窕","https://dict.concised.moe.edu.tw/searchP.jsp?SN=%E3%84%8A&SN2=%E3%84%8A%E3%84%A7%E3%84%A0%CB%87#selectL"
"ㄊ","ㄊㄧㄠˇ","䠷","https://dict.concised.moe.edu.tw/searchP.jsp?SN=%E3%84%8A&SN2=%E3%84%8A%E3%84%A7%E3%84%A0%CB%87#selectL"
"ㄊ","ㄊㄧㄠˊ","佻","https://dict.concised.moe.edu.tw/searchP.jsp?SN=%E3%84%8A&SN2=%E3%84%8A%E3%84%A7%E3%84%A0%CB%8A#selectL"
"ㄊ","ㄊㄧㄠˊ","苕","https://dict.concised.moe.edu.tw/searchP.jsp?SN=%E3%84%8A&SN2=%E3%84%8A%E3%84%A7%E3%84%A0%CB%8A#selectL"
"ㄊ","ㄊㄧㄠˊ","迢","https://dict.concised.moe.edu.tw/searchP.jsp?SN=%E3%84%8A&SN2=%E3%84%8A%E3%84%A7%E3%84%A0%CB%8A#selectL"
"ㄊ","ㄊㄧㄠˊ","條","https://dict.concised.moe.edu.tw/searchP.jsp?SN=%E3%84%8A&SN2=%E3%84%8A%E3%84%A7%E3%84%A0%CB%8A#selectL"
"ㄊ","ㄊㄧㄠˊ","蜩","https://dict.concised.moe.edu.tw/searchP.jsp?SN=%E3%84%8A&SN2=%E3%84%8A%E3%84%A7%E3%84%A0%CB%8A#selectL"
"ㄊ","ㄊㄧㄠˊ","調","https://dict.concised.moe.edu.tw/searchP.jsp?SN=%E3%84%8A&SN2=%E3%84%8A%E3%84%A7%E3%84%A0%CB%8A#selectL"
"ㄊ","ㄊㄧㄠˊ","髫","https://dict.concised.moe.edu.tw/searchP.jsp?SN=%E3%84%8A&SN2=%E3%84%8A%E3%84%A7%E3%84%A0%CB%8A#selectL"
"ㄊ","ㄊㄧㄠˋ","眺","https://dict.concised.moe.edu.tw/searchP.jsp?SN=%E3%84%8A&SN2=%E3%84%8A%E3%84%A7%E3%84%A0%CB%8B#selectL"
"ㄊ","ㄊㄧㄠˋ","跳","https://dict.concised.moe.edu.tw/searchP.jsp?SN=%E3%84%8A&SN2=%E3%84%8A%E3%84%A7%E3%84%A0%CB%8B#selectL"
"ㄊ","ㄊㄧㄠˋ","糶","https://dict.concised.moe.edu.tw/searchP.jsp?SN=%E3%84%8A&SN2=%E3%84%8A%E3%84%A7%E3%84%A0%CB%8B#selectL"
"ㄊ","ㄊㄧㄢ","天","https://dict.concised.moe.edu.tw/searchP.jsp?SN=%E3%84%8A&SN2=%E3%84%8A%E3%84%A7%E3%84%A2#selectL"
"ㄊ","ㄊㄧㄢ","添","https://dict.concised.moe.edu.tw/searchP.jsp?SN=%E3%84%8A&SN2=%E3%84%8A%E3%84%A7%E3%84%A2#selectL"
"ㄊ","ㄊㄧㄢˇ","忝","https://dict.concised.moe.edu.tw/searchP.jsp?SN=%E3%84%8A&SN2=%E3%84%8A%E3%84%A7%E3%84%A2%CB%87#selectL"
"ㄊ","ㄊㄧㄢˇ","殄","https://dict.concised.moe.edu.tw/searchP.jsp?SN=%E3%84%8A&SN2=%E3%84%8A%E3%84%A7%E3%84%A2%CB%87#selectL"
"ㄊ","ㄊㄧㄢˇ","腆","https://dict.concised.moe.edu.tw/searchP.jsp?SN=%E3%84%8A&SN2=%E3%84%8A%E3%84%A7%E3%84%A2%CB%87#selectL"
"ㄊ","ㄊㄧㄢˇ","舔","https://dict.concised.moe.edu.tw/searchP.jsp?SN=%E3%84%8A&SN2=%E3%84%8A%E3%84%A7%E3%84%A2%CB%87#selectL"
"ㄊ","ㄊㄧㄢˇ","靦","https://dict.concised.moe.edu.tw/searchP.jsp?SN=%E3%84%8A&SN2=%E3%84%8A%E3%84%A7%E3%84%A2%CB%87#selectL"
"ㄊ","ㄊㄧㄢˊ","田","https://dict.concised.moe.edu.tw/searchP.jsp?SN=%E3%84%8A&SN2=%E3%84%8A%E3%84%A7%E3%84%A2%CB%8A#selectL"
"ㄊ","ㄊㄧㄢˊ","恬","https://dict.concised.moe.edu.tw/searchP.jsp?SN=%E3%84%8A&SN2=%E3%84%8A%E3%84%A7%E3%84%A2%CB%8A#selectL"
"ㄊ","ㄊㄧㄢˊ","甜","https://dict.concised.moe.edu.tw/searchP.jsp?SN=%E3%84%8A&SN2=%E3%84%8A%E3%84%A7%E3%84%A2%CB%8A#selectL"
"ㄊ","ㄊㄧㄢˊ","填","https://dict.concised.moe.edu.tw/searchP.jsp?SN=%E3%84%8A&SN2=%E3%84%8A%E3%84%A7%E3%84%A2%CB%8A#selectL"
"ㄊ","ㄊㄧㄢˊ","闐","https://dict.concised.moe.edu.tw/searchP.jsp?SN=%E3%84%8A&SN2=%E3%84%8A%E3%84%A7%E3%84%A2%CB%8A#selectL"
"ㄊ","ㄊㄧㄥ","汀","https://dict.concised.moe.edu.tw/searchP.jsp?SN=%E3%84%8A&SN2=%E3%84%8A%E3%84%A7%E3%84%A5#selectL"
"ㄊ","ㄊㄧㄥ","烴","https://dict.concised.moe.edu.tw/searchP.jsp?SN=%E3%84%8A&SN2=%E3%84%8A%E3%84%A7%E3%84%A5#selectL"
"ㄊ","ㄊㄧㄥ","聽","https://dict.concised.moe.edu.tw/searchP.jsp?SN=%E3%84%8A&SN2=%E3%84%8A%E3%84%A7%E3%84%A5#selectL"
"ㄊ","ㄊㄧㄥ","廳","https://dict.concised.moe.edu.tw/searchP.jsp?SN=%E3%84%8A&SN2=%E3%84%8A%E3%84%A7%E3%84%A5#selectL"
"ㄊ","ㄊㄧㄥˇ","挺","https://dict.concised.moe.edu.tw/searchP.jsp?SN=%E3%84%8A&SN2=%E3%84%8A%E3%84%A7%E3%84%A5%CB%87#selectL"
"ㄊ","ㄊㄧㄥˇ","梃","https://dict.concised.moe.edu.tw/searchP.jsp?SN=%E3%84%8A&SN2=%E3%84%8A%E3%84%A7%E3%84%A5%CB%87#selectL"
"ㄊ","ㄊㄧㄥˇ","艇","https://dict.concised.moe.edu.tw/searchP.jsp?SN=%E3%84%8A&SN2=%E3%84%8A%E3%84%A7%E3%84%A5%CB%87#selectL"
"ㄊ","ㄊㄧㄥˇ","鋌","https://dict.concised.moe.edu.tw/searchP.jsp?SN=%E3%84%8A&SN2=%E3%84%8A%E3%84%A7%E3%84%A5%CB%87#selectL"
"ㄊ","ㄊㄧㄥˊ","廷","https://dict.concised.moe.edu.tw/searchP.jsp?SN=%E3%84%8A&SN2=%E3%84%8A%E3%84%A7%E3%84%A5%CB%8A#selectL"
"ㄊ","ㄊㄧㄥˊ","亭","https://dict.concised.moe.edu.tw/searchP.jsp?SN=%E3%84%8A&SN2=%E3%84%8A%E3%84%A7%E3%84%A5%CB%8A#selectL"
"ㄊ","ㄊㄧㄥˊ","庭","https://dict.concised.moe.edu.tw/searchP.jsp?SN=%E3%84%8A&SN2=%E3%84%8A%E3%84%A7%E3%84%A5%CB%8A#selectL"
"ㄊ","ㄊㄧㄥˊ","停","https://dict.concised.moe.edu.tw/searchP.jsp?SN=%E3%84%8A&SN2=%E3%84%8A%E3%84%A7%E3%84%A5%CB%8A#selectL"
"ㄊ","ㄊㄧㄥˊ","婷","https://dict.concised.moe.edu.tw/searchP.jsp?SN=%E3%84%8A&SN2=%E3%84%8A%E3%84%A7%E3%84%A5%CB%8A#selectL"
"ㄊ","ㄊㄧㄥˊ","蜓","https://dict.concised.moe.edu.tw/searchP.jsp?SN=%E3%84%8A&SN2=%E3%84%8A%E3%84%A7%E3%84%A5%CB%8A#selectL"
"ㄊ","ㄊㄧㄥˊ","霆","https://dict.concised.moe.edu.tw/searchP.jsp?SN=%E3%84%8A&SN2=%E3%84%8A%E3%84%A7%E3%84%A5%CB%8A#selectL"
"ㄊ","ㄊㄧㄥˋ","聽","https://dict.concised.moe.edu.tw/searchP.jsp?SN=%E3%84%8A&SN2=%E3%84%8A%E3%84%A7%E3%84%A5%CB%8B#selectL"
"ㄊ","ㄊㄨ","禿","https://dict.concised.moe.edu.tw/searchP.jsp?SN=%E3%84%8A&SN2=%E3%84%8A%E3%84%A8#selectL"
"ㄊ","ㄊㄨˇ","土","https://dict.concised.moe.edu.tw/searchP.jsp?SN=%E3%84%8A&SN2=%E3%84%8A%E3%84%A8%CB%87#selectL"
"ㄊ","ㄊㄨˇ","吐","https://dict.concised.moe.edu.tw/searchP.jsp?SN=%E3%84%8A&SN2=%E3%84%8A%E3%84%A8%CB%87#selectL"
"ㄊ","ㄊㄨˊ","凸","https://dict.concised.moe.edu.tw/searchP.jsp?SN=%E3%84%8A&SN2=%E3%84%8A%E3%84%A8%CB%8A#selectL"
"ㄊ","ㄊㄨˊ","突","https://dict.concised.moe.edu.tw/searchP.jsp?SN=%E3%84%8A&SN2=%E3%84%8A%E3%84%A8%CB%8A#selectL"
"ㄊ","ㄊㄨˊ","徒","https://dict.concised.moe.edu.tw/searchP.jsp?SN=%E3%84%8A&SN2=%E3%84%8A%E3%84%A8%CB%8A#selectL"
"ㄊ","ㄊㄨˊ","涂","https://dict.concised.moe.edu.tw/searchP.jsp?SN=%E3%84%8A&SN2=%E3%84%8A%E3%84%A8%CB%8A#selectL"
"ㄊ","ㄊㄨˊ","屠","https://dict.concised.moe.edu.tw/searchP.jsp?SN=%E3%84%8A&SN2=%E3%84%8A%E3%84%A8%CB%8A#selectL"
"ㄊ","ㄊㄨˊ","荼","https://dict.concised.moe.edu.tw/searchP.jsp?SN=%E3%84%8A&SN2=%E3%84%8A%E3%84%A8%CB%8A#selectL"
"ㄊ","ㄊㄨˊ","途","https://dict.concised.moe.edu.tw/searchP.jsp?SN=%E3%84%8A&SN2=%E3%84%8A%E3%84%A8%CB%8A#selectL"
"ㄊ","ㄊㄨˊ","菟","https://dict.concised.moe.edu.tw/searchP.jsp?SN=%E3%84%8A&SN2=%E3%84%8A%E3%84%A8%CB%8A#selectL"
"ㄊ","ㄊㄨˊ","塗","https://dict.concised.moe.edu.tw/searchP.jsp?SN=%E3%84%8A&SN2=%E3%84%8A%E3%84%A8%CB%8A#selectL"
"ㄊ","ㄊㄨˊ","圖","https://dict.concised.moe.edu.tw/searchP.jsp?SN=%E3%84%8A&SN2=%E3%84%8A%E3%84%A8%CB%8A#selectL"
"ㄊ","ㄊㄨˋ","吐","https://dict.concised.moe.edu.tw/searchP.jsp?SN=%E3%84%8A&SN2=%E3%84%8A%E3%84%A8%CB%8B#selectL"
"ㄊ","ㄊㄨˋ","兔","https://dict.concised.moe.edu.tw/searchP.jsp?SN=%E3%84%8A&SN2=%E3%84%8A%E3%84%A8%CB%8B#selectL"
"ㄊ","ㄊㄨˋ","菟","https://dict.concised.moe.edu.tw/searchP.jsp?SN=%E3%84%8A&SN2=%E3%84%8A%E3%84%A8%CB%8B#selectL"
"ㄊ","ㄊㄨㄛ","托","https://dict.concised.moe.edu.tw/searchP.jsp?SN=%E3%84%8A&SN2=%E3%84%8A%E3%84%A8%E3%84%9B#selectL"
"ㄊ","ㄊㄨㄛ","拖","https://dict.concised.moe.edu.tw/searchP.jsp?SN=%E3%84%8A&SN2=%E3%84%8A%E3%84%A8%E3%84%9B#selectL"
"ㄊ","ㄊㄨㄛ","託","https://dict.concised.moe.edu.tw/searchP.jsp?SN=%E3%84%8A&SN2=%E3%84%8A%E3%84%A8%E3%84%9B#selectL"
"ㄊ","ㄊㄨㄛ","脫","https://dict.concised.moe.edu.tw/searchP.jsp?SN=%E3%84%8A&SN2=%E3%84%8A%E3%84%A8%E3%84%9B#selectL"
"ㄊ","ㄊㄨㄛ","魠","https://dict.concised.moe.edu.tw/searchP.jsp?SN=%E3%84%8A&SN2=%E3%84%8A%E3%84%A8%E3%84%9B#selectL"
"ㄊ","ㄊㄨㄛˇ","妥","https://dict.concised.moe.edu.tw/searchP.jsp?SN=%E3%84%8A&SN2=%E3%84%8A%E3%84%A8%E3%84%9B%CB%87#selectL"
"ㄊ","ㄊㄨㄛˇ","橢","https://dict.concised.moe.edu.tw/searchP.jsp?SN=%E3%84%8A&SN2=%E3%84%8A%E3%84%A8%E3%84%9B%CB%87#selectL"
"ㄊ","ㄊㄨㄛˊ","佗","https://dict.concised.moe.edu.tw/searchP.jsp?SN=%E3%84%8A&SN2=%E3%84%8A%E3%84%A8%E3%84%9B%CB%8A#selectL"
"ㄊ","ㄊㄨㄛˊ","沱","https://dict.concised.moe.edu.tw/searchP.jsp?SN=%E3%84%8A&SN2=%E3%84%8A%E3%84%A8%E3%84%9B%CB%8A#selectL"
"ㄊ","ㄊㄨㄛˊ","陀","https://dict.concised.moe.edu.tw/searchP.jsp?SN=%E3%84%8A&SN2=%E3%84%8A%E3%84%A8%E3%84%9B%CB%8A#selectL"
"ㄊ","ㄊㄨㄛˊ","跎","https://dict.concised.moe.edu.tw/searchP.jsp?SN=%E3%84%8A&SN2=%E3%84%8A%E3%84%A8%E3%84%9B%CB%8A#selectL"
"ㄊ","ㄊㄨㄛˊ","酡","https://dict.concised.moe.edu.tw/searchP.jsp?SN=%E3%84%8A&SN2=%E3%84%8A%E3%84%A8%E3%84%9B%CB%8A#selectL"
"ㄊ","ㄊㄨㄛˊ","馱","https://dict.concised.moe.edu.tw/searchP.jsp?SN=%E3%84%8A&SN2=%E3%84%8A%E3%84%A8%E3%84%9B%CB%8A#selectL"
"ㄊ","ㄊㄨㄛˊ","駝","https://dict.concised.moe.edu.tw/searchP.jsp?SN=%E3%84%8A&SN2=%E3%84%8A%E3%84%A8%E3%84%9B%CB%8A#selectL"
"ㄊ","ㄊㄨㄛˊ","鴕","https://dict.concised.moe.edu.tw/searchP.jsp?SN=%E3%84%8A&SN2=%E3%84%8A%E3%84%A8%E3%84%9B%CB%8A#selectL"
"ㄊ","ㄊㄨㄛˋ","拓","https://dict.concised.moe.edu.tw/searchP.jsp?SN=%E3%84%8A&SN2=%E3%84%8A%E3%84%A8%E3%84%9B%CB%8B#selectL"
"ㄊ","ㄊㄨㄛˋ","柝","https://dict.concised.moe.edu.tw/searchP.jsp?SN=%E3%84%8A&SN2=%E3%84%8A%E3%84%A8%E3%84%9B%CB%8B#selectL"
"ㄊ","ㄊㄨㄛˋ","唾","https://dict.concised.moe.edu.tw/searchP.jsp?SN=%E3%84%8A&SN2=%E3%84%8A%E3%84%A8%E3%84%9B%CB%8B#selectL"
"ㄊ","ㄊㄨㄛˋ","魄","https://dict.concised.moe.edu.tw/searchP.jsp?SN=%E3%84%8A&SN2=%E3%84%8A%E3%84%A8%E3%84%9B%CB%8B#selectL"
"ㄊ","ㄊㄨㄛˋ","籜","https://dict.concised.moe.edu.tw/searchP.jsp?SN=%E3%84%8A&SN2=%E3%84%8A%E3%84%A8%E3%84%9B%CB%8B#selectL"
"ㄊ","ㄊㄨㄟ","推","https://dict.concised.moe.edu.tw/searchP.jsp?SN=%E3%84%8A&SN2=%E3%84%8A%E3%84%A8%E3%84%9F#selectL"
"ㄊ","ㄊㄨㄟˇ","腿","https://dict.concised.moe.edu.tw/searchP.jsp?SN=%E3%84%8A&SN2=%E3%84%8A%E3%84%A8%E3%84%9F%CB%87#selectL"
"ㄊ","ㄊㄨㄟˊ","隤","https://dict.concised.moe.edu.tw/searchP.jsp?SN=%E3%84%8A&SN2=%E3%84%8A%E3%84%A8%E3%84%9F%CB%8A#selectL"
"ㄊ","ㄊㄨㄟˊ","頹","https://dict.concised.moe.edu.tw/searchP.jsp?SN=%E3%84%8A&SN2=%E3%84%8A%E3%84%A8%E3%84%9F%CB%8A#selectL"
"ㄊ","ㄊㄨㄟˋ","退","https://dict.concised.moe.edu.tw/searchP.jsp?SN=%E3%84%8A&SN2=%E3%84%8A%E3%84%A8%E3%84%9F%CB%8B#selectL"
"ㄊ","ㄊㄨㄟˋ","蛻","https://dict.concised.moe.edu.tw/searchP.jsp?SN=%E3%84%8A&SN2=%E3%84%8A%E3%84%A8%E3%84%9F%CB%8B#selectL"
"ㄊ","ㄊㄨㄢ","湍","https://dict.concised.moe.edu.tw/searchP.jsp?SN=%E3%84%8A&SN2=%E3%84%8A%E3%84%A8%E3%84%A2#selectL"
"ㄊ","ㄊㄨㄢˊ","團","https://dict.concised.moe.edu.tw/searchP.jsp?SN=%E3%84%8A&SN2=%E3%84%8A%E3%84%A8%E3%84%A2%CB%8A#selectL"
"ㄊ","ㄊㄨㄢˊ","摶","https://dict.concised.moe.edu.tw/searchP.jsp?SN=%E3%84%8A&SN2=%E3%84%8A%E3%84%A8%E3%84%A2%CB%8A#selectL"
"ㄊ","ㄊㄨㄢˊ","糰","https://dict.concised.moe.edu.tw/searchP.jsp?SN=%E3%84%8A&SN2=%E3%84%8A%E3%84%A8%E3%84%A2%CB%8A#selectL"
"ㄊ","ㄊㄨㄢˋ","彖","https://dict.concised.moe.edu.tw/searchP.jsp?SN=%E3%84%8A&SN2=%E3%84%8A%E3%84%A8%E3%84%A2%CB%8B#selectL"
"ㄊ","ㄊㄨㄣ","吞","https://dict.concised.moe.edu.tw/searchP.jsp?SN=%E3%84%8A&SN2=%E3%84%8A%E3%84%A8%E3%84%A3#selectL"
"ㄊ","ㄊㄨㄣ","暾","https://dict.concised.moe.edu.tw/searchP.jsp?SN=%E3%84%8A&SN2=%E3%84%8A%E3%84%A8%E3%84%A3#selectL"
"ㄊ","ㄊㄨㄣˊ","屯","https://dict.concised.moe.edu.tw/searchP.jsp?SN=%E3%84%8A&SN2=%E3%84%8A%E3%84%A8%E3%84%A3%CB%8A#selectL"
"ㄊ","ㄊㄨㄣˊ","囤","https://dict.concised.moe.edu.tw/searchP.jsp?SN=%E3%84%8A&SN2=%E3%84%8A%E3%84%A8%E3%84%A3%CB%8A#selectL"
"ㄊ","ㄊㄨㄣˊ","豚","https://dict.concised.moe.edu.tw/searchP.jsp?SN=%E3%84%8A&SN2=%E3%84%8A%E3%84%A8%E3%84%A3%CB%8A#selectL"
"ㄊ","ㄊㄨㄣˊ","魨","https://dict.concised.moe.edu.tw/searchP.jsp?SN=%E3%84%8A&SN2=%E3%84%8A%E3%84%A8%E3%84%A3%CB%8A#selectL"
"ㄊ","ㄊㄨㄣˊ","臀","https://dict.concised.moe.edu.tw/searchP.jsp?SN=%E3%84%8A&SN2=%E3%84%8A%E3%84%A8%E3%84%A3%CB%8A#selectL"
"ㄊ","ㄊㄨㄣˋ","褪","https://dict.concised.moe.edu.tw/searchP.jsp?SN=%E3%84%8A&SN2=%E3%84%8A%E3%84%A8%E3%84%A3%CB%8B#selectL"
"ㄊ","ㄊㄨㄥ","恫","https://dict.concised.moe.edu.tw/searchP.jsp?SN=%E3%84%8A&SN2=%E3%84%8A%E3%84%A8%E3%84%A5#selectL"
"ㄊ","ㄊㄨㄥ","通","https://dict.concised.moe.edu.tw/searchP.jsp?SN=%E3%84%8A&SN2=%E3%84%8A%E3%84%A8%E3%84%A5#selectL"
"ㄊ","ㄊㄨㄥˇ","捅","https://dict.concised.moe.edu.tw/searchP.jsp?SN=%E3%84%8A&SN2=%E3%84%8A%E3%84%A8%E3%84%A5%CB%87#selectL"
"ㄊ","ㄊㄨㄥˇ","桶","https://dict.concised.moe.edu.tw/searchP.jsp?SN=%E3%84%8A&SN2=%E3%84%8A%E3%84%A8%E3%84%A5%CB%87#selectL"
"ㄊ","ㄊㄨㄥˇ","筒","https://dict.concised.moe.edu.tw/searchP.jsp?SN=%E3%84%8A&SN2=%E3%84%8A%E3%84%A8%E3%84%A5%CB%87#selectL"
"ㄊ","ㄊㄨㄥˇ","統","https://dict.concised.moe.edu.tw/searchP.jsp?SN=%E3%84%8A&SN2=%E3%84%8A%E3%84%A8%E3%84%A5%CB%87#selectL"
"ㄊ","ㄊㄨㄥˊ","仝","https://dict.concised.moe.edu.tw/searchP.jsp?SN=%E3%84%8A&SN2=%E3%84%8A%E3%84%A8%E3%84%A5%CB%8A#selectL"
"ㄊ","ㄊㄨㄥˊ","同","https://dict.concised.moe.edu.tw/searchP.jsp?SN=%E3%84%8A&SN2=%E3%84%8A%E3%84%A8%E3%84%A5%CB%8A#selectL"
"ㄊ","ㄊㄨㄥˊ","佟","https://dict.concised.moe.edu.tw/searchP.jsp?SN=%E3%84%8A&SN2=%E3%84%8A%E3%84%A8%E3%84%A5%CB%8A#selectL"
"ㄊ","ㄊㄨㄥˊ","彤","https://dict.concised.moe.edu.tw/searchP.jsp?SN=%E3%84%8A&SN2=%E3%84%8A%E3%84%A8%E3%84%A5%CB%8A#selectL"
"ㄊ","ㄊㄨㄥˊ","峒","https://dict.concised.moe.edu.tw/searchP.jsp?SN=%E3%84%8A&SN2=%E3%84%8A%E3%84%A8%E3%84%A5%CB%8A#selectL"
"ㄊ","ㄊㄨㄥˊ","洞","https://dict.concised.moe.edu.tw/searchP.jsp?SN=%E3%84%8A&SN2=%E3%84%8A%E3%84%A8%E3%84%A5%CB%8A#selectL"
"ㄊ","ㄊㄨㄥˊ","桐","https://dict.concised.moe.edu.tw/searchP.jsp?SN=%E3%84%8A&SN2=%E3%84%8A%E3%84%A8%E3%84%A5%CB%8A#selectL"
"ㄊ","ㄊㄨㄥˊ","茼","https://dict.concised.moe.edu.tw/searchP.jsp?SN=%E3%84%8A&SN2=%E3%84%8A%E3%84%A8%E3%84%A5%CB%8A#selectL"
"ㄊ","ㄊㄨㄥˊ","童","https://dict.concised.moe.edu.tw/searchP.jsp?SN=%E3%84%8A&SN2=%E3%84%8A%E3%84%A8%E3%84%A5%CB%8A#selectL"
"ㄊ","ㄊㄨㄥˊ","衕","https://dict.concised.moe.edu.tw/searchP.jsp?SN=%E3%84%8A&SN2=%E3%84%8A%E3%84%A8%E3%84%A5%CB%8A#selectL"
"ㄊ","ㄊㄨㄥˊ","酮","https://dict.concised.moe.edu.tw/searchP.jsp?SN=%E3%84%8A&SN2=%E3%84%8A%E3%84%A8%E3%84%A5%CB%8A#selectL"
"ㄊ","ㄊㄨㄥˊ","僮","https://dict.concised.moe.edu.tw/searchP.jsp?SN=%E3%84%8A&SN2=%E3%84%8A%E3%84%A8%E3%84%A5%CB%8A#selectL"
"ㄊ","ㄊㄨㄥˊ","銅","https://dict.concised.moe.edu.tw/searchP.jsp?SN=%E3%84%8A&SN2=%E3%84%8A%E3%84%A8%E3%84%A5%CB%8A#selectL"
"ㄊ","ㄊㄨㄥˊ","潼","https://dict.concised.moe.edu.tw/searchP.jsp?SN=%E3%84%8A&SN2=%E3%84%8A%E3%84%A8%E3%84%A5%CB%8A#selectL"
"ㄊ","ㄊㄨㄥˊ","瞳","https://dict.concised.moe.edu.tw/searchP.jsp?SN=%E3%84%8A&SN2=%E3%84%8A%E3%84%A8%E3%84%A5%CB%8A#selectL"
"ㄊ","ㄊㄨㄥˋ","痛","https://dict.concised.moe.edu.tw/searchP.jsp?SN=%E3%84%8A&SN2=%E3%84%8A%E3%84%A8%E3%84%A5%CB%8B#selectL"
"ㄊ","ㄊㄨㄥˋ","慟","https://dict.concised.moe.edu.tw/searchP.jsp?SN=%E3%84%8A&SN2=%E3%84%8A%E3%84%A8%E3%84%A5%CB%8B#selectL"
"ㄋ","˙ㄋㄚ","哪","https://dict.concised.moe.edu.tw/searchP.jsp?SN=%E3%84%8B&SN2=%CB%99%E3%84%8B%E3%84%9A#selectL"
"ㄋ","˙ㄋㄜ","呢","https://dict.concised.moe.edu.tw/searchP.jsp?SN=%E3%84%8B&SN2=%CB%99%E3%84%8B%E3%84%9C#selectL"
"ㄋ","ㄋㄚ","那","https://dict.concised.moe.edu.tw/searchP.jsp?SN=%E3%84%8B&SN2=%E3%84%8B%E3%84%9A#selectL"
"ㄋ","ㄋㄚˇ","那","https://dict.concised.moe.edu.tw/searchP.jsp?SN=%E3%84%8B&SN2=%E3%84%8B%E3%84%9A%CB%87#selectL"
"ㄋ","ㄋㄚˇ","哪","https://dict.concised.moe.edu.tw/searchP.jsp?SN=%E3%84%8B&SN2=%E3%84%8B%E3%84%9A%CB%87#selectL"
"ㄋ","ㄋㄚˊ","南","https://dict.concised.moe.edu.tw/searchP.jsp?SN=%E3%84%8B&SN2=%E3%84%8B%E3%84%9A%CB%8A#selectL"
"ㄋ","ㄋㄚˊ","拏","https://dict.concised.moe.edu.tw/searchP.jsp?SN=%E3%84%8B&SN2=%E3%84%8B%E3%84%9A%CB%8A#selectL"
"ㄋ","ㄋㄚˊ","拿","https://dict.concised.moe.edu.tw/searchP.jsp?SN=%E3%84%8B&SN2=%E3%84%8B%E3%84%9A%CB%8A#selectL"
"ㄋ","ㄋㄚˋ","吶","https://dict.concised.moe.edu.tw/searchP.jsp?SN=%E3%84%8B&SN2=%E3%84%8B%E3%84%9A%CB%8B#selectL"
"ㄋ","ㄋㄚˋ","那","https://dict.concised.moe.edu.tw/searchP.jsp?SN=%E3%84%8B&SN2=%E3%84%8B%E3%84%9A%CB%8B#selectL"
"ㄋ","ㄋㄚˋ","娜","https://dict.concised.moe.edu.tw/searchP.jsp?SN=%E3%84%8B&SN2=%E3%84%8B%E3%84%9A%CB%8B#selectL"
"ㄋ","ㄋㄚˋ","納","https://dict.concised.moe.edu.tw/searchP.jsp?SN=%E3%84%8B&SN2=%E3%84%8B%E3%84%9A%CB%8B#selectL"
"ㄋ","ㄋㄚˋ","衲","https://dict.concised.moe.edu.tw/searchP.jsp?SN=%E3%84%8B&SN2=%E3%84%8B%E3%84%9A%CB%8B#selectL"
"ㄋ","ㄋㄚˋ","捺","https://dict.concised.moe.edu.tw/searchP.jsp?SN=%E3%84%8B&SN2=%E3%84%8B%E3%84%9A%CB%8B#selectL"
"ㄋ","ㄋㄚˋ","鈉","https://dict.concised.moe.edu.tw/searchP.jsp?SN=%E3%84%8B&SN2=%E3%84%8B%E3%84%9A%CB%8B#selectL"
"ㄋ","ㄋㄜˋ","訥","https://dict.concised.moe.edu.tw/searchP.jsp?SN=%E3%84%8B&SN2=%E3%84%8B%E3%84%9C%CB%8B#selectL"
"ㄋ","ㄋㄞˇ","乃","https://dict.concised.moe.edu.tw/searchP.jsp?SN=%E3%84%8B&SN2=%E3%84%8B%E3%84%9E%CB%87#selectL"
"ㄋ","ㄋㄞˇ","奶","https://dict.concised.moe.edu.tw/searchP.jsp?SN=%E3%84%8B&SN2=%E3%84%8B%E3%84%9E%CB%87#selectL"
"ㄋ","ㄋㄞˇ","氖","https://dict.concised.moe.edu.tw/searchP.jsp?SN=%E3%84%8B&SN2=%E3%84%8B%E3%84%9E%CB%87#selectL"
"ㄋ","ㄋㄞˇ","迺","https://dict.concised.moe.edu.tw/searchP.jsp?SN=%E3%84%8B&SN2=%E3%84%8B%E3%84%9E%CB%87#selectL"
"ㄋ","ㄋㄞˋ","奈","https://dict.concised.moe.edu.tw/searchP.jsp?SN=%E3%84%8B&SN2=%E3%84%8B%E3%84%9E%CB%8B#selectL"
"ㄋ","ㄋㄞˋ","耐","https://dict.concised.moe.edu.tw/searchP.jsp?SN=%E3%84%8B&SN2=%E3%84%8B%E3%84%9E%CB%8B#selectL"
"ㄋ","ㄋㄞˋ","鼐","https://dict.concised.moe.edu.tw/searchP.jsp?SN=%E3%84%8B&SN2=%E3%84%8B%E3%84%9E%CB%8B#selectL"
"ㄋ","ㄋㄟˇ","餒","https://dict.concised.moe.edu.tw/searchP.jsp?SN=%E3%84%8B&SN2=%E3%84%8B%E3%84%9F%CB%87#selectL"
"ㄋ","ㄋㄟˋ","內","https://dict.concised.moe.edu.tw/searchP.jsp?SN=%E3%84%8B&SN2=%E3%84%8B%E3%84%9F%CB%8B#selectL"
"ㄋ","ㄋㄠ","孬","https://dict.concised.moe.edu.tw/searchP.jsp?SN=%E3%84%8B&SN2=%E3%84%8B%E3%84%A0#selectL"
"ㄋ","ㄋㄠˇ","惱","https://dict.concised.moe.edu.tw/searchP.jsp?SN=%E3%84%8B&SN2=%E3%84%8B%E3%84%A0%CB%87#selectL"
"ㄋ","ㄋㄠˇ","瑙","https://dict.concised.moe.edu.tw/searchP.jsp?SN=%E3%84%8B&SN2=%E3%84%8B%E3%84%A0%CB%87#selectL"
"ㄋ","ㄋㄠˇ","腦","https://dict.concised.moe.edu.tw/searchP.jsp?SN=%E3%84%8B&SN2=%E3%84%8B%E3%84%A0%CB%87#selectL"
"ㄋ","ㄋㄠˊ","呶","https://dict.concised.moe.edu.tw/searchP.jsp?SN=%E3%84%8B&SN2=%E3%84%8B%E3%84%A0%CB%8A#selectL"
"ㄋ","ㄋㄠˊ","撓","https://dict.concised.moe.edu.tw/searchP.jsp?SN=%E3%84%8B&SN2=%E3%84%8B%E3%84%A0%CB%8A#selectL"
"ㄋ","ㄋㄠˊ","橈","https://dict.concised.moe.edu.tw/searchP.jsp?SN=%E3%84%8B&SN2=%E3%84%8B%E3%84%A0%CB%8A#selectL"
"ㄋ","ㄋㄠˊ","鐃","https://dict.concised.moe.edu.tw/searchP.jsp?SN=%E3%84%8B&SN2=%E3%84%8B%E3%84%A0%CB%8A#selectL"
"ㄋ","ㄋㄠˋ","淖","https://dict.concised.moe.edu.tw/searchP.jsp?SN=%E3%84%8B&SN2=%E3%84%8B%E3%84%A0%CB%8B#selectL"
"ㄋ","ㄋㄠˋ","鬧","https://dict.concised.moe.edu.tw/searchP.jsp?SN=%E3%84%8B&SN2=%E3%84%8B%E3%84%A0%CB%8B#selectL"
"ㄋ","ㄋㄡˋ","耨","https://dict.concised.moe.edu.tw/searchP.jsp?SN=%E3%84%8B&SN2=%E3%84%8B%E3%84%A1%CB%8B#selectL"
"ㄋ","ㄋㄢˇ","赧","https://dict.concised.moe.edu.tw/searchP.jsp?SN=%E3%84%8B&SN2=%E3%84%8B%E3%84%A2%CB%87#selectL"
"ㄋ","ㄋㄢˇ","湳","https://dict.concised.moe.edu.tw/searchP.jsp?SN=%E3%84%8B&SN2=%E3%84%8B%E3%84%A2%CB%87#selectL"
"ㄋ","ㄋㄢˇ","腩","https://dict.concised.moe.edu.tw/searchP.jsp?SN=%E3%84%8B&SN2=%E3%84%8B%E3%84%A2%CB%87#selectL"
"ㄋ","ㄋㄢˊ","男","https://dict.concised.moe.edu.tw/searchP.jsp?SN=%E3%84%8B&SN2=%E3%84%8B%E3%84%A2%CB%8A#selectL"
"ㄋ","ㄋㄢˊ","南","https://dict.concised.moe.edu.tw/searchP.jsp?SN=%E3%84%8B&SN2=%E3%84%8B%E3%84%A2%CB%8A#selectL"
"ㄋ","ㄋㄢˊ","喃","https://dict.concised.moe.edu.tw/searchP.jsp?SN=%E3%84%8B&SN2=%E3%84%8B%E3%84%A2%CB%8A#selectL"
"ㄋ","ㄋㄢˊ","楠","https://dict.concised.moe.edu.tw/searchP.jsp?SN=%E3%84%8B&SN2=%E3%84%8B%E3%84%A2%CB%8A#selectL"
"ㄋ","ㄋㄢˊ","難","https://dict.concised.moe.edu.tw/searchP.jsp?SN=%E3%84%8B&SN2=%E3%84%8B%E3%84%A2%CB%8A#selectL"
"ㄋ","ㄋㄢˋ","難","https://dict.concised.moe.edu.tw/searchP.jsp?SN=%E3%84%8B&SN2=%E3%84%8B%E3%84%A2%CB%8B#selectL"
"ㄋ","ㄋㄣˋ","嫩","https://dict.concised.moe.edu.tw/searchP.jsp?SN=%E3%84%8B&SN2=%E3%84%8B%E3%84%A3%CB%8B#selectL"
"ㄋ","ㄋㄤˇ","曩","https://dict.concised.moe.edu.tw/searchP.jsp?SN=%E3%84%8B&SN2=%E3%84%8B%E3%84%A4%CB%87#selectL"
"ㄋ","ㄋㄤˊ","囊","https://dict.concised.moe.edu.tw/searchP.jsp?SN=%E3%84%8B&SN2=%E3%84%8B%E3%84%A4%CB%8A#selectL"
"ㄋ","ㄋㄥˊ","能","https://dict.concised.moe.edu.tw/searchP.jsp?SN=%E3%84%8B&SN2=%E3%84%8B%E3%84%A5%CB%8A#selectL"
"ㄋ","ㄋㄧˇ","你","https://dict.concised.moe.edu.tw/searchP.jsp?SN=%E3%84%8B&SN2=%E3%84%8B%E3%84%A7%CB%87#selectL"
"ㄋ","ㄋㄧˇ","妳","https://dict.concised.moe.edu.tw/searchP.jsp?SN=%E3%84%8B&SN2=%E3%84%8B%E3%84%A7%CB%87#selectL"
"ㄋ","ㄋㄧˇ","旎","https://dict.concised.moe.edu.tw/searchP.jsp?SN=%E3%84%8B&SN2=%E3%84%8B%E3%84%A7%CB%87#selectL"
"ㄋ","ㄋㄧˇ","擬","https://dict.concised.moe.edu.tw/searchP.jsp?SN=%E3%84%8B&SN2=%E3%84%8B%E3%84%A7%CB%87#selectL"
"ㄋ","ㄋㄧˊ","尼","https://dict.concised.moe.edu.tw/searchP.jsp?SN=%E3%84%8B&SN2=%E3%84%8B%E3%84%A7%CB%8A#selectL"
"ㄋ","ㄋㄧˊ","兒","https://dict.concised.moe.edu.tw/searchP.jsp?SN=%E3%84%8B&SN2=%E3%84%8B%E3%84%A7%CB%8A#selectL"
"ㄋ","ㄋㄧˊ","呢","https://dict.concised.moe.edu.tw/searchP.jsp?SN=%E3%84%8B&SN2=%E3%84%8B%E3%84%A7%CB%8A#selectL"
"ㄋ","ㄋㄧˊ","妮","https://dict.concised.moe.edu.tw/searchP.jsp?SN=%E3%84%8B&SN2=%E3%84%8B%E3%84%A7%CB%8A#selectL"
"ㄋ","ㄋㄧˊ","怩","https://dict.concised.moe.edu.tw/searchP.jsp?SN=%E3%84%8B&SN2=%E3%84%8B%E3%84%A7%CB%8A#selectL"
"ㄋ","ㄋㄧˊ","泥","https://dict.concised.moe.edu.tw/searchP.jsp?SN=%E3%84%8B&SN2=%E3%84%8B%E3%84%A7%CB%8A#selectL"
"ㄋ","ㄋㄧˊ","倪","https://dict.concised.moe.edu.tw/searchP.jsp?SN=%E3%84%8B&SN2=%E3%84%8B%E3%84%A7%CB%8A#selectL"
"ㄋ","ㄋㄧˊ","霓","https://dict.concised.moe.edu.tw/searchP.jsp?SN=%E3%84%8B&SN2=%E3%84%8B%E3%84%A7%CB%8A#selectL"
"ㄋ","ㄋㄧˋ","泥","https://dict.concised.moe.edu.tw/searchP.jsp?SN=%E3%84%8B&SN2=%E3%84%8B%E3%84%A7%CB%8B#selectL"
"ㄋ","ㄋㄧˋ","昵","https://dict.concised.moe.edu.tw/searchP.jsp?SN=%E3%84%8B&SN2=%E3%84%8B%E3%84%A7%CB%8B#selectL"
"ㄋ","ㄋㄧˋ","逆","https://dict.concised.moe.edu.tw/searchP.jsp?SN=%E3%84%8B&SN2=%E3%84%8B%E3%84%A7%CB%8B#selectL"
"ㄋ","ㄋㄧˋ","匿","https://dict.concised.moe.edu.tw/searchP.jsp?SN=%E3%84%8B&SN2=%E3%84%8B%E3%84%A7%CB%8B#selectL"
"ㄋ","ㄋㄧˋ","惄","https://dict.concised.moe.edu.tw/searchP.jsp?SN=%E3%84%8B&SN2=%E3%84%8B%E3%84%A7%CB%8B#selectL"
"ㄋ","ㄋㄧˋ","溺","https://dict.concised.moe.edu.tw/searchP.jsp?SN=%E3%84%8B&SN2=%E3%84%8B%E3%84%A7%CB%8B#selectL"
"ㄋ","ㄋㄧˋ","睨","https://dict.concised.moe.edu.tw/searchP.jsp?SN=%E3%84%8B&SN2=%E3%84%8B%E3%84%A7%CB%8B#selectL"
"ㄋ","ㄋㄧˋ","暱","https://dict.concised.moe.edu.tw/searchP.jsp?SN=%E3%84%8B&SN2=%E3%84%8B%E3%84%A7%CB%8B#selectL"
"ㄋ","ㄋㄧˋ","膩","https://dict.concised.moe.edu.tw/searchP.jsp?SN=%E3%84%8B&SN2=%E3%84%8B%E3%84%A7%CB%8B#selectL"
"ㄋ","ㄋㄧㄝ","捏","https://dict.concised.moe.edu.tw/searchP.jsp?SN=%E3%84%8B&SN2=%E3%84%8B%E3%84%A7%E3%84%9D#selectL"
"ㄋ","ㄋㄧㄝˋ","乜","https://dict.concised.moe.edu.tw/searchP.jsp?SN=%E3%84%8B&SN2=%E3%84%8B%E3%84%A7%E3%84%9D%CB%8B#selectL"
"ㄋ","ㄋㄧㄝˋ","涅","https://dict.concised.moe.edu.tw/searchP.jsp?SN=%E3%84%8B&SN2=%E3%84%8B%E3%84%A7%E3%84%9D%CB%8B#selectL"
"ㄋ","ㄋㄧㄝˋ","臬","https://dict.concised.moe.edu.tw/searchP.jsp?SN=%E3%84%8B&SN2=%E3%84%8B%E3%84%A7%E3%84%9D%CB%8B#selectL"
"ㄋ","ㄋㄧㄝˋ","隉","https://dict.concised.moe.edu.tw/searchP.jsp?SN=%E3%84%8B&SN2=%E3%84%8B%E3%84%A7%E3%84%9D%CB%8B#selectL"
"ㄋ","ㄋㄧㄝˋ","聶","https://dict.concised.moe.edu.tw/searchP.jsp?SN=%E3%84%8B&SN2=%E3%84%8B%E3%84%A7%E3%84%9D%CB%8B#selectL"
"ㄋ","ㄋㄧㄝˋ","鎳","https://dict.concised.moe.edu.tw/searchP.jsp?SN=%E3%84%8B&SN2=%E3%84%8B%E3%84%A7%E3%84%9D%CB%8B#selectL"
"ㄋ","ㄋㄧㄝˋ","孽","https://dict.concised.moe.edu.tw/searchP.jsp?SN=%E3%84%8B&SN2=%E3%84%8B%E3%84%A7%E3%84%9D%CB%8B#selectL"
"ㄋ","ㄋㄧㄝˋ","囁","https://dict.concised.moe.edu.tw/searchP.jsp?SN=%E3%84%8B&SN2=%E3%84%8B%E3%84%A7%E3%84%9D%CB%8B#selectL"
"ㄋ","ㄋㄧㄝˋ","齧","https://dict.concised.moe.edu.tw/searchP.jsp?SN=%E3%84%8B&SN2=%E3%84%8B%E3%84%A7%E3%84%9D%CB%8B#selectL"
"ㄋ","ㄋㄧㄝˋ","囓","https://dict.concised.moe.edu.tw/searchP.jsp?SN=%E3%84%8B&SN2=%E3%84%8B%E3%84%A7%E3%84%9D%CB%8B#selectL"
"ㄋ","ㄋㄧㄝˋ","躡","https://dict.concised.moe.edu.tw/searchP.jsp?SN=%E3%84%8B&SN2=%E3%84%8B%E3%84%A7%E3%84%9D%CB%8B#selectL"
"ㄋ","ㄋㄧㄝˋ","鑷","https://dict.concised.moe.edu.tw/searchP.jsp?SN=%E3%84%8B&SN2=%E3%84%8B%E3%84%A7%E3%84%9D%CB%8B#selectL"
"ㄋ","ㄋㄧㄠˇ","鳥","https://dict.concised.moe.edu.tw/searchP.jsp?SN=%E3%84%8B&SN2=%E3%84%8B%E3%84%A7%E3%84%A0%CB%87#selectL"
"ㄋ","ㄋㄧㄠˇ","嫋","https://dict.concised.moe.edu.tw/searchP.jsp?SN=%E3%84%8B&SN2=%E3%84%8B%E3%84%A7%E3%84%A0%CB%87#selectL"
"ㄋ","ㄋㄧㄠˇ","裊","https://dict.concised.moe.edu.tw/searchP.jsp?SN=%E3%84%8B&SN2=%E3%84%8B%E3%84%A7%E3%84%A0%CB%87#selectL"
"ㄋ","ㄋㄧㄠˇ","嬝","https://dict.concised.moe.edu.tw/searchP.jsp?SN=%E3%84%8B&SN2=%E3%84%8B%E3%84%A7%E3%84%A0%CB%87#selectL"
"ㄋ","ㄋㄧㄠˋ","尿","https://dict.concised.moe.edu.tw/searchP.jsp?SN=%E3%84%8B&SN2=%E3%84%8B%E3%84%A7%E3%84%A0%CB%8B#selectL"
"ㄋ","ㄋㄧㄠˋ","溺","https://dict.concised.moe.edu.tw/searchP.jsp?SN=%E3%84%8B&SN2=%E3%84%8B%E3%84%A7%E3%84%A0%CB%8B#selectL"
"ㄋ","ㄋㄧㄡ","妞","https://dict.concised.moe.edu.tw/searchP.jsp?SN=%E3%84%8B&SN2=%E3%84%8B%E3%84%A7%E3%84%A1#selectL"
"ㄋ","ㄋㄧㄡˇ","忸","https://dict.concised.moe.edu.tw/searchP.jsp?SN=%E3%84%8B&SN2=%E3%84%8B%E3%84%A7%E3%84%A1%CB%87#selectL"
"ㄋ","ㄋㄧㄡˇ","扭","https://dict.concised.moe.edu.tw/searchP.jsp?SN=%E3%84%8B&SN2=%E3%84%8B%E3%84%A7%E3%84%A1%CB%87#selectL"
"ㄋ","ㄋㄧㄡˇ","紐","https://dict.concised.moe.edu.tw/searchP.jsp?SN=%E3%84%8B&SN2=%E3%84%8B%E3%84%A7%E3%84%A1%CB%87#selectL"
"ㄋ","ㄋㄧㄡˇ","鈕","https://dict.concised.moe.edu.tw/searchP.jsp?SN=%E3%84%8B&SN2=%E3%84%8B%E3%84%A7%E3%84%A1%CB%87#selectL"
"ㄋ","ㄋㄧㄡˊ","牛","https://dict.concised.moe.edu.tw/searchP.jsp?SN=%E3%84%8B&SN2=%E3%84%8B%E3%84%A7%E3%84%A1%CB%8A#selectL"
"ㄋ","ㄋㄧㄡˋ","拗","https://dict.concised.moe.edu.tw/searchP.jsp?SN=%E3%84%8B&SN2=%E3%84%8B%E3%84%A7%E3%84%A1%CB%8B#selectL"
"ㄋ","ㄋㄧㄢˇ","拈","https://dict.concised.moe.edu.tw/searchP.jsp?SN=%E3%84%8B&SN2=%E3%84%8B%E3%84%A7%E3%84%A2%CB%87#selectL"
"ㄋ","ㄋㄧㄢˇ","捻","https://dict.concised.moe.edu.tw/searchP.jsp?SN=%E3%84%8B&SN2=%E3%84%8B%E3%84%A7%E3%84%A2%CB%87#selectL"
"ㄋ","ㄋㄧㄢˇ","撚","https://dict.concised.moe.edu.tw/searchP.jsp?SN=%E3%84%8B&SN2=%E3%84%8B%E3%84%A7%E3%84%A2%CB%87#selectL"
"ㄋ","ㄋㄧㄢˇ","碾","https://dict.concised.moe.edu.tw/searchP.jsp?SN=%E3%84%8B&SN2=%E3%84%8B%E3%84%A7%E3%84%A2%CB%87#selectL"
"ㄋ","ㄋㄧㄢˇ","輦","https://dict.concised.moe.edu.tw/searchP.jsp?SN=%E3%84%8B&SN2=%E3%84%8B%E3%84%A7%E3%84%A2%CB%87#selectL"
"ㄋ","ㄋㄧㄢˇ","輾","https://dict.concised.moe.edu.tw/searchP.jsp?SN=%E3%84%8B&SN2=%E3%84%8B%E3%84%A7%E3%84%A2%CB%87#selectL"
"ㄋ","ㄋㄧㄢˇ","攆","https://dict.concised.moe.edu.tw/searchP.jsp?SN=%E3%84%8B&SN2=%E3%84%8B%E3%84%A7%E3%84%A2%CB%87#selectL"
"ㄋ","ㄋㄧㄢˊ","年","https://dict.concised.moe.edu.tw/searchP.jsp?SN=%E3%84%8B&SN2=%E3%84%8B%E3%84%A7%E3%84%A2%CB%8A#selectL"
"ㄋ","ㄋㄧㄢˊ","拈","https://dict.concised.moe.edu.tw/searchP.jsp?SN=%E3%84%8B&SN2=%E3%84%8B%E3%84%A7%E3%84%A2%CB%8A#selectL"
"ㄋ","ㄋㄧㄢˊ","粘","https://dict.concised.moe.edu.tw/searchP.jsp?SN=%E3%84%8B&SN2=%E3%84%8B%E3%84%A7%E3%84%A2%CB%8A#selectL"
"ㄋ","ㄋㄧㄢˊ","黏","https://dict.concised.moe.edu.tw/searchP.jsp?SN=%E3%84%8B&SN2=%E3%84%8B%E3%84%A7%E3%84%A2%CB%8A#selectL"
"ㄋ","ㄋㄧㄢˊ","鯰","https://dict.concised.moe.edu.tw/searchP.jsp?SN=%E3%84%8B&SN2=%E3%84%8B%E3%84%A7%E3%84%A2%CB%8A#selectL"
"ㄋ","ㄋㄧㄢˋ","廿","https://dict.concised.moe.edu.tw/searchP.jsp?SN=%E3%84%8B&SN2=%E3%84%8B%E3%84%A7%E3%84%A2%CB%8B#selectL"
"ㄋ","ㄋㄧㄢˋ","念","https://dict.concised.moe.edu.tw/searchP.jsp?SN=%E3%84%8B&SN2=%E3%84%8B%E3%84%A7%E3%84%A2%CB%8B#selectL"
"ㄋ","ㄋㄧㄢˋ","唸","https://dict.concised.moe.edu.tw/searchP.jsp?SN=%E3%84%8B&SN2=%E3%84%8B%E3%84%A7%E3%84%A2%CB%8B#selectL"
"ㄋ","ㄋㄧㄣˊ","您","https://dict.concised.moe.edu.tw/searchP.jsp?SN=%E3%84%8B&SN2=%E3%84%8B%E3%84%A7%E3%84%A3%CB%8A#selectL"
"ㄋ","ㄋㄧㄤˊ","娘","https://dict.concised.moe.edu.tw/searchP.jsp?SN=%E3%84%8B&SN2=%E3%84%8B%E3%84%A7%E3%84%A4%CB%8A#selectL"
"ㄋ","ㄋㄧㄤˊ","孃","https://dict.concised.moe.edu.tw/searchP.jsp?SN=%E3%84%8B&SN2=%E3%84%8B%E3%84%A7%E3%84%A4%CB%8A#selectL"
"ㄋ","ㄋㄧㄤˋ","釀","https://dict.concised.moe.edu.tw/searchP.jsp?SN=%E3%84%8B&SN2=%E3%84%8B%E3%84%A7%E3%84%A4%CB%8B#selectL"
"ㄋ","ㄋㄧㄥˇ","擰","https://dict.concised.moe.edu.tw/searchP.jsp?SN=%E3%84%8B&SN2=%E3%84%8B%E3%84%A7%E3%84%A5%CB%87#selectL"
"ㄋ","ㄋㄧㄥˊ","寧","https://dict.concised.moe.edu.tw/searchP.jsp?SN=%E3%84%8B&SN2=%E3%84%8B%E3%84%A7%E3%84%A5%CB%8A#selectL"
"ㄋ","ㄋㄧㄥˊ","凝","https://dict.concised.moe.edu.tw/searchP.jsp?SN=%E3%84%8B&SN2=%E3%84%8B%E3%84%A7%E3%84%A5%CB%8A#selectL"
"ㄋ","ㄋㄧㄥˊ","嚀","https://dict.concised.moe.edu.tw/searchP.jsp?SN=%E3%84%8B&SN2=%E3%84%8B%E3%84%A7%E3%84%A5%CB%8A#selectL"
"ㄋ","ㄋㄧㄥˊ","獰","https://dict.concised.moe.edu.tw/searchP.jsp?SN=%E3%84%8B&SN2=%E3%84%8B%E3%84%A7%E3%84%A5%CB%8A#selectL"
"ㄋ","ㄋㄧㄥˊ","檸","https://dict.concised.moe.edu.tw/searchP.jsp?SN=%E3%84%8B&SN2=%E3%84%8B%E3%84%A7%E3%84%A5%CB%8A#selectL"
"ㄋ","ㄋㄧㄥˊ","聹","https://dict.concised.moe.edu.tw/searchP.jsp?SN=%E3%84%8B&SN2=%E3%84%8B%E3%84%A7%E3%84%A5%CB%8A#selectL"
"ㄋ","ㄋㄧㄥˋ","佞","https://dict.concised.moe.edu.tw/searchP.jsp?SN=%E3%84%8B&SN2=%E3%84%8B%E3%84%A7%E3%84%A5%CB%8B#selectL"
"ㄋ","ㄋㄧㄥˋ","寧","https://dict.concised.moe.edu.tw/searchP.jsp?SN=%E3%84%8B&SN2=%E3%84%8B%E3%84%A7%E3%84%A5%CB%8B#selectL"
"ㄋ","ㄋㄧㄥˋ","擰","https://dict.concised.moe.edu.tw/searchP.jsp?SN=%E3%84%8B&SN2=%E3%84%8B%E3%84%A7%E3%84%A5%CB%8B#selectL"
"ㄋ","ㄋㄧㄥˋ","濘","https://dict.concised.moe.edu.tw/searchP.jsp?SN=%E3%84%8B&SN2=%E3%84%8B%E3%84%A7%E3%84%A5%CB%8B#selectL"
"ㄋ","ㄋㄨˇ","努","https://dict.concised.moe.edu.tw/searchP.jsp?SN=%E3%84%8B&SN2=%E3%84%8B%E3%84%A8%CB%87#selectL"
"ㄋ","ㄋㄨˇ","弩","https://dict.concised.moe.edu.tw/searchP.jsp?SN=%E3%84%8B&SN2=%E3%84%8B%E3%84%A8%CB%87#selectL"
"ㄋ","ㄋㄨˊ","奴","https://dict.concised.moe.edu.tw/searchP.jsp?SN=%E3%84%8B&SN2=%E3%84%8B%E3%84%A8%CB%8A#selectL"
"ㄋ","ㄋㄨˊ","孥","https://dict.concised.moe.edu.tw/searchP.jsp?SN=%E3%84%8B&SN2=%E3%84%8B%E3%84%A8%CB%8A#selectL"
"ㄋ","ㄋㄨˊ","駑","https://dict.concised.moe.edu.tw/searchP.jsp?SN=%E3%84%8B&SN2=%E3%84%8B%E3%84%A8%CB%8A#selectL"
"ㄋ","ㄋㄨˋ","怒","https://dict.concised.moe.edu.tw/searchP.jsp?SN=%E3%84%8B&SN2=%E3%84%8B%E3%84%A8%CB%8B#selectL"
"ㄋ","ㄋㄨㄛˊ","哪","https://dict.concised.moe.edu.tw/searchP.jsp?SN=%E3%84%8B&SN2=%E3%84%8B%E3%84%A8%E3%84%9B%CB%8A#selectL"
"ㄋ","ㄋㄨㄛˊ","娜","https://dict.concised.moe.edu.tw/searchP.jsp?SN=%E3%84%8B&SN2=%E3%84%8B%E3%84%A8%E3%84%9B%CB%8A#selectL"
"ㄋ","ㄋㄨㄛˊ","挪","https://dict.concised.moe.edu.tw/searchP.jsp?SN=%E3%84%8B&SN2=%E3%84%8B%E3%84%A8%E3%84%9B%CB%8A#selectL"
"ㄋ","ㄋㄨㄛˋ","喏","https://dict.concised.moe.edu.tw/searchP.jsp?SN=%E3%84%8B&SN2=%E3%84%8B%E3%84%A8%E3%84%9B%CB%8B#selectL"
"ㄋ","ㄋㄨㄛˋ","搦","https://dict.concised.moe.edu.tw/searchP.jsp?SN=%E3%84%8B&SN2=%E3%84%8B%E3%84%A8%E3%84%9B%CB%8B#selectL"
"ㄋ","ㄋㄨㄛˋ","諾","https://dict.concised.moe.edu.tw/searchP.jsp?SN=%E3%84%8B&SN2=%E3%84%8B%E3%84%A8%E3%84%9B%CB%8B#selectL"
"ㄋ","ㄋㄨㄛˋ","懦","https://dict.concised.moe.edu.tw/searchP.jsp?SN=%E3%84%8B&SN2=%E3%84%8B%E3%84%A8%E3%84%9B%CB%8B#selectL"
"ㄋ","ㄋㄨㄛˋ","糯","https://dict.concised.moe.edu.tw/searchP.jsp?SN=%E3%84%8B&SN2=%E3%84%8B%E3%84%A8%E3%84%9B%CB%8B#selectL"
"ㄋ","ㄋㄨㄢˇ","暖","https://dict.concised.moe.edu.tw/searchP.jsp?SN=%E3%84%8B&SN2=%E3%84%8B%E3%84%A8%E3%84%A2%CB%87#selectL"
"ㄋ","ㄋㄨㄥˊ","農","https://dict.concised.moe.edu.tw/searchP.jsp?SN=%E3%84%8B&SN2=%E3%84%8B%E3%84%A8%E3%84%A5%CB%8A#selectL"
"ㄋ","ㄋㄨㄥˊ","儂","https://dict.concised.moe.edu.tw/searchP.jsp?SN=%E3%84%8B&SN2=%E3%84%8B%E3%84%A8%E3%84%A5%CB%8A#selectL"
"ㄋ","ㄋㄨㄥˊ","噥","https://dict.concised.moe.edu.tw/searchP.jsp?SN=%E3%84%8B&SN2=%E3%84%8B%E3%84%A8%E3%84%A5%CB%8A#selectL"
"ㄋ","ㄋㄨㄥˊ","濃","https://dict.concised.moe.edu.tw/searchP.jsp?SN=%E3%84%8B&SN2=%E3%84%8B%E3%84%A8%E3%84%A5%CB%8A#selectL"
"ㄋ","ㄋㄨㄥˊ","膿","https://dict.concised.moe.edu.tw/searchP.jsp?SN=%E3%84%8B&SN2=%E3%84%8B%E3%84%A8%E3%84%A5%CB%8A#selectL"
"ㄋ","ㄋㄨㄥˊ","穠","https://dict.concised.moe.edu.tw/searchP.jsp?SN=%E3%84%8B&SN2=%E3%84%8B%E3%84%A8%E3%84%A5%CB%8A#selectL"
"ㄋ","ㄋㄨㄥˋ","弄","https://dict.concised.moe.edu.tw/searchP.jsp?SN=%E3%84%8B&SN2=%E3%84%8B%E3%84%A8%E3%84%A5%CB%8B#selectL"
"ㄋ","ㄋㄩˇ","女","https://dict.concised.moe.edu.tw/searchP.jsp?SN=%E3%84%8B&SN2=%E3%84%8B%E3%84%A9%CB%87#selectL"
"ㄋ","ㄋㄩˋ","女","https://dict.concised.moe.edu.tw/searchP.jsp?SN=%E3%84%8B&SN2=%E3%84%8B%E3%84%A9%CB%8B#selectL"
"ㄋ","ㄋㄩㄝˋ","虐","https://dict.concised.moe.edu.tw/searchP.jsp?SN=%E3%84%8B&SN2=%E3%84%8B%E3%84%A9%E3%84%9D%CB%8B#selectL"
"ㄋ","ㄋㄩㄝˋ","瘧","https://dict.concised.moe.edu.tw/searchP.jsp?SN=%E3%84%8B&SN2=%E3%84%8B%E3%84%A9%E3%84%9D%CB%8B#selectL"
"ㄋ","ㄋㄩㄝˋ","謔","https://dict.concised.moe.edu.tw/searchP.jsp?SN=%E3%84%8B&SN2=%E3%84%8B%E3%84%A9%E3%84%9D%CB%8B#selectL"
"ㄌ","˙ㄌㄚ","啦","https://dict.concised.moe.edu.tw/searchP.jsp?SN=%E3%84%8C&SN2=%CB%99%E3%84%8C%E3%84%9A#selectL"
"ㄌ","˙ㄌㄛ","咯","https://dict.concised.moe.edu.tw/searchP.jsp?SN=%E3%84%8C&SN2=%CB%99%E3%84%8C%E3%84%9B#selectL"
"ㄌ","˙ㄌㄜ","了","https://dict.concised.moe.edu.tw/searchP.jsp?SN=%E3%84%8C&SN2=%CB%99%E3%84%8C%E3%84%9C#selectL"
"ㄌ","˙ㄌㄧ","哩","https://dict.concised.moe.edu.tw/searchP.jsp?SN=%E3%84%8C&SN2=%CB%99%E3%84%8C%E3%84%A7#selectL"
"ㄌ","ㄌㄚ","拉","https://dict.concised.moe.edu.tw/searchP.jsp?SN=%E3%84%8C&SN2=%E3%84%8C%E3%84%9A#selectL"
"ㄌ","ㄌㄚ","啦","https://dict.concised.moe.edu.tw/searchP.jsp?SN=%E3%84%8C&SN2=%E3%84%8C%E3%84%9A#selectL"
"ㄌ","ㄌㄚ","邋","https://dict.concised.moe.edu.tw/searchP.jsp?SN=%E3%84%8C&SN2=%E3%84%8C%E3%84%9A#selectL"
"ㄌ","ㄌㄚˇ","喇","https://dict.concised.moe.edu.tw/searchP.jsp?SN=%E3%84%8C&SN2=%E3%84%8C%E3%84%9A%CB%87#selectL"
"ㄌ","ㄌㄚˊ","旯","https://dict.concised.moe.edu.tw/searchP.jsp?SN=%E3%84%8C&SN2=%E3%84%8C%E3%84%9A%CB%8A#selectL"
"ㄌ","ㄌㄚˊ","剌","https://dict.concised.moe.edu.tw/searchP.jsp?SN=%E3%84%8C&SN2=%E3%84%8C%E3%84%9A%CB%8A#selectL"
"ㄌ","ㄌㄚˋ","剌","https://dict.concised.moe.edu.tw/searchP.jsp?SN=%E3%84%8C&SN2=%E3%84%8C%E3%84%9A%CB%8B#selectL"
"ㄌ","ㄌㄚˋ","落","https://dict.concised.moe.edu.tw/searchP.jsp?SN=%E3%84%8C&SN2=%E3%84%8C%E3%84%9A%CB%8B#selectL"
"ㄌ","ㄌㄚˋ","瘌","https://dict.concised.moe.edu.tw/searchP.jsp?SN=%E3%84%8C&SN2=%E3%84%8C%E3%84%9A%CB%8B#selectL"
"ㄌ","ㄌㄚˋ","辣","https://dict.concised.moe.edu.tw/searchP.jsp?SN=%E3%84%8C&SN2=%E3%84%8C%E3%84%9A%CB%8B#selectL"
"ㄌ","ㄌㄚˋ","臘","https://dict.concised.moe.edu.tw/searchP.jsp?SN=%E3%84%8C&SN2=%E3%84%8C%E3%84%9A%CB%8B#selectL"
"ㄌ","ㄌㄚˋ","蠟","https://dict.concised.moe.edu.tw/searchP.jsp?SN=%E3%84%8C&SN2=%E3%84%8C%E3%84%9A%CB%8B#selectL"
"ㄌ","ㄌㄜˋ","肋","https://dict.concised.moe.edu.tw/searchP.jsp?SN=%E3%84%8C&SN2=%E3%84%8C%E3%84%9C%CB%8B#selectL"
"ㄌ","ㄌㄜˋ","垃","https://dict.concised.moe.edu.tw/searchP.jsp?SN=%E3%84%8C&SN2=%E3%84%8C%E3%84%9C%CB%8B#selectL"
"ㄌ","ㄌㄜˋ","泐","https://dict.concised.moe.edu.tw/searchP.jsp?SN=%E3%84%8C&SN2=%E3%84%8C%E3%84%9C%CB%8B#selectL"
"ㄌ","ㄌㄜˋ","埒","https://dict.concised.moe.edu.tw/searchP.jsp?SN=%E3%84%8C&SN2=%E3%84%8C%E3%84%9C%CB%8B#selectL"
"ㄌ","ㄌㄜˋ","勒","https://dict.concised.moe.edu.tw/searchP.jsp?SN=%E3%84%8C&SN2=%E3%84%8C%E3%84%9C%CB%8B#selectL"
"ㄌ","ㄌㄜˋ","樂","https://dict.concised.moe.edu.tw/searchP.jsp?SN=%E3%84%8C&SN2=%E3%84%8C%E3%84%9C%CB%8B#selectL"
"ㄌ","ㄌㄞˊ","來","https://dict.concised.moe.edu.tw/searchP.jsp?SN=%E3%84%8C&SN2=%E3%84%8C%E3%84%9E%CB%8A#selectL"
"ㄌ","ㄌㄞˊ","徠","https://dict.concised.moe.edu.tw/searchP.jsp?SN=%E3%84%8C&SN2=%E3%84%8C%E3%84%9E%CB%8A#selectL"
"ㄌ","ㄌㄞˊ","萊","https://dict.concised.moe.edu.tw/searchP.jsp?SN=%E3%84%8C&SN2=%E3%84%8C%E3%84%9E%CB%8A#selectL"
"ㄌ","ㄌㄞˋ","徠","https://dict.concised.moe.edu.tw/searchP.jsp?SN=%E3%84%8C&SN2=%E3%84%8C%E3%84%9E%CB%8B#selectL"
"ㄌ","ㄌㄞˋ","睞","https://dict.concised.moe.edu.tw/searchP.jsp?SN=%E3%84%8C&SN2=%E3%84%8C%E3%84%9E%CB%8B#selectL"
"ㄌ","ㄌㄞˋ","賴","https://dict.concised.moe.edu.tw/searchP.jsp?SN=%E3%84%8C&SN2=%E3%84%8C%E3%84%9E%CB%8B#selectL"
"ㄌ","ㄌㄞˋ","瀨","https://dict.concised.moe.edu.tw/searchP.jsp?SN=%E3%84%8C&SN2=%E3%84%8C%E3%84%9E%CB%8B#selectL"
"ㄌ","ㄌㄞˋ","癩","https://dict.concised.moe.edu.tw/searchP.jsp?SN=%E3%84%8C&SN2=%E3%84%8C%E3%84%9E%CB%8B#selectL"
"ㄌ","ㄌㄞˋ","籟","https://dict.concised.moe.edu.tw/searchP.jsp?SN=%E3%84%8C&SN2=%E3%84%8C%E3%84%9E%CB%8B#selectL"
"ㄌ","ㄌㄟ","勒","https://dict.concised.moe.edu.tw/searchP.jsp?SN=%E3%84%8C&SN2=%E3%84%8C%E3%84%9F#selectL"
"ㄌ","ㄌㄟˇ","耒","https://dict.concised.moe.edu.tw/searchP.jsp?SN=%E3%84%8C&SN2=%E3%84%8C%E3%84%9F%CB%87#selectL"
"ㄌ","ㄌㄟˇ","累","https://dict.concised.moe.edu.tw/searchP.jsp?SN=%E3%84%8C&SN2=%E3%84%8C%E3%84%9F%CB%87#selectL"
"ㄌ","ㄌㄟˇ","誄","https://dict.concised.moe.edu.tw/searchP.jsp?SN=%E3%84%8C&SN2=%E3%84%8C%E3%84%9F%CB%87#selectL"
"ㄌ","ㄌㄟˇ","磊","https://dict.concised.moe.edu.tw/searchP.jsp?SN=%E3%84%8C&SN2=%E3%84%8C%E3%84%9F%CB%87#selectL"
"ㄌ","ㄌㄟˇ","儡","https://dict.concised.moe.edu.tw/searchP.jsp?SN=%E3%84%8C&SN2=%E3%84%8C%E3%84%9F%CB%87#selectL"
"ㄌ","ㄌㄟˇ","蕾","https://dict.concised.moe.edu.tw/searchP.jsp?SN=%E3%84%8C&SN2=%E3%84%8C%E3%84%9F%CB%87#selectL"
"ㄌ","ㄌㄟˇ","壘","https://dict.concised.moe.edu.tw/searchP.jsp?SN=%E3%84%8C&SN2=%E3%84%8C%E3%84%9F%CB%87#selectL"
"ㄌ","ㄌㄟˇ","礨","https://dict.concised.moe.edu.tw/searchP.jsp?SN=%E3%84%8C&SN2=%E3%84%8C%E3%84%9F%CB%87#selectL"
"ㄌ","ㄌㄟˊ","雷","https://dict.concised.moe.edu.tw/searchP.jsp?SN=%E3%84%8C&SN2=%E3%84%8C%E3%84%9F%CB%8A#selectL"
"ㄌ","ㄌㄟˊ","嫘","https://dict.concised.moe.edu.tw/searchP.jsp?SN=%E3%84%8C&SN2=%E3%84%8C%E3%84%9F%CB%8A#selectL"
"ㄌ","ㄌㄟˊ","擂","https://dict.concised.moe.edu.tw/searchP.jsp?SN=%E3%84%8C&SN2=%E3%84%8C%E3%84%9F%CB%8A#selectL"
"ㄌ","ㄌㄟˊ","羸","https://dict.concised.moe.edu.tw/searchP.jsp?SN=%E3%84%8C&SN2=%E3%84%8C%E3%84%9F%CB%8A#selectL"
"ㄌ","ㄌㄟˊ","纍","https://dict.concised.moe.edu.tw/searchP.jsp?SN=%E3%84%8C&SN2=%E3%84%8C%E3%84%9F%CB%8A#selectL"
"ㄌ","ㄌㄟˊ","罍","https://dict.concised.moe.edu.tw/searchP.jsp?SN=%E3%84%8C&SN2=%E3%84%8C%E3%84%9F%CB%8A#selectL"
"ㄌ","ㄌㄟˊ","鐳","https://dict.concised.moe.edu.tw/searchP.jsp?SN=%E3%84%8C&SN2=%E3%84%8C%E3%84%9F%CB%8A#selectL"
"ㄌ","ㄌㄟˋ","淚","https://dict.concised.moe.edu.tw/searchP.jsp?SN=%E3%84%8C&SN2=%E3%84%8C%E3%84%9F%CB%8B#selectL"
"ㄌ","ㄌㄟˋ","累","https://dict.concised.moe.edu.tw/searchP.jsp?SN=%E3%84%8C&SN2=%E3%84%8C%E3%84%9F%CB%8B#selectL"
"ㄌ","ㄌㄟˋ","酹","https://dict.concised.moe.edu.tw/searchP.jsp?SN=%E3%84%8C&SN2=%E3%84%8C%E3%84%9F%CB%8B#selectL"
"ㄌ","ㄌㄟˋ","類","https://dict.concised.moe.edu.tw/searchP.jsp?SN=%E3%84%8C&SN2=%E3%84%8C%E3%84%9F%CB%8B#selectL"
"ㄌ","ㄌㄠ","撈","https://dict.concised.moe.edu.tw/searchP.jsp?SN=%E3%84%8C&SN2=%E3%84%8C%E3%84%A0#selectL"
"ㄌ","ㄌㄠˇ","老","https://dict.concised.moe.edu.tw/searchP.jsp?SN=%E3%84%8C&SN2=%E3%84%8C%E3%84%A0%CB%87#selectL"
"ㄌ","ㄌㄠˇ","佬","https://dict.concised.moe.edu.tw/searchP.jsp?SN=%E3%84%8C&SN2=%E3%84%8C%E3%84%A0%CB%87#selectL"
"ㄌ","ㄌㄠˇ","姥","https://dict.concised.moe.edu.tw/searchP.jsp?SN=%E3%84%8C&SN2=%E3%84%8C%E3%84%A0%CB%87#selectL"
"ㄌ","ㄌㄠˇ","潦","https://dict.concised.moe.edu.tw/searchP.jsp?SN=%E3%84%8C&SN2=%E3%84%8C%E3%84%A0%CB%87#selectL"
"ㄌ","ㄌㄠˊ","牢","https://dict.concised.moe.edu.tw/searchP.jsp?SN=%E3%84%8C&SN2=%E3%84%8C%E3%84%A0%CB%8A#selectL"
"ㄌ","ㄌㄠˊ","勞","https://dict.concised.moe.edu.tw/searchP.jsp?SN=%E3%84%8C&SN2=%E3%84%8C%E3%84%A0%CB%8A#selectL"
"ㄌ","ㄌㄠˊ","嘮","https://dict.concised.moe.edu.tw/searchP.jsp?SN=%E3%84%8C&SN2=%E3%84%8C%E3%84%A0%CB%8A#selectL"
"ㄌ","ㄌㄠˊ","嶗","https://dict.concised.moe.edu.tw/searchP.jsp?SN=%E3%84%8C&SN2=%E3%84%8C%E3%84%A0%CB%8A#selectL"
"ㄌ","ㄌㄠˊ","撈","https://dict.concised.moe.edu.tw/searchP.jsp?SN=%E3%84%8C&SN2=%E3%84%8C%E3%84%A0%CB%8A#selectL"
"ㄌ","ㄌㄠˊ","癆","https://dict.concised.moe.edu.tw/searchP.jsp?SN=%E3%84%8C&SN2=%E3%84%8C%E3%84%A0%CB%8A#selectL"
"ㄌ","ㄌㄠˋ","烙","https://dict.concised.moe.edu.tw/searchP.jsp?SN=%E3%84%8C&SN2=%E3%84%8C%E3%84%A0%CB%8B#selectL"
"ㄌ","ㄌㄠˋ","勞","https://dict.concised.moe.edu.tw/searchP.jsp?SN=%E3%84%8C&SN2=%E3%84%8C%E3%84%A0%CB%8B#selectL"
"ㄌ","ㄌㄠˋ","絡","https://dict.concised.moe.edu.tw/searchP.jsp?SN=%E3%84%8C&SN2=%E3%84%8C%E3%84%A0%CB%8B#selectL"
"ㄌ","ㄌㄠˋ","落","https://dict.concised.moe.edu.tw/searchP.jsp?SN=%E3%84%8C&SN2=%E3%84%8C%E3%84%A0%CB%8B#selectL"
"ㄌ","ㄌㄠˋ","潦","https://dict.concised.moe.edu.tw/searchP.jsp?SN=%E3%84%8C&SN2=%E3%84%8C%E3%84%A0%CB%8B#selectL"
"ㄌ","ㄌㄠˋ","澇","https://dict.concised.moe.edu.tw/searchP.jsp?SN=%E3%84%8C&SN2=%E3%84%8C%E3%84%A0%CB%8B#selectL"
"ㄌ","ㄌㄡ","摟","https://dict.concised.moe.edu.tw/searchP.jsp?SN=%E3%84%8C&SN2=%E3%84%8C%E3%84%A1#selectL"
"ㄌ","ㄌㄡˇ","摟","https://dict.concised.moe.edu.tw/searchP.jsp?SN=%E3%84%8C&SN2=%E3%84%8C%E3%84%A1%CB%87#selectL"
"ㄌ","ㄌㄡˇ","簍","https://dict.concised.moe.edu.tw/searchP.jsp?SN=%E3%84%8C&SN2=%E3%84%8C%E3%84%A1%CB%87#selectL"
"ㄌ","ㄌㄡˊ","婁","https://dict.concised.moe.edu.tw/searchP.jsp?SN=%E3%84%8C&SN2=%E3%84%8C%E3%84%A1%CB%8A#selectL"
"ㄌ","ㄌㄡˊ","僂","https://dict.concised.moe.edu.tw/searchP.jsp?SN=%E3%84%8C&SN2=%E3%84%8C%E3%84%A1%CB%8A#selectL"
"ㄌ","ㄌㄡˊ","嘍","https://dict.concised.moe.edu.tw/searchP.jsp?SN=%E3%84%8C&SN2=%E3%84%8C%E3%84%A1%CB%8A#selectL"
"ㄌ","ㄌㄡˊ","摟","https://dict.concised.moe.edu.tw/searchP.jsp?SN=%E3%84%8C&SN2=%E3%84%8C%E3%84%A1%CB%8A#selectL"
"ㄌ","ㄌㄡˊ","樓","https://dict.concised.moe.edu.tw/searchP.jsp?SN=%E3%84%8C&SN2=%E3%84%8C%E3%84%A1%CB%8A#selectL"
"ㄌ","ㄌㄡˊ","螻","https://dict.concised.moe.edu.tw/searchP.jsp?SN=%E3%84%8C&SN2=%E3%84%8C%E3%84%A1%CB%8A#selectL"
"ㄌ","ㄌㄡˊ","髏","https://dict.concised.moe.edu.tw/searchP.jsp?SN=%E3%84%8C&SN2=%E3%84%8C%E3%84%A1%CB%8A#selectL"
"ㄌ","ㄌㄡˋ","陋","https://dict.concised.moe.edu.tw/searchP.jsp?SN=%E3%84%8C&SN2=%E3%84%8C%E3%84%A1%CB%8B#selectL"
"ㄌ","ㄌㄡˋ","漏","https://dict.concised.moe.edu.tw/searchP.jsp?SN=%E3%84%8C&SN2=%E3%84%8C%E3%84%A1%CB%8B#selectL"
"ㄌ","ㄌㄡˋ","鏤","https://dict.concised.moe.edu.tw/searchP.jsp?SN=%E3%84%8C&SN2=%E3%84%8C%E3%84%A1%CB%8B#selectL"
"ㄌ","ㄌㄡˋ","露","https://dict.concised.moe.edu.tw/searchP.jsp?SN=%E3%84%8C&SN2=%E3%84%8C%E3%84%A1%CB%8B#selectL"
"ㄌ","ㄌㄢˇ","懶","https://dict.concised.moe.edu.tw/searchP.jsp?SN=%E3%84%8C&SN2=%E3%84%8C%E3%84%A2%CB%87#selectL"
"ㄌ","ㄌㄢˇ","覽","https://dict.concised.moe.edu.tw/searchP.jsp?SN=%E3%84%8C&SN2=%E3%84%8C%E3%84%A2%CB%87#selectL"
"ㄌ","ㄌㄢˇ","攬","https://dict.concised.moe.edu.tw/searchP.jsp?SN=%E3%84%8C&SN2=%E3%84%8C%E3%84%A2%CB%87#selectL"
"ㄌ","ㄌㄢˇ","欖","https://dict.concised.moe.edu.tw/searchP.jsp?SN=%E3%84%8C&SN2=%E3%84%8C%E3%84%A2%CB%87#selectL"
"ㄌ","ㄌㄢˇ","纜","https://dict.concised.moe.edu.tw/searchP.jsp?SN=%E3%84%8C&SN2=%E3%84%8C%E3%84%A2%CB%87#selectL"
"ㄌ","ㄌㄢˊ","婪","https://dict.concised.moe.edu.tw/searchP.jsp?SN=%E3%84%8C&SN2=%E3%84%8C%E3%84%A2%CB%8A#selectL"
"ㄌ","ㄌㄢˊ","嵐","https://dict.concised.moe.edu.tw/searchP.jsp?SN=%E3%84%8C&SN2=%E3%84%8C%E3%84%A2%CB%8A#selectL"
"ㄌ","ㄌㄢˊ","闌","https://dict.concised.moe.edu.tw/searchP.jsp?SN=%E3%84%8C&SN2=%E3%84%8C%E3%84%A2%CB%8A#selectL"
"ㄌ","ㄌㄢˊ","藍","https://dict.concised.moe.edu.tw/searchP.jsp?SN=%E3%84%8C&SN2=%E3%84%8C%E3%84%A2%CB%8A#selectL"
"ㄌ","ㄌㄢˊ","攔","https://dict.concised.moe.edu.tw/searchP.jsp?SN=%E3%84%8C&SN2=%E3%84%8C%E3%84%A2%CB%8A#selectL"
"ㄌ","ㄌㄢˊ","瀾","https://dict.concised.moe.edu.tw/searchP.jsp?SN=%E3%84%8C&SN2=%E3%84%8C%E3%84%A2%CB%8A#selectL"
"ㄌ","ㄌㄢˊ","籃","https://dict.concised.moe.edu.tw/searchP.jsp?SN=%E3%84%8C&SN2=%E3%84%8C%E3%84%A2%CB%8A#selectL"
"ㄌ","ㄌㄢˊ","襤","https://dict.concised.moe.edu.tw/searchP.jsp?SN=%E3%84%8C&SN2=%E3%84%8C%E3%84%A2%CB%8A#selectL"
"ㄌ","ㄌㄢˊ","斕","https://dict.concised.moe.edu.tw/searchP.jsp?SN=%E3%84%8C&SN2=%E3%84%8C%E3%84%A2%CB%8A#selectL"
"ㄌ","ㄌㄢˊ","欄","https://dict.concised.moe.edu.tw/searchP.jsp?SN=%E3%84%8C&SN2=%E3%84%8C%E3%84%A2%CB%8A#selectL"
"ㄌ","ㄌㄢˊ","蘭","https://dict.concised.moe.edu.tw/searchP.jsp?SN=%E3%84%8C&SN2=%E3%84%8C%E3%84%A2%CB%8A#selectL"
"ㄌ","ㄌㄢˋ","濫","https://dict.concised.moe.edu.tw/searchP.jsp?SN=%E3%84%8C&SN2=%E3%84%8C%E3%84%A2%CB%8B#selectL"
"ㄌ","ㄌㄢˋ","瀾","https://dict.concised.moe.edu.tw/searchP.jsp?SN=%E3%84%8C&SN2=%E3%84%8C%E3%84%A2%CB%8B#selectL"
"ㄌ","ㄌㄢˋ","爛","https://dict.concised.moe.edu.tw/searchP.jsp?SN=%E3%84%8C&SN2=%E3%84%8C%E3%84%A2%CB%8B#selectL"
"ㄌ","ㄌㄤ","啷","https://dict.concised.moe.edu.tw/searchP.jsp?SN=%E3%84%8C&SN2=%E3%84%8C%E3%84%A4#selectL"
"ㄌ","ㄌㄤˇ","朗","https://dict.concised.moe.edu.tw/searchP.jsp?SN=%E3%84%8C&SN2=%E3%84%8C%E3%84%A4%CB%87#selectL"
"ㄌ","ㄌㄤˊ","郎","https://dict.concised.moe.edu.tw/searchP.jsp?SN=%E3%84%8C&SN2=%E3%84%8C%E3%84%A4%CB%8A#selectL"
"ㄌ","ㄌㄤˊ","狼","https://dict.concised.moe.edu.tw/searchP.jsp?SN=%E3%84%8C&SN2=%E3%84%8C%E3%84%A4%CB%8A#selectL"
"ㄌ","ㄌㄤˊ","琅","https://dict.concised.moe.edu.tw/searchP.jsp?SN=%E3%84%8C&SN2=%E3%84%8C%E3%84%A4%CB%8A#selectL"
"ㄌ","ㄌㄤˊ","廊","https://dict.concised.moe.edu.tw/searchP.jsp?SN=%E3%84%8C&SN2=%E3%84%8C%E3%84%A4%CB%8A#selectL"
"ㄌ","ㄌㄤˊ","榔","https://dict.concised.moe.edu.tw/searchP.jsp?SN=%E3%84%8C&SN2=%E3%84%8C%E3%84%A4%CB%8A#selectL"
"ㄌ","ㄌㄤˊ","瑯","https://dict.concised.moe.edu.tw/searchP.jsp?SN=%E3%84%8C&SN2=%E3%84%8C%E3%84%A4%CB%8A#selectL"
"ㄌ","ㄌㄤˊ","蜋","https://dict.concised.moe.edu.tw/searchP.jsp?SN=%E3%84%8C&SN2=%E3%84%8C%E3%84%A4%CB%8A#selectL"
"ㄌ","ㄌㄤˊ","螂","https://dict.concised.moe.edu.tw/searchP.jsp?SN=%E3%84%8C&SN2=%E3%84%8C%E3%84%A4%CB%8A#selectL"
"ㄌ","ㄌㄤˊ","鋃","https://dict.concised.moe.edu.tw/searchP.jsp?SN=%E3%84%8C&SN2=%E3%84%8C%E3%84%A4%CB%8A#selectL"
"ㄌ","ㄌㄤˋ","浪","https://dict.concised.moe.edu.tw/searchP.jsp?SN=%E3%84%8C&SN2=%E3%84%8C%E3%84%A4%CB%8B#selectL"
"ㄌ","ㄌㄥˇ","冷","https://dict.concised.moe.edu.tw/searchP.jsp?SN=%E3%84%8C&SN2=%E3%84%8C%E3%84%A5%CB%87#selectL"
"ㄌ","ㄌㄥˊ","棱","https://dict.concised.moe.edu.tw/searchP.jsp?SN=%E3%84%8C&SN2=%E3%84%8C%E3%84%A5%CB%8A#selectL"
"ㄌ","ㄌㄥˊ","楞","https://dict.concised.moe.edu.tw/searchP.jsp?SN=%E3%84%8C&SN2=%E3%84%8C%E3%84%A5%CB%8A#selectL"
"ㄌ","ㄌㄥˊ","稜","https://dict.concised.moe.edu.tw/searchP.jsp?SN=%E3%84%8C&SN2=%E3%84%8C%E3%84%A5%CB%8A#selectL"
"ㄌ","ㄌㄥˋ","怔","https://dict.concised.moe.edu.tw/searchP.jsp?SN=%E3%84%8C&SN2=%E3%84%8C%E3%84%A5%CB%8B#selectL"
"ㄌ","ㄌㄥˋ","愣","https://dict.concised.moe.edu.tw/searchP.jsp?SN=%E3%84%8C&SN2=%E3%84%8C%E3%84%A5%CB%8B#selectL"
"ㄌ","ㄌㄥˋ","楞","https://dict.concised.moe.edu.tw/searchP.jsp?SN=%E3%84%8C&SN2=%E3%84%8C%E3%84%A5%CB%8B#selectL"
"ㄌ","ㄌㄧ","哩","https://dict.concised.moe.edu.tw/searchP.jsp?SN=%E3%84%8C&SN2=%E3%84%8C%E3%84%A7#selectL"
"ㄌ","ㄌㄧˇ","李","https://dict.concised.moe.edu.tw/searchP.jsp?SN=%E3%84%8C&SN2=%E3%84%8C%E3%84%A7%CB%87#selectL"
"ㄌ","ㄌㄧˇ","里","https://dict.concised.moe.edu.tw/searchP.jsp?SN=%E3%84%8C&SN2=%E3%84%8C%E3%84%A7%CB%87#selectL"
"ㄌ","ㄌㄧˇ","俚","https://dict.concised.moe.edu.tw/searchP.jsp?SN=%E3%84%8C&SN2=%E3%84%8C%E3%84%A7%CB%87#selectL"
"ㄌ","ㄌㄧˇ","哩","https://dict.concised.moe.edu.tw/searchP.jsp?SN=%E3%84%8C&SN2=%E3%84%8C%E3%84%A7%CB%87#selectL"
"ㄌ","ㄌㄧˇ","娌","https://dict.concised.moe.edu.tw/searchP.jsp?SN=%E3%84%8C&SN2=%E3%84%8C%E3%84%A7%CB%87#selectL"
"ㄌ","ㄌㄧˇ","浬","https://dict.concised.moe.edu.tw/searchP.jsp?SN=%E3%84%8C&SN2=%E3%84%8C%E3%84%A7%CB%87#selectL"
"ㄌ","ㄌㄧˇ","理","https://dict.concised.moe.edu.tw/searchP.jsp?SN=%E3%84%8C&SN2=%E3%84%8C%E3%84%A7%CB%87#selectL"
"ㄌ","ㄌㄧˇ","喱","https://dict.concised.moe.edu.tw/searchP.jsp?SN=%E3%84%8C&SN2=%E3%84%8C%E3%84%A7%CB%87#selectL"
"ㄌ","ㄌㄧˇ","裡","https://dict.concised.moe.edu.tw/searchP.jsp?SN=%E3%84%8C&SN2=%E3%84%8C%E3%84%A7%CB%87#selectL"
"ㄌ","ㄌㄧˇ","鋰","https://dict.concised.moe.edu.tw/searchP.jsp?SN=%E3%84%8C&SN2=%E3%84%8C%E3%84%A7%CB%87#selectL"
"ㄌ","ㄌㄧˇ","澧","https://dict.concised.moe.edu.tw/searchP.jsp?SN=%E3%84%8C&SN2=%E3%84%8C%E3%84%A7%CB%87#selectL"
"ㄌ","ㄌㄧˇ","禮","https://dict.concised.moe.edu.tw/searchP.jsp?SN=%E3%84%8C&SN2=%E3%84%8C%E3%84%A7%CB%87#selectL"
"ㄌ","ㄌㄧˇ","鯉","https://dict.concised.moe.edu.tw/searchP.jsp?SN=%E3%84%8C&SN2=%E3%84%8C%E3%84%A7%CB%87#selectL"
"ㄌ","ㄌㄧˇ","醴","https://dict.concised.moe.edu.tw/searchP.jsp?SN=%E3%84%8C&SN2=%E3%84%8C%E3%84%A7%CB%87#selectL"
"ㄌ","ㄌㄧˇ","蠡","https://dict.concised.moe.edu.tw/searchP.jsp?SN=%E3%84%8C&SN2=%E3%84%8C%E3%84%A7%CB%87#selectL"
"ㄌ","ㄌㄧˇ","邐","https://dict.concised.moe.edu.tw/searchP.jsp?SN=%E3%84%8C&SN2=%E3%84%8C%E3%84%A7%CB%87#selectL"
"ㄌ","ㄌㄧˊ","厘","https://dict.concised.moe.edu.tw/searchP.jsp?SN=%E3%84%8C&SN2=%E3%84%8C%E3%84%A7%CB%8A#selectL"
"ㄌ","ㄌㄧˊ","狸","https://dict.concised.moe.edu.tw/searchP.jsp?SN=%E3%84%8C&SN2=%E3%84%8C%E3%84%A7%CB%8A#selectL"
"ㄌ","ㄌㄧˊ","梨","https://dict.concised.moe.edu.tw/searchP.jsp?SN=%E3%84%8C&SN2=%E3%84%8C%E3%84%A7%CB%8A#selectL"
"ㄌ","ㄌㄧˊ","犁","https://dict.concised.moe.edu.tw/searchP.jsp?SN=%E3%84%8C&SN2=%E3%84%8C%E3%84%A7%CB%8A#selectL"
"ㄌ","ㄌㄧˊ","漓","https://dict.concised.moe.edu.tw/searchP.jsp?SN=%E3%84%8C&SN2=%E3%84%8C%E3%84%A7%CB%8A#selectL"
"ㄌ","ㄌㄧˊ","蜊","https://dict.concised.moe.edu.tw/searchP.jsp?SN=%E3%84%8C&SN2=%E3%84%8C%E3%84%A7%CB%8A#selectL"
"ㄌ","ㄌㄧˊ","貍","https://dict.concised.moe.edu.tw/searchP.jsp?SN=%E3%84%8C&SN2=%E3%84%8C%E3%84%A7%CB%8A#selectL"
"ㄌ","ㄌㄧˊ","犛","https://dict.concised.moe.edu.tw/searchP.jsp?SN=%E3%84%8C&SN2=%E3%84%8C%E3%84%A7%CB%8A#selectL"
"ㄌ","ㄌㄧˊ","璃","https://dict.concised.moe.edu.tw/searchP.jsp?SN=%E3%84%8C&SN2=%E3%84%8C%E3%84%A7%CB%8A#selectL"
"ㄌ","ㄌㄧˊ","黎","https://dict.concised.moe.edu.tw/searchP.jsp?SN=%E3%84%8C&SN2=%E3%84%8C%E3%84%A7%CB%8A#selectL"
"ㄌ","ㄌㄧˊ","罹","https://dict.concised.moe.edu.tw/searchP.jsp?SN=%E3%84%8C&SN2=%E3%84%8C%E3%84%A7%CB%8A#selectL"
"ㄌ","ㄌㄧˊ","釐","https://dict.concised.moe.edu.tw/searchP.jsp?SN=%E3%84%8C&SN2=%E3%84%8C%E3%84%A7%CB%8A#selectL"
"ㄌ","ㄌㄧˊ","離","https://dict.concised.moe.edu.tw/searchP.jsp?SN=%E3%84%8C&SN2=%E3%84%8C%E3%84%A7%CB%8A#selectL"
"ㄌ","ㄌㄧˊ","藜","https://dict.concised.moe.edu.tw/searchP.jsp?SN=%E3%84%8C&SN2=%E3%84%8C%E3%84%A7%CB%8A#selectL"
"ㄌ","ㄌㄧˊ","麗","https://dict.concised.moe.edu.tw/searchP.jsp?SN=%E3%84%8C&SN2=%E3%84%8C%E3%84%A7%CB%8A#selectL"
"ㄌ","ㄌㄧˊ","蠡","https://dict.concised.moe.edu.tw/searchP.jsp?SN=%E3%84%8C&SN2=%E3%84%8C%E3%84%A7%CB%8A#selectL"
"ㄌ","ㄌㄧˊ","灕","https://dict.concised.moe.edu.tw/searchP.jsp?SN=%E3%84%8C&SN2=%E3%84%8C%E3%84%A7%CB%8A#selectL"
"ㄌ","ㄌㄧˊ","籬","https://dict.concised.moe.edu.tw/searchP.jsp?SN=%E3%84%8C&SN2=%E3%84%8C%E3%84%A7%CB%8A#selectL"
"ㄌ","ㄌㄧˊ","驪","https://dict.concised.moe.edu.tw/searchP.jsp?SN=%E3%84%8C&SN2=%E3%84%8C%E3%84%A7%CB%8A#selectL"
"ㄌ","ㄌㄧˊ","鸝","https://dict.concised.moe.edu.tw/searchP.jsp?SN=%E3%84%8C&SN2=%E3%84%8C%E3%84%A7%CB%8A#selectL"
"ㄌ","ㄌㄧˋ","力","https://dict.concised.moe.edu.tw/searchP.jsp?SN=%E3%84%8C&SN2=%E3%84%8C%E3%84%A7%CB%8B#selectL"
"ㄌ","ㄌㄧˋ","立","https://dict.concised.moe.edu.tw/searchP.jsp?SN=%E3%84%8C&SN2=%E3%84%8C%E3%84%A7%CB%8B#selectL"
"ㄌ","ㄌㄧˋ","吏","https://dict.concised.moe.edu.tw/searchP.jsp?SN=%E3%84%8C&SN2=%E3%84%8C%E3%84%A7%CB%8B#selectL"
"ㄌ","ㄌㄧˋ","利","https://dict.concised.moe.edu.tw/searchP.jsp?SN=%E3%84%8C&SN2=%E3%84%8C%E3%84%A7%CB%8B#selectL"
"ㄌ","ㄌㄧˋ","例","https://dict.concised.moe.edu.tw/searchP.jsp?SN=%E3%84%8C&SN2=%E3%84%8C%E3%84%A7%CB%8B#selectL"
"ㄌ","ㄌㄧˋ","戾","https://dict.concised.moe.edu.tw/searchP.jsp?SN=%E3%84%8C&SN2=%E3%84%8C%E3%84%A7%CB%8B#selectL"
"ㄌ","ㄌㄧˋ","俐","https://dict.concised.moe.edu.tw/searchP.jsp?SN=%E3%84%8C&SN2=%E3%84%8C%E3%84%A7%CB%8B#selectL"
"ㄌ","ㄌㄧˋ","栗","https://dict.concised.moe.edu.tw/searchP.jsp?SN=%E3%84%8C&SN2=%E3%84%8C%E3%84%A7%CB%8B#selectL"
"ㄌ","ㄌㄧˋ","荔","https://dict.concised.moe.edu.tw/searchP.jsp?SN=%E3%84%8C&SN2=%E3%84%8C%E3%84%A7%CB%8B#selectL"
"ㄌ","ㄌㄧˋ","鬲","https://dict.concised.moe.edu.tw/searchP.jsp?SN=%E3%84%8C&SN2=%E3%84%8C%E3%84%A7%CB%8B#selectL"
"ㄌ","ㄌㄧˋ","唳","https://dict.concised.moe.edu.tw/searchP.jsp?SN=%E3%84%8C&SN2=%E3%84%8C%E3%84%A7%CB%8B#selectL"
"ㄌ","ㄌㄧˋ","琍","https://dict.concised.moe.edu.tw/searchP.jsp?SN=%E3%84%8C&SN2=%E3%84%8C%E3%84%A7%CB%8B#selectL"
"ㄌ","ㄌㄧˋ","笠","https://dict.concised.moe.edu.tw/searchP.jsp?SN=%E3%84%8C&SN2=%E3%84%8C%E3%84%A7%CB%8B#selectL"
"ㄌ","ㄌㄧˋ","粒","https://dict.concised.moe.edu.tw/searchP.jsp?SN=%E3%84%8C&SN2=%E3%84%8C%E3%84%A7%CB%8B#selectL"
"ㄌ","ㄌㄧˋ","莉","https://dict.concised.moe.edu.tw/searchP.jsp?SN=%E3%84%8C&SN2=%E3%84%8C%E3%84%A7%CB%8B#selectL"
"ㄌ","ㄌㄧˋ","痢","https://dict.concised.moe.edu.tw/searchP.jsp?SN=%E3%84%8C&SN2=%E3%84%8C%E3%84%A7%CB%8B#selectL"
"ㄌ","ㄌㄧˋ","詈","https://dict.concised.moe.edu.tw/searchP.jsp?SN=%E3%84%8C&SN2=%E3%84%8C%E3%84%A7%CB%8B#selectL"
"ㄌ","ㄌㄧˋ","慄","https://dict.concised.moe.edu.tw/searchP.jsp?SN=%E3%84%8C&SN2=%E3%84%8C%E3%84%A7%CB%8B#selectL"
"ㄌ","ㄌㄧˋ","蒞","https://dict.concised.moe.edu.tw/searchP.jsp?SN=%E3%84%8C&SN2=%E3%84%8C%E3%84%A7%CB%8B#selectL"
"ㄌ","ㄌㄧˋ","厲","https://dict.concised.moe.edu.tw/searchP.jsp?SN=%E3%84%8C&SN2=%E3%84%8C%E3%84%A7%CB%8B#selectL"
"ㄌ","ㄌㄧˋ","曆","https://dict.concised.moe.edu.tw/searchP.jsp?SN=%E3%84%8C&SN2=%E3%84%8C%E3%84%A7%CB%8B#selectL"
"ㄌ","ㄌㄧˋ","歷","https://dict.concised.moe.edu.tw/searchP.jsp?SN=%E3%84%8C&SN2=%E3%84%8C%E3%84%A7%CB%8B#selectL"
"ㄌ","ㄌㄧˋ","篥","https://dict.concised.moe.edu.tw/searchP.jsp?SN=%E3%84%8C&SN2=%E3%84%8C%E3%84%A7%CB%8B#selectL"
"ㄌ","ㄌㄧˋ","勵","https://dict.concised.moe.edu.tw/searchP.jsp?SN=%E3%84%8C&SN2=%E3%84%8C%E3%84%A7%CB%8B#selectL"
"ㄌ","ㄌㄧˋ","隸","https://dict.concised.moe.edu.tw/searchP.jsp?SN=%E3%84%8C&SN2=%E3%84%8C%E3%84%A7%CB%8B#selectL"
"ㄌ","ㄌㄧˋ","癘","https://dict.concised.moe.edu.tw/searchP.jsp?SN=%E3%84%8C&SN2=%E3%84%8C%E3%84%A7%CB%8B#selectL"
"ㄌ","ㄌㄧˋ","嚦","https://dict.concised.moe.edu.tw/searchP.jsp?SN=%E3%84%8C&SN2=%E3%84%8C%E3%84%A7%CB%8B#selectL"
"ㄌ","ㄌㄧˋ","壢","https://dict.concised.moe.edu.tw/searchP.jsp?SN=%E3%84%8C&SN2=%E3%84%8C%E3%84%A7%CB%8B#selectL"
"ㄌ","ㄌㄧˋ","櫟","https://dict.concised.moe.edu.tw/searchP.jsp?SN=%E3%84%8C&SN2=%E3%84%8C%E3%84%A7%CB%8B#selectL"
"ㄌ","ㄌㄧˋ","瀝","https://dict.concised.moe.edu.tw/searchP.jsp?SN=%E3%84%8C&SN2=%E3%84%8C%E3%84%A7%CB%8B#selectL"
"ㄌ","ㄌㄧˋ","麗","https://dict.concised.moe.edu.tw/searchP.jsp?SN=%E3%84%8C&SN2=%E3%84%8C%E3%84%A7%CB%8B#selectL"
"ㄌ","ㄌㄧˋ","櫪","https://dict.concised.moe.edu.tw/searchP.jsp?SN=%E3%84%8C&SN2=%E3%84%8C%E3%84%A7%CB%8B#selectL"
"ㄌ","ㄌㄧˋ","礪","https://dict.concised.moe.edu.tw/searchP.jsp?SN=%E3%84%8C&SN2=%E3%84%8C%E3%84%A7%CB%8B#selectL"
"ㄌ","ㄌㄧˋ","礫","https://dict.concised.moe.edu.tw/searchP.jsp?SN=%E3%84%8C&SN2=%E3%84%8C%E3%84%A7%CB%8B#selectL"
"ㄌ","ㄌㄧˋ","儷","https://dict.concised.moe.edu.tw/searchP.jsp?SN=%E3%84%8C&SN2=%E3%84%8C%E3%84%A7%CB%8B#selectL"
"ㄌ","ㄌㄧˋ","蠣","https://dict.concised.moe.edu.tw/searchP.jsp?SN=%E3%84%8C&SN2=%E3%84%8C%E3%84%A7%CB%8B#selectL"
"ㄌ","ㄌㄧˋ","酈","https://dict.concised.moe.edu.tw/searchP.jsp?SN=%E3%84%8C&SN2=%E3%84%8C%E3%84%A7%CB%8B#selectL"
"ㄌ","ㄌㄧˋ","靂","https://dict.concised.moe.edu.tw/searchP.jsp?SN=%E3%84%8C&SN2=%E3%84%8C%E3%84%A7%CB%8B#selectL"
"ㄌ","ㄌㄧㄚˇ","倆","https://dict.concised.moe.edu.tw/searchP.jsp?SN=%E3%84%8C&SN2=%E3%84%8C%E3%84%A7%E3%84%9A%CB%87#selectL"
"ㄌ","ㄌㄧㄝˇ","咧","https://dict.concised.moe.edu.tw/searchP.jsp?SN=%E3%84%8C&SN2=%E3%84%8C%E3%84%A7%E3%84%9D%CB%87#selectL"
"ㄌ","ㄌㄧㄝˋ","列","https://dict.concised.moe.edu.tw/searchP.jsp?SN=%E3%84%8C&SN2=%E3%84%8C%E3%84%A7%E3%84%9D%CB%8B#selectL"
"ㄌ","ㄌㄧㄝˋ","劣","https://dict.concised.moe.edu.tw/searchP.jsp?SN=%E3%84%8C&SN2=%E3%84%8C%E3%84%A7%E3%84%9D%CB%8B#selectL"
"ㄌ","ㄌㄧㄝˋ","冽","https://dict.concised.moe.edu.tw/searchP.jsp?SN=%E3%84%8C&SN2=%E3%84%8C%E3%84%A7%E3%84%9D%CB%8B#selectL"
"ㄌ","ㄌㄧㄝˋ","洌","https://dict.concised.moe.edu.tw/searchP.jsp?SN=%E3%84%8C&SN2=%E3%84%8C%E3%84%A7%E3%84%9D%CB%8B#selectL"
"ㄌ","ㄌㄧㄝˋ","烈","https://dict.concised.moe.edu.tw/searchP.jsp?SN=%E3%84%8C&SN2=%E3%84%8C%E3%84%A7%E3%84%9D%CB%8B#selectL"
"ㄌ","ㄌㄧㄝˋ","捩","https://dict.concised.moe.edu.tw/searchP.jsp?SN=%E3%84%8C&SN2=%E3%84%8C%E3%84%A7%E3%84%9D%CB%8B#selectL"
"ㄌ","ㄌㄧㄝˋ","裂","https://dict.concised.moe.edu.tw/searchP.jsp?SN=%E3%84%8C&SN2=%E3%84%8C%E3%84%A7%E3%84%9D%CB%8B#selectL"
"ㄌ","ㄌㄧㄝˋ","獵","https://dict.concised.moe.edu.tw/searchP.jsp?SN=%E3%84%8C&SN2=%E3%84%8C%E3%84%A7%E3%84%9D%CB%8B#selectL"
"ㄌ","ㄌㄧㄝˋ","邋","https://dict.concised.moe.edu.tw/searchP.jsp?SN=%E3%84%8C&SN2=%E3%84%8C%E3%84%A7%E3%84%9D%CB%8B#selectL"
"ㄌ","ㄌㄧㄝˋ","鬣","https://dict.concised.moe.edu.tw/searchP.jsp?SN=%E3%84%8C&SN2=%E3%84%8C%E3%84%A7%E3%84%9D%CB%8B#selectL"
"ㄌ","ㄌㄧㄠˇ","了","https://dict.concised.moe.edu.tw/searchP.jsp?SN=%E3%84%8C&SN2=%E3%84%8C%E3%84%A7%E3%84%A0%CB%87#selectL"
"ㄌ","ㄌㄧㄠˇ","蓼","https://dict.concised.moe.edu.tw/searchP.jsp?SN=%E3%84%8C&SN2=%E3%84%8C%E3%84%A7%E3%84%A0%CB%87#selectL"
"ㄌ","ㄌㄧㄠˇ","瞭","https://dict.concised.moe.edu.tw/searchP.jsp?SN=%E3%84%8C&SN2=%E3%84%8C%E3%84%A7%E3%84%A0%CB%87#selectL"
"ㄌ","ㄌㄧㄠˊ","聊","https://dict.concised.moe.edu.tw/searchP.jsp?SN=%E3%84%8C&SN2=%E3%84%8C%E3%84%A7%E3%84%A0%CB%8A#selectL"
"ㄌ","ㄌㄧㄠˊ","僚","https://dict.concised.moe.edu.tw/searchP.jsp?SN=%E3%84%8C&SN2=%E3%84%8C%E3%84%A7%E3%84%A0%CB%8A#selectL"
"ㄌ","ㄌㄧㄠˊ","寥","https://dict.concised.moe.edu.tw/searchP.jsp?SN=%E3%84%8C&SN2=%E3%84%8C%E3%84%A7%E3%84%A0%CB%8A#selectL"
"ㄌ","ㄌㄧㄠˊ","嘹","https://dict.concised.moe.edu.tw/searchP.jsp?SN=%E3%84%8C&SN2=%E3%84%8C%E3%84%A7%E3%84%A0%CB%8A#selectL"
"ㄌ","ㄌㄧㄠˊ","寮","https://dict.concised.moe.edu.tw/searchP.jsp?SN=%E3%84%8C&SN2=%E3%84%8C%E3%84%A7%E3%84%A0%CB%8A#selectL"
"ㄌ","ㄌㄧㄠˊ","撩","https://dict.concised.moe.edu.tw/searchP.jsp?SN=%E3%84%8C&SN2=%E3%84%8C%E3%84%A7%E3%84%A0%CB%8A#selectL"
"ㄌ","ㄌㄧㄠˊ","潦","https://dict.concised.moe.edu.tw/searchP.jsp?SN=%E3%84%8C&SN2=%E3%84%8C%E3%84%A7%E3%84%A0%CB%8A#selectL"
"ㄌ","ㄌㄧㄠˊ","獠","https://dict.concised.moe.edu.tw/searchP.jsp?SN=%E3%84%8C&SN2=%E3%84%8C%E3%84%A7%E3%84%A0%CB%8A#selectL"
"ㄌ","ㄌㄧㄠˊ","燎","https://dict.concised.moe.edu.tw/searchP.jsp?SN=%E3%84%8C&SN2=%E3%84%8C%E3%84%A7%E3%84%A0%CB%8A#selectL"
"ㄌ","ㄌㄧㄠˊ","遼","https://dict.concised.moe.edu.tw/searchP.jsp?SN=%E3%84%8C&SN2=%E3%84%8C%E3%84%A7%E3%84%A0%CB%8A#selectL"
"ㄌ","ㄌㄧㄠˊ","療","https://dict.concised.moe.edu.tw/searchP.jsp?SN=%E3%84%8C&SN2=%E3%84%8C%E3%84%A7%E3%84%A0%CB%8A#selectL"
"ㄌ","ㄌㄧㄠˊ","繚","https://dict.concised.moe.edu.tw/searchP.jsp?SN=%E3%84%8C&SN2=%E3%84%8C%E3%84%A7%E3%84%A0%CB%8A#selectL"
"ㄌ","ㄌㄧㄠˊ","鐐","https://dict.concised.moe.edu.tw/searchP.jsp?SN=%E3%84%8C&SN2=%E3%84%8C%E3%84%A7%E3%84%A0%CB%8A#selectL"
"ㄌ","ㄌㄧㄠˊ","鷯","https://dict.concised.moe.edu.tw/searchP.jsp?SN=%E3%84%8C&SN2=%E3%84%8C%E3%84%A7%E3%84%A0%CB%8A#selectL"
"ㄌ","ㄌㄧㄠˋ","料","https://dict.concised.moe.edu.tw/searchP.jsp?SN=%E3%84%8C&SN2=%E3%84%8C%E3%84%A7%E3%84%A0%CB%8B#selectL"
"ㄌ","ㄌㄧㄠˋ","廖","https://dict.concised.moe.edu.tw/searchP.jsp?SN=%E3%84%8C&SN2=%E3%84%8C%E3%84%A7%E3%84%A0%CB%8B#selectL"
"ㄌ","ㄌㄧㄠˋ","撂","https://dict.concised.moe.edu.tw/searchP.jsp?SN=%E3%84%8C&SN2=%E3%84%8C%E3%84%A7%E3%84%A0%CB%8B#selectL"
"ㄌ","ㄌㄧㄠˋ","瞭","https://dict.concised.moe.edu.tw/searchP.jsp?SN=%E3%84%8C&SN2=%E3%84%8C%E3%84%A7%E3%84%A0%CB%8B#selectL"
"ㄌ","ㄌㄧㄡ","溜","https://dict.concised.moe.edu.tw/searchP.jsp?SN=%E3%84%8C&SN2=%E3%84%8C%E3%84%A7%E3%84%A1#selectL"
"ㄌ","ㄌㄧㄡˇ","柳","https://dict.concised.moe.edu.tw/searchP.jsp?SN=%E3%84%8C&SN2=%E3%84%8C%E3%84%A7%E3%84%A1%CB%87#selectL"
"ㄌ","ㄌㄧㄡˇ","綹","https://dict.concised.moe.edu.tw/searchP.jsp?SN=%E3%84%8C&SN2=%E3%84%8C%E3%84%A7%E3%84%A1%CB%87#selectL"
"ㄌ","ㄌㄧㄡˊ","流","https://dict.concised.moe.edu.tw/searchP.jsp?SN=%E3%84%8C&SN2=%E3%84%8C%E3%84%A7%E3%84%A1%CB%8A#selectL"
"ㄌ","ㄌㄧㄡˊ","琉","https://dict.concised.moe.edu.tw/searchP.jsp?SN=%E3%84%8C&SN2=%E3%84%8C%E3%84%A7%E3%84%A1%CB%8A#selectL"
"ㄌ","ㄌㄧㄡˊ","留","https://dict.concised.moe.edu.tw/searchP.jsp?SN=%E3%84%8C&SN2=%E3%84%8C%E3%84%A7%E3%84%A1%CB%8A#selectL"
"ㄌ","ㄌㄧㄡˊ","硫","https://dict.concised.moe.edu.tw/searchP.jsp?SN=%E3%84%8C&SN2=%E3%84%8C%E3%84%A7%E3%84%A1%CB%8A#selectL"
"ㄌ","ㄌㄧㄡˊ","榴","https://dict.concised.moe.edu.tw/searchP.jsp?SN=%E3%84%8C&SN2=%E3%84%8C%E3%84%A7%E3%84%A1%CB%8A#selectL"
"ㄌ","ㄌㄧㄡˊ","劉","https://dict.concised.moe.edu.tw/searchP.jsp?SN=%E3%84%8C&SN2=%E3%84%8C%E3%84%A7%E3%84%A1%CB%8A#selectL"
"ㄌ","ㄌㄧㄡˊ","瘤","https://dict.concised.moe.edu.tw/searchP.jsp?SN=%E3%84%8C&SN2=%E3%84%8C%E3%84%A7%E3%84%A1%CB%8A#selectL"
"ㄌ","ㄌㄧㄡˊ","瀏","https://dict.concised.moe.edu.tw/searchP.jsp?SN=%E3%84%8C&SN2=%E3%84%8C%E3%84%A7%E3%84%A1%CB%8A#selectL"
"ㄌ","ㄌㄧㄡˊ","騮","https://dict.concised.moe.edu.tw/searchP.jsp?SN=%E3%84%8C&SN2=%E3%84%8C%E3%84%A7%E3%84%A1%CB%8A#selectL"
"ㄌ","ㄌㄧㄡˋ","六","https://dict.concised.moe.edu.tw/searchP.jsp?SN=%E3%84%8C&SN2=%E3%84%8C%E3%84%A7%E3%84%A1%CB%8B#selectL"
"ㄌ","ㄌㄧㄡˋ","陸","https://dict.concised.moe.edu.tw/searchP.jsp?SN=%E3%84%8C&SN2=%E3%84%8C%E3%84%A7%E3%84%A1%CB%8B#selectL"
"ㄌ","ㄌㄧㄡˋ","溜","https://dict.concised.moe.edu.tw/searchP.jsp?SN=%E3%84%8C&SN2=%E3%84%8C%E3%84%A7%E3%84%A1%CB%8B#selectL"
"ㄌ","ㄌㄧㄡˋ","遛","https://dict.concised.moe.edu.tw/searchP.jsp?SN=%E3%84%8C&SN2=%E3%84%8C%E3%84%A7%E3%84%A1%CB%8B#selectL"
"ㄌ","ㄌㄧㄡˋ","蹓","https://dict.concised.moe.edu.tw/searchP.jsp?SN=%E3%84%8C&SN2=%E3%84%8C%E3%84%A7%E3%84%A1%CB%8B#selectL"
"ㄌ","ㄌㄧㄡˋ","霤","https://dict.concised.moe.edu.tw/searchP.jsp?SN=%E3%84%8C&SN2=%E3%84%8C%E3%84%A7%E3%84%A1%CB%8B#selectL"
"ㄌ","ㄌㄧㄡˋ","餾","https://dict.concised.moe.edu.tw/searchP.jsp?SN=%E3%84%8C&SN2=%E3%84%8C%E3%84%A7%E3%84%A1%CB%8B#selectL"
"ㄌ","ㄌㄧㄢˇ","臉","https://dict.concised.moe.edu.tw/searchP.jsp?SN=%E3%84%8C&SN2=%E3%84%8C%E3%84%A7%E3%84%A2%CB%87#selectL"
"ㄌ","ㄌㄧㄢˊ","帘","https://dict.concised.moe.edu.tw/searchP.jsp?SN=%E3%84%8C&SN2=%E3%84%8C%E3%84%A7%E3%84%A2%CB%8A#selectL"
"ㄌ","ㄌㄧㄢˊ","連","https://dict.concised.moe.edu.tw/searchP.jsp?SN=%E3%84%8C&SN2=%E3%84%8C%E3%84%A7%E3%84%A2%CB%8A#selectL"
"ㄌ","ㄌㄧㄢˊ","廉","https://dict.concised.moe.edu.tw/searchP.jsp?SN=%E3%84%8C&SN2=%E3%84%8C%E3%84%A7%E3%84%A2%CB%8A#selectL"
"ㄌ","ㄌㄧㄢˊ","奩","https://dict.concised.moe.edu.tw/searchP.jsp?SN=%E3%84%8C&SN2=%E3%84%8C%E3%84%A7%E3%84%A2%CB%8A#selectL"
"ㄌ","ㄌㄧㄢˊ","漣","https://dict.concised.moe.edu.tw/searchP.jsp?SN=%E3%84%8C&SN2=%E3%84%8C%E3%84%A7%E3%84%A2%CB%8A#selectL"
"ㄌ","ㄌㄧㄢˊ","憐","https://dict.concised.moe.edu.tw/searchP.jsp?SN=%E3%84%8C&SN2=%E3%84%8C%E3%84%A7%E3%84%A2%CB%8A#selectL"
"ㄌ","ㄌㄧㄢˊ","槤","https://dict.concised.moe.edu.tw/searchP.jsp?SN=%E3%84%8C&SN2=%E3%84%8C%E3%84%A7%E3%84%A2%CB%8A#selectL"
"ㄌ","ㄌㄧㄢˊ","璉","https://dict.concised.moe.edu.tw/searchP.jsp?SN=%E3%84%8C&SN2=%E3%84%8C%E3%84%A7%E3%84%A2%CB%8A#selectL"
"ㄌ","ㄌㄧㄢˊ","蓮","https://dict.concised.moe.edu.tw/searchP.jsp?SN=%E3%84%8C&SN2=%E3%84%8C%E3%84%A7%E3%84%A2%CB%8A#selectL"
"ㄌ","ㄌㄧㄢˊ","濂","https://dict.concised.moe.edu.tw/searchP.jsp?SN=%E3%84%8C&SN2=%E3%84%8C%E3%84%A7%E3%84%A2%CB%8A#selectL"
"ㄌ","ㄌㄧㄢˊ","聯","https://dict.concised.moe.edu.tw/searchP.jsp?SN=%E3%84%8C&SN2=%E3%84%8C%E3%84%A7%E3%84%A2%CB%8A#selectL"
"ㄌ","ㄌㄧㄢˊ","褳","https://dict.concised.moe.edu.tw/searchP.jsp?SN=%E3%84%8C&SN2=%E3%84%8C%E3%84%A7%E3%84%A2%CB%8A#selectL"
"ㄌ","ㄌㄧㄢˊ","簾","https://dict.concised.moe.edu.tw/searchP.jsp?SN=%E3%84%8C&SN2=%E3%84%8C%E3%84%A7%E3%84%A2%CB%8A#selectL"
"ㄌ","ㄌㄧㄢˊ","鐮","https://dict.concised.moe.edu.tw/searchP.jsp?SN=%E3%84%8C&SN2=%E3%84%8C%E3%84%A7%E3%84%A2%CB%8A#selectL"
"ㄌ","ㄌㄧㄢˊ","鰱","https://dict.concised.moe.edu.tw/searchP.jsp?SN=%E3%84%8C&SN2=%E3%84%8C%E3%84%A7%E3%84%A2%CB%8A#selectL"
"ㄌ","ㄌㄧㄢˋ","楝","https://dict.concised.moe.edu.tw/searchP.jsp?SN=%E3%84%8C&SN2=%E3%84%8C%E3%84%A7%E3%84%A2%CB%8B#selectL"
"ㄌ","ㄌㄧㄢˋ","煉","https://dict.concised.moe.edu.tw/searchP.jsp?SN=%E3%84%8C&SN2=%E3%84%8C%E3%84%A7%E3%84%A2%CB%8B#selectL"
"ㄌ","ㄌㄧㄢˋ","練","https://dict.concised.moe.edu.tw/searchP.jsp?SN=%E3%84%8C&SN2=%E3%84%8C%E3%84%A7%E3%84%A2%CB%8B#selectL"
"ㄌ","ㄌㄧㄢˋ","斂","https://dict.concised.moe.edu.tw/searchP.jsp?SN=%E3%84%8C&SN2=%E3%84%8C%E3%84%A7%E3%84%A2%CB%8B#selectL"
"ㄌ","ㄌㄧㄢˋ","殮","https://dict.concised.moe.edu.tw/searchP.jsp?SN=%E3%84%8C&SN2=%E3%84%8C%E3%84%A7%E3%84%A2%CB%8B#selectL"
"ㄌ","ㄌㄧㄢˋ","鍊","https://dict.concised.moe.edu.tw/searchP.jsp?SN=%E3%84%8C&SN2=%E3%84%8C%E3%84%A7%E3%84%A2%CB%8B#selectL"
"ㄌ","ㄌㄧㄢˋ","鏈","https://dict.concised.moe.edu.tw/searchP.jsp?SN=%E3%84%8C&SN2=%E3%84%8C%E3%84%A7%E3%84%A2%CB%8B#selectL"
"ㄌ","ㄌㄧㄢˋ","瀲","https://dict.concised.moe.edu.tw/searchP.jsp?SN=%E3%84%8C&SN2=%E3%84%8C%E3%84%A7%E3%84%A2%CB%8B#selectL"
"ㄌ","ㄌㄧㄢˋ","戀","https://dict.concised.moe.edu.tw/searchP.jsp?SN=%E3%84%8C&SN2=%E3%84%8C%E3%84%A7%E3%84%A2%CB%8B#selectL"
"ㄌ","ㄌㄧㄣˇ","稟","https://dict.concised.moe.edu.tw/searchP.jsp?SN=%E3%84%8C&SN2=%E3%84%8C%E3%84%A7%E3%84%A3%CB%87#selectL"
"ㄌ","ㄌㄧㄣˇ","凜","https://dict.concised.moe.edu.tw/searchP.jsp?SN=%E3%84%8C&SN2=%E3%84%8C%E3%84%A7%E3%84%A3%CB%87#selectL"
"ㄌ","ㄌㄧㄣˇ","廩","https://dict.concised.moe.edu.tw/searchP.jsp?SN=%E3%84%8C&SN2=%E3%84%8C%E3%84%A7%E3%84%A3%CB%87#selectL"
"ㄌ","ㄌㄧㄣˇ","懍","https://dict.concised.moe.edu.tw/searchP.jsp?SN=%E3%84%8C&SN2=%E3%84%8C%E3%84%A7%E3%84%A3%CB%87#selectL"
"ㄌ","ㄌㄧㄣˊ","林","https://dict.concised.moe.edu.tw/searchP.jsp?SN=%E3%84%8C&SN2=%E3%84%8C%E3%84%A7%E3%84%A3%CB%8A#selectL"
"ㄌ","ㄌㄧㄣˊ","淋","https://dict.concised.moe.edu.tw/searchP.jsp?SN=%E3%84%8C&SN2=%E3%84%8C%E3%84%A7%E3%84%A3%CB%8A#selectL"
"ㄌ","ㄌㄧㄣˊ","琳","https://dict.concised.moe.edu.tw/searchP.jsp?SN=%E3%84%8C&SN2=%E3%84%8C%E3%84%A7%E3%84%A3%CB%8A#selectL"
"ㄌ","ㄌㄧㄣˊ","粼","https://dict.concised.moe.edu.tw/searchP.jsp?SN=%E3%84%8C&SN2=%E3%84%8C%E3%84%A7%E3%84%A3%CB%8A#selectL"
"ㄌ","ㄌㄧㄣˊ","嶙","https://dict.concised.moe.edu.tw/searchP.jsp?SN=%E3%84%8C&SN2=%E3%84%8C%E3%84%A7%E3%84%A3%CB%8A#selectL"
"ㄌ","ㄌㄧㄣˊ","鄰","https://dict.concised.moe.edu.tw/searchP.jsp?SN=%E3%84%8C&SN2=%E3%84%8C%E3%84%A7%E3%84%A3%CB%8A#selectL"
"ㄌ","ㄌㄧㄣˊ","燐","https://dict.concised.moe.edu.tw/searchP.jsp?SN=%E3%84%8C&SN2=%E3%84%8C%E3%84%A7%E3%84%A3%CB%8A#selectL"
"ㄌ","ㄌㄧㄣˊ","遴","https://dict.concised.moe.edu.tw/searchP.jsp?SN=%E3%84%8C&SN2=%E3%84%8C%E3%84%A7%E3%84%A3%CB%8A#selectL"
"ㄌ","ㄌㄧㄣˊ","霖","https://dict.concised.moe.edu.tw/searchP.jsp?SN=%E3%84%8C&SN2=%E3%84%8C%E3%84%A7%E3%84%A3%CB%8A#selectL"
"ㄌ","ㄌㄧㄣˊ","瞵","https://dict.concised.moe.edu.tw/searchP.jsp?SN=%E3%84%8C&SN2=%E3%84%8C%E3%84%A7%E3%84%A3%CB%8A#selectL"
"ㄌ","ㄌㄧㄣˊ","磷","https://dict.concised.moe.edu.tw/searchP.jsp?SN=%E3%84%8C&SN2=%E3%84%8C%E3%84%A7%E3%84%A3%CB%8A#selectL"
"ㄌ","ㄌㄧㄣˊ","臨","https://dict.concised.moe.edu.tw/searchP.jsp?SN=%E3%84%8C&SN2=%E3%84%8C%E3%84%A7%E3%84%A3%CB%8A#selectL"
"ㄌ","ㄌㄧㄣˊ","鱗","https://dict.concised.moe.edu.tw/searchP.jsp?SN=%E3%84%8C&SN2=%E3%84%8C%E3%84%A7%E3%84%A3%CB%8A#selectL"
"ㄌ","ㄌㄧㄣˊ","麟","https://dict.concised.moe.edu.tw/searchP.jsp?SN=%E3%84%8C&SN2=%E3%84%8C%E3%84%A7%E3%84%A3%CB%8A#selectL"
"ㄌ","ㄌㄧㄣˋ","吝","https://dict.concised.moe.edu.tw/searchP.jsp?SN=%E3%84%8C&SN2=%E3%84%8C%E3%84%A7%E3%84%A3%CB%8B#selectL"
"ㄌ","ㄌㄧㄣˋ","賃","https://dict.concised.moe.edu.tw/searchP.jsp?SN=%E3%84%8C&SN2=%E3%84%8C%E3%84%A7%E3%84%A3%CB%8B#selectL"
"ㄌ","ㄌㄧㄣˋ","藺","https://dict.concised.moe.edu.tw/searchP.jsp?SN=%E3%84%8C&SN2=%E3%84%8C%E3%84%A7%E3%84%A3%CB%8B#selectL"
"ㄌ","ㄌㄧㄣˋ","躪","https://dict.concised.moe.edu.tw/searchP.jsp?SN=%E3%84%8C&SN2=%E3%84%8C%E3%84%A7%E3%84%A3%CB%8B#selectL"
"ㄌ","ㄌㄧㄤˇ","兩","https://dict.concised.moe.edu.tw/searchP.jsp?SN=%E3%84%8C&SN2=%E3%84%8C%E3%84%A7%E3%84%A4%CB%87#selectL"
"ㄌ","ㄌㄧㄤˇ","倆","https://dict.concised.moe.edu.tw/searchP.jsp?SN=%E3%84%8C&SN2=%E3%84%8C%E3%84%A7%E3%84%A4%CB%87#selectL"
"ㄌ","ㄌㄧㄤˇ","魎","https://dict.concised.moe.edu.tw/searchP.jsp?SN=%E3%84%8C&SN2=%E3%84%8C%E3%84%A7%E3%84%A4%CB%87#selectL"
"ㄌ","ㄌㄧㄤˊ","良","https://dict.concised.moe.edu.tw/searchP.jsp?SN=%E3%84%8C&SN2=%E3%84%8C%E3%84%A7%E3%84%A4%CB%8A#selectL"
"ㄌ","ㄌㄧㄤˊ","梁","https://dict.concised.moe.edu.tw/searchP.jsp?SN=%E3%84%8C&SN2=%E3%84%8C%E3%84%A7%E3%84%A4%CB%8A#selectL"
"ㄌ","ㄌㄧㄤˊ","涼","https://dict.concised.moe.edu.tw/searchP.jsp?SN=%E3%84%8C&SN2=%E3%84%8C%E3%84%A7%E3%84%A4%CB%8A#selectL"
"ㄌ","ㄌㄧㄤˊ","量","https://dict.concised.moe.edu.tw/searchP.jsp?SN=%E3%84%8C&SN2=%E3%84%8C%E3%84%A7%E3%84%A4%CB%8A#selectL"
"ㄌ","ㄌㄧㄤˊ","粱","https://dict.concised.moe.edu.tw/searchP.jsp?SN=%E3%84%8C&SN2=%E3%84%8C%E3%84%A7%E3%84%A4%CB%8A#selectL"
"ㄌ","ㄌㄧㄤˊ","踉","https://dict.concised.moe.edu.tw/searchP.jsp?SN=%E3%84%8C&SN2=%E3%84%8C%E3%84%A7%E3%84%A4%CB%8A#selectL"
"ㄌ","ㄌㄧㄤˊ","糧","https://dict.concised.moe.edu.tw/searchP.jsp?SN=%E3%84%8C&SN2=%E3%84%8C%E3%84%A7%E3%84%A4%CB%8A#selectL"
"ㄌ","ㄌㄧㄤˋ","亮","https://dict.concised.moe.edu.tw/searchP.jsp?SN=%E3%84%8C&SN2=%E3%84%8C%E3%84%A7%E3%84%A4%CB%8B#selectL"
"ㄌ","ㄌㄧㄤˋ","涼","https://dict.concised.moe.edu.tw/searchP.jsp?SN=%E3%84%8C&SN2=%E3%84%8C%E3%84%A7%E3%84%A4%CB%8B#selectL"
"ㄌ","ㄌㄧㄤˋ","喨","https://dict.concised.moe.edu.tw/searchP.jsp?SN=%E3%84%8C&SN2=%E3%84%8C%E3%84%A7%E3%84%A4%CB%8B#selectL"
"ㄌ","ㄌㄧㄤˋ","晾","https://dict.concised.moe.edu.tw/searchP.jsp?SN=%E3%84%8C&SN2=%E3%84%8C%E3%84%A7%E3%84%A4%CB%8B#selectL"
"ㄌ","ㄌㄧㄤˋ","量","https://dict.concised.moe.edu.tw/searchP.jsp?SN=%E3%84%8C&SN2=%E3%84%8C%E3%84%A7%E3%84%A4%CB%8B#selectL"
"ㄌ","ㄌㄧㄤˋ","踉","https://dict.concised.moe.edu.tw/searchP.jsp?SN=%E3%84%8C&SN2=%E3%84%8C%E3%84%A7%E3%84%A4%CB%8B#selectL"
"ㄌ","ㄌㄧㄤˋ","諒","https://dict.concised.moe.edu.tw/searchP.jsp?SN=%E3%84%8C&SN2=%E3%84%8C%E3%84%A7%E3%84%A4%CB%8B#selectL"
"ㄌ","ㄌㄧㄤˋ","輛","https://dict.concised.moe.edu.tw/searchP.jsp?SN=%E3%84%8C&SN2=%E3%84%8C%E3%84%A7%E3%84%A4%CB%8B#selectL"
"ㄌ","ㄌㄧㄥ","拎","https://dict.concised.moe.edu.tw/searchP.jsp?SN=%E3%84%8C&SN2=%E3%84%8C%E3%84%A7%E3%84%A5#selectL"
"ㄌ","ㄌㄧㄥˇ","領","https://dict.concised.moe.edu.tw/searchP.jsp?SN=%E3%84%8C&SN2=%E3%84%8C%E3%84%A7%E3%84%A5%CB%87#selectL"
"ㄌ","ㄌㄧㄥˇ","嶺","https://dict.concised.moe.edu.tw/searchP.jsp?SN=%E3%84%8C&SN2=%E3%84%8C%E3%84%A7%E3%84%A5%CB%87#selectL"
"ㄌ","ㄌㄧㄥˊ","伶","https://dict.concised.moe.edu.tw/searchP.jsp?SN=%E3%84%8C&SN2=%E3%84%8C%E3%84%A7%E3%84%A5%CB%8A#selectL"
"ㄌ","ㄌㄧㄥˊ","囹","https://dict.concised.moe.edu.tw/searchP.jsp?SN=%E3%84%8C&SN2=%E3%84%8C%E3%84%A7%E3%84%A5%CB%8A#selectL"
"ㄌ","ㄌㄧㄥˊ","泠","https://dict.concised.moe.edu.tw/searchP.jsp?SN=%E3%84%8C&SN2=%E3%84%8C%E3%84%A7%E3%84%A5%CB%8A#selectL"
"ㄌ","ㄌㄧㄥˊ","玲","https://dict.concised.moe.edu.tw/searchP.jsp?SN=%E3%84%8C&SN2=%E3%84%8C%E3%84%A7%E3%84%A5%CB%8A#selectL"
"ㄌ","ㄌㄧㄥˊ","凌","https://dict.concised.moe.edu.tw/searchP.jsp?SN=%E3%84%8C&SN2=%E3%84%8C%E3%84%A7%E3%84%A5%CB%8A#selectL"
"ㄌ","ㄌㄧㄥˊ","淩","https://dict.concised.moe.edu.tw/searchP.jsp?SN=%E3%84%8C&SN2=%E3%84%8C%E3%84%A7%E3%84%A5%CB%8A#selectL"
"ㄌ","ㄌㄧㄥˊ","羚","https://dict.concised.moe.edu.tw/searchP.jsp?SN=%E3%84%8C&SN2=%E3%84%8C%E3%84%A7%E3%84%A5%CB%8A#selectL"
"ㄌ","ㄌㄧㄥˊ","翎","https://dict.concised.moe.edu.tw/searchP.jsp?SN=%E3%84%8C&SN2=%E3%84%8C%E3%84%A7%E3%84%A5%CB%8A#selectL"
"ㄌ","ㄌㄧㄥˊ","聆","https://dict.concised.moe.edu.tw/searchP.jsp?SN=%E3%84%8C&SN2=%E3%84%8C%E3%84%A7%E3%84%A5%CB%8A#selectL"
"ㄌ","ㄌㄧㄥˊ","蛉","https://dict.concised.moe.edu.tw/searchP.jsp?SN=%E3%84%8C&SN2=%E3%84%8C%E3%84%A7%E3%84%A5%CB%8A#selectL"
"ㄌ","ㄌㄧㄥˊ","陵","https://dict.concised.moe.edu.tw/searchP.jsp?SN=%E3%84%8C&SN2=%E3%84%8C%E3%84%A7%E3%84%A5%CB%8A#selectL"
"ㄌ","ㄌㄧㄥˊ","菱","https://dict.concised.moe.edu.tw/searchP.jsp?SN=%E3%84%8C&SN2=%E3%84%8C%E3%84%A7%E3%84%A5%CB%8A#selectL"
"ㄌ","ㄌㄧㄥˊ","鈴","https://dict.concised.moe.edu.tw/searchP.jsp?SN=%E3%84%8C&SN2=%E3%84%8C%E3%84%A7%E3%84%A5%CB%8A#selectL"
"ㄌ","ㄌㄧㄥˊ","零","https://dict.concised.moe.edu.tw/searchP.jsp?SN=%E3%84%8C&SN2=%E3%84%8C%E3%84%A7%E3%84%A5%CB%8A#selectL"
"ㄌ","ㄌㄧㄥˊ","綾","https://dict.concised.moe.edu.tw/searchP.jsp?SN=%E3%84%8C&SN2=%E3%84%8C%E3%84%A7%E3%84%A5%CB%8A#selectL"
"ㄌ","ㄌㄧㄥˊ","鴒","https://dict.concised.moe.edu.tw/searchP.jsp?SN=%E3%84%8C&SN2=%E3%84%8C%E3%84%A7%E3%84%A5%CB%8A#selectL"
"ㄌ","ㄌㄧㄥˊ","齡","https://dict.concised.moe.edu.tw/searchP.jsp?SN=%E3%84%8C&SN2=%E3%84%8C%E3%84%A7%E3%84%A5%CB%8A#selectL"
"ㄌ","ㄌㄧㄥˊ","櫺","https://dict.concised.moe.edu.tw/searchP.jsp?SN=%E3%84%8C&SN2=%E3%84%8C%E3%84%A7%E3%84%A5%CB%8A#selectL"
"ㄌ","ㄌㄧㄥˊ","靈","https://dict.concised.moe.edu.tw/searchP.jsp?SN=%E3%84%8C&SN2=%E3%84%8C%E3%84%A7%E3%84%A5%CB%8A#selectL"
"ㄌ","ㄌㄧㄥˊ","欞","https://dict.concised.moe.edu.tw/searchP.jsp?SN=%E3%84%8C&SN2=%E3%84%8C%E3%84%A7%E3%84%A5%CB%8A#selectL"
"ㄌ","ㄌㄧㄥˋ","令","https://dict.concised.moe.edu.tw/searchP.jsp?SN=%E3%84%8C&SN2=%E3%84%8C%E3%84%A7%E3%84%A5%CB%8B#selectL"
"ㄌ","ㄌㄧㄥˋ","另","https://dict.concised.moe.edu.tw/searchP.jsp?SN=%E3%84%8C&SN2=%E3%84%8C%E3%84%A7%E3%84%A5%CB%8B#selectL"
"ㄌ","ㄌㄨ","嚕","https://dict.concised.moe.edu.tw/searchP.jsp?SN=%E3%84%8C&SN2=%E3%84%8C%E3%84%A8#selectL"
"ㄌ","ㄌㄨˇ","鹵","https://dict.concised.moe.edu.tw/searchP.jsp?SN=%E3%84%8C&SN2=%E3%84%8C%E3%84%A8%CB%87#selectL"
"ㄌ","ㄌㄨˇ","虜","https://dict.concised.moe.edu.tw/searchP.jsp?SN=%E3%84%8C&SN2=%E3%84%8C%E3%84%A8%CB%87#selectL"
"ㄌ","ㄌㄨˇ","滷","https://dict.concised.moe.edu.tw/searchP.jsp?SN=%E3%84%8C&SN2=%E3%84%8C%E3%84%A8%CB%87#selectL"
"ㄌ","ㄌㄨˇ","魯","https://dict.concised.moe.edu.tw/searchP.jsp?SN=%E3%84%8C&SN2=%E3%84%8C%E3%84%A8%CB%87#selectL"
"ㄌ","ㄌㄨˇ","擄","https://dict.concised.moe.edu.tw/searchP.jsp?SN=%E3%84%8C&SN2=%E3%84%8C%E3%84%A8%CB%87#selectL"
"ㄌ","ㄌㄨˇ","櫓","https://dict.concised.moe.edu.tw/searchP.jsp?SN=%E3%84%8C&SN2=%E3%84%8C%E3%84%A8%CB%87#selectL"
"ㄌ","ㄌㄨˇ","氌","https://dict.concised.moe.edu.tw/searchP.jsp?SN=%E3%84%8C&SN2=%E3%84%8C%E3%84%A8%CB%87#selectL"
"ㄌ","ㄌㄨˊ","盧","https://dict.concised.moe.edu.tw/searchP.jsp?SN=%E3%84%8C&SN2=%E3%84%8C%E3%84%A8%CB%8A#selectL"
"ㄌ","ㄌㄨˊ","壚","https://dict.concised.moe.edu.tw/searchP.jsp?SN=%E3%84%8C&SN2=%E3%84%8C%E3%84%A8%CB%8A#selectL"
"ㄌ","ㄌㄨˊ","廬","https://dict.concised.moe.edu.tw/searchP.jsp?SN=%E3%84%8C&SN2=%E3%84%8C%E3%84%A8%CB%8A#selectL"
"ㄌ","ㄌㄨˊ","瀘","https://dict.concised.moe.edu.tw/searchP.jsp?SN=%E3%84%8C&SN2=%E3%84%8C%E3%84%A8%CB%8A#selectL"
"ㄌ","ㄌㄨˊ","爐","https://dict.concised.moe.edu.tw/searchP.jsp?SN=%E3%84%8C&SN2=%E3%84%8C%E3%84%A8%CB%8A#selectL"
"ㄌ","ㄌㄨˊ","臚","https://dict.concised.moe.edu.tw/searchP.jsp?SN=%E3%84%8C&SN2=%E3%84%8C%E3%84%A8%CB%8A#selectL"
"ㄌ","ㄌㄨˊ","蘆","https://dict.concised.moe.edu.tw/searchP.jsp?SN=%E3%84%8C&SN2=%E3%84%8C%E3%84%A8%CB%8A#selectL"
"ㄌ","ㄌㄨˊ","罏","https://dict.concised.moe.edu.tw/searchP.jsp?SN=%E3%84%8C&SN2=%E3%84%8C%E3%84%A8%CB%8A#selectL"
"ㄌ","ㄌㄨˊ","艫","https://dict.concised.moe.edu.tw/searchP.jsp?SN=%E3%84%8C&SN2=%E3%84%8C%E3%84%A8%CB%8A#selectL"
"ㄌ","ㄌㄨˊ","轤","https://dict.concised.moe.edu.tw/searchP.jsp?SN=%E3%84%8C&SN2=%E3%84%8C%E3%84%A8%CB%8A#selectL"
"ㄌ","ㄌㄨˊ","鑪","https://dict.concised.moe.edu.tw/searchP.jsp?SN=%E3%84%8C&SN2=%E3%84%8C%E3%84%A8%CB%8A#selectL"
"ㄌ","ㄌㄨˊ","顱","https://dict.concised.moe.edu.tw/searchP.jsp?SN=%E3%84%8C&SN2=%E3%84%8C%E3%84%A8%CB%8A#selectL"
"ㄌ","ㄌㄨˊ","鱸","https://dict.concised.moe.edu.tw/searchP.jsp?SN=%E3%84%8C&SN2=%E3%84%8C%E3%84%A8%CB%8A#selectL"
"ㄌ","ㄌㄨˋ","六","https://dict.concised.moe.edu.tw/searchP.jsp?SN=%E3%84%8C&SN2=%E3%84%8C%E3%84%A8%CB%8B#selectL"
"ㄌ","ㄌㄨˋ","陸","https://dict.concised.moe.edu.tw/searchP.jsp?SN=%E3%84%8C&SN2=%E3%84%8C%E3%84%A8%CB%8B#selectL"
"ㄌ","ㄌㄨˋ","鹿","https://dict.concised.moe.edu.tw/searchP.jsp?SN=%E3%84%8C&SN2=%E3%84%8C%E3%84%A8%CB%8B#selectL"
"ㄌ","ㄌㄨˋ","僇","https://dict.concised.moe.edu.tw/searchP.jsp?SN=%E3%84%8C&SN2=%E3%84%8C%E3%84%A8%CB%8B#selectL"
"ㄌ","ㄌㄨˋ","碌","https://dict.concised.moe.edu.tw/searchP.jsp?SN=%E3%84%8C&SN2=%E3%84%8C%E3%84%A8%CB%8B#selectL"
"ㄌ","ㄌㄨˋ","祿","https://dict.concised.moe.edu.tw/searchP.jsp?SN=%E3%84%8C&SN2=%E3%84%8C%E3%84%A8%CB%8B#selectL"
"ㄌ","ㄌㄨˋ","賂","https://dict.concised.moe.edu.tw/searchP.jsp?SN=%E3%84%8C&SN2=%E3%84%8C%E3%84%A8%CB%8B#selectL"
"ㄌ","ㄌㄨˋ","路","https://dict.concised.moe.edu.tw/searchP.jsp?SN=%E3%84%8C&SN2=%E3%84%8C%E3%84%A8%CB%8B#selectL"
"ㄌ","ㄌㄨˋ","漉","https://dict.concised.moe.edu.tw/searchP.jsp?SN=%E3%84%8C&SN2=%E3%84%8C%E3%84%A8%CB%8B#selectL"
"ㄌ","ㄌㄨˋ","戮","https://dict.concised.moe.edu.tw/searchP.jsp?SN=%E3%84%8C&SN2=%E3%84%8C%E3%84%A8%CB%8B#selectL"
"ㄌ","ㄌㄨˋ","蓼","https://dict.concised.moe.edu.tw/searchP.jsp?SN=%E3%84%8C&SN2=%E3%84%8C%E3%84%A8%CB%8B#selectL"
"ㄌ","ㄌㄨˋ","潞","https://dict.concised.moe.edu.tw/searchP.jsp?SN=%E3%84%8C&SN2=%E3%84%8C%E3%84%A8%CB%8B#selectL"
"ㄌ","ㄌㄨˋ","錄","https://dict.concised.moe.edu.tw/searchP.jsp?SN=%E3%84%8C&SN2=%E3%84%8C%E3%84%A8%CB%8B#selectL"
"ㄌ","ㄌㄨˋ","璐","https://dict.concised.moe.edu.tw/searchP.jsp?SN=%E3%84%8C&SN2=%E3%84%8C%E3%84%A8%CB%8B#selectL"
"ㄌ","ㄌㄨˋ","簏","https://dict.concised.moe.edu.tw/searchP.jsp?SN=%E3%84%8C&SN2=%E3%84%8C%E3%84%A8%CB%8B#selectL"
"ㄌ","ㄌㄨˋ","轆","https://dict.concised.moe.edu.tw/searchP.jsp?SN=%E3%84%8C&SN2=%E3%84%8C%E3%84%A8%CB%8B#selectL"
"ㄌ","ㄌㄨˋ","麓","https://dict.concised.moe.edu.tw/searchP.jsp?SN=%E3%84%8C&SN2=%E3%84%8C%E3%84%A8%CB%8B#selectL"
"ㄌ","ㄌㄨˋ","露","https://dict.concised.moe.edu.tw/searchP.jsp?SN=%E3%84%8C&SN2=%E3%84%8C%E3%84%A8%CB%8B#selectL"
"ㄌ","ㄌㄨˋ","籙","https://dict.concised.moe.edu.tw/searchP.jsp?SN=%E3%84%8C&SN2=%E3%84%8C%E3%84%A8%CB%8B#selectL"
"ㄌ","ㄌㄨˋ","鷺","https://dict.concised.moe.edu.tw/searchP.jsp?SN=%E3%84%8C&SN2=%E3%84%8C%E3%84%A8%CB%8B#selectL"
"ㄌ","ㄌㄨㄛ","囉","https://dict.concised.moe.edu.tw/searchP.jsp?SN=%E3%84%8C&SN2=%E3%84%8C%E3%84%A8%E3%84%9B#selectL"
"ㄌ","ㄌㄨㄛˇ","裸","https://dict.concised.moe.edu.tw/searchP.jsp?SN=%E3%84%8C&SN2=%E3%84%8C%E3%84%A8%E3%84%9B%CB%87#selectL"
"ㄌ","ㄌㄨㄛˊ","螺","https://dict.concised.moe.edu.tw/searchP.jsp?SN=%E3%84%8C&SN2=%E3%84%8C%E3%84%A8%E3%84%9B%CB%8A#selectL"
"ㄌ","ㄌㄨㄛˊ","羅","https://dict.concised.moe.edu.tw/searchP.jsp?SN=%E3%84%8C&SN2=%E3%84%8C%E3%84%A8%E3%84%9B%CB%8A#selectL"
"ㄌ","ㄌㄨㄛˊ","儸","https://dict.concised.moe.edu.tw/searchP.jsp?SN=%E3%84%8C&SN2=%E3%84%8C%E3%84%A8%E3%84%9B%CB%8A#selectL"
"ㄌ","ㄌㄨㄛˊ","騾","https://dict.concised.moe.edu.tw/searchP.jsp?SN=%E3%84%8C&SN2=%E3%84%8C%E3%84%A8%E3%84%9B%CB%8A#selectL"
"ㄌ","ㄌㄨㄛˊ","囉","https://dict.concised.moe.edu.tw/searchP.jsp?SN=%E3%84%8C&SN2=%E3%84%8C%E3%84%A8%E3%84%9B%CB%8A#selectL"
"ㄌ","ㄌㄨㄛˊ","玀","https://dict.concised.moe.edu.tw/searchP.jsp?SN=%E3%84%8C&SN2=%E3%84%8C%E3%84%A8%E3%84%9B%CB%8A#selectL"
"ㄌ","ㄌㄨㄛˊ","蘿","https://dict.concised.moe.edu.tw/searchP.jsp?SN=%E3%84%8C&SN2=%E3%84%8C%E3%84%A8%E3%84%9B%CB%8A#selectL"
"ㄌ","ㄌㄨㄛˊ","邏","https://dict.concised.moe.edu.tw/searchP.jsp?SN=%E3%84%8C&SN2=%E3%84%8C%E3%84%A8%E3%84%9B%CB%8A#selectL"
"ㄌ","ㄌㄨㄛˊ","籮","https://dict.concised.moe.edu.tw/searchP.jsp?SN=%E3%84%8C&SN2=%E3%84%8C%E3%84%A8%E3%84%9B%CB%8A#selectL"
"ㄌ","ㄌㄨㄛˊ","鑼","https://dict.concised.moe.edu.tw/searchP.jsp?SN=%E3%84%8C&SN2=%E3%84%8C%E3%84%A8%E3%84%9B%CB%8A#selectL"
"ㄌ","ㄌㄨㄛˋ","洛","https://dict.concised.moe.edu.tw/searchP.jsp?SN=%E3%84%8C&SN2=%E3%84%8C%E3%84%A8%E3%84%9B%CB%8B#selectL"
"ㄌ","ㄌㄨㄛˋ","烙","https://dict.concised.moe.edu.tw/searchP.jsp?SN=%E3%84%8C&SN2=%E3%84%8C%E3%84%A8%E3%84%9B%CB%8B#selectL"
"ㄌ","ㄌㄨㄛˋ","珞","https://dict.concised.moe.edu.tw/searchP.jsp?SN=%E3%84%8C&SN2=%E3%84%8C%E3%84%A8%E3%84%9B%CB%8B#selectL"
"ㄌ","ㄌㄨㄛˋ","絡","https://dict.concised.moe.edu.tw/searchP.jsp?SN=%E3%84%8C&SN2=%E3%84%8C%E3%84%A8%E3%84%9B%CB%8B#selectL"
"ㄌ","ㄌㄨㄛˋ","落","https://dict.concised.moe.edu.tw/searchP.jsp?SN=%E3%84%8C&SN2=%E3%84%8C%E3%84%A8%E3%84%9B%CB%8B#selectL"
"ㄌ","ㄌㄨㄛˋ","酪","https://dict.concised.moe.edu.tw/searchP.jsp?SN=%E3%84%8C&SN2=%E3%84%8C%E3%84%A8%E3%84%9B%CB%8B#selectL"
"ㄌ","ㄌㄨㄛˋ","漯","https://dict.concised.moe.edu.tw/searchP.jsp?SN=%E3%84%8C&SN2=%E3%84%8C%E3%84%A8%E3%84%9B%CB%8B#selectL"
"ㄌ","ㄌㄨㄛˋ","犖","https://dict.concised.moe.edu.tw/searchP.jsp?SN=%E3%84%8C&SN2=%E3%84%8C%E3%84%A8%E3%84%9B%CB%8B#selectL"
"ㄌ","ㄌㄨㄛˋ","雒","https://dict.concised.moe.edu.tw/searchP.jsp?SN=%E3%84%8C&SN2=%E3%84%8C%E3%84%A8%E3%84%9B%CB%8B#selectL"
"ㄌ","ㄌㄨㄛˋ","駱","https://dict.concised.moe.edu.tw/searchP.jsp?SN=%E3%84%8C&SN2=%E3%84%8C%E3%84%A8%E3%84%9B%CB%8B#selectL"
"ㄌ","ㄌㄨㄢˇ","卵","https://dict.concised.moe.edu.tw/searchP.jsp?SN=%E3%84%8C&SN2=%E3%84%8C%E3%84%A8%E3%84%A2%CB%87#selectL"
"ㄌ","ㄌㄨㄢˊ","孿","https://dict.concised.moe.edu.tw/searchP.jsp?SN=%E3%84%8C&SN2=%E3%84%8C%E3%84%A8%E3%84%A2%CB%8A#selectL"
"ㄌ","ㄌㄨㄢˊ","巒","https://dict.concised.moe.edu.tw/searchP.jsp?SN=%E3%84%8C&SN2=%E3%84%8C%E3%84%A8%E3%84%A2%CB%8A#selectL"
"ㄌ","ㄌㄨㄢˊ","攣","https://dict.concised.moe.edu.tw/searchP.jsp?SN=%E3%84%8C&SN2=%E3%84%8C%E3%84%A8%E3%84%A2%CB%8A#selectL"
"ㄌ","ㄌㄨㄢˊ","欒","https://dict.concised.moe.edu.tw/searchP.jsp?SN=%E3%84%8C&SN2=%E3%84%8C%E3%84%A8%E3%84%A2%CB%8A#selectL"
"ㄌ","ㄌㄨㄢˊ","臠","https://dict.concised.moe.edu.tw/searchP.jsp?SN=%E3%84%8C&SN2=%E3%84%8C%E3%84%A8%E3%84%A2%CB%8A#selectL"
"ㄌ","ㄌㄨㄢˊ","灤","https://dict.concised.moe.edu.tw/searchP.jsp?SN=%E3%84%8C&SN2=%E3%84%8C%E3%84%A8%E3%84%A2%CB%8A#selectL"
"ㄌ","ㄌㄨㄢˊ","鑾","https://dict.concised.moe.edu.tw/searchP.jsp?SN=%E3%84%8C&SN2=%E3%84%8C%E3%84%A8%E3%84%A2%CB%8A#selectL"
"ㄌ","ㄌㄨㄢˊ","鸞","https://dict.concised.moe.edu.tw/searchP.jsp?SN=%E3%84%8C&SN2=%E3%84%8C%E3%84%A8%E3%84%A2%CB%8A#selectL"
"ㄌ","ㄌㄨㄢˋ","亂","https://dict.concised.moe.edu.tw/searchP.jsp?SN=%E3%84%8C&SN2=%E3%84%8C%E3%84%A8%E3%84%A2%CB%8B#selectL"
"ㄌ","ㄌㄨㄣ","掄","https://dict.concised.moe.edu.tw/searchP.jsp?SN=%E3%84%8C&SN2=%E3%84%8C%E3%84%A8%E3%84%A3#selectL"
"ㄌ","ㄌㄨㄣˊ","侖","https://dict.concised.moe.edu.tw/searchP.jsp?SN=%E3%84%8C&SN2=%E3%84%8C%E3%84%A8%E3%84%A3%CB%8A#selectL"
"ㄌ","ㄌㄨㄣˊ","倫","https://dict.concised.moe.edu.tw/searchP.jsp?SN=%E3%84%8C&SN2=%E3%84%8C%E3%84%A8%E3%84%A3%CB%8A#selectL"
"ㄌ","ㄌㄨㄣˊ","圇","https://dict.concised.moe.edu.tw/searchP.jsp?SN=%E3%84%8C&SN2=%E3%84%8C%E3%84%A8%E3%84%A3%CB%8A#selectL"
"ㄌ","ㄌㄨㄣˊ","崙","https://dict.concised.moe.edu.tw/searchP.jsp?SN=%E3%84%8C&SN2=%E3%84%8C%E3%84%A8%E3%84%A3%CB%8A#selectL"
"ㄌ","ㄌㄨㄣˊ","掄","https://dict.concised.moe.edu.tw/searchP.jsp?SN=%E3%84%8C&SN2=%E3%84%8C%E3%84%A8%E3%84%A3%CB%8A#selectL"
"ㄌ","ㄌㄨㄣˊ","淪","https://dict.concised.moe.edu.tw/searchP.jsp?SN=%E3%84%8C&SN2=%E3%84%8C%E3%84%A8%E3%84%A3%CB%8A#selectL"
"ㄌ","ㄌㄨㄣˊ","綸","https://dict.concised.moe.edu.tw/searchP.jsp?SN=%E3%84%8C&SN2=%E3%84%8C%E3%84%A8%E3%84%A3%CB%8A#selectL"
"ㄌ","ㄌㄨㄣˊ","論","https://dict.concised.moe.edu.tw/searchP.jsp?SN=%E3%84%8C&SN2=%E3%84%8C%E3%84%A8%E3%84%A3%CB%8A#selectL"
"ㄌ","ㄌㄨㄣˊ","輪","https://dict.concised.moe.edu.tw/searchP.jsp?SN=%E3%84%8C&SN2=%E3%84%8C%E3%84%A8%E3%84%A3%CB%8A#selectL"
"ㄌ","ㄌㄨㄣˋ","論","https://dict.concised.moe.edu.tw/searchP.jsp?SN=%E3%84%8C&SN2=%E3%84%8C%E3%84%A8%E3%84%A3%CB%8B#selectL"
"ㄌ","ㄌㄨㄥˇ","壟","https://dict.concised.moe.edu.tw/searchP.jsp?SN=%E3%84%8C&SN2=%E3%84%8C%E3%84%A8%E3%84%A5%CB%87#selectL"
"ㄌ","ㄌㄨㄥˇ","攏","https://dict.concised.moe.edu.tw/searchP.jsp?SN=%E3%84%8C&SN2=%E3%84%8C%E3%84%A8%E3%84%A5%CB%87#selectL"
"ㄌ","ㄌㄨㄥˇ","隴","https://dict.concised.moe.edu.tw/searchP.jsp?SN=%E3%84%8C&SN2=%E3%84%8C%E3%84%A8%E3%84%A5%CB%87#selectL"
"ㄌ","ㄌㄨㄥˊ","隆","https://dict.concised.moe.edu.tw/searchP.jsp?SN=%E3%84%8C&SN2=%E3%84%8C%E3%84%A8%E3%84%A5%CB%8A#selectL"
"ㄌ","ㄌㄨㄥˊ","龍","https://dict.concised.moe.edu.tw/searchP.jsp?SN=%E3%84%8C&SN2=%E3%84%8C%E3%84%A8%E3%84%A5%CB%8A#selectL"
"ㄌ","ㄌㄨㄥˊ","窿","https://dict.concised.moe.edu.tw/searchP.jsp?SN=%E3%84%8C&SN2=%E3%84%8C%E3%84%A8%E3%84%A5%CB%8A#selectL"
"ㄌ","ㄌㄨㄥˊ","嚨","https://dict.concised.moe.edu.tw/searchP.jsp?SN=%E3%84%8C&SN2=%E3%84%8C%E3%84%A8%E3%84%A5%CB%8A#selectL"
"ㄌ","ㄌㄨㄥˊ","瀧","https://dict.concised.moe.edu.tw/searchP.jsp?SN=%E3%84%8C&SN2=%E3%84%8C%E3%84%A8%E3%84%A5%CB%8A#selectL"
"ㄌ","ㄌㄨㄥˊ","朧","https://dict.concised.moe.edu.tw/searchP.jsp?SN=%E3%84%8C&SN2=%E3%84%8C%E3%84%A8%E3%84%A5%CB%8A#selectL"
"ㄌ","ㄌㄨㄥˊ","瓏","https://dict.concised.moe.edu.tw/searchP.jsp?SN=%E3%84%8C&SN2=%E3%84%8C%E3%84%A8%E3%84%A5%CB%8A#selectL"
"ㄌ","ㄌㄨㄥˊ","矓","https://dict.concised.moe.edu.tw/searchP.jsp?SN=%E3%84%8C&SN2=%E3%84%8C%E3%84%A8%E3%84%A5%CB%8A#selectL"
"ㄌ","ㄌㄨㄥˊ","礱","https://dict.concised.moe.edu.tw/searchP.jsp?SN=%E3%84%8C&SN2=%E3%84%8C%E3%84%A8%E3%84%A5%CB%8A#selectL"
"ㄌ","ㄌㄨㄥˊ","籠","https://dict.concised.moe.edu.tw/searchP.jsp?SN=%E3%84%8C&SN2=%E3%84%8C%E3%84%A8%E3%84%A5%CB%8A#selectL"
"ㄌ","ㄌㄨㄥˊ","聾","https://dict.concised.moe.edu.tw/searchP.jsp?SN=%E3%84%8C&SN2=%E3%84%8C%E3%84%A8%E3%84%A5%CB%8A#selectL"
"ㄌ","ㄌㄨㄥˋ","弄","https://dict.concised.moe.edu.tw/searchP.jsp?SN=%E3%84%8C&SN2=%E3%84%8C%E3%84%A8%E3%84%A5%CB%8B#selectL"
"ㄌ","ㄌㄨㄥˋ","衖","https://dict.concised.moe.edu.tw/searchP.jsp?SN=%E3%84%8C&SN2=%E3%84%8C%E3%84%A8%E3%84%A5%CB%8B#selectL"
"ㄌ","ㄌㄩˇ","呂","https://dict.concised.moe.edu.tw/searchP.jsp?SN=%E3%84%8C&SN2=%E3%84%8C%E3%84%A9%CB%87#selectL"
"ㄌ","ㄌㄩˇ","侶","https://dict.concised.moe.edu.tw/searchP.jsp?SN=%E3%84%8C&SN2=%E3%84%8C%E3%84%A9%CB%87#selectL"
"ㄌ","ㄌㄩˇ","旅","https://dict.concised.moe.edu.tw/searchP.jsp?SN=%E3%84%8C&SN2=%E3%84%8C%E3%84%A9%CB%87#selectL"
"ㄌ","ㄌㄩˇ","婁","https://dict.concised.moe.edu.tw/searchP.jsp?SN=%E3%84%8C&SN2=%E3%84%8C%E3%84%A9%CB%87#selectL"
"ㄌ","ㄌㄩˇ","屢","https://dict.concised.moe.edu.tw/searchP.jsp?SN=%E3%84%8C&SN2=%E3%84%8C%E3%84%A9%CB%87#selectL"
"ㄌ","ㄌㄩˇ","履","https://dict.concised.moe.edu.tw/searchP.jsp?SN=%E3%84%8C&SN2=%E3%84%8C%E3%84%A9%CB%87#selectL"
"ㄌ","ㄌㄩˇ","鋁","https://dict.concised.moe.edu.tw/searchP.jsp?SN=%E3%84%8C&SN2=%E3%84%8C%E3%84%A9%CB%87#selectL"
"ㄌ","ㄌㄩˇ","縷","https://dict.concised.moe.edu.tw/searchP.jsp?SN=%E3%84%8C&SN2=%E3%84%8C%E3%84%A9%CB%87#selectL"
"ㄌ","ㄌㄩˇ","褸","https://dict.concised.moe.edu.tw/searchP.jsp?SN=%E3%84%8C&SN2=%E3%84%8C%E3%84%A9%CB%87#selectL"
"ㄌ","ㄌㄩˊ","閭","https://dict.concised.moe.edu.tw/searchP.jsp?SN=%E3%84%8C&SN2=%E3%84%8C%E3%84%A9%CB%8A#selectL"
"ㄌ","ㄌㄩˊ","櫚","https://dict.concised.moe.edu.tw/searchP.jsp?SN=%E3%84%8C&SN2=%E3%84%8C%E3%84%A9%CB%8A#selectL"
"ㄌ","ㄌㄩˊ","驢","https://dict.concised.moe.edu.tw/searchP.jsp?SN=%E3%84%8C&SN2=%E3%84%8C%E3%84%A9%CB%8A#selectL"
"ㄌ","ㄌㄩˋ","律","https://dict.concised.moe.edu.tw/searchP.jsp?SN=%E3%84%8C&SN2=%E3%84%8C%E3%84%A9%CB%8B#selectL"
"ㄌ","ㄌㄩˋ","率","https://dict.concised.moe.edu.tw/searchP.jsp?SN=%E3%84%8C&SN2=%E3%84%8C%E3%84%A9%CB%8B#selectL"
"ㄌ","ㄌㄩˋ","氯","https://dict.concised.moe.edu.tw/searchP.jsp?SN=%E3%84%8C&SN2=%E3%84%8C%E3%84%A9%CB%8B#selectL"
"ㄌ","ㄌㄩˋ","綠","https://dict.concised.moe.edu.tw/searchP.jsp?SN=%E3%84%8C&SN2=%E3%84%8C%E3%84%A9%CB%8B#selectL"
"ㄌ","ㄌㄩˋ","慮","https://dict.concised.moe.edu.tw/searchP.jsp?SN=%E3%84%8C&SN2=%E3%84%8C%E3%84%A9%CB%8B#selectL"
"ㄌ","ㄌㄩˋ","壘","https://dict.concised.moe.edu.tw/searchP.jsp?SN=%E3%84%8C&SN2=%E3%84%8C%E3%84%A9%CB%8B#selectL"
"ㄌ","ㄌㄩˋ","濾","https://dict.concised.moe.edu.tw/searchP.jsp?SN=%E3%84%8C&SN2=%E3%84%8C%E3%84%A9%CB%8B#selectL"
"ㄌ","ㄌㄩㄝˋ","掠","https://dict.concised.moe.edu.tw/searchP.jsp?SN=%E3%84%8C&SN2=%E3%84%8C%E3%84%A9%E3%84%9D%CB%8B#selectL"
"ㄌ","ㄌㄩㄝˋ","略","https://dict.concised.moe.edu.tw/searchP.jsp?SN=%E3%84%8C&SN2=%E3%84%8C%E3%84%A9%E3%84%9D%CB%8B#selectL"
"ㄍ","ㄍㄚ","旮","https://dict.concised.moe.edu.tw/searchP.jsp?SN=%E3%84%8D&SN2=%E3%84%8D%E3%84%9A#selectL"
"ㄍ","ㄍㄚ","嘎","https://dict.concised.moe.edu.tw/searchP.jsp?SN=%E3%84%8D&SN2=%E3%84%8D%E3%84%9A#selectL"
"ㄍ","ㄍㄚˊ","軋","https://dict.concised.moe.edu.tw/searchP.jsp?SN=%E3%84%8D&SN2=%E3%84%8D%E3%84%9A%CB%8A#selectL"
"ㄍ","ㄍㄚˋ","尬","https://dict.concised.moe.edu.tw/searchP.jsp?SN=%E3%84%8D&SN2=%E3%84%8D%E3%84%9A%CB%8B#selectL"
"ㄍ","ㄍㄜ","戈","https://dict.concised.moe.edu.tw/searchP.jsp?SN=%E3%84%8D&SN2=%E3%84%8D%E3%84%9C#selectL"
"ㄍ","ㄍㄜ","疙","https://dict.concised.moe.edu.tw/searchP.jsp?SN=%E3%84%8D&SN2=%E3%84%8D%E3%84%9C#selectL"
"ㄍ","ㄍㄜ","咯","https://dict.concised.moe.edu.tw/searchP.jsp?SN=%E3%84%8D&SN2=%E3%84%8D%E3%84%9C#selectL"
"ㄍ","ㄍㄜ","哥","https://dict.concised.moe.edu.tw/searchP.jsp?SN=%E3%84%8D&SN2=%E3%84%8D%E3%84%9C#selectL"
"ㄍ","ㄍㄜ","胳","https://dict.concised.moe.edu.tw/searchP.jsp?SN=%E3%84%8D&SN2=%E3%84%8D%E3%84%9C#selectL"
"ㄍ","ㄍㄜ","割","https://dict.concised.moe.edu.tw/searchP.jsp?SN=%E3%84%8D&SN2=%E3%84%8D%E3%84%9C#selectL"
"ㄍ","ㄍㄜ","歌","https://dict.concised.moe.edu.tw/searchP.jsp?SN=%E3%84%8D&SN2=%E3%84%8D%E3%84%9C#selectL"
"ㄍ","ㄍㄜ","擱","https://dict.concised.moe.edu.tw/searchP.jsp?SN=%E3%84%8D&SN2=%E3%84%8D%E3%84%9C#selectL"
"ㄍ","ㄍㄜ","鴿","https://dict.concised.moe.edu.tw/searchP.jsp?SN=%E3%84%8D&SN2=%E3%84%8D%E3%84%9C#selectL"
"ㄍ","ㄍㄜˇ","合","https://dict.concised.moe.edu.tw/searchP.jsp?SN=%E3%84%8D&SN2=%E3%84%8D%E3%84%9C%CB%87#selectL"
"ㄍ","ㄍㄜˇ","個","https://dict.concised.moe.edu.tw/searchP.jsp?SN=%E3%84%8D&SN2=%E3%84%8D%E3%84%9C%CB%87#selectL"
"ㄍ","ㄍㄜˇ","舸","https://dict.concised.moe.edu.tw/searchP.jsp?SN=%E3%84%8D&SN2=%E3%84%8D%E3%84%9C%CB%87#selectL"
"ㄍ","ㄍㄜˇ","葛","https://dict.concised.moe.edu.tw/searchP.jsp?SN=%E3%84%8D&SN2=%E3%84%8D%E3%84%9C%CB%87#selectL"
"ㄍ","ㄍㄜˇ","蓋","https://dict.concised.moe.edu.tw/searchP.jsp?SN=%E3%84%8D&SN2=%E3%84%8D%E3%84%9C%CB%87#selectL"
"ㄍ","ㄍㄜˊ","革","https://dict.concised.moe.edu.tw/searchP.jsp?SN=%E3%84%8D&SN2=%E3%84%8D%E3%84%9C%CB%8A#selectL"
"ㄍ","ㄍㄜˊ","格","https://dict.concised.moe.edu.tw/searchP.jsp?SN=%E3%84%8D&SN2=%E3%84%8D%E3%84%9C%CB%8A#selectL"
"ㄍ","ㄍㄜˊ","鬲","https://dict.concised.moe.edu.tw/searchP.jsp?SN=%E3%84%8D&SN2=%E3%84%8D%E3%84%9C%CB%8A#selectL"
"ㄍ","ㄍㄜˊ","蛤","https://dict.concised.moe.edu.tw/searchP.jsp?SN=%E3%84%8D&SN2=%E3%84%8D%E3%84%9C%CB%8A#selectL"
"ㄍ","ㄍㄜˊ","嗝","https://dict.concised.moe.edu.tw/searchP.jsp?SN=%E3%84%8D&SN2=%E3%84%8D%E3%84%9C%CB%8A#selectL"
"ㄍ","ㄍㄜˊ","葛","https://dict.concised.moe.edu.tw/searchP.jsp?SN=%E3%84%8D&SN2=%E3%84%8D%E3%84%9C%CB%8A#selectL"
"ㄍ","ㄍㄜˊ","隔","https://dict.concised.moe.edu.tw/searchP.jsp?SN=%E3%84%8D&SN2=%E3%84%8D%E3%84%9C%CB%8A#selectL"
"ㄍ","ㄍㄜˊ","膈","https://dict.concised.moe.edu.tw/searchP.jsp?SN=%E3%84%8D&SN2=%E3%84%8D%E3%84%9C%CB%8A#selectL"
"ㄍ","ㄍㄜˊ","閣","https://dict.concised.moe.edu.tw/searchP.jsp?SN=%E3%84%8D&SN2=%E3%84%8D%E3%84%9C%CB%8A#selectL"
"ㄍ","ㄍㄜˊ","閤","https://dict.concised.moe.edu.tw/searchP.jsp?SN=%E3%84%8D&SN2=%E3%84%8D%E3%84%9C%CB%8A#selectL"
"ㄍ","ㄍㄜˊ","噶","https://dict.concised.moe.edu.tw/searchP.jsp?SN=%E3%84%8D&SN2=%E3%84%8D%E3%84%9C%CB%8A#selectL"
"ㄍ","ㄍㄜˊ","翮","https://dict.concised.moe.edu.tw/searchP.jsp?SN=%E3%84%8D&SN2=%E3%84%8D%E3%84%9C%CB%8A#selectL"
"ㄍ","ㄍㄜˊ","骼","https://dict.concised.moe.edu.tw/searchP.jsp?SN=%E3%84%8D&SN2=%E3%84%8D%E3%84%9C%CB%8A#selectL"
"ㄍ","ㄍㄜˊ","鎘","https://dict.concised.moe.edu.tw/searchP.jsp?SN=%E3%84%8D&SN2=%E3%84%8D%E3%84%9C%CB%8A#selectL"
"ㄍ","ㄍㄜˋ","各","https://dict.concised.moe.edu.tw/searchP.jsp?SN=%E3%84%8D&SN2=%E3%84%8D%E3%84%9C%CB%8B#selectL"
"ㄍ","ㄍㄜˋ","個","https://dict.concised.moe.edu.tw/searchP.jsp?SN=%E3%84%8D&SN2=%E3%84%8D%E3%84%9C%CB%8B#selectL"
"ㄍ","ㄍㄜˋ","箇","https://dict.concised.moe.edu.tw/searchP.jsp?SN=%E3%84%8D&SN2=%E3%84%8D%E3%84%9C%CB%8B#selectL"
"ㄍ","ㄍㄜˋ","鉻","https://dict.concised.moe.edu.tw/searchP.jsp?SN=%E3%84%8D&SN2=%E3%84%8D%E3%84%9C%CB%8B#selectL"
"ㄍ","ㄍㄞ","垓","https://dict.concised.moe.edu.tw/searchP.jsp?SN=%E3%84%8D&SN2=%E3%84%8D%E3%84%9E#selectL"
"ㄍ","ㄍㄞ","該","https://dict.concised.moe.edu.tw/searchP.jsp?SN=%E3%84%8D&SN2=%E3%84%8D%E3%84%9E#selectL"
"ㄍ","ㄍㄞ","賅","https://dict.concised.moe.edu.tw/searchP.jsp?SN=%E3%84%8D&SN2=%E3%84%8D%E3%84%9E#selectL"
"ㄍ","ㄍㄞˇ","改","https://dict.concised.moe.edu.tw/searchP.jsp?SN=%E3%84%8D&SN2=%E3%84%8D%E3%84%9E%CB%87#selectL"
"ㄍ","ㄍㄞˋ","丐","https://dict.concised.moe.edu.tw/searchP.jsp?SN=%E3%84%8D&SN2=%E3%84%8D%E3%84%9E%CB%8B#selectL"
"ㄍ","ㄍㄞˋ","溉","https://dict.concised.moe.edu.tw/searchP.jsp?SN=%E3%84%8D&SN2=%E3%84%8D%E3%84%9E%CB%8B#selectL"
"ㄍ","ㄍㄞˋ","鈣","https://dict.concised.moe.edu.tw/searchP.jsp?SN=%E3%84%8D&SN2=%E3%84%8D%E3%84%9E%CB%8B#selectL"
"ㄍ","ㄍㄞˋ","概","https://dict.concised.moe.edu.tw/searchP.jsp?SN=%E3%84%8D&SN2=%E3%84%8D%E3%84%9E%CB%8B#selectL"
"ㄍ","ㄍㄞˋ","蓋","https://dict.concised.moe.edu.tw/searchP.jsp?SN=%E3%84%8D&SN2=%E3%84%8D%E3%84%9E%CB%8B#selectL"
"ㄍ","ㄍㄟˇ","給","https://dict.concised.moe.edu.tw/searchP.jsp?SN=%E3%84%8D&SN2=%E3%84%8D%E3%84%9F%CB%87#selectL"
"ㄍ","ㄍㄠ","咎","https://dict.concised.moe.edu.tw/searchP.jsp?SN=%E3%84%8D&SN2=%E3%84%8D%E3%84%A0#selectL"
"ㄍ","ㄍㄠ","皋","https://dict.concised.moe.edu.tw/searchP.jsp?SN=%E3%84%8D&SN2=%E3%84%8D%E3%84%A0#selectL"
"ㄍ","ㄍㄠ","羔","https://dict.concised.moe.edu.tw/searchP.jsp?SN=%E3%84%8D&SN2=%E3%84%8D%E3%84%A0#selectL"
"ㄍ","ㄍㄠ","高","https://dict.concised.moe.edu.tw/searchP.jsp?SN=%E3%84%8D&SN2=%E3%84%8D%E3%84%A0#selectL"
"ㄍ","ㄍㄠ","睪","https://dict.concised.moe.edu.tw/searchP.jsp?SN=%E3%84%8D&SN2=%E3%84%8D%E3%84%A0#selectL"
"ㄍ","ㄍㄠ","膏","https://dict.concised.moe.edu.tw/searchP.jsp?SN=%E3%84%8D&SN2=%E3%84%8D%E3%84%A0#selectL"
"ㄍ","ㄍㄠ","篙","https://dict.concised.moe.edu.tw/searchP.jsp?SN=%E3%84%8D&SN2=%E3%84%8D%E3%84%A0#selectL"
"ㄍ","ㄍㄠ","糕","https://dict.concised.moe.edu.tw/searchP.jsp?SN=%E3%84%8D&SN2=%E3%84%8D%E3%84%A0#selectL"
"ㄍ","ㄍㄠˇ","杲","https://dict.concised.moe.edu.tw/searchP.jsp?SN=%E3%84%8D&SN2=%E3%84%8D%E3%84%A0%CB%87#selectL"
"ㄍ","ㄍㄠˇ","搞","https://dict.concised.moe.edu.tw/searchP.jsp?SN=%E3%84%8D&SN2=%E3%84%8D%E3%84%A0%CB%87#selectL"
"ㄍ","ㄍㄠˇ","槁","https://dict.concised.moe.edu.tw/searchP.jsp?SN=%E3%84%8D&SN2=%E3%84%8D%E3%84%A0%CB%87#selectL"
"ㄍ","ㄍㄠˇ","稿","https://dict.concised.moe.edu.tw/searchP.jsp?SN=%E3%84%8D&SN2=%E3%84%8D%E3%84%A0%CB%87#selectL"
"ㄍ","ㄍㄠˇ","縞","https://dict.concised.moe.edu.tw/searchP.jsp?SN=%E3%84%8D&SN2=%E3%84%8D%E3%84%A0%CB%87#selectL"
"ㄍ","ㄍㄠˇ","鎬","https://dict.concised.moe.edu.tw/searchP.jsp?SN=%E3%84%8D&SN2=%E3%84%8D%E3%84%A0%CB%87#selectL"
"ㄍ","ㄍㄠˋ","告","https://dict.concised.moe.edu.tw/searchP.jsp?SN=%E3%84%8D&SN2=%E3%84%8D%E3%84%A0%CB%8B#selectL"
"ㄍ","ㄍㄠˋ","誥","https://dict.concised.moe.edu.tw/searchP.jsp?SN=%E3%84%8D&SN2=%E3%84%8D%E3%84%A0%CB%8B#selectL"
"ㄍ","ㄍㄡ","勾","https://dict.concised.moe.edu.tw/searchP.jsp?SN=%E3%84%8D&SN2=%E3%84%8D%E3%84%A1#selectL"
"ㄍ","ㄍㄡ","句","https://dict.concised.moe.edu.tw/searchP.jsp?SN=%E3%84%8D&SN2=%E3%84%8D%E3%84%A1#selectL"
"ㄍ","ㄍㄡ","枸","https://dict.concised.moe.edu.tw/searchP.jsp?SN=%E3%84%8D&SN2=%E3%84%8D%E3%84%A1#selectL"
"ㄍ","ㄍㄡ","溝","https://dict.concised.moe.edu.tw/searchP.jsp?SN=%E3%84%8D&SN2=%E3%84%8D%E3%84%A1#selectL"
"ㄍ","ㄍㄡ","鉤","https://dict.concised.moe.edu.tw/searchP.jsp?SN=%E3%84%8D&SN2=%E3%84%8D%E3%84%A1#selectL"
"ㄍ","ㄍㄡ","篝","https://dict.concised.moe.edu.tw/searchP.jsp?SN=%E3%84%8D&SN2=%E3%84%8D%E3%84%A1#selectL"
"ㄍ","ㄍㄡˇ","狗","https://dict.concised.moe.edu.tw/searchP.jsp?SN=%E3%84%8D&SN2=%E3%84%8D%E3%84%A1%CB%87#selectL"
"ㄍ","ㄍㄡˇ","枸","https://dict.concised.moe.edu.tw/searchP.jsp?SN=%E3%84%8D&SN2=%E3%84%8D%E3%84%A1%CB%87#selectL"
"ㄍ","ㄍㄡˇ","苟","https://dict.concised.moe.edu.tw/searchP.jsp?SN=%E3%84%8D&SN2=%E3%84%8D%E3%84%A1%CB%87#selectL"
"ㄍ","ㄍㄡˋ","勾","https://dict.concised.moe.edu.tw/searchP.jsp?SN=%E3%84%8D&SN2=%E3%84%8D%E3%84%A1%CB%8B#selectL"
"ㄍ","ㄍㄡˋ","句","https://dict.concised.moe.edu.tw/searchP.jsp?SN=%E3%84%8D&SN2=%E3%84%8D%E3%84%A1%CB%8B#selectL"
"ㄍ","ㄍㄡˋ","垢","https://dict.concised.moe.edu.tw/searchP.jsp?SN=%E3%84%8D&SN2=%E3%84%8D%E3%84%A1%CB%8B#selectL"
"ㄍ","ㄍㄡˋ","夠","https://dict.concised.moe.edu.tw/searchP.jsp?SN=%E3%84%8D&SN2=%E3%84%8D%E3%84%A1%CB%8B#selectL"
"ㄍ","ㄍㄡˋ","媾","https://dict.concised.moe.edu.tw/searchP.jsp?SN=%E3%84%8D&SN2=%E3%84%8D%E3%84%A1%CB%8B#selectL"
"ㄍ","ㄍㄡˋ","彀","https://dict.concised.moe.edu.tw/searchP.jsp?SN=%E3%84%8D&SN2=%E3%84%8D%E3%84%A1%CB%8B#selectL"
"ㄍ","ㄍㄡˋ","搆","https://dict.concised.moe.edu.tw/searchP.jsp?SN=%E3%84%8D&SN2=%E3%84%8D%E3%84%A1%CB%8B#selectL"
"ㄍ","ㄍㄡˋ","詬","https://dict.concised.moe.edu.tw/searchP.jsp?SN=%E3%84%8D&SN2=%E3%84%8D%E3%84%A1%CB%8B#selectL"
"ㄍ","ㄍㄡˋ","構","https://dict.concised.moe.edu.tw/searchP.jsp?SN=%E3%84%8D&SN2=%E3%84%8D%E3%84%A1%CB%8B#selectL"
"ㄍ","ㄍㄡˋ","遘","https://dict.concised.moe.edu.tw/searchP.jsp?SN=%E3%84%8D&SN2=%E3%84%8D%E3%84%A1%CB%8B#selectL"
"ㄍ","ㄍㄡˋ","購","https://dict.concised.moe.edu.tw/searchP.jsp?SN=%E3%84%8D&SN2=%E3%84%8D%E3%84%A1%CB%8B#selectL"
"ㄍ","ㄍㄢ","干","https://dict.concised.moe.edu.tw/searchP.jsp?SN=%E3%84%8D&SN2=%E3%84%8D%E3%84%A2#selectL"
"ㄍ","ㄍㄢ","甘","https://dict.concised.moe.edu.tw/searchP.jsp?SN=%E3%84%8D&SN2=%E3%84%8D%E3%84%A2#selectL"
"ㄍ","ㄍㄢ","杆","https://dict.concised.moe.edu.tw/searchP.jsp?SN=%E3%84%8D&SN2=%E3%84%8D%E3%84%A2#selectL"
"ㄍ","ㄍㄢ","玕","https://dict.concised.moe.edu.tw/searchP.jsp?SN=%E3%84%8D&SN2=%E3%84%8D%E3%84%A2#selectL"
"ㄍ","ㄍㄢ","肝","https://dict.concised.moe.edu.tw/searchP.jsp?SN=%E3%84%8D&SN2=%E3%84%8D%E3%84%A2#selectL"
"ㄍ","ㄍㄢ","坩","https://dict.concised.moe.edu.tw/searchP.jsp?SN=%E3%84%8D&SN2=%E3%84%8D%E3%84%A2#selectL"
"ㄍ","ㄍㄢ","矸","https://dict.concised.moe.edu.tw/searchP.jsp?SN=%E3%84%8D&SN2=%E3%84%8D%E3%84%A2#selectL"
"ㄍ","ㄍㄢ","柑","https://dict.concised.moe.edu.tw/searchP.jsp?SN=%E3%84%8D&SN2=%E3%84%8D%E3%84%A2#selectL"
"ㄍ","ㄍㄢ","竿","https://dict.concised.moe.edu.tw/searchP.jsp?SN=%E3%84%8D&SN2=%E3%84%8D%E3%84%A2#selectL"
"ㄍ","ㄍㄢ","疳","https://dict.concised.moe.edu.tw/searchP.jsp?SN=%E3%84%8D&SN2=%E3%84%8D%E3%84%A2#selectL"
"ㄍ","ㄍㄢ","乾","https://dict.concised.moe.edu.tw/searchP.jsp?SN=%E3%84%8D&SN2=%E3%84%8D%E3%84%A2#selectL"
"ㄍ","ㄍㄢ","尷","https://dict.concised.moe.edu.tw/searchP.jsp?SN=%E3%84%8D&SN2=%E3%84%8D%E3%84%A2#selectL"
"ㄍ","ㄍㄢˇ","桿","https://dict.concised.moe.edu.tw/searchP.jsp?SN=%E3%84%8D&SN2=%E3%84%8D%E3%84%A2%CB%87#selectL"
"ㄍ","ㄍㄢˇ","敢","https://dict.concised.moe.edu.tw/searchP.jsp?SN=%E3%84%8D&SN2=%E3%84%8D%E3%84%A2%CB%87#selectL"
"ㄍ","ㄍㄢˇ","稈","https://dict.concised.moe.edu.tw/searchP.jsp?SN=%E3%84%8D&SN2=%E3%84%8D%E3%84%A2%CB%87#selectL"
"ㄍ","ㄍㄢˇ","感","https://dict.concised.moe.edu.tw/searchP.jsp?SN=%E3%84%8D&SN2=%E3%84%8D%E3%84%A2%CB%87#selectL"
"ㄍ","ㄍㄢˇ","趕","https://dict.concised.moe.edu.tw/searchP.jsp?SN=%E3%84%8D&SN2=%E3%84%8D%E3%84%A2%CB%87#selectL"
"ㄍ","ㄍㄢˇ","擀","https://dict.concised.moe.edu.tw/searchP.jsp?SN=%E3%84%8D&SN2=%E3%84%8D%E3%84%A2%CB%87#selectL"
"ㄍ","ㄍㄢˇ","橄","https://dict.concised.moe.edu.tw/searchP.jsp?SN=%E3%84%8D&SN2=%E3%84%8D%E3%84%A2%CB%87#selectL"
"ㄍ","ㄍㄢˋ","旰","https://dict.concised.moe.edu.tw/searchP.jsp?SN=%E3%84%8D&SN2=%E3%84%8D%E3%84%A2%CB%8B#selectL"
"ㄍ","ㄍㄢˋ","淦","https://dict.concised.moe.edu.tw/searchP.jsp?SN=%E3%84%8D&SN2=%E3%84%8D%E3%84%A2%CB%8B#selectL"
"ㄍ","ㄍㄢˋ","紺","https://dict.concised.moe.edu.tw/searchP.jsp?SN=%E3%84%8D&SN2=%E3%84%8D%E3%84%A2%CB%8B#selectL"
"ㄍ","ㄍㄢˋ","幹","https://dict.concised.moe.edu.tw/searchP.jsp?SN=%E3%84%8D&SN2=%E3%84%8D%E3%84%A2%CB%8B#selectL"
"ㄍ","ㄍㄢˋ","榦","https://dict.concised.moe.edu.tw/searchP.jsp?SN=%E3%84%8D&SN2=%E3%84%8D%E3%84%A2%CB%8B#selectL"
"ㄍ","ㄍㄢˋ","贛","https://dict.concised.moe.edu.tw/searchP.jsp?SN=%E3%84%8D&SN2=%E3%84%8D%E3%84%A2%CB%8B#selectL"
"ㄍ","ㄍㄣ","根","https://dict.concised.moe.edu.tw/searchP.jsp?SN=%E3%84%8D&SN2=%E3%84%8D%E3%84%A3#selectL"
"ㄍ","ㄍㄣ","跟","https://dict.concised.moe.edu.tw/searchP.jsp?SN=%E3%84%8D&SN2=%E3%84%8D%E3%84%A3#selectL"
"ㄍ","ㄍㄣˇ","艮","https://dict.concised.moe.edu.tw/searchP.jsp?SN=%E3%84%8D&SN2=%E3%84%8D%E3%84%A3%CB%87#selectL"
"ㄍ","ㄍㄣˋ","亙","https://dict.concised.moe.edu.tw/searchP.jsp?SN=%E3%84%8D&SN2=%E3%84%8D%E3%84%A3%CB%8B#selectL"
"ㄍ","ㄍㄣˋ","艮","https://dict.concised.moe.edu.tw/searchP.jsp?SN=%E3%84%8D&SN2=%E3%84%8D%E3%84%A3%CB%8B#selectL"
"ㄍ","ㄍㄤ","亢","https://dict.concised.moe.edu.tw/searchP.jsp?SN=%E3%84%8D&SN2=%E3%84%8D%E3%84%A4#selectL"
"ㄍ","ㄍㄤ","扛","https://dict.concised.moe.edu.tw/searchP.jsp?SN=%E3%84%8D&SN2=%E3%84%8D%E3%84%A4#selectL"
"ㄍ","ㄍㄤ","肛","https://dict.concised.moe.edu.tw/searchP.jsp?SN=%E3%84%8D&SN2=%E3%84%8D%E3%84%A4#selectL"
"ㄍ","ㄍㄤ","岡","https://dict.concised.moe.edu.tw/searchP.jsp?SN=%E3%84%8D&SN2=%E3%84%8D%E3%84%A4#selectL"
"ㄍ","ㄍㄤ","缸","https://dict.concised.moe.edu.tw/searchP.jsp?SN=%E3%84%8D&SN2=%E3%84%8D%E3%84%A4#selectL"
"ㄍ","ㄍㄤ","剛","https://dict.concised.moe.edu.tw/searchP.jsp?SN=%E3%84%8D&SN2=%E3%84%8D%E3%84%A4#selectL"
"ㄍ","ㄍㄤ","罡","https://dict.concised.moe.edu.tw/searchP.jsp?SN=%E3%84%8D&SN2=%E3%84%8D%E3%84%A4#selectL"
"ㄍ","ㄍㄤ","崗","https://dict.concised.moe.edu.tw/searchP.jsp?SN=%E3%84%8D&SN2=%E3%84%8D%E3%84%A4#selectL"
"ㄍ","ㄍㄤ","綱","https://dict.concised.moe.edu.tw/searchP.jsp?SN=%E3%84%8D&SN2=%E3%84%8D%E3%84%A4#selectL"
"ㄍ","ㄍㄤ","鋼","https://dict.concised.moe.edu.tw/searchP.jsp?SN=%E3%84%8D&SN2=%E3%84%8D%E3%84%A4#selectL"
"ㄍ","ㄍㄤˇ","崗","https://dict.concised.moe.edu.tw/searchP.jsp?SN=%E3%84%8D&SN2=%E3%84%8D%E3%84%A4%CB%87#selectL"
"ㄍ","ㄍㄤˇ","港","https://dict.concised.moe.edu.tw/searchP.jsp?SN=%E3%84%8D&SN2=%E3%84%8D%E3%84%A4%CB%87#selectL"
"ㄍ","ㄍㄤˋ","槓","https://dict.concised.moe.edu.tw/searchP.jsp?SN=%E3%84%8D&SN2=%E3%84%8D%E3%84%A4%CB%8B#selectL"
"ㄍ","ㄍㄤˋ","鋼","https://dict.concised.moe.edu.tw/searchP.jsp?SN=%E3%84%8D&SN2=%E3%84%8D%E3%84%A4%CB%8B#selectL"
"ㄍ","ㄍㄥ","更","https://dict.concised.moe.edu.tw/searchP.jsp?SN=%E3%84%8D&SN2=%E3%84%8D%E3%84%A5#selectL"
"ㄍ","ㄍㄥ","庚","https://dict.concised.moe.edu.tw/searchP.jsp?SN=%E3%84%8D&SN2=%E3%84%8D%E3%84%A5#selectL"
"ㄍ","ㄍㄥ","耕","https://dict.concised.moe.edu.tw/searchP.jsp?SN=%E3%84%8D&SN2=%E3%84%8D%E3%84%A5#selectL"
"ㄍ","ㄍㄥ","焿","https://dict.concised.moe.edu.tw/searchP.jsp?SN=%E3%84%8D&SN2=%E3%84%8D%E3%84%A5#selectL"
"ㄍ","ㄍㄥ","粳","https://dict.concised.moe.edu.tw/searchP.jsp?SN=%E3%84%8D&SN2=%E3%84%8D%E3%84%A5#selectL"
"ㄍ","ㄍㄥ","賡","https://dict.concised.moe.edu.tw/searchP.jsp?SN=%E3%84%8D&SN2=%E3%84%8D%E3%84%A5#selectL"
"ㄍ","ㄍㄥ","羹","https://dict.concised.moe.edu.tw/searchP.jsp?SN=%E3%84%8D&SN2=%E3%84%8D%E3%84%A5#selectL"
"ㄍ","ㄍㄥˇ","哽","https://dict.concised.moe.edu.tw/searchP.jsp?SN=%E3%84%8D&SN2=%E3%84%8D%E3%84%A5%CB%87#selectL"
"ㄍ","ㄍㄥˇ","埂","https://dict.concised.moe.edu.tw/searchP.jsp?SN=%E3%84%8D&SN2=%E3%84%8D%E3%84%A5%CB%87#selectL"
"ㄍ","ㄍㄥˇ","耿","https://dict.concised.moe.edu.tw/searchP.jsp?SN=%E3%84%8D&SN2=%E3%84%8D%E3%84%A5%CB%87#selectL"
"ㄍ","ㄍㄥˇ","梗","https://dict.concised.moe.edu.tw/searchP.jsp?SN=%E3%84%8D&SN2=%E3%84%8D%E3%84%A5%CB%87#selectL"
"ㄍ","ㄍㄥˇ","頸","https://dict.concised.moe.edu.tw/searchP.jsp?SN=%E3%84%8D&SN2=%E3%84%8D%E3%84%A5%CB%87#selectL"
"ㄍ","ㄍㄥˇ","骾","https://dict.concised.moe.edu.tw/searchP.jsp?SN=%E3%84%8D&SN2=%E3%84%8D%E3%84%A5%CB%87#selectL"
"ㄍ","ㄍㄥˇ","鯁","https://dict.concised.moe.edu.tw/searchP.jsp?SN=%E3%84%8D&SN2=%E3%84%8D%E3%84%A5%CB%87#selectL"
"ㄍ","ㄍㄥˋ","更","https://dict.concised.moe.edu.tw/searchP.jsp?SN=%E3%84%8D&SN2=%E3%84%8D%E3%84%A5%CB%8B#selectL"
"ㄍ","ㄍㄨ","估","https://dict.concised.moe.edu.tw/searchP.jsp?SN=%E3%84%8D&SN2=%E3%84%8D%E3%84%A8#selectL"
"ㄍ","ㄍㄨ","呱","https://dict.concised.moe.edu.tw/searchP.jsp?SN=%E3%84%8D&SN2=%E3%84%8D%E3%84%A8#selectL"
"ㄍ","ㄍㄨ","咕","https://dict.concised.moe.edu.tw/searchP.jsp?SN=%E3%84%8D&SN2=%E3%84%8D%E3%84%A8#selectL"
"ㄍ","ㄍㄨ","姑","https://dict.concised.moe.edu.tw/searchP.jsp?SN=%E3%84%8D&SN2=%E3%84%8D%E3%84%A8#selectL"
"ㄍ","ㄍㄨ","孤","https://dict.concised.moe.edu.tw/searchP.jsp?SN=%E3%84%8D&SN2=%E3%84%8D%E3%84%A8#selectL"
"ㄍ","ㄍㄨ","沽","https://dict.concised.moe.edu.tw/searchP.jsp?SN=%E3%84%8D&SN2=%E3%84%8D%E3%84%A8#selectL"
"ㄍ","ㄍㄨ","家","https://dict.concised.moe.edu.tw/searchP.jsp?SN=%E3%84%8D&SN2=%E3%84%8D%E3%84%A8#selectL"
"ㄍ","ㄍㄨ","骨","https://dict.concised.moe.edu.tw/searchP.jsp?SN=%E3%84%8D&SN2=%E3%84%8D%E3%84%A8#selectL"
"ㄍ","ㄍㄨ","蛄","https://dict.concised.moe.edu.tw/searchP.jsp?SN=%E3%84%8D&SN2=%E3%84%8D%E3%84%A8#selectL"
"ㄍ","ㄍㄨ","菇","https://dict.concised.moe.edu.tw/searchP.jsp?SN=%E3%84%8D&SN2=%E3%84%8D%E3%84%A8#selectL"
"ㄍ","ㄍㄨ","菰","https://dict.concised.moe.edu.tw/searchP.jsp?SN=%E3%84%8D&SN2=%E3%84%8D%E3%84%A8#selectL"
"ㄍ","ㄍㄨ","辜","https://dict.concised.moe.edu.tw/searchP.jsp?SN=%E3%84%8D&SN2=%E3%84%8D%E3%84%A8#selectL"
"ㄍ","ㄍㄨ","鈷","https://dict.concised.moe.edu.tw/searchP.jsp?SN=%E3%84%8D&SN2=%E3%84%8D%E3%84%A8#selectL"
"ㄍ","ㄍㄨ","箍","https://dict.concised.moe.edu.tw/searchP.jsp?SN=%E3%84%8D&SN2=%E3%84%8D%E3%84%A8#selectL"
"ㄍ","ㄍㄨ","鴣","https://dict.concised.moe.edu.tw/searchP.jsp?SN=%E3%84%8D&SN2=%E3%84%8D%E3%84%A8#selectL"
"ㄍ","ㄍㄨ","轂","https://dict.concised.moe.edu.tw/searchP.jsp?SN=%E3%84%8D&SN2=%E3%84%8D%E3%84%A8#selectL"
"ㄍ","ㄍㄨˇ","古","https://dict.concised.moe.edu.tw/searchP.jsp?SN=%E3%84%8D&SN2=%E3%84%8D%E3%84%A8%CB%87#selectL"
"ㄍ","ㄍㄨˇ","汩","https://dict.concised.moe.edu.tw/searchP.jsp?SN=%E3%84%8D&SN2=%E3%84%8D%E3%84%A8%CB%87#selectL"
"ㄍ","ㄍㄨˇ","谷","https://dict.concised.moe.edu.tw/searchP.jsp?SN=%E3%84%8D&SN2=%E3%84%8D%E3%84%A8%CB%87#selectL"
"ㄍ","ㄍㄨˇ","股","https://dict.concised.moe.edu.tw/searchP.jsp?SN=%E3%84%8D&SN2=%E3%84%8D%E3%84%A8%CB%87#selectL"
"ㄍ","ㄍㄨˇ","牯","https://dict.concised.moe.edu.tw/searchP.jsp?SN=%E3%84%8D&SN2=%E3%84%8D%E3%84%A8%CB%87#selectL"
"ㄍ","ㄍㄨˇ","罟","https://dict.concised.moe.edu.tw/searchP.jsp?SN=%E3%84%8D&SN2=%E3%84%8D%E3%84%A8%CB%87#selectL"
"ㄍ","ㄍㄨˇ","骨","https://dict.concised.moe.edu.tw/searchP.jsp?SN=%E3%84%8D&SN2=%E3%84%8D%E3%84%A8%CB%87#selectL"
"ㄍ","ㄍㄨˇ","詁","https://dict.concised.moe.edu.tw/searchP.jsp?SN=%E3%84%8D&SN2=%E3%84%8D%E3%84%A8%CB%87#selectL"
"ㄍ","ㄍㄨˇ","滑","https://dict.concised.moe.edu.tw/searchP.jsp?SN=%E3%84%8D&SN2=%E3%84%8D%E3%84%A8%CB%87#selectL"
"ㄍ","ㄍㄨˇ","賈","https://dict.concised.moe.edu.tw/searchP.jsp?SN=%E3%84%8D&SN2=%E3%84%8D%E3%84%A8%CB%87#selectL"
"ㄍ","ㄍㄨˇ","鈷","https://dict.concised.moe.edu.tw/searchP.jsp?SN=%E3%84%8D&SN2=%E3%84%8D%E3%84%A8%CB%87#selectL"
"ㄍ","ㄍㄨˇ","鼓","https://dict.concised.moe.edu.tw/searchP.jsp?SN=%E3%84%8D&SN2=%E3%84%8D%E3%84%A8%CB%87#selectL"
"ㄍ","ㄍㄨˇ","嘏","https://dict.concised.moe.edu.tw/searchP.jsp?SN=%E3%84%8D&SN2=%E3%84%8D%E3%84%A8%CB%87#selectL"
"ㄍ","ㄍㄨˇ","穀","https://dict.concised.moe.edu.tw/searchP.jsp?SN=%E3%84%8D&SN2=%E3%84%8D%E3%84%A8%CB%87#selectL"
"ㄍ","ㄍㄨˇ","轂","https://dict.concised.moe.edu.tw/searchP.jsp?SN=%E3%84%8D&SN2=%E3%84%8D%E3%84%A8%CB%87#selectL"
"ㄍ","ㄍㄨˇ","瞽","https://dict.concised.moe.edu.tw/searchP.jsp?SN=%E3%84%8D&SN2=%E3%84%8D%E3%84%A8%CB%87#selectL"
"ㄍ","ㄍㄨˇ","鵠","https://dict.concised.moe.edu.tw/searchP.jsp?SN=%E3%84%8D&SN2=%E3%84%8D%E3%84%A8%CB%87#selectL"
"ㄍ","ㄍㄨˇ","鶻","https://dict.concised.moe.edu.tw/searchP.jsp?SN=%E3%84%8D&SN2=%E3%84%8D%E3%84%A8%CB%87#selectL"
"ㄍ","ㄍㄨˇ","蠱","https://dict.concised.moe.edu.tw/searchP.jsp?SN=%E3%84%8D&SN2=%E3%84%8D%E3%84%A8%CB%87#selectL"
"ㄍ","ㄍㄨˊ","骨","https://dict.concised.moe.edu.tw/searchP.jsp?SN=%E3%84%8D&SN2=%E3%84%8D%E3%84%A8%CB%8A#selectL"
"ㄍ","ㄍㄨˋ","估","https://dict.concised.moe.edu.tw/searchP.jsp?SN=%E3%84%8D&SN2=%E3%84%8D%E3%84%A8%CB%8B#selectL"
"ㄍ","ㄍㄨˋ","告","https://dict.concised.moe.edu.tw/searchP.jsp?SN=%E3%84%8D&SN2=%E3%84%8D%E3%84%A8%CB%8B#selectL"
"ㄍ","ㄍㄨˋ","固","https://dict.concised.moe.edu.tw/searchP.jsp?SN=%E3%84%8D&SN2=%E3%84%8D%E3%84%A8%CB%8B#selectL"
"ㄍ","ㄍㄨˋ","故","https://dict.concised.moe.edu.tw/searchP.jsp?SN=%E3%84%8D&SN2=%E3%84%8D%E3%84%A8%CB%8B#selectL"
"ㄍ","ㄍㄨˋ","梏","https://dict.concised.moe.edu.tw/searchP.jsp?SN=%E3%84%8D&SN2=%E3%84%8D%E3%84%A8%CB%8B#selectL"
"ㄍ","ㄍㄨˋ","雇","https://dict.concised.moe.edu.tw/searchP.jsp?SN=%E3%84%8D&SN2=%E3%84%8D%E3%84%A8%CB%8B#selectL"
"ㄍ","ㄍㄨˋ","痼","https://dict.concised.moe.edu.tw/searchP.jsp?SN=%E3%84%8D&SN2=%E3%84%8D%E3%84%A8%CB%8B#selectL"
"ㄍ","ㄍㄨˋ","僱","https://dict.concised.moe.edu.tw/searchP.jsp?SN=%E3%84%8D&SN2=%E3%84%8D%E3%84%A8%CB%8B#selectL"
"ㄍ","ㄍㄨˋ","錮","https://dict.concised.moe.edu.tw/searchP.jsp?SN=%E3%84%8D&SN2=%E3%84%8D%E3%84%A8%CB%8B#selectL"
"ㄍ","ㄍㄨˋ","顧","https://dict.concised.moe.edu.tw/searchP.jsp?SN=%E3%84%8D&SN2=%E3%84%8D%E3%84%A8%CB%8B#selectL"
"ㄍ","ㄍㄨㄚ","瓜","https://dict.concised.moe.edu.tw/searchP.jsp?SN=%E3%84%8D&SN2=%E3%84%8D%E3%84%A8%E3%84%9A#selectL"
"ㄍ","ㄍㄨㄚ","刮","https://dict.concised.moe.edu.tw/searchP.jsp?SN=%E3%84%8D&SN2=%E3%84%8D%E3%84%A8%E3%84%9A#selectL"
"ㄍ","ㄍㄨㄚ","呱","https://dict.concised.moe.edu.tw/searchP.jsp?SN=%E3%84%8D&SN2=%E3%84%8D%E3%84%A8%E3%84%9A#selectL"
"ㄍ","ㄍㄨㄚ","括","https://dict.concised.moe.edu.tw/searchP.jsp?SN=%E3%84%8D&SN2=%E3%84%8D%E3%84%A8%E3%84%9A#selectL"
"ㄍ","ㄍㄨㄚ","聒","https://dict.concised.moe.edu.tw/searchP.jsp?SN=%E3%84%8D&SN2=%E3%84%8D%E3%84%A8%E3%84%9A#selectL"
"ㄍ","ㄍㄨㄚ","蝸","https://dict.concised.moe.edu.tw/searchP.jsp?SN=%E3%84%8D&SN2=%E3%84%8D%E3%84%A8%E3%84%9A#selectL"
"ㄍ","ㄍㄨㄚ","颳","https://dict.concised.moe.edu.tw/searchP.jsp?SN=%E3%84%8D&SN2=%E3%84%8D%E3%84%A8%E3%84%9A#selectL"
"ㄍ","ㄍㄨㄚˇ","剮","https://dict.concised.moe.edu.tw/searchP.jsp?SN=%E3%84%8D&SN2=%E3%84%8D%E3%84%A8%E3%84%9A%CB%87#selectL"
"ㄍ","ㄍㄨㄚˇ","寡","https://dict.concised.moe.edu.tw/searchP.jsp?SN=%E3%84%8D&SN2=%E3%84%8D%E3%84%A8%E3%84%9A%CB%87#selectL"
"ㄍ","ㄍㄨㄚˋ","卦","https://dict.concised.moe.edu.tw/searchP.jsp?SN=%E3%84%8D&SN2=%E3%84%8D%E3%84%A8%E3%84%9A%CB%8B#selectL"
"ㄍ","ㄍㄨㄚˋ","掛","https://dict.concised.moe.edu.tw/searchP.jsp?SN=%E3%84%8D&SN2=%E3%84%8D%E3%84%A8%E3%84%9A%CB%8B#selectL"
"ㄍ","ㄍㄨㄚˋ","罣","https://dict.concised.moe.edu.tw/searchP.jsp?SN=%E3%84%8D&SN2=%E3%84%8D%E3%84%A8%E3%84%9A%CB%8B#selectL"
"ㄍ","ㄍㄨㄚˋ","褂","https://dict.concised.moe.edu.tw/searchP.jsp?SN=%E3%84%8D&SN2=%E3%84%8D%E3%84%A8%E3%84%9A%CB%8B#selectL"
"ㄍ","ㄍㄨㄛ","郭","https://dict.concised.moe.edu.tw/searchP.jsp?SN=%E3%84%8D&SN2=%E3%84%8D%E3%84%A8%E3%84%9B#selectL"
"ㄍ","ㄍㄨㄛ","渦","https://dict.concised.moe.edu.tw/searchP.jsp?SN=%E3%84%8D&SN2=%E3%84%8D%E3%84%A8%E3%84%9B#selectL"
"ㄍ","ㄍㄨㄛ","過","https://dict.concised.moe.edu.tw/searchP.jsp?SN=%E3%84%8D&SN2=%E3%84%8D%E3%84%A8%E3%84%9B#selectL"
"ㄍ","ㄍㄨㄛ","蟈","https://dict.concised.moe.edu.tw/searchP.jsp?SN=%E3%84%8D&SN2=%E3%84%8D%E3%84%A8%E3%84%9B#selectL"
"ㄍ","ㄍㄨㄛ","鍋","https://dict.concised.moe.edu.tw/searchP.jsp?SN=%E3%84%8D&SN2=%E3%84%8D%E3%84%A8%E3%84%9B#selectL"
"ㄍ","ㄍㄨㄛˇ","果","https://dict.concised.moe.edu.tw/searchP.jsp?SN=%E3%84%8D&SN2=%E3%84%8D%E3%84%A8%E3%84%9B%CB%87#selectL"
"ㄍ","ㄍㄨㄛˇ","粿","https://dict.concised.moe.edu.tw/searchP.jsp?SN=%E3%84%8D&SN2=%E3%84%8D%E3%84%A8%E3%84%9B%CB%87#selectL"
"ㄍ","ㄍㄨㄛˇ","裹","https://dict.concised.moe.edu.tw/searchP.jsp?SN=%E3%84%8D&SN2=%E3%84%8D%E3%84%A8%E3%84%9B%CB%87#selectL"
"ㄍ","ㄍㄨㄛˇ","槨","https://dict.concised.moe.edu.tw/searchP.jsp?SN=%E3%84%8D&SN2=%E3%84%8D%E3%84%A8%E3%84%9B%CB%87#selectL"
"ㄍ","ㄍㄨㄛˊ","國","https://dict.concised.moe.edu.tw/searchP.jsp?SN=%E3%84%8D&SN2=%E3%84%8D%E3%84%A8%E3%84%9B%CB%8A#selectL"
"ㄍ","ㄍㄨㄛˊ","幗","https://dict.concised.moe.edu.tw/searchP.jsp?SN=%E3%84%8D&SN2=%E3%84%8D%E3%84%A8%E3%84%9B%CB%8A#selectL"
"ㄍ","ㄍㄨㄛˊ","摑","https://dict.concised.moe.edu.tw/searchP.jsp?SN=%E3%84%8D&SN2=%E3%84%8D%E3%84%A8%E3%84%9B%CB%8A#selectL"
"ㄍ","ㄍㄨㄛˊ","虢","https://dict.concised.moe.edu.tw/searchP.jsp?SN=%E3%84%8D&SN2=%E3%84%8D%E3%84%A8%E3%84%9B%CB%8A#selectL"
"ㄍ","ㄍㄨㄛˊ","馘","https://dict.concised.moe.edu.tw/searchP.jsp?SN=%E3%84%8D&SN2=%E3%84%8D%E3%84%A8%E3%84%9B%CB%8A#selectL"
"ㄍ","ㄍㄨㄛˋ","過","https://dict.concised.moe.edu.tw/searchP.jsp?SN=%E3%84%8D&SN2=%E3%84%8D%E3%84%A8%E3%84%9B%CB%8B#selectL"
"ㄍ","ㄍㄨㄞ","乖","https://dict.concised.moe.edu.tw/searchP.jsp?SN=%E3%84%8D&SN2=%E3%84%8D%E3%84%A8%E3%84%9E#selectL"
"ㄍ","ㄍㄨㄞˇ","拐","https://dict.concised.moe.edu.tw/searchP.jsp?SN=%E3%84%8D&SN2=%E3%84%8D%E3%84%A8%E3%84%9E%CB%87#selectL"
"ㄍ","ㄍㄨㄞˇ","枴","https://dict.concised.moe.edu.tw/searchP.jsp?SN=%E3%84%8D&SN2=%E3%84%8D%E3%84%A8%E3%84%9E%CB%87#selectL"
"ㄍ","ㄍㄨㄞˋ","怪","https://dict.concised.moe.edu.tw/searchP.jsp?SN=%E3%84%8D&SN2=%E3%84%8D%E3%84%A8%E3%84%9E%CB%8B#selectL"
"ㄍ","ㄍㄨㄟ","圭","https://dict.concised.moe.edu.tw/searchP.jsp?SN=%E3%84%8D&SN2=%E3%84%8D%E3%84%A8%E3%84%9F#selectL"
"ㄍ","ㄍㄨㄟ","皈","https://dict.concised.moe.edu.tw/searchP.jsp?SN=%E3%84%8D&SN2=%E3%84%8D%E3%84%A8%E3%84%9F#selectL"
"ㄍ","ㄍㄨㄟ","珪","https://dict.concised.moe.edu.tw/searchP.jsp?SN=%E3%84%8D&SN2=%E3%84%8D%E3%84%A8%E3%84%9F#selectL"
"ㄍ","ㄍㄨㄟ","規","https://dict.concised.moe.edu.tw/searchP.jsp?SN=%E3%84%8D&SN2=%E3%84%8D%E3%84%A8%E3%84%9F#selectL"
"ㄍ","ㄍㄨㄟ","傀","https://dict.concised.moe.edu.tw/searchP.jsp?SN=%E3%84%8D&SN2=%E3%84%8D%E3%84%A8%E3%84%9F#selectL"
"ㄍ","ㄍㄨㄟ","媯","https://dict.concised.moe.edu.tw/searchP.jsp?SN=%E3%84%8D&SN2=%E3%84%8D%E3%84%A8%E3%84%9F#selectL"
"ㄍ","ㄍㄨㄟ","瑰","https://dict.concised.moe.edu.tw/searchP.jsp?SN=%E3%84%8D&SN2=%E3%84%8D%E3%84%A8%E3%84%9F#selectL"
"ㄍ","ㄍㄨㄟ","閨","https://dict.concised.moe.edu.tw/searchP.jsp?SN=%E3%84%8D&SN2=%E3%84%8D%E3%84%A8%E3%84%9F#selectL"
"ㄍ","ㄍㄨㄟ","龜","https://dict.concised.moe.edu.tw/searchP.jsp?SN=%E3%84%8D&SN2=%E3%84%8D%E3%84%A8%E3%84%9F#selectL"
"ㄍ","ㄍㄨㄟ","鮭","https://dict.concised.moe.edu.tw/searchP.jsp?SN=%E3%84%8D&SN2=%E3%84%8D%E3%84%A8%E3%84%9F#selectL"
"ㄍ","ㄍㄨㄟ","歸","https://dict.concised.moe.edu.tw/searchP.jsp?SN=%E3%84%8D&SN2=%E3%84%8D%E3%84%A8%E3%84%9F#selectL"
"ㄍ","ㄍㄨㄟˇ","癸","https://dict.concised.moe.edu.tw/searchP.jsp?SN=%E3%84%8D&SN2=%E3%84%8D%E3%84%A8%E3%84%9F%CB%87#selectL"
"ㄍ","ㄍㄨㄟˇ","軌","https://dict.concised.moe.edu.tw/searchP.jsp?SN=%E3%84%8D&SN2=%E3%84%8D%E3%84%A8%E3%84%9F%CB%87#selectL"
"ㄍ","ㄍㄨㄟˇ","鬼","https://dict.concised.moe.edu.tw/searchP.jsp?SN=%E3%84%8D&SN2=%E3%84%8D%E3%84%A8%E3%84%9F%CB%87#selectL"
"ㄍ","ㄍㄨㄟˇ","匭","https://dict.concised.moe.edu.tw/searchP.jsp?SN=%E3%84%8D&SN2=%E3%84%8D%E3%84%A8%E3%84%9F%CB%87#selectL"
"ㄍ","ㄍㄨㄟˇ","晷","https://dict.concised.moe.edu.tw/searchP.jsp?SN=%E3%84%8D&SN2=%E3%84%8D%E3%84%A8%E3%84%9F%CB%87#selectL"
"ㄍ","ㄍㄨㄟˇ","詭","https://dict.concised.moe.edu.tw/searchP.jsp?SN=%E3%84%8D&SN2=%E3%84%8D%E3%84%A8%E3%84%9F%CB%87#selectL"
"ㄍ","ㄍㄨㄟˋ","桂","https://dict.concised.moe.edu.tw/searchP.jsp?SN=%E3%84%8D&SN2=%E3%84%8D%E3%84%A8%E3%84%9F%CB%8B#selectL"
"ㄍ","ㄍㄨㄟˋ","貴","https://dict.concised.moe.edu.tw/searchP.jsp?SN=%E3%84%8D&SN2=%E3%84%8D%E3%84%A8%E3%84%9F%CB%8B#selectL"
"ㄍ","ㄍㄨㄟˋ","會","https://dict.concised.moe.edu.tw/searchP.jsp?SN=%E3%84%8D&SN2=%E3%84%8D%E3%84%A8%E3%84%9F%CB%8B#selectL"
"ㄍ","ㄍㄨㄟˋ","跪","https://dict.concised.moe.edu.tw/searchP.jsp?SN=%E3%84%8D&SN2=%E3%84%8D%E3%84%A8%E3%84%9F%CB%8B#selectL"
"ㄍ","ㄍㄨㄟˋ","劌","https://dict.concised.moe.edu.tw/searchP.jsp?SN=%E3%84%8D&SN2=%E3%84%8D%E3%84%A8%E3%84%9F%CB%8B#selectL"
"ㄍ","ㄍㄨㄟˋ","櫃","https://dict.concised.moe.edu.tw/searchP.jsp?SN=%E3%84%8D&SN2=%E3%84%8D%E3%84%A8%E3%84%9F%CB%8B#selectL"
"ㄍ","ㄍㄨㄢ","官","https://dict.concised.moe.edu.tw/searchP.jsp?SN=%E3%84%8D&SN2=%E3%84%8D%E3%84%A8%E3%84%A2#selectL"
"ㄍ","ㄍㄨㄢ","冠","https://dict.concised.moe.edu.tw/searchP.jsp?SN=%E3%84%8D&SN2=%E3%84%8D%E3%84%A8%E3%84%A2#selectL"
"ㄍ","ㄍㄨㄢ","矜","https://dict.concised.moe.edu.tw/searchP.jsp?SN=%E3%84%8D&SN2=%E3%84%8D%E3%84%A8%E3%84%A2#selectL"
"ㄍ","ㄍㄨㄢ","倌","https://dict.concised.moe.edu.tw/searchP.jsp?SN=%E3%84%8D&SN2=%E3%84%8D%E3%84%A8%E3%84%A2#selectL"
"ㄍ","ㄍㄨㄢ","莞","https://dict.concised.moe.edu.tw/searchP.jsp?SN=%E3%84%8D&SN2=%E3%84%8D%E3%84%A8%E3%84%A2#selectL"
"ㄍ","ㄍㄨㄢ","棺","https://dict.concised.moe.edu.tw/searchP.jsp?SN=%E3%84%8D&SN2=%E3%84%8D%E3%84%A8%E3%84%A2#selectL"
"ㄍ","ㄍㄨㄢ","綸","https://dict.concised.moe.edu.tw/searchP.jsp?SN=%E3%84%8D&SN2=%E3%84%8D%E3%84%A8%E3%84%A2#selectL"
"ㄍ","ㄍㄨㄢ","瘝","https://dict.concised.moe.edu.tw/searchP.jsp?SN=%E3%84%8D&SN2=%E3%84%8D%E3%84%A8%E3%84%A2#selectL"
"ㄍ","ㄍㄨㄢ","關","https://dict.concised.moe.edu.tw/searchP.jsp?SN=%E3%84%8D&SN2=%E3%84%8D%E3%84%A8%E3%84%A2#selectL"
"ㄍ","ㄍㄨㄢ","鰥","https://dict.concised.moe.edu.tw/searchP.jsp?SN=%E3%84%8D&SN2=%E3%84%8D%E3%84%A8%E3%84%A2#selectL"
"ㄍ","ㄍㄨㄢ","觀","https://dict.concised.moe.edu.tw/searchP.jsp?SN=%E3%84%8D&SN2=%E3%84%8D%E3%84%A8%E3%84%A2#selectL"
"ㄍ","ㄍㄨㄢˇ","莞","https://dict.concised.moe.edu.tw/searchP.jsp?SN=%E3%84%8D&SN2=%E3%84%8D%E3%84%A8%E3%84%A2%CB%87#selectL"
"ㄍ","ㄍㄨㄢˇ","管","https://dict.concised.moe.edu.tw/searchP.jsp?SN=%E3%84%8D&SN2=%E3%84%8D%E3%84%A8%E3%84%A2%CB%87#selectL"
"ㄍ","ㄍㄨㄢˇ","館","https://dict.concised.moe.edu.tw/searchP.jsp?SN=%E3%84%8D&SN2=%E3%84%8D%E3%84%A8%E3%84%A2%CB%87#selectL"
"ㄍ","ㄍㄨㄢˋ","冠","https://dict.concised.moe.edu.tw/searchP.jsp?SN=%E3%84%8D&SN2=%E3%84%8D%E3%84%A8%E3%84%A2%CB%8B#selectL"
"ㄍ","ㄍㄨㄢˋ","貫","https://dict.concised.moe.edu.tw/searchP.jsp?SN=%E3%84%8D&SN2=%E3%84%8D%E3%84%A8%E3%84%A2%CB%8B#selectL"
"ㄍ","ㄍㄨㄢˋ","祼","https://dict.concised.moe.edu.tw/searchP.jsp?SN=%E3%84%8D&SN2=%E3%84%8D%E3%84%A8%E3%84%A2%CB%8B#selectL"
"ㄍ","ㄍㄨㄢˋ","慣","https://dict.concised.moe.edu.tw/searchP.jsp?SN=%E3%84%8D&SN2=%E3%84%8D%E3%84%A8%E3%84%A2%CB%8B#selectL"
"ㄍ","ㄍㄨㄢˋ","摜","https://dict.concised.moe.edu.tw/searchP.jsp?SN=%E3%84%8D&SN2=%E3%84%8D%E3%84%A8%E3%84%A2%CB%8B#selectL"
"ㄍ","ㄍㄨㄢˋ","盥","https://dict.concised.moe.edu.tw/searchP.jsp?SN=%E3%84%8D&SN2=%E3%84%8D%E3%84%A8%E3%84%A2%CB%8B#selectL"
"ㄍ","ㄍㄨㄢˋ","灌","https://dict.concised.moe.edu.tw/searchP.jsp?SN=%E3%84%8D&SN2=%E3%84%8D%E3%84%A8%E3%84%A2%CB%8B#selectL"
"ㄍ","ㄍㄨㄢˋ","罐","https://dict.concised.moe.edu.tw/searchP.jsp?SN=%E3%84%8D&SN2=%E3%84%8D%E3%84%A8%E3%84%A2%CB%8B#selectL"
"ㄍ","ㄍㄨㄢˋ","觀","https://dict.concised.moe.edu.tw/searchP.jsp?SN=%E3%84%8D&SN2=%E3%84%8D%E3%84%A8%E3%84%A2%CB%8B#selectL"
"ㄍ","ㄍㄨㄢˋ","鸛","https://dict.concised.moe.edu.tw/searchP.jsp?SN=%E3%84%8D&SN2=%E3%84%8D%E3%84%A8%E3%84%A2%CB%8B#selectL"
"ㄍ","ㄍㄨㄣˇ","袞","https://dict.concised.moe.edu.tw/searchP.jsp?SN=%E3%84%8D&SN2=%E3%84%8D%E3%84%A8%E3%84%A3%CB%87#selectL"
"ㄍ","ㄍㄨㄣˇ","滾","https://dict.concised.moe.edu.tw/searchP.jsp?SN=%E3%84%8D&SN2=%E3%84%8D%E3%84%A8%E3%84%A3%CB%87#selectL"
"ㄍ","ㄍㄨㄣˇ","鯀","https://dict.concised.moe.edu.tw/searchP.jsp?SN=%E3%84%8D&SN2=%E3%84%8D%E3%84%A8%E3%84%A3%CB%87#selectL"
"ㄍ","ㄍㄨㄣˋ","棍","https://dict.concised.moe.edu.tw/searchP.jsp?SN=%E3%84%8D&SN2=%E3%84%8D%E3%84%A8%E3%84%A3%CB%8B#selectL"
"ㄍ","ㄍㄨㄤ","光","https://dict.concised.moe.edu.tw/searchP.jsp?SN=%E3%84%8D&SN2=%E3%84%8D%E3%84%A8%E3%84%A4#selectL"
"ㄍ","ㄍㄨㄤ","胱","https://dict.concised.moe.edu.tw/searchP.jsp?SN=%E3%84%8D&SN2=%E3%84%8D%E3%84%A8%E3%84%A4#selectL"
"ㄍ","ㄍㄨㄤˇ","廣","https://dict.concised.moe.edu.tw/searchP.jsp?SN=%E3%84%8D&SN2=%E3%84%8D%E3%84%A8%E3%84%A4%CB%87#selectL"
"ㄍ","ㄍㄨㄤˇ","獷","https://dict.concised.moe.edu.tw/searchP.jsp?SN=%E3%84%8D&SN2=%E3%84%8D%E3%84%A8%E3%84%A4%CB%87#selectL"
"ㄍ","ㄍㄨㄤˋ","逛","https://dict.concised.moe.edu.tw/searchP.jsp?SN=%E3%84%8D&SN2=%E3%84%8D%E3%84%A8%E3%84%A4%CB%8B#selectL"
"ㄍ","ㄍㄨㄥ","工","https://dict.concised.moe.edu.tw/searchP.jsp?SN=%E3%84%8D&SN2=%E3%84%8D%E3%84%A8%E3%84%A5#selectL"
"ㄍ","ㄍㄨㄥ","弓","https://dict.concised.moe.edu.tw/searchP.jsp?SN=%E3%84%8D&SN2=%E3%84%8D%E3%84%A8%E3%84%A5#selectL"
"ㄍ","ㄍㄨㄥ","公","https://dict.concised.moe.edu.tw/searchP.jsp?SN=%E3%84%8D&SN2=%E3%84%8D%E3%84%A8%E3%84%A5#selectL"
"ㄍ","ㄍㄨㄥ","功","https://dict.concised.moe.edu.tw/searchP.jsp?SN=%E3%84%8D&SN2=%E3%84%8D%E3%84%A8%E3%84%A5#selectL"
"ㄍ","ㄍㄨㄥ","共","https://dict.concised.moe.edu.tw/searchP.jsp?SN=%E3%84%8D&SN2=%E3%84%8D%E3%84%A8%E3%84%A5#selectL"
"ㄍ","ㄍㄨㄥ","攻","https://dict.concised.moe.edu.tw/searchP.jsp?SN=%E3%84%8D&SN2=%E3%84%8D%E3%84%A8%E3%84%A5#selectL"
"ㄍ","ㄍㄨㄥ","供","https://dict.concised.moe.edu.tw/searchP.jsp?SN=%E3%84%8D&SN2=%E3%84%8D%E3%84%A8%E3%84%A5#selectL"
"ㄍ","ㄍㄨㄥ","肱","https://dict.concised.moe.edu.tw/searchP.jsp?SN=%E3%84%8D&SN2=%E3%84%8D%E3%84%A8%E3%84%A5#selectL"
"ㄍ","ㄍㄨㄥ","紅","https://dict.concised.moe.edu.tw/searchP.jsp?SN=%E3%84%8D&SN2=%E3%84%8D%E3%84%A8%E3%84%A5#selectL"
"ㄍ","ㄍㄨㄥ","宮","https://dict.concised.moe.edu.tw/searchP.jsp?SN=%E3%84%8D&SN2=%E3%84%8D%E3%84%A8%E3%84%A5#selectL"
"ㄍ","ㄍㄨㄥ","恭","https://dict.concised.moe.edu.tw/searchP.jsp?SN=%E3%84%8D&SN2=%E3%84%8D%E3%84%A8%E3%84%A5#selectL"
"ㄍ","ㄍㄨㄥ","蚣","https://dict.concised.moe.edu.tw/searchP.jsp?SN=%E3%84%8D&SN2=%E3%84%8D%E3%84%A8%E3%84%A5#selectL"
"ㄍ","ㄍㄨㄥ","躬","https://dict.concised.moe.edu.tw/searchP.jsp?SN=%E3%84%8D&SN2=%E3%84%8D%E3%84%A8%E3%84%A5#selectL"
"ㄍ","ㄍㄨㄥ","觥","https://dict.concised.moe.edu.tw/searchP.jsp?SN=%E3%84%8D&SN2=%E3%84%8D%E3%84%A8%E3%84%A5#selectL"
"ㄍ","ㄍㄨㄥ","龔","https://dict.concised.moe.edu.tw/searchP.jsp?SN=%E3%84%8D&SN2=%E3%84%8D%E3%84%A8%E3%84%A5#selectL"
"ㄍ","ㄍㄨㄥˇ","汞","https://dict.concised.moe.edu.tw/searchP.jsp?SN=%E3%84%8D&SN2=%E3%84%8D%E3%84%A8%E3%84%A5%CB%87#selectL"
"ㄍ","ㄍㄨㄥˇ","拱","https://dict.concised.moe.edu.tw/searchP.jsp?SN=%E3%84%8D&SN2=%E3%84%8D%E3%84%A8%E3%84%A5%CB%87#selectL"
"ㄍ","ㄍㄨㄥˇ","栱","https://dict.concised.moe.edu.tw/searchP.jsp?SN=%E3%84%8D&SN2=%E3%84%8D%E3%84%A8%E3%84%A5%CB%87#selectL"
"ㄍ","ㄍㄨㄥˇ","鞏","https://dict.concised.moe.edu.tw/searchP.jsp?SN=%E3%84%8D&SN2=%E3%84%8D%E3%84%A8%E3%84%A5%CB%87#selectL"
"ㄍ","ㄍㄨㄥˋ","共","https://dict.concised.moe.edu.tw/searchP.jsp?SN=%E3%84%8D&SN2=%E3%84%8D%E3%84%A8%E3%84%A5%CB%8B#selectL"
"ㄍ","ㄍㄨㄥˋ","供","https://dict.concised.moe.edu.tw/searchP.jsp?SN=%E3%84%8D&SN2=%E3%84%8D%E3%84%A8%E3%84%A5%CB%8B#selectL"
"ㄍ","ㄍㄨㄥˋ","貢","https://dict.concised.moe.edu.tw/searchP.jsp?SN=%E3%84%8D&SN2=%E3%84%8D%E3%84%A8%E3%84%A5%CB%8B#selectL"
"ㄎ","ㄎㄚ","咖","https://dict.concised.moe.edu.tw/searchP.jsp?SN=%E3%84%8E&SN2=%E3%84%8E%E3%84%9A#selectL"
"ㄎ","ㄎㄚ","喀","https://dict.concised.moe.edu.tw/searchP.jsp?SN=%E3%84%8E&SN2=%E3%84%8E%E3%84%9A#selectL"
"ㄎ","ㄎㄚˇ","卡","https://dict.concised.moe.edu.tw/searchP.jsp?SN=%E3%84%8E&SN2=%E3%84%8E%E3%84%9A%CB%87#selectL"
"ㄎ","ㄎㄚˇ","咯","https://dict.concised.moe.edu.tw/searchP.jsp?SN=%E3%84%8E&SN2=%E3%84%8E%E3%84%9A%CB%87#selectL"
"ㄎ","ㄎㄜ","柯","https://dict.concised.moe.edu.tw/searchP.jsp?SN=%E3%84%8E&SN2=%E3%84%8E%E3%84%9C#selectL"
"ㄎ","ㄎㄜ","珂","https://dict.concised.moe.edu.tw/searchP.jsp?SN=%E3%84%8E&SN2=%E3%84%8E%E3%84%9C#selectL"
"ㄎ","ㄎㄜ","科","https://dict.concised.moe.edu.tw/searchP.jsp?SN=%E3%84%8E&SN2=%E3%84%8E%E3%84%9C#selectL"
"ㄎ","ㄎㄜ","苛","https://dict.concised.moe.edu.tw/searchP.jsp?SN=%E3%84%8E&SN2=%E3%84%8E%E3%84%9C#selectL"
"ㄎ","ㄎㄜ","蚵","https://dict.concised.moe.edu.tw/searchP.jsp?SN=%E3%84%8E&SN2=%E3%84%8E%E3%84%9C#selectL"
"ㄎ","ㄎㄜ","棵","https://dict.concised.moe.edu.tw/searchP.jsp?SN=%E3%84%8E&SN2=%E3%84%8E%E3%84%9C#selectL"
"ㄎ","ㄎㄜ","軻","https://dict.concised.moe.edu.tw/searchP.jsp?SN=%E3%84%8E&SN2=%E3%84%8E%E3%84%9C#selectL"
"ㄎ","ㄎㄜ","稞","https://dict.concised.moe.edu.tw/searchP.jsp?SN=%E3%84%8E&SN2=%E3%84%8E%E3%84%9C#selectL"
"ㄎ","ㄎㄜ","窠","https://dict.concised.moe.edu.tw/searchP.jsp?SN=%E3%84%8E&SN2=%E3%84%8E%E3%84%9C#selectL"
"ㄎ","ㄎㄜ","瞌","https://dict.concised.moe.edu.tw/searchP.jsp?SN=%E3%84%8E&SN2=%E3%84%8E%E3%84%9C#selectL"
"ㄎ","ㄎㄜ","磕","https://dict.concised.moe.edu.tw/searchP.jsp?SN=%E3%84%8E&SN2=%E3%84%8E%E3%84%9C#selectL"
"ㄎ","ㄎㄜ","蝌","https://dict.concised.moe.edu.tw/searchP.jsp?SN=%E3%84%8E&SN2=%E3%84%8E%E3%84%9C#selectL"
"ㄎ","ㄎㄜ","頦","https://dict.concised.moe.edu.tw/searchP.jsp?SN=%E3%84%8E&SN2=%E3%84%8E%E3%84%9C#selectL"
"ㄎ","ㄎㄜ","顆","https://dict.concised.moe.edu.tw/searchP.jsp?SN=%E3%84%8E&SN2=%E3%84%8E%E3%84%9C#selectL"
"ㄎ","ㄎㄜˇ","可","https://dict.concised.moe.edu.tw/searchP.jsp?SN=%E3%84%8E&SN2=%E3%84%8E%E3%84%9C%CB%87#selectL"
"ㄎ","ㄎㄜˇ","坷","https://dict.concised.moe.edu.tw/searchP.jsp?SN=%E3%84%8E&SN2=%E3%84%8E%E3%84%9C%CB%87#selectL"
"ㄎ","ㄎㄜˇ","渴","https://dict.concised.moe.edu.tw/searchP.jsp?SN=%E3%84%8E&SN2=%E3%84%8E%E3%84%9C%CB%87#selectL"
"ㄎ","ㄎㄜˊ","咳","https://dict.concised.moe.edu.tw/searchP.jsp?SN=%E3%84%8E&SN2=%E3%84%8E%E3%84%9C%CB%8A#selectL"
"ㄎ","ㄎㄜˊ","殼","https://dict.concised.moe.edu.tw/searchP.jsp?SN=%E3%84%8E&SN2=%E3%84%8E%E3%84%9C%CB%8A#selectL"
"ㄎ","ㄎㄜˋ","可","https://dict.concised.moe.edu.tw/searchP.jsp?SN=%E3%84%8E&SN2=%E3%84%8E%E3%84%9C%CB%8B#selectL"
"ㄎ","ㄎㄜˋ","克","https://dict.concised.moe.edu.tw/searchP.jsp?SN=%E3%84%8E&SN2=%E3%84%8E%E3%84%9C%CB%8B#selectL"
"ㄎ","ㄎㄜˋ","刻","https://dict.concised.moe.edu.tw/searchP.jsp?SN=%E3%84%8E&SN2=%E3%84%8E%E3%84%9C%CB%8B#selectL"
"ㄎ","ㄎㄜˋ","剋","https://dict.concised.moe.edu.tw/searchP.jsp?SN=%E3%84%8E&SN2=%E3%84%8E%E3%84%9C%CB%8B#selectL"
"ㄎ","ㄎㄜˋ","客","https://dict.concised.moe.edu.tw/searchP.jsp?SN=%E3%84%8E&SN2=%E3%84%8E%E3%84%9C%CB%8B#selectL"
"ㄎ","ㄎㄜˋ","恪","https://dict.concised.moe.edu.tw/searchP.jsp?SN=%E3%84%8E&SN2=%E3%84%8E%E3%84%9C%CB%8B#selectL"
"ㄎ","ㄎㄜˋ","嗑","https://dict.concised.moe.edu.tw/searchP.jsp?SN=%E3%84%8E&SN2=%E3%84%8E%E3%84%9C%CB%8B#selectL"
"ㄎ","ㄎㄜˋ","溘","https://dict.concised.moe.edu.tw/searchP.jsp?SN=%E3%84%8E&SN2=%E3%84%8E%E3%84%9C%CB%8B#selectL"
"ㄎ","ㄎㄜˋ","課","https://dict.concised.moe.edu.tw/searchP.jsp?SN=%E3%84%8E&SN2=%E3%84%8E%E3%84%9C%CB%8B#selectL"
"ㄎ","ㄎㄞ","揩","https://dict.concised.moe.edu.tw/searchP.jsp?SN=%E3%84%8E&SN2=%E3%84%8E%E3%84%9E#selectL"
"ㄎ","ㄎㄞ","開","https://dict.concised.moe.edu.tw/searchP.jsp?SN=%E3%84%8E&SN2=%E3%84%8E%E3%84%9E#selectL"
"ㄎ","ㄎㄞˇ","凱","https://dict.concised.moe.edu.tw/searchP.jsp?SN=%E3%84%8E&SN2=%E3%84%8E%E3%84%9E%CB%87#selectL"
"ㄎ","ㄎㄞˇ","剴","https://dict.concised.moe.edu.tw/searchP.jsp?SN=%E3%84%8E&SN2=%E3%84%8E%E3%84%9E%CB%87#selectL"
"ㄎ","ㄎㄞˇ","慨","https://dict.concised.moe.edu.tw/searchP.jsp?SN=%E3%84%8E&SN2=%E3%84%8E%E3%84%9E%CB%87#selectL"
"ㄎ","ㄎㄞˇ","愷","https://dict.concised.moe.edu.tw/searchP.jsp?SN=%E3%84%8E&SN2=%E3%84%8E%E3%84%9E%CB%87#selectL"
"ㄎ","ㄎㄞˇ","楷","https://dict.concised.moe.edu.tw/searchP.jsp?SN=%E3%84%8E&SN2=%E3%84%8E%E3%84%9E%CB%87#selectL"
"ㄎ","ㄎㄞˇ","鍇","https://dict.concised.moe.edu.tw/searchP.jsp?SN=%E3%84%8E&SN2=%E3%84%8E%E3%84%9E%CB%87#selectL"
"ㄎ","ㄎㄞˇ","鎧","https://dict.concised.moe.edu.tw/searchP.jsp?SN=%E3%84%8E&SN2=%E3%84%8E%E3%84%9E%CB%87#selectL"
"ㄎ","ㄎㄞˇ","闓","https://dict.concised.moe.edu.tw/searchP.jsp?SN=%E3%84%8E&SN2=%E3%84%8E%E3%84%9E%CB%87#selectL"
"ㄎ","ㄎㄞˋ","欬","https://dict.concised.moe.edu.tw/searchP.jsp?SN=%E3%84%8E&SN2=%E3%84%8E%E3%84%9E%CB%8B#selectL"
"ㄎ","ㄎㄞˋ","愒","https://dict.concised.moe.edu.tw/searchP.jsp?SN=%E3%84%8E&SN2=%E3%84%8E%E3%84%9E%CB%8B#selectL"
"ㄎ","ㄎㄞˋ","愾","https://dict.concised.moe.edu.tw/searchP.jsp?SN=%E3%84%8E&SN2=%E3%84%8E%E3%84%9E%CB%8B#selectL"
"ㄎ","ㄎㄠ","尻","https://dict.concised.moe.edu.tw/searchP.jsp?SN=%E3%84%8E&SN2=%E3%84%8E%E3%84%A0#selectL"
"ㄎ","ㄎㄠˇ","攷","https://dict.concised.moe.edu.tw/searchP.jsp?SN=%E3%84%8E&SN2=%E3%84%8E%E3%84%A0%CB%87#selectL"
"ㄎ","ㄎㄠˇ","考","https://dict.concised.moe.edu.tw/searchP.jsp?SN=%E3%84%8E&SN2=%E3%84%8E%E3%84%A0%CB%87#selectL"
"ㄎ","ㄎㄠˇ","拷","https://dict.concised.moe.edu.tw/searchP.jsp?SN=%E3%84%8E&SN2=%E3%84%8E%E3%84%A0%CB%87#selectL"
"ㄎ","ㄎㄠˇ","烤","https://dict.concised.moe.edu.tw/searchP.jsp?SN=%E3%84%8E&SN2=%E3%84%8E%E3%84%A0%CB%87#selectL"
"ㄎ","ㄎㄠˋ","犒","https://dict.concised.moe.edu.tw/searchP.jsp?SN=%E3%84%8E&SN2=%E3%84%8E%E3%84%A0%CB%8B#selectL"
"ㄎ","ㄎㄠˋ","銬","https://dict.concised.moe.edu.tw/searchP.jsp?SN=%E3%84%8E&SN2=%E3%84%8E%E3%84%A0%CB%8B#selectL"
"ㄎ","ㄎㄠˋ","靠","https://dict.concised.moe.edu.tw/searchP.jsp?SN=%E3%84%8E&SN2=%E3%84%8E%E3%84%A0%CB%8B#selectL"
"ㄎ","ㄎㄡ","摳","https://dict.concised.moe.edu.tw/searchP.jsp?SN=%E3%84%8E&SN2=%E3%84%8E%E3%84%A1#selectL"
"ㄎ","ㄎㄡˇ","口","https://dict.concised.moe.edu.tw/searchP.jsp?SN=%E3%84%8E&SN2=%E3%84%8E%E3%84%A1%CB%87#selectL"
"ㄎ","ㄎㄡˋ","叩","https://dict.concised.moe.edu.tw/searchP.jsp?SN=%E3%84%8E&SN2=%E3%84%8E%E3%84%A1%CB%8B#selectL"
"ㄎ","ㄎㄡˋ","扣","https://dict.concised.moe.edu.tw/searchP.jsp?SN=%E3%84%8E&SN2=%E3%84%8E%E3%84%A1%CB%8B#selectL"
"ㄎ","ㄎㄡˋ","佝","https://dict.concised.moe.edu.tw/searchP.jsp?SN=%E3%84%8E&SN2=%E3%84%8E%E3%84%A1%CB%8B#selectL"
"ㄎ","ㄎㄡˋ","寇","https://dict.concised.moe.edu.tw/searchP.jsp?SN=%E3%84%8E&SN2=%E3%84%8E%E3%84%A1%CB%8B#selectL"
"ㄎ","ㄎㄡˋ","釦","https://dict.concised.moe.edu.tw/searchP.jsp?SN=%E3%84%8E&SN2=%E3%84%8E%E3%84%A1%CB%8B#selectL"
"ㄎ","ㄎㄡˋ","蔻","https://dict.concised.moe.edu.tw/searchP.jsp?SN=%E3%84%8E&SN2=%E3%84%8E%E3%84%A1%CB%8B#selectL"
"ㄎ","ㄎㄢ","刊","https://dict.concised.moe.edu.tw/searchP.jsp?SN=%E3%84%8E&SN2=%E3%84%8E%E3%84%A2#selectL"
"ㄎ","ㄎㄢ","看","https://dict.concised.moe.edu.tw/searchP.jsp?SN=%E3%84%8E&SN2=%E3%84%8E%E3%84%A2#selectL"
"ㄎ","ㄎㄢ","勘","https://dict.concised.moe.edu.tw/searchP.jsp?SN=%E3%84%8E&SN2=%E3%84%8E%E3%84%A2#selectL"
"ㄎ","ㄎㄢ","堪","https://dict.concised.moe.edu.tw/searchP.jsp?SN=%E3%84%8E&SN2=%E3%84%8E%E3%84%A2#selectL"
"ㄎ","ㄎㄢ","戡","https://dict.concised.moe.edu.tw/searchP.jsp?SN=%E3%84%8E&SN2=%E3%84%8E%E3%84%A2#selectL"
"ㄎ","ㄎㄢ","龕","https://dict.concised.moe.edu.tw/searchP.jsp?SN=%E3%84%8E&SN2=%E3%84%8E%E3%84%A2#selectL"
"ㄎ","ㄎㄢˇ","坎","https://dict.concised.moe.edu.tw/searchP.jsp?SN=%E3%84%8E&SN2=%E3%84%8E%E3%84%A2%CB%87#selectL"
"ㄎ","ㄎㄢˇ","侃","https://dict.concised.moe.edu.tw/searchP.jsp?SN=%E3%84%8E&SN2=%E3%84%8E%E3%84%A2%CB%87#selectL"
"ㄎ","ㄎㄢˇ","砍","https://dict.concised.moe.edu.tw/searchP.jsp?SN=%E3%84%8E&SN2=%E3%84%8E%E3%84%A2%CB%87#selectL"
"ㄎ","ㄎㄢˇ","崁","https://dict.concised.moe.edu.tw/searchP.jsp?SN=%E3%84%8E&SN2=%E3%84%8E%E3%84%A2%CB%87#selectL"
"ㄎ","ㄎㄢˇ","埳","https://dict.concised.moe.edu.tw/searchP.jsp?SN=%E3%84%8E&SN2=%E3%84%8E%E3%84%A2%CB%87#selectL"
"ㄎ","ㄎㄢˇ","嵌","https://dict.concised.moe.edu.tw/searchP.jsp?SN=%E3%84%8E&SN2=%E3%84%8E%E3%84%A2%CB%87#selectL"
"ㄎ","ㄎㄢˇ","檻","https://dict.concised.moe.edu.tw/searchP.jsp?SN=%E3%84%8E&SN2=%E3%84%8E%E3%84%A2%CB%87#selectL"
"ㄎ","ㄎㄢˋ","看","https://dict.concised.moe.edu.tw/searchP.jsp?SN=%E3%84%8E&SN2=%E3%84%8E%E3%84%A2%CB%8B#selectL"
"ㄎ","ㄎㄢˋ","瞰","https://dict.concised.moe.edu.tw/searchP.jsp?SN=%E3%84%8E&SN2=%E3%84%8E%E3%84%A2%CB%8B#selectL"
"ㄎ","ㄎㄣˇ","肯","https://dict.concised.moe.edu.tw/searchP.jsp?SN=%E3%84%8E&SN2=%E3%84%8E%E3%84%A3%CB%87#selectL"
"ㄎ","ㄎㄣˇ","啃","https://dict.concised.moe.edu.tw/searchP.jsp?SN=%E3%84%8E&SN2=%E3%84%8E%E3%84%A3%CB%87#selectL"
"ㄎ","ㄎㄣˇ","墾","https://dict.concised.moe.edu.tw/searchP.jsp?SN=%E3%84%8E&SN2=%E3%84%8E%E3%84%A3%CB%87#selectL"
"ㄎ","ㄎㄣˇ","懇","https://dict.concised.moe.edu.tw/searchP.jsp?SN=%E3%84%8E&SN2=%E3%84%8E%E3%84%A3%CB%87#selectL"
"ㄎ","ㄎㄤ","康","https://dict.concised.moe.edu.tw/searchP.jsp?SN=%E3%84%8E&SN2=%E3%84%8E%E3%84%A4#selectL"
"ㄎ","ㄎㄤ","慷","https://dict.concised.moe.edu.tw/searchP.jsp?SN=%E3%84%8E&SN2=%E3%84%8E%E3%84%A4#selectL"
"ㄎ","ㄎㄤ","糠","https://dict.concised.moe.edu.tw/searchP.jsp?SN=%E3%84%8E&SN2=%E3%84%8E%E3%84%A4#selectL"
"ㄎ","ㄎㄤˊ","扛","https://dict.concised.moe.edu.tw/searchP.jsp?SN=%E3%84%8E&SN2=%E3%84%8E%E3%84%A4%CB%8A#selectL"
"ㄎ","ㄎㄤˋ","亢","https://dict.concised.moe.edu.tw/searchP.jsp?SN=%E3%84%8E&SN2=%E3%84%8E%E3%84%A4%CB%8B#selectL"
"ㄎ","ㄎㄤˋ","伉","https://dict.concised.moe.edu.tw/searchP.jsp?SN=%E3%84%8E&SN2=%E3%84%8E%E3%84%A4%CB%8B#selectL"
"ㄎ","ㄎㄤˋ","抗","https://dict.concised.moe.edu.tw/searchP.jsp?SN=%E3%84%8E&SN2=%E3%84%8E%E3%84%A4%CB%8B#selectL"
"ㄎ","ㄎㄤˋ","炕","https://dict.concised.moe.edu.tw/searchP.jsp?SN=%E3%84%8E&SN2=%E3%84%8E%E3%84%A4%CB%8B#selectL"
"ㄎ","ㄎㄥ","吭","https://dict.concised.moe.edu.tw/searchP.jsp?SN=%E3%84%8E&SN2=%E3%84%8E%E3%84%A5#selectL"
"ㄎ","ㄎㄥ","坑","https://dict.concised.moe.edu.tw/searchP.jsp?SN=%E3%84%8E&SN2=%E3%84%8E%E3%84%A5#selectL"
"ㄎ","ㄎㄥ","鏗","https://dict.concised.moe.edu.tw/searchP.jsp?SN=%E3%84%8E&SN2=%E3%84%8E%E3%84%A5#selectL"
"ㄎ","ㄎㄨ","枯","https://dict.concised.moe.edu.tw/searchP.jsp?SN=%E3%84%8E&SN2=%E3%84%8E%E3%84%A8#selectL"
"ㄎ","ㄎㄨ","哭","https://dict.concised.moe.edu.tw/searchP.jsp?SN=%E3%84%8E&SN2=%E3%84%8E%E3%84%A8#selectL"
"ㄎ","ㄎㄨ","堀","https://dict.concised.moe.edu.tw/searchP.jsp?SN=%E3%84%8E&SN2=%E3%84%8E%E3%84%A8#selectL"
"ㄎ","ㄎㄨ","窟","https://dict.concised.moe.edu.tw/searchP.jsp?SN=%E3%84%8E&SN2=%E3%84%8E%E3%84%A8#selectL"
"ㄎ","ㄎㄨ","骷","https://dict.concised.moe.edu.tw/searchP.jsp?SN=%E3%84%8E&SN2=%E3%84%8E%E3%84%A8#selectL"
"ㄎ","ㄎㄨˇ","苦","https://dict.concised.moe.edu.tw/searchP.jsp?SN=%E3%84%8E&SN2=%E3%84%8E%E3%84%A8%CB%87#selectL"
"ㄎ","ㄎㄨˋ","矻","https://dict.concised.moe.edu.tw/searchP.jsp?SN=%E3%84%8E&SN2=%E3%84%8E%E3%84%A8%CB%8B#selectL"
"ㄎ","ㄎㄨˋ","庫","https://dict.concised.moe.edu.tw/searchP.jsp?SN=%E3%84%8E&SN2=%E3%84%8E%E3%84%A8%CB%8B#selectL"
"ㄎ","ㄎㄨˋ","酷","https://dict.concised.moe.edu.tw/searchP.jsp?SN=%E3%84%8E&SN2=%E3%84%8E%E3%84%A8%CB%8B#selectL"
"ㄎ","ㄎㄨˋ","褲","https://dict.concised.moe.edu.tw/searchP.jsp?SN=%E3%84%8E&SN2=%E3%84%8E%E3%84%A8%CB%8B#selectL"
"ㄎ","ㄎㄨㄚ","夸","https://dict.concised.moe.edu.tw/searchP.jsp?SN=%E3%84%8E&SN2=%E3%84%8E%E3%84%A8%E3%84%9A#selectL"
"ㄎ","ㄎㄨㄚ","誇","https://dict.concised.moe.edu.tw/searchP.jsp?SN=%E3%84%8E&SN2=%E3%84%8E%E3%84%A8%E3%84%9A#selectL"
"ㄎ","ㄎㄨㄚˇ","垮","https://dict.concised.moe.edu.tw/searchP.jsp?SN=%E3%84%8E&SN2=%E3%84%8E%E3%84%A8%E3%84%9A%CB%87#selectL"
"ㄎ","ㄎㄨㄚˋ","胯","https://dict.concised.moe.edu.tw/searchP.jsp?SN=%E3%84%8E&SN2=%E3%84%8E%E3%84%A8%E3%84%9A%CB%8B#selectL"
"ㄎ","ㄎㄨㄚˋ","跨","https://dict.concised.moe.edu.tw/searchP.jsp?SN=%E3%84%8E&SN2=%E3%84%8E%E3%84%A8%E3%84%9A%CB%8B#selectL"
"ㄎ","ㄎㄨㄛˋ","括","https://dict.concised.moe.edu.tw/searchP.jsp?SN=%E3%84%8E&SN2=%E3%84%8E%E3%84%A8%E3%84%9B%CB%8B#selectL"
"ㄎ","ㄎㄨㄛˋ","廓","https://dict.concised.moe.edu.tw/searchP.jsp?SN=%E3%84%8E&SN2=%E3%84%8E%E3%84%A8%E3%84%9B%CB%8B#selectL"
"ㄎ","ㄎㄨㄛˋ","闊","https://dict.concised.moe.edu.tw/searchP.jsp?SN=%E3%84%8E&SN2=%E3%84%8E%E3%84%A8%E3%84%9B%CB%8B#selectL"
"ㄎ","ㄎㄨㄛˋ","擴","https://dict.concised.moe.edu.tw/searchP.jsp?SN=%E3%84%8E&SN2=%E3%84%8E%E3%84%A8%E3%84%9B%CB%8B#selectL"
"ㄎ","ㄎㄨㄞˇ","蒯","https://dict.concised.moe.edu.tw/searchP.jsp?SN=%E3%84%8E&SN2=%E3%84%8E%E3%84%A8%E3%84%9E%CB%87#selectL"
"ㄎ","ㄎㄨㄞˋ","快","https://dict.concised.moe.edu.tw/searchP.jsp?SN=%E3%84%8E&SN2=%E3%84%8E%E3%84%A8%E3%84%9E%CB%8B#selectL"
"ㄎ","ㄎㄨㄞˋ","塊","https://dict.concised.moe.edu.tw/searchP.jsp?SN=%E3%84%8E&SN2=%E3%84%8E%E3%84%A8%E3%84%9E%CB%8B#selectL"
"ㄎ","ㄎㄨㄞˋ","會","https://dict.concised.moe.edu.tw/searchP.jsp?SN=%E3%84%8E&SN2=%E3%84%8E%E3%84%A8%E3%84%9E%CB%8B#selectL"
"ㄎ","ㄎㄨㄞˋ","筷","https://dict.concised.moe.edu.tw/searchP.jsp?SN=%E3%84%8E&SN2=%E3%84%8E%E3%84%A8%E3%84%9E%CB%8B#selectL"
"ㄎ","ㄎㄨㄞˋ","儈","https://dict.concised.moe.edu.tw/searchP.jsp?SN=%E3%84%8E&SN2=%E3%84%8E%E3%84%A8%E3%84%9E%CB%8B#selectL"
"ㄎ","ㄎㄨㄞˋ","劊","https://dict.concised.moe.edu.tw/searchP.jsp?SN=%E3%84%8E&SN2=%E3%84%8E%E3%84%A8%E3%84%9E%CB%8B#selectL"
"ㄎ","ㄎㄨㄞˋ","澮","https://dict.concised.moe.edu.tw/searchP.jsp?SN=%E3%84%8E&SN2=%E3%84%8E%E3%84%A8%E3%84%9E%CB%8B#selectL"
"ㄎ","ㄎㄨㄞˋ","獪","https://dict.concised.moe.edu.tw/searchP.jsp?SN=%E3%84%8E&SN2=%E3%84%8E%E3%84%A8%E3%84%9E%CB%8B#selectL"
"ㄎ","ㄎㄨㄞˋ","檜","https://dict.concised.moe.edu.tw/searchP.jsp?SN=%E3%84%8E&SN2=%E3%84%8E%E3%84%A8%E3%84%9E%CB%8B#selectL"
"ㄎ","ㄎㄨㄞˋ","膾","https://dict.concised.moe.edu.tw/searchP.jsp?SN=%E3%84%8E&SN2=%E3%84%8E%E3%84%A8%E3%84%9E%CB%8B#selectL"
"ㄎ","ㄎㄨㄟ","盔","https://dict.concised.moe.edu.tw/searchP.jsp?SN=%E3%84%8E&SN2=%E3%84%8E%E3%84%A8%E3%84%9F#selectL"
"ㄎ","ㄎㄨㄟ","窺","https://dict.concised.moe.edu.tw/searchP.jsp?SN=%E3%84%8E&SN2=%E3%84%8E%E3%84%A8%E3%84%9F#selectL"
"ㄎ","ㄎㄨㄟ","虧","https://dict.concised.moe.edu.tw/searchP.jsp?SN=%E3%84%8E&SN2=%E3%84%8E%E3%84%A8%E3%84%9F#selectL"
"ㄎ","ㄎㄨㄟˇ","傀","https://dict.concised.moe.edu.tw/searchP.jsp?SN=%E3%84%8E&SN2=%E3%84%8E%E3%84%A8%E3%84%9F%CB%87#selectL"
"ㄎ","ㄎㄨㄟˊ","奎","https://dict.concised.moe.edu.tw/searchP.jsp?SN=%E3%84%8E&SN2=%E3%84%8E%E3%84%A8%E3%84%9F%CB%8A#selectL"
"ㄎ","ㄎㄨㄟˊ","馗","https://dict.concised.moe.edu.tw/searchP.jsp?SN=%E3%84%8E&SN2=%E3%84%8E%E3%84%A8%E3%84%9F%CB%8A#selectL"
"ㄎ","ㄎㄨㄟˊ","揆","https://dict.concised.moe.edu.tw/searchP.jsp?SN=%E3%84%8E&SN2=%E3%84%8E%E3%84%A8%E3%84%9F%CB%8A#selectL"
"ㄎ","ㄎㄨㄟˊ","逵","https://dict.concised.moe.edu.tw/searchP.jsp?SN=%E3%84%8E&SN2=%E3%84%8E%E3%84%A8%E3%84%9F%CB%8A#selectL"
"ㄎ","ㄎㄨㄟˊ","葵","https://dict.concised.moe.edu.tw/searchP.jsp?SN=%E3%84%8E&SN2=%E3%84%8E%E3%84%A8%E3%84%9F%CB%8A#selectL"
"ㄎ","ㄎㄨㄟˊ","睽","https://dict.concised.moe.edu.tw/searchP.jsp?SN=%E3%84%8E&SN2=%E3%84%8E%E3%84%A8%E3%84%9F%CB%8A#selectL"
"ㄎ","ㄎㄨㄟˊ","魁","https://dict.concised.moe.edu.tw/searchP.jsp?SN=%E3%84%8E&SN2=%E3%84%8E%E3%84%A8%E3%84%9F%CB%8A#selectL"
"ㄎ","ㄎㄨㄟˊ","夔","https://dict.concised.moe.edu.tw/searchP.jsp?SN=%E3%84%8E&SN2=%E3%84%8E%E3%84%A8%E3%84%9F%CB%8A#selectL"
"ㄎ","ㄎㄨㄟˋ","喟","https://dict.concised.moe.edu.tw/searchP.jsp?SN=%E3%84%8E&SN2=%E3%84%8E%E3%84%A8%E3%84%9F%CB%8B#selectL"
"ㄎ","ㄎㄨㄟˋ","愧","https://dict.concised.moe.edu.tw/searchP.jsp?SN=%E3%84%8E&SN2=%E3%84%8E%E3%84%A8%E3%84%9F%CB%8B#selectL"
"ㄎ","ㄎㄨㄟˋ","匱","https://dict.concised.moe.edu.tw/searchP.jsp?SN=%E3%84%8E&SN2=%E3%84%8E%E3%84%A8%E3%84%9F%CB%8B#selectL"
"ㄎ","ㄎㄨㄟˋ","憒","https://dict.concised.moe.edu.tw/searchP.jsp?SN=%E3%84%8E&SN2=%E3%84%8E%E3%84%A8%E3%84%9F%CB%8B#selectL"
"ㄎ","ㄎㄨㄟˋ","潰","https://dict.concised.moe.edu.tw/searchP.jsp?SN=%E3%84%8E&SN2=%E3%84%8E%E3%84%A8%E3%84%9F%CB%8B#selectL"
"ㄎ","ㄎㄨㄟˋ","蕢","https://dict.concised.moe.edu.tw/searchP.jsp?SN=%E3%84%8E&SN2=%E3%84%8E%E3%84%A8%E3%84%9F%CB%8B#selectL"
"ㄎ","ㄎㄨㄟˋ","歸","https://dict.concised.moe.edu.tw/searchP.jsp?SN=%E3%84%8E&SN2=%E3%84%8E%E3%84%A8%E3%84%9F%CB%8B#selectL"
"ㄎ","ㄎㄨㄟˋ","簣","https://dict.concised.moe.edu.tw/searchP.jsp?SN=%E3%84%8E&SN2=%E3%84%8E%E3%84%A8%E3%84%9F%CB%8B#selectL"
"ㄎ","ㄎㄨㄟˋ","聵","https://dict.concised.moe.edu.tw/searchP.jsp?SN=%E3%84%8E&SN2=%E3%84%8E%E3%84%A8%E3%84%9F%CB%8B#selectL"
"ㄎ","ㄎㄨㄟˋ","餽","https://dict.concised.moe.edu.tw/searchP.jsp?SN=%E3%84%8E&SN2=%E3%84%8E%E3%84%A8%E3%84%9F%CB%8B#selectL"
"ㄎ","ㄎㄨㄟˋ","饋","https://dict.concised.moe.edu.tw/searchP.jsp?SN=%E3%84%8E&SN2=%E3%84%8E%E3%84%A8%E3%84%9F%CB%8B#selectL"
"ㄎ","ㄎㄨㄢ","寬","https://dict.concised.moe.edu.tw/searchP.jsp?SN=%E3%84%8E&SN2=%E3%84%8E%E3%84%A8%E3%84%A2#selectL"
"ㄎ","ㄎㄨㄢ","髖","https://dict.concised.moe.edu.tw/searchP.jsp?SN=%E3%84%8E&SN2=%E3%84%8E%E3%84%A8%E3%84%A2#selectL"
"ㄎ","ㄎㄨㄢˇ","款","https://dict.concised.moe.edu.tw/searchP.jsp?SN=%E3%84%8E&SN2=%E3%84%8E%E3%84%A8%E3%84%A2%CB%87#selectL"
"ㄎ","ㄎㄨㄣ","坤","https://dict.concised.moe.edu.tw/searchP.jsp?SN=%E3%84%8E&SN2=%E3%84%8E%E3%84%A8%E3%84%A3#selectL"
"ㄎ","ㄎㄨㄣ","昆","https://dict.concised.moe.edu.tw/searchP.jsp?SN=%E3%84%8E&SN2=%E3%84%8E%E3%84%A8%E3%84%A3#selectL"
"ㄎ","ㄎㄨㄣ","崑","https://dict.concised.moe.edu.tw/searchP.jsp?SN=%E3%84%8E&SN2=%E3%84%8E%E3%84%A8%E3%84%A3#selectL"
"ㄎ","ㄎㄨㄣ","混","https://dict.concised.moe.edu.tw/searchP.jsp?SN=%E3%84%8E&SN2=%E3%84%8E%E3%84%A8%E3%84%A3#selectL"
"ㄎ","ㄎㄨㄣ","琨","https://dict.concised.moe.edu.tw/searchP.jsp?SN=%E3%84%8E&SN2=%E3%84%8E%E3%84%A8%E3%84%A3#selectL"
"ㄎ","ㄎㄨㄣ","髡","https://dict.concised.moe.edu.tw/searchP.jsp?SN=%E3%84%8E&SN2=%E3%84%8E%E3%84%A8%E3%84%A3#selectL"
"ㄎ","ㄎㄨㄣ","錕","https://dict.concised.moe.edu.tw/searchP.jsp?SN=%E3%84%8E&SN2=%E3%84%8E%E3%84%A8%E3%84%A3#selectL"
"ㄎ","ㄎㄨㄣ","鯤","https://dict.concised.moe.edu.tw/searchP.jsp?SN=%E3%84%8E&SN2=%E3%84%8E%E3%84%A8%E3%84%A3#selectL"
"ㄎ","ㄎㄨㄣˇ","悃","https://dict.concised.moe.edu.tw/searchP.jsp?SN=%E3%84%8E&SN2=%E3%84%8E%E3%84%A8%E3%84%A3%CB%87#selectL"
"ㄎ","ㄎㄨㄣˇ","捆","https://dict.concised.moe.edu.tw/searchP.jsp?SN=%E3%84%8E&SN2=%E3%84%8E%E3%84%A8%E3%84%A3%CB%87#selectL"
"ㄎ","ㄎㄨㄣˇ","綑","https://dict.concised.moe.edu.tw/searchP.jsp?SN=%E3%84%8E&SN2=%E3%84%8E%E3%84%A8%E3%84%A3%CB%87#selectL"
"ㄎ","ㄎㄨㄣˇ","閫","https://dict.concised.moe.edu.tw/searchP.jsp?SN=%E3%84%8E&SN2=%E3%84%8E%E3%84%A8%E3%84%A3%CB%87#selectL"
"ㄎ","ㄎㄨㄣˋ","困","https://dict.concised.moe.edu.tw/searchP.jsp?SN=%E3%84%8E&SN2=%E3%84%8E%E3%84%A8%E3%84%A3%CB%8B#selectL"
"ㄎ","ㄎㄨㄣˋ","睏","https://dict.concised.moe.edu.tw/searchP.jsp?SN=%E3%84%8E&SN2=%E3%84%8E%E3%84%A8%E3%84%A3%CB%8B#selectL"
"ㄎ","ㄎㄨㄤ","匡","https://dict.concised.moe.edu.tw/searchP.jsp?SN=%E3%84%8E&SN2=%E3%84%8E%E3%84%A8%E3%84%A4#selectL"
"ㄎ","ㄎㄨㄤ","劻","https://dict.concised.moe.edu.tw/searchP.jsp?SN=%E3%84%8E&SN2=%E3%84%8E%E3%84%A8%E3%84%A4#selectL"
"ㄎ","ㄎㄨㄤ","框","https://dict.concised.moe.edu.tw/searchP.jsp?SN=%E3%84%8E&SN2=%E3%84%8E%E3%84%A8%E3%84%A4#selectL"
"ㄎ","ㄎㄨㄤ","眶","https://dict.concised.moe.edu.tw/searchP.jsp?SN=%E3%84%8E&SN2=%E3%84%8E%E3%84%A8%E3%84%A4#selectL"
"ㄎ","ㄎㄨㄤ","筐","https://dict.concised.moe.edu.tw/searchP.jsp?SN=%E3%84%8E&SN2=%E3%84%8E%E3%84%A8%E3%84%A4#selectL"
"ㄎ","ㄎㄨㄤ","誆","https://dict.concised.moe.edu.tw/searchP.jsp?SN=%E3%84%8E&SN2=%E3%84%8E%E3%84%A8%E3%84%A4#selectL"
"ㄎ","ㄎㄨㄤˊ","狂","https://dict.concised.moe.edu.tw/searchP.jsp?SN=%E3%84%8E&SN2=%E3%84%8E%E3%84%A8%E3%84%A4%CB%8A#selectL"
"ㄎ","ㄎㄨㄤˊ","誑","https://dict.concised.moe.edu.tw/searchP.jsp?SN=%E3%84%8E&SN2=%E3%84%8E%E3%84%A8%E3%84%A4%CB%8A#selectL"
"ㄎ","ㄎㄨㄤˋ","況","https://dict.concised.moe.edu.tw/searchP.jsp?SN=%E3%84%8E&SN2=%E3%84%8E%E3%84%A8%E3%84%A4%CB%8B#selectL"
"ㄎ","ㄎㄨㄤˋ","壙","https://dict.concised.moe.edu.tw/searchP.jsp?SN=%E3%84%8E&SN2=%E3%84%8E%E3%84%A8%E3%84%A4%CB%8B#selectL"
"ㄎ","ㄎㄨㄤˋ","鄺","https://dict.concised.moe.edu.tw/searchP.jsp?SN=%E3%84%8E&SN2=%E3%84%8E%E3%84%A8%E3%84%A4%CB%8B#selectL"
"ㄎ","ㄎㄨㄤˋ","曠","https://dict.concised.moe.edu.tw/searchP.jsp?SN=%E3%84%8E&SN2=%E3%84%8E%E3%84%A8%E3%84%A4%CB%8B#selectL"
"ㄎ","ㄎㄨㄤˋ","礦","https://dict.concised.moe.edu.tw/searchP.jsp?SN=%E3%84%8E&SN2=%E3%84%8E%E3%84%A8%E3%84%A4%CB%8B#selectL"
"ㄎ","ㄎㄨㄥ","空","https://dict.concised.moe.edu.tw/searchP.jsp?SN=%E3%84%8E&SN2=%E3%84%8E%E3%84%A8%E3%84%A5#selectL"
"ㄎ","ㄎㄨㄥ","崆","https://dict.concised.moe.edu.tw/searchP.jsp?SN=%E3%84%8E&SN2=%E3%84%8E%E3%84%A8%E3%84%A5#selectL"
"ㄎ","ㄎㄨㄥ","箜","https://dict.concised.moe.edu.tw/searchP.jsp?SN=%E3%84%8E&SN2=%E3%84%8E%E3%84%A8%E3%84%A5#selectL"
"ㄎ","ㄎㄨㄥˇ","孔","https://dict.concised.moe.edu.tw/searchP.jsp?SN=%E3%84%8E&SN2=%E3%84%8E%E3%84%A8%E3%84%A5%CB%87#selectL"
"ㄎ","ㄎㄨㄥˇ","倥","https://dict.concised.moe.edu.tw/searchP.jsp?SN=%E3%84%8E&SN2=%E3%84%8E%E3%84%A8%E3%84%A5%CB%87#selectL"
"ㄎ","ㄎㄨㄥˇ","恐","https://dict.concised.moe.edu.tw/searchP.jsp?SN=%E3%84%8E&SN2=%E3%84%8E%E3%84%A8%E3%84%A5%CB%87#selectL"
"ㄎ","ㄎㄨㄥˋ","空","https://dict.concised.moe.edu.tw/searchP.jsp?SN=%E3%84%8E&SN2=%E3%84%8E%E3%84%A8%E3%84%A5%CB%8B#selectL"
"ㄎ","ㄎㄨㄥˋ","控","https://dict.concised.moe.edu.tw/searchP.jsp?SN=%E3%84%8E&SN2=%E3%84%8E%E3%84%A8%E3%84%A5%CB%8B#selectL"
"ㄏ","˙ㄏㄨㄛ","午","https://dict.concised.moe.edu.tw/searchP.jsp?SN=%E3%84%8F&SN2=%CB%99%E3%84%8F%E3%84%A8%E3%84%9B#selectL"
"ㄏ","˙ㄏㄨㄛ","和","https://dict.concised.moe.edu.tw/searchP.jsp?SN=%E3%84%8F&SN2=%CB%99%E3%84%8F%E3%84%A8%E3%84%9B#selectL"
"ㄏ","ㄏㄚ","哈","https://dict.concised.moe.edu.tw/searchP.jsp?SN=%E3%84%8F&SN2=%E3%84%8F%E3%84%9A#selectL"
"ㄏ","ㄏㄚˇ","哈","https://dict.concised.moe.edu.tw/searchP.jsp?SN=%E3%84%8F&SN2=%E3%84%8F%E3%84%9A%CB%87#selectL"
"ㄏ","ㄏㄚˊ","蛤","https://dict.concised.moe.edu.tw/searchP.jsp?SN=%E3%84%8F&SN2=%E3%84%8F%E3%84%9A%CB%8A#selectL"
"ㄏ","ㄏㄚˊ","蝦","https://dict.concised.moe.edu.tw/searchP.jsp?SN=%E3%84%8F&SN2=%E3%84%8F%E3%84%9A%CB%8A#selectL"
"ㄏ","ㄏㄜ","呵","https://dict.concised.moe.edu.tw/searchP.jsp?SN=%E3%84%8F&SN2=%E3%84%8F%E3%84%9C#selectL"
"ㄏ","ㄏㄜ","喝","https://dict.concised.moe.edu.tw/searchP.jsp?SN=%E3%84%8F&SN2=%E3%84%8F%E3%84%9C#selectL"
"ㄏ","ㄏㄜ","訶","https://dict.concised.moe.edu.tw/searchP.jsp?SN=%E3%84%8F&SN2=%E3%84%8F%E3%84%9C#selectL"
"ㄏ","ㄏㄜˊ","禾","https://dict.concised.moe.edu.tw/searchP.jsp?SN=%E3%84%8F&SN2=%E3%84%8F%E3%84%9C%CB%8A#selectL"
"ㄏ","ㄏㄜˊ","合","https://dict.concised.moe.edu.tw/searchP.jsp?SN=%E3%84%8F&SN2=%E3%84%8F%E3%84%9C%CB%8A#selectL"
"ㄏ","ㄏㄜˊ","何","https://dict.concised.moe.edu.tw/searchP.jsp?SN=%E3%84%8F&SN2=%E3%84%8F%E3%84%9C%CB%8A#selectL"
"ㄏ","ㄏㄜˊ","劾","https://dict.concised.moe.edu.tw/searchP.jsp?SN=%E3%84%8F&SN2=%E3%84%8F%E3%84%9C%CB%8A#selectL"
"ㄏ","ㄏㄜˊ","和","https://dict.concised.moe.edu.tw/searchP.jsp?SN=%E3%84%8F&SN2=%E3%84%8F%E3%84%9C%CB%8A#selectL"
"ㄏ","ㄏㄜˊ","河","https://dict.concised.moe.edu.tw/searchP.jsp?SN=%E3%84%8F&SN2=%E3%84%8F%E3%84%9C%CB%8A#selectL"
"ㄏ","ㄏㄜˊ","曷","https://dict.concised.moe.edu.tw/searchP.jsp?SN=%E3%84%8F&SN2=%E3%84%8F%E3%84%9C%CB%8A#selectL"
"ㄏ","ㄏㄜˊ","紇","https://dict.concised.moe.edu.tw/searchP.jsp?SN=%E3%84%8F&SN2=%E3%84%8F%E3%84%9C%CB%8A#selectL"
"ㄏ","ㄏㄜˊ","核","https://dict.concised.moe.edu.tw/searchP.jsp?SN=%E3%84%8F&SN2=%E3%84%8F%E3%84%9C%CB%8A#selectL"
"ㄏ","ㄏㄜˊ","盍","https://dict.concised.moe.edu.tw/searchP.jsp?SN=%E3%84%8F&SN2=%E3%84%8F%E3%84%9C%CB%8A#selectL"
"ㄏ","ㄏㄜˊ","涸","https://dict.concised.moe.edu.tw/searchP.jsp?SN=%E3%84%8F&SN2=%E3%84%8F%E3%84%9C%CB%8A#selectL"
"ㄏ","ㄏㄜˊ","盒","https://dict.concised.moe.edu.tw/searchP.jsp?SN=%E3%84%8F&SN2=%E3%84%8F%E3%84%9C%CB%8A#selectL"
"ㄏ","ㄏㄜˊ","荷","https://dict.concised.moe.edu.tw/searchP.jsp?SN=%E3%84%8F&SN2=%E3%84%8F%E3%84%9C%CB%8A#selectL"
"ㄏ","ㄏㄜˊ","渴","https://dict.concised.moe.edu.tw/searchP.jsp?SN=%E3%84%8F&SN2=%E3%84%8F%E3%84%9C%CB%8A#selectL"
"ㄏ","ㄏㄜˊ","貉","https://dict.concised.moe.edu.tw/searchP.jsp?SN=%E3%84%8F&SN2=%E3%84%8F%E3%84%9C%CB%8A#selectL"
"ㄏ","ㄏㄜˊ","閡","https://dict.concised.moe.edu.tw/searchP.jsp?SN=%E3%84%8F&SN2=%E3%84%8F%E3%84%9C%CB%8A#selectL"
"ㄏ","ㄏㄜˊ","閤","https://dict.concised.moe.edu.tw/searchP.jsp?SN=%E3%84%8F&SN2=%E3%84%8F%E3%84%9C%CB%8A#selectL"
"ㄏ","ㄏㄜˊ","褐","https://dict.concised.moe.edu.tw/searchP.jsp?SN=%E3%84%8F&SN2=%E3%84%8F%E3%84%9C%CB%8A#selectL"
"ㄏ","ㄏㄜˊ","闔","https://dict.concised.moe.edu.tw/searchP.jsp?SN=%E3%84%8F&SN2=%E3%84%8F%E3%84%9C%CB%8A#selectL"
"ㄏ","ㄏㄜˊ","齕","https://dict.concised.moe.edu.tw/searchP.jsp?SN=%E3%84%8F&SN2=%E3%84%8F%E3%84%9C%CB%8A#selectL"
"ㄏ","ㄏㄜˊ","覈","https://dict.concised.moe.edu.tw/searchP.jsp?SN=%E3%84%8F&SN2=%E3%84%8F%E3%84%9C%CB%8A#selectL"
"ㄏ","ㄏㄜˊ","龢","https://dict.concised.moe.edu.tw/searchP.jsp?SN=%E3%84%8F&SN2=%E3%84%8F%E3%84%9C%CB%8A#selectL"
"ㄏ","ㄏㄜˋ","和","https://dict.concised.moe.edu.tw/searchP.jsp?SN=%E3%84%8F&SN2=%E3%84%8F%E3%84%9C%CB%8B#selectL"
"ㄏ","ㄏㄜˋ","荷","https://dict.concised.moe.edu.tw/searchP.jsp?SN=%E3%84%8F&SN2=%E3%84%8F%E3%84%9C%CB%8B#selectL"
"ㄏ","ㄏㄜˋ","喝","https://dict.concised.moe.edu.tw/searchP.jsp?SN=%E3%84%8F&SN2=%E3%84%8F%E3%84%9C%CB%8B#selectL"
"ㄏ","ㄏㄜˋ","賀","https://dict.concised.moe.edu.tw/searchP.jsp?SN=%E3%84%8F&SN2=%E3%84%8F%E3%84%9C%CB%8B#selectL"
"ㄏ","ㄏㄜˋ","赫","https://dict.concised.moe.edu.tw/searchP.jsp?SN=%E3%84%8F&SN2=%E3%84%8F%E3%84%9C%CB%8B#selectL"
"ㄏ","ㄏㄜˋ","嚇","https://dict.concised.moe.edu.tw/searchP.jsp?SN=%E3%84%8F&SN2=%E3%84%8F%E3%84%9C%CB%8B#selectL"
"ㄏ","ㄏㄜˋ","鶴","https://dict.concised.moe.edu.tw/searchP.jsp?SN=%E3%84%8F&SN2=%E3%84%8F%E3%84%9C%CB%8B#selectL"
"ㄏ","ㄏㄞ","咳","https://dict.concised.moe.edu.tw/searchP.jsp?SN=%E3%84%8F&SN2=%E3%84%8F%E3%84%9E#selectL"
"ㄏ","ㄏㄞ","嗨","https://dict.concised.moe.edu.tw/searchP.jsp?SN=%E3%84%8F&SN2=%E3%84%8F%E3%84%9E#selectL"
"ㄏ","ㄏㄞˇ","海","https://dict.concised.moe.edu.tw/searchP.jsp?SN=%E3%84%8F&SN2=%E3%84%8F%E3%84%9E%CB%87#selectL"
"ㄏ","ㄏㄞˇ","醢","https://dict.concised.moe.edu.tw/searchP.jsp?SN=%E3%84%8F&SN2=%E3%84%8F%E3%84%9E%CB%87#selectL"
"ㄏ","ㄏㄞˊ","孩","https://dict.concised.moe.edu.tw/searchP.jsp?SN=%E3%84%8F&SN2=%E3%84%8F%E3%84%9E%CB%8A#selectL"
"ㄏ","ㄏㄞˊ","頦","https://dict.concised.moe.edu.tw/searchP.jsp?SN=%E3%84%8F&SN2=%E3%84%8F%E3%84%9E%CB%8A#selectL"
"ㄏ","ㄏㄞˊ","骸","https://dict.concised.moe.edu.tw/searchP.jsp?SN=%E3%84%8F&SN2=%E3%84%8F%E3%84%9E%CB%8A#selectL"
"ㄏ","ㄏㄞˊ","還","https://dict.concised.moe.edu.tw/searchP.jsp?SN=%E3%84%8F&SN2=%E3%84%8F%E3%84%9E%CB%8A#selectL"
"ㄏ","ㄏㄞˋ","亥","https://dict.concised.moe.edu.tw/searchP.jsp?SN=%E3%84%8F&SN2=%E3%84%8F%E3%84%9E%CB%8B#selectL"
"ㄏ","ㄏㄞˋ","害","https://dict.concised.moe.edu.tw/searchP.jsp?SN=%E3%84%8F&SN2=%E3%84%8F%E3%84%9E%CB%8B#selectL"
"ㄏ","ㄏㄞˋ","氦","https://dict.concised.moe.edu.tw/searchP.jsp?SN=%E3%84%8F&SN2=%E3%84%8F%E3%84%9E%CB%8B#selectL"
"ㄏ","ㄏㄞˋ","駭","https://dict.concised.moe.edu.tw/searchP.jsp?SN=%E3%84%8F&SN2=%E3%84%8F%E3%84%9E%CB%8B#selectL"
"ㄏ","ㄏㄟ","黑","https://dict.concised.moe.edu.tw/searchP.jsp?SN=%E3%84%8F&SN2=%E3%84%8F%E3%84%9F#selectL"
"ㄏ","ㄏㄟ","嘿","https://dict.concised.moe.edu.tw/searchP.jsp?SN=%E3%84%8F&SN2=%E3%84%8F%E3%84%9F#selectL"
"ㄏ","ㄏㄠ","蒿","https://dict.concised.moe.edu.tw/searchP.jsp?SN=%E3%84%8F&SN2=%E3%84%8F%E3%84%A0#selectL"
"ㄏ","ㄏㄠˇ","好","https://dict.concised.moe.edu.tw/searchP.jsp?SN=%E3%84%8F&SN2=%E3%84%8F%E3%84%A0%CB%87#selectL"
"ㄏ","ㄏㄠˇ","郝","https://dict.concised.moe.edu.tw/searchP.jsp?SN=%E3%84%8F&SN2=%E3%84%8F%E3%84%A0%CB%87#selectL"
"ㄏ","ㄏㄠˊ","毫","https://dict.concised.moe.edu.tw/searchP.jsp?SN=%E3%84%8F&SN2=%E3%84%8F%E3%84%A0%CB%8A#selectL"
"ㄏ","ㄏㄠˊ","號","https://dict.concised.moe.edu.tw/searchP.jsp?SN=%E3%84%8F&SN2=%E3%84%8F%E3%84%A0%CB%8A#selectL"
"ㄏ","ㄏㄠˊ","豪","https://dict.concised.moe.edu.tw/searchP.jsp?SN=%E3%84%8F&SN2=%E3%84%8F%E3%84%A0%CB%8A#selectL"
"ㄏ","ㄏㄠˊ","嚎","https://dict.concised.moe.edu.tw/searchP.jsp?SN=%E3%84%8F&SN2=%E3%84%8F%E3%84%A0%CB%8A#selectL"
"ㄏ","ㄏㄠˊ","壕","https://dict.concised.moe.edu.tw/searchP.jsp?SN=%E3%84%8F&SN2=%E3%84%8F%E3%84%A0%CB%8A#selectL"
"ㄏ","ㄏㄠˊ","濠","https://dict.concised.moe.edu.tw/searchP.jsp?SN=%E3%84%8F&SN2=%E3%84%8F%E3%84%A0%CB%8A#selectL"
"ㄏ","ㄏㄠˊ","蠔","https://dict.concised.moe.edu.tw/searchP.jsp?SN=%E3%84%8F&SN2=%E3%84%8F%E3%84%A0%CB%8A#selectL"
"ㄏ","ㄏㄠˋ","好","https://dict.concised.moe.edu.tw/searchP.jsp?SN=%E3%84%8F&SN2=%E3%84%8F%E3%84%A0%CB%8B#selectL"
"ㄏ","ㄏㄠˋ","昊","https://dict.concised.moe.edu.tw/searchP.jsp?SN=%E3%84%8F&SN2=%E3%84%8F%E3%84%A0%CB%8B#selectL"
"ㄏ","ㄏㄠˋ","浩","https://dict.concised.moe.edu.tw/searchP.jsp?SN=%E3%84%8F&SN2=%E3%84%8F%E3%84%A0%CB%8B#selectL"
"ㄏ","ㄏㄠˋ","耗","https://dict.concised.moe.edu.tw/searchP.jsp?SN=%E3%84%8F&SN2=%E3%84%8F%E3%84%A0%CB%8B#selectL"
"ㄏ","ㄏㄠˋ","皓","https://dict.concised.moe.edu.tw/searchP.jsp?SN=%E3%84%8F&SN2=%E3%84%8F%E3%84%A0%CB%8B#selectL"
"ㄏ","ㄏㄠˋ","號","https://dict.concised.moe.edu.tw/searchP.jsp?SN=%E3%84%8F&SN2=%E3%84%8F%E3%84%A0%CB%8B#selectL"
"ㄏ","ㄏㄠˋ","鎬","https://dict.concised.moe.edu.tw/searchP.jsp?SN=%E3%84%8F&SN2=%E3%84%8F%E3%84%A0%CB%8B#selectL"
"ㄏ","ㄏㄠˋ","顥","https://dict.concised.moe.edu.tw/searchP.jsp?SN=%E3%84%8F&SN2=%E3%84%8F%E3%84%A0%CB%8B#selectL"
"ㄏ","ㄏㄠˋ","灝","https://dict.concised.moe.edu.tw/searchP.jsp?SN=%E3%84%8F&SN2=%E3%84%8F%E3%84%A0%CB%8B#selectL"
"ㄏ","ㄏㄡˇ","吼","https://dict.concised.moe.edu.tw/searchP.jsp?SN=%E3%84%8F&SN2=%E3%84%8F%E3%84%A1%CB%87#selectL"
"ㄏ","ㄏㄡˊ","侯","https://dict.concised.moe.edu.tw/searchP.jsp?SN=%E3%84%8F&SN2=%E3%84%8F%E3%84%A1%CB%8A#selectL"
"ㄏ","ㄏㄡˊ","喉","https://dict.concised.moe.edu.tw/searchP.jsp?SN=%E3%84%8F&SN2=%E3%84%8F%E3%84%A1%CB%8A#selectL"
"ㄏ","ㄏㄡˊ","猴","https://dict.concised.moe.edu.tw/searchP.jsp?SN=%E3%84%8F&SN2=%E3%84%8F%E3%84%A1%CB%8A#selectL"
"ㄏ","ㄏㄡˊ","篌","https://dict.concised.moe.edu.tw/searchP.jsp?SN=%E3%84%8F&SN2=%E3%84%8F%E3%84%A1%CB%8A#selectL"
"ㄏ","ㄏㄡˋ","后","https://dict.concised.moe.edu.tw/searchP.jsp?SN=%E3%84%8F&SN2=%E3%84%8F%E3%84%A1%CB%8B#selectL"
"ㄏ","ㄏㄡˋ","厚","https://dict.concised.moe.edu.tw/searchP.jsp?SN=%E3%84%8F&SN2=%E3%84%8F%E3%84%A1%CB%8B#selectL"
"ㄏ","ㄏㄡˋ","後","https://dict.concised.moe.edu.tw/searchP.jsp?SN=%E3%84%8F&SN2=%E3%84%8F%E3%84%A1%CB%8B#selectL"
"ㄏ","ㄏㄡˋ","候","https://dict.concised.moe.edu.tw/searchP.jsp?SN=%E3%84%8F&SN2=%E3%84%8F%E3%84%A1%CB%8B#selectL"
"ㄏ","ㄏㄡˋ","逅","https://dict.concised.moe.edu.tw/searchP.jsp?SN=%E3%84%8F&SN2=%E3%84%8F%E3%84%A1%CB%8B#selectL"
"ㄏ","ㄏㄢ","蚶","https://dict.concised.moe.edu.tw/searchP.jsp?SN=%E3%84%8F&SN2=%E3%84%8F%E3%84%A2#selectL"
"ㄏ","ㄏㄢ","酣","https://dict.concised.moe.edu.tw/searchP.jsp?SN=%E3%84%8F&SN2=%E3%84%8F%E3%84%A2#selectL"
"ㄏ","ㄏㄢ","頇","https://dict.concised.moe.edu.tw/searchP.jsp?SN=%E3%84%8F&SN2=%E3%84%8F%E3%84%A2#selectL"
"ㄏ","ㄏㄢ","憨","https://dict.concised.moe.edu.tw/searchP.jsp?SN=%E3%84%8F&SN2=%E3%84%8F%E3%84%A2#selectL"
"ㄏ","ㄏㄢ","鼾","https://dict.concised.moe.edu.tw/searchP.jsp?SN=%E3%84%8F&SN2=%E3%84%8F%E3%84%A2#selectL"
"ㄏ","ㄏㄢˇ","罕","https://dict.concised.moe.edu.tw/searchP.jsp?SN=%E3%84%8F&SN2=%E3%84%8F%E3%84%A2%CB%87#selectL"
"ㄏ","ㄏㄢˇ","喊","https://dict.concised.moe.edu.tw/searchP.jsp?SN=%E3%84%8F&SN2=%E3%84%8F%E3%84%A2%CB%87#selectL"
"ㄏ","ㄏㄢˊ","汗","https://dict.concised.moe.edu.tw/searchP.jsp?SN=%E3%84%8F&SN2=%E3%84%8F%E3%84%A2%CB%8A#selectL"
"ㄏ","ㄏㄢˊ","含","https://dict.concised.moe.edu.tw/searchP.jsp?SN=%E3%84%8F&SN2=%E3%84%8F%E3%84%A2%CB%8A#selectL"
"ㄏ","ㄏㄢˊ","函","https://dict.concised.moe.edu.tw/searchP.jsp?SN=%E3%84%8F&SN2=%E3%84%8F%E3%84%A2%CB%8A#selectL"
"ㄏ","ㄏㄢˊ","邯","https://dict.concised.moe.edu.tw/searchP.jsp?SN=%E3%84%8F&SN2=%E3%84%8F%E3%84%A2%CB%8A#selectL"
"ㄏ","ㄏㄢˊ","涵","https://dict.concised.moe.edu.tw/searchP.jsp?SN=%E3%84%8F&SN2=%E3%84%8F%E3%84%A2%CB%8A#selectL"
"ㄏ","ㄏㄢˊ","寒","https://dict.concised.moe.edu.tw/searchP.jsp?SN=%E3%84%8F&SN2=%E3%84%8F%E3%84%A2%CB%8A#selectL"
"ㄏ","ㄏㄢˊ","幹","https://dict.concised.moe.edu.tw/searchP.jsp?SN=%E3%84%8F&SN2=%E3%84%8F%E3%84%A2%CB%8A#selectL"
"ㄏ","ㄏㄢˊ","榦","https://dict.concised.moe.edu.tw/searchP.jsp?SN=%E3%84%8F&SN2=%E3%84%8F%E3%84%A2%CB%8A#selectL"
"ㄏ","ㄏㄢˊ","韓","https://dict.concised.moe.edu.tw/searchP.jsp?SN=%E3%84%8F&SN2=%E3%84%8F%E3%84%A2%CB%8A#selectL"
"ㄏ","ㄏㄢˋ","扞","https://dict.concised.moe.edu.tw/searchP.jsp?SN=%E3%84%8F&SN2=%E3%84%8F%E3%84%A2%CB%8B#selectL"
"ㄏ","ㄏㄢˋ","汗","https://dict.concised.moe.edu.tw/searchP.jsp?SN=%E3%84%8F&SN2=%E3%84%8F%E3%84%A2%CB%8B#selectL"
"ㄏ","ㄏㄢˋ","旱","https://dict.concised.moe.edu.tw/searchP.jsp?SN=%E3%84%8F&SN2=%E3%84%8F%E3%84%A2%CB%8B#selectL"
"ㄏ","ㄏㄢˋ","和","https://dict.concised.moe.edu.tw/searchP.jsp?SN=%E3%84%8F&SN2=%E3%84%8F%E3%84%A2%CB%8B#selectL"
"ㄏ","ㄏㄢˋ","悍","https://dict.concised.moe.edu.tw/searchP.jsp?SN=%E3%84%8F&SN2=%E3%84%8F%E3%84%A2%CB%8B#selectL"
"ㄏ","ㄏㄢˋ","捍","https://dict.concised.moe.edu.tw/searchP.jsp?SN=%E3%84%8F&SN2=%E3%84%8F%E3%84%A2%CB%8B#selectL"
"ㄏ","ㄏㄢˋ","焊","https://dict.concised.moe.edu.tw/searchP.jsp?SN=%E3%84%8F&SN2=%E3%84%8F%E3%84%A2%CB%8B#selectL"
"ㄏ","ㄏㄢˋ","菡","https://dict.concised.moe.edu.tw/searchP.jsp?SN=%E3%84%8F&SN2=%E3%84%8F%E3%84%A2%CB%8B#selectL"
"ㄏ","ㄏㄢˋ","漢","https://dict.concised.moe.edu.tw/searchP.jsp?SN=%E3%84%8F&SN2=%E3%84%8F%E3%84%A2%CB%8B#selectL"
"ㄏ","ㄏㄢˋ","銲","https://dict.concised.moe.edu.tw/searchP.jsp?SN=%E3%84%8F&SN2=%E3%84%8F%E3%84%A2%CB%8B#selectL"
"ㄏ","ㄏㄢˋ","憾","https://dict.concised.moe.edu.tw/searchP.jsp?SN=%E3%84%8F&SN2=%E3%84%8F%E3%84%A2%CB%8B#selectL"
"ㄏ","ㄏㄢˋ","撼","https://dict.concised.moe.edu.tw/searchP.jsp?SN=%E3%84%8F&SN2=%E3%84%8F%E3%84%A2%CB%8B#selectL"
"ㄏ","ㄏㄢˋ","翰","https://dict.concised.moe.edu.tw/searchP.jsp?SN=%E3%84%8F&SN2=%E3%84%8F%E3%84%A2%CB%8B#selectL"
"ㄏ","ㄏㄢˋ","頷","https://dict.concised.moe.edu.tw/searchP.jsp?SN=%E3%84%8F&SN2=%E3%84%8F%E3%84%A2%CB%8B#selectL"
"ㄏ","ㄏㄢˋ","瀚","https://dict.concised.moe.edu.tw/searchP.jsp?SN=%E3%84%8F&SN2=%E3%84%8F%E3%84%A2%CB%8B#selectL"
"ㄏ","ㄏㄣˇ","很","https://dict.concised.moe.edu.tw/searchP.jsp?SN=%E3%84%8F&SN2=%E3%84%8F%E3%84%A3%CB%87#selectL"
"ㄏ","ㄏㄣˇ","狠","https://dict.concised.moe.edu.tw/searchP.jsp?SN=%E3%84%8F&SN2=%E3%84%8F%E3%84%A3%CB%87#selectL"
"ㄏ","ㄏㄣˊ","痕","https://dict.concised.moe.edu.tw/searchP.jsp?SN=%E3%84%8F&SN2=%E3%84%8F%E3%84%A3%CB%8A#selectL"
"ㄏ","ㄏㄣˋ","恨","https://dict.concised.moe.edu.tw/searchP.jsp?SN=%E3%84%8F&SN2=%E3%84%8F%E3%84%A3%CB%8B#selectL"
"ㄏ","ㄏㄤ","夯","https://dict.concised.moe.edu.tw/searchP.jsp?SN=%E3%84%8F&SN2=%E3%84%8F%E3%84%A4#selectL"
"ㄏ","ㄏㄤˊ","行","https://dict.concised.moe.edu.tw/searchP.jsp?SN=%E3%84%8F&SN2=%E3%84%8F%E3%84%A4%CB%8A#selectL"
"ㄏ","ㄏㄤˊ","吭","https://dict.concised.moe.edu.tw/searchP.jsp?SN=%E3%84%8F&SN2=%E3%84%8F%E3%84%A4%CB%8A#selectL"
"ㄏ","ㄏㄤˊ","杭","https://dict.concised.moe.edu.tw/searchP.jsp?SN=%E3%84%8F&SN2=%E3%84%8F%E3%84%A4%CB%8A#selectL"
"ㄏ","ㄏㄤˊ","迒","https://dict.concised.moe.edu.tw/searchP.jsp?SN=%E3%84%8F&SN2=%E3%84%8F%E3%84%A4%CB%8A#selectL"
"ㄏ","ㄏㄤˊ","航","https://dict.concised.moe.edu.tw/searchP.jsp?SN=%E3%84%8F&SN2=%E3%84%8F%E3%84%A4%CB%8A#selectL"
"ㄏ","ㄏㄤˊ","頏","https://dict.concised.moe.edu.tw/searchP.jsp?SN=%E3%84%8F&SN2=%E3%84%8F%E3%84%A4%CB%8A#selectL"
"ㄏ","ㄏㄤˋ","行","https://dict.concised.moe.edu.tw/searchP.jsp?SN=%E3%84%8F&SN2=%E3%84%8F%E3%84%A4%CB%8B#selectL"
"ㄏ","ㄏㄤˋ","沆","https://dict.concised.moe.edu.tw/searchP.jsp?SN=%E3%84%8F&SN2=%E3%84%8F%E3%84%A4%CB%8B#selectL"
"ㄏ","ㄏㄥ","亨","https://dict.concised.moe.edu.tw/searchP.jsp?SN=%E3%84%8F&SN2=%E3%84%8F%E3%84%A5#selectL"
"ㄏ","ㄏㄥ","哼","https://dict.concised.moe.edu.tw/searchP.jsp?SN=%E3%84%8F&SN2=%E3%84%8F%E3%84%A5#selectL"
"ㄏ","ㄏㄥˊ","姮","https://dict.concised.moe.edu.tw/searchP.jsp?SN=%E3%84%8F&SN2=%E3%84%8F%E3%84%A5%CB%8A#selectL"
"ㄏ","ㄏㄥˊ","恆","https://dict.concised.moe.edu.tw/searchP.jsp?SN=%E3%84%8F&SN2=%E3%84%8F%E3%84%A5%CB%8A#selectL"
"ㄏ","ㄏㄥˊ","桁","https://dict.concised.moe.edu.tw/searchP.jsp?SN=%E3%84%8F&SN2=%E3%84%8F%E3%84%A5%CB%8A#selectL"
"ㄏ","ㄏㄥˊ","珩","https://dict.concised.moe.edu.tw/searchP.jsp?SN=%E3%84%8F&SN2=%E3%84%8F%E3%84%A5%CB%8A#selectL"
"ㄏ","ㄏㄥˊ","橫","https://dict.concised.moe.edu.tw/searchP.jsp?SN=%E3%84%8F&SN2=%E3%84%8F%E3%84%A5%CB%8A#selectL"
"ㄏ","ㄏㄥˊ","衡","https://dict.concised.moe.edu.tw/searchP.jsp?SN=%E3%84%8F&SN2=%E3%84%8F%E3%84%A5%CB%8A#selectL"
"ㄏ","ㄏㄥˊ","蘅","https://dict.concised.moe.edu.tw/searchP.jsp?SN=%E3%84%8F&SN2=%E3%84%8F%E3%84%A5%CB%8A#selectL"
"ㄏ","ㄏㄥˋ","橫","https://dict.concised.moe.edu.tw/searchP.jsp?SN=%E3%84%8F&SN2=%E3%84%8F%E3%84%A5%CB%8B#selectL"
"ㄏ","ㄏㄨ","乎","https://dict.concised.moe.edu.tw/searchP.jsp?SN=%E3%84%8F&SN2=%E3%84%8F%E3%84%A8#selectL"
"ㄏ","ㄏㄨ","呼","https://dict.concised.moe.edu.tw/searchP.jsp?SN=%E3%84%8F&SN2=%E3%84%8F%E3%84%A8#selectL"
"ㄏ","ㄏㄨ","忽","https://dict.concised.moe.edu.tw/searchP.jsp?SN=%E3%84%8F&SN2=%E3%84%8F%E3%84%A8#selectL"
"ㄏ","ㄏㄨ","虎","https://dict.concised.moe.edu.tw/searchP.jsp?SN=%E3%84%8F&SN2=%E3%84%8F%E3%84%A8#selectL"
"ㄏ","ㄏㄨ","惚","https://dict.concised.moe.edu.tw/searchP.jsp?SN=%E3%84%8F&SN2=%E3%84%8F%E3%84%A8#selectL"
"ㄏ","ㄏㄨ","戲","https://dict.concised.moe.edu.tw/searchP.jsp?SN=%E3%84%8F&SN2=%E3%84%8F%E3%84%A8#selectL"
"ㄏ","ㄏㄨˇ","虎","https://dict.concised.moe.edu.tw/searchP.jsp?SN=%E3%84%8F&SN2=%E3%84%8F%E3%84%A8%CB%87#selectL"
"ㄏ","ㄏㄨˇ","唬","https://dict.concised.moe.edu.tw/searchP.jsp?SN=%E3%84%8F&SN2=%E3%84%8F%E3%84%A8%CB%87#selectL"
"ㄏ","ㄏㄨˇ","琥","https://dict.concised.moe.edu.tw/searchP.jsp?SN=%E3%84%8F&SN2=%E3%84%8F%E3%84%A8%CB%87#selectL"
"ㄏ","ㄏㄨˇ","滸","https://dict.concised.moe.edu.tw/searchP.jsp?SN=%E3%84%8F&SN2=%E3%84%8F%E3%84%A8%CB%87#selectL"
"ㄏ","ㄏㄨˊ","囫","https://dict.concised.moe.edu.tw/searchP.jsp?SN=%E3%84%8F&SN2=%E3%84%8F%E3%84%A8%CB%8A#selectL"
"ㄏ","ㄏㄨˊ","和","https://dict.concised.moe.edu.tw/searchP.jsp?SN=%E3%84%8F&SN2=%E3%84%8F%E3%84%A8%CB%8A#selectL"
"ㄏ","ㄏㄨˊ","弧","https://dict.concised.moe.edu.tw/searchP.jsp?SN=%E3%84%8F&SN2=%E3%84%8F%E3%84%A8%CB%8A#selectL"
"ㄏ","ㄏㄨˊ","狐","https://dict.concised.moe.edu.tw/searchP.jsp?SN=%E3%84%8F&SN2=%E3%84%8F%E3%84%A8%CB%8A#selectL"
"ㄏ","ㄏㄨˊ","胡","https://dict.concised.moe.edu.tw/searchP.jsp?SN=%E3%84%8F&SN2=%E3%84%8F%E3%84%A8%CB%8A#selectL"
"ㄏ","ㄏㄨˊ","斛","https://dict.concised.moe.edu.tw/searchP.jsp?SN=%E3%84%8F&SN2=%E3%84%8F%E3%84%A8%CB%8A#selectL"
"ㄏ","ㄏㄨˊ","壺","https://dict.concised.moe.edu.tw/searchP.jsp?SN=%E3%84%8F&SN2=%E3%84%8F%E3%84%A8%CB%8A#selectL"
"ㄏ","ㄏㄨˊ","湖","https://dict.concised.moe.edu.tw/searchP.jsp?SN=%E3%84%8F&SN2=%E3%84%8F%E3%84%A8%CB%8A#selectL"
"ㄏ","ㄏㄨˊ","猢","https://dict.concised.moe.edu.tw/searchP.jsp?SN=%E3%84%8F&SN2=%E3%84%8F%E3%84%A8%CB%8A#selectL"
"ㄏ","ㄏㄨˊ","瑚","https://dict.concised.moe.edu.tw/searchP.jsp?SN=%E3%84%8F&SN2=%E3%84%8F%E3%84%A8%CB%8A#selectL"
"ㄏ","ㄏㄨˊ","葫","https://dict.concised.moe.edu.tw/searchP.jsp?SN=%E3%84%8F&SN2=%E3%84%8F%E3%84%A8%CB%8A#selectL"
"ㄏ","ㄏㄨˊ","糊","https://dict.concised.moe.edu.tw/searchP.jsp?SN=%E3%84%8F&SN2=%E3%84%8F%E3%84%A8%CB%8A#selectL"
"ㄏ","ㄏㄨˊ","蝴","https://dict.concised.moe.edu.tw/searchP.jsp?SN=%E3%84%8F&SN2=%E3%84%8F%E3%84%A8%CB%8A#selectL"
"ㄏ","ㄏㄨˊ","衚","https://dict.concised.moe.edu.tw/searchP.jsp?SN=%E3%84%8F&SN2=%E3%84%8F%E3%84%A8%CB%8A#selectL"
"ㄏ","ㄏㄨˊ","醐","https://dict.concised.moe.edu.tw/searchP.jsp?SN=%E3%84%8F&SN2=%E3%84%8F%E3%84%A8%CB%8A#selectL"
"ㄏ","ㄏㄨˊ","觳","https://dict.concised.moe.edu.tw/searchP.jsp?SN=%E3%84%8F&SN2=%E3%84%8F%E3%84%A8%CB%8A#selectL"
"ㄏ","ㄏㄨˊ","餬","https://dict.concised.moe.edu.tw/searchP.jsp?SN=%E3%84%8F&SN2=%E3%84%8F%E3%84%A8%CB%8A#selectL"
"ㄏ","ㄏㄨˊ","鵠","https://dict.concised.moe.edu.tw/searchP.jsp?SN=%E3%84%8F&SN2=%E3%84%8F%E3%84%A8%CB%8A#selectL"
"ㄏ","ㄏㄨˊ","鬍","https://dict.concised.moe.edu.tw/searchP.jsp?SN=%E3%84%8F&SN2=%E3%84%8F%E3%84%A8%CB%8A#selectL"
"ㄏ","ㄏㄨˊ","鶘","https://dict.concised.moe.edu.tw/searchP.jsp?SN=%E3%84%8F&SN2=%E3%84%8F%E3%84%A8%CB%8A#selectL"
"ㄏ","ㄏㄨˊ","鶻","https://dict.concised.moe.edu.tw/searchP.jsp?SN=%E3%84%8F&SN2=%E3%84%8F%E3%84%A8%CB%8A#selectL"
"ㄏ","ㄏㄨˋ","互","https://dict.concised.moe.edu.tw/searchP.jsp?SN=%E3%84%8F&SN2=%E3%84%8F%E3%84%A8%CB%8B#selectL"
"ㄏ","ㄏㄨˋ","戶","https://dict.concised.moe.edu.tw/searchP.jsp?SN=%E3%84%8F&SN2=%E3%84%8F%E3%84%A8%CB%8B#selectL"
"ㄏ","ㄏㄨˋ","怙","https://dict.concised.moe.edu.tw/searchP.jsp?SN=%E3%84%8F&SN2=%E3%84%8F%E3%84%A8%CB%8B#selectL"
"ㄏ","ㄏㄨˋ","戽","https://dict.concised.moe.edu.tw/searchP.jsp?SN=%E3%84%8F&SN2=%E3%84%8F%E3%84%A8%CB%8B#selectL"
"ㄏ","ㄏㄨˋ","祜","https://dict.concised.moe.edu.tw/searchP.jsp?SN=%E3%84%8F&SN2=%E3%84%8F%E3%84%A8%CB%8B#selectL"
"ㄏ","ㄏㄨˋ","笏","https://dict.concised.moe.edu.tw/searchP.jsp?SN=%E3%84%8F&SN2=%E3%84%8F%E3%84%A8%CB%8B#selectL"
"ㄏ","ㄏㄨˋ","扈","https://dict.concised.moe.edu.tw/searchP.jsp?SN=%E3%84%8F&SN2=%E3%84%8F%E3%84%A8%CB%8B#selectL"
"ㄏ","ㄏㄨˋ","瓠","https://dict.concised.moe.edu.tw/searchP.jsp?SN=%E3%84%8F&SN2=%E3%84%8F%E3%84%A8%CB%8B#selectL"
"ㄏ","ㄏㄨˋ","滬","https://dict.concised.moe.edu.tw/searchP.jsp?SN=%E3%84%8F&SN2=%E3%84%8F%E3%84%A8%CB%8B#selectL"
"ㄏ","ㄏㄨˋ","護","https://dict.concised.moe.edu.tw/searchP.jsp?SN=%E3%84%8F&SN2=%E3%84%8F%E3%84%A8%CB%8B#selectL"
"ㄏ","ㄏㄨㄚ","化","https://dict.concised.moe.edu.tw/searchP.jsp?SN=%E3%84%8F&SN2=%E3%84%8F%E3%84%A8%E3%84%9A#selectL"
"ㄏ","ㄏㄨㄚ","花","https://dict.concised.moe.edu.tw/searchP.jsp?SN=%E3%84%8F&SN2=%E3%84%8F%E3%84%A8%E3%84%9A#selectL"
"ㄏ","ㄏㄨㄚ","華","https://dict.concised.moe.edu.tw/searchP.jsp?SN=%E3%84%8F&SN2=%E3%84%8F%E3%84%A8%E3%84%9A#selectL"
"ㄏ","ㄏㄨㄚ","嘩","https://dict.concised.moe.edu.tw/searchP.jsp?SN=%E3%84%8F&SN2=%E3%84%8F%E3%84%A8%E3%84%9A#selectL"
"ㄏ","ㄏㄨㄚˊ","划","https://dict.concised.moe.edu.tw/searchP.jsp?SN=%E3%84%8F&SN2=%E3%84%8F%E3%84%A8%E3%84%9A%CB%8A#selectL"
"ㄏ","ㄏㄨㄚˊ","華","https://dict.concised.moe.edu.tw/searchP.jsp?SN=%E3%84%8F&SN2=%E3%84%8F%E3%84%A8%E3%84%9A%CB%8A#selectL"
"ㄏ","ㄏㄨㄚˊ","滑","https://dict.concised.moe.edu.tw/searchP.jsp?SN=%E3%84%8F&SN2=%E3%84%8F%E3%84%A8%E3%84%9A%CB%8A#selectL"
"ㄏ","ㄏㄨㄚˊ","猾","https://dict.concised.moe.edu.tw/searchP.jsp?SN=%E3%84%8F&SN2=%E3%84%8F%E3%84%A8%E3%84%9A%CB%8A#selectL"
"ㄏ","ㄏㄨㄚˊ","劃","https://dict.concised.moe.edu.tw/searchP.jsp?SN=%E3%84%8F&SN2=%E3%84%8F%E3%84%A8%E3%84%9A%CB%8A#selectL"
"ㄏ","ㄏㄨㄚˊ","嘩","https://dict.concised.moe.edu.tw/searchP.jsp?SN=%E3%84%8F&SN2=%E3%84%8F%E3%84%A8%E3%84%9A%CB%8A#selectL"
"ㄏ","ㄏㄨㄚˊ","豁","https://dict.concised.moe.edu.tw/searchP.jsp?SN=%E3%84%8F&SN2=%E3%84%8F%E3%84%A8%E3%84%9A%CB%8A#selectL"
"ㄏ","ㄏㄨㄚˊ","譁","https://dict.concised.moe.edu.tw/searchP.jsp?SN=%E3%84%8F&SN2=%E3%84%8F%E3%84%A8%E3%84%9A%CB%8A#selectL"
"ㄏ","ㄏㄨㄚˊ","驊","https://dict.concised.moe.edu.tw/searchP.jsp?SN=%E3%84%8F&SN2=%E3%84%8F%E3%84%A8%E3%84%9A%CB%8A#selectL"
"ㄏ","ㄏㄨㄚˋ","化","https://dict.concised.moe.edu.tw/searchP.jsp?SN=%E3%84%8F&SN2=%E3%84%8F%E3%84%A8%E3%84%9A%CB%8B#selectL"
"ㄏ","ㄏㄨㄚˋ","畫","https://dict.concised.moe.edu.tw/searchP.jsp?SN=%E3%84%8F&SN2=%E3%84%8F%E3%84%A8%E3%84%9A%CB%8B#selectL"
"ㄏ","ㄏㄨㄚˋ","華","https://dict.concised.moe.edu.tw/searchP.jsp?SN=%E3%84%8F&SN2=%E3%84%8F%E3%84%A8%E3%84%9A%CB%8B#selectL"
"ㄏ","ㄏㄨㄚˋ","話","https://dict.concised.moe.edu.tw/searchP.jsp?SN=%E3%84%8F&SN2=%E3%84%8F%E3%84%A8%E3%84%9A%CB%8B#selectL"
"ㄏ","ㄏㄨㄚˋ","劃","https://dict.concised.moe.edu.tw/searchP.jsp?SN=%E3%84%8F&SN2=%E3%84%8F%E3%84%A8%E3%84%9A%CB%8B#selectL"
"ㄏ","ㄏㄨㄚˋ","樺","https://dict.concised.moe.edu.tw/searchP.jsp?SN=%E3%84%8F&SN2=%E3%84%8F%E3%84%A8%E3%84%9A%CB%8B#selectL"
"ㄏ","ㄏㄨㄛˇ","火","https://dict.concised.moe.edu.tw/searchP.jsp?SN=%E3%84%8F&SN2=%E3%84%8F%E3%84%A8%E3%84%9B%CB%87#selectL"
"ㄏ","ㄏㄨㄛˇ","伙","https://dict.concised.moe.edu.tw/searchP.jsp?SN=%E3%84%8F&SN2=%E3%84%8F%E3%84%A8%E3%84%9B%CB%87#selectL"
"ㄏ","ㄏㄨㄛˇ","夥","https://dict.concised.moe.edu.tw/searchP.jsp?SN=%E3%84%8F&SN2=%E3%84%8F%E3%84%A8%E3%84%9B%CB%87#selectL"
"ㄏ","ㄏㄨㄛˊ","活","https://dict.concised.moe.edu.tw/searchP.jsp?SN=%E3%84%8F&SN2=%E3%84%8F%E3%84%A8%E3%84%9B%CB%8A#selectL"
"ㄏ","ㄏㄨㄛˋ","和","https://dict.concised.moe.edu.tw/searchP.jsp?SN=%E3%84%8F&SN2=%E3%84%8F%E3%84%A8%E3%84%9B%CB%8B#selectL"
"ㄏ","ㄏㄨㄛˋ","或","https://dict.concised.moe.edu.tw/searchP.jsp?SN=%E3%84%8F&SN2=%E3%84%8F%E3%84%A8%E3%84%9B%CB%8B#selectL"
"ㄏ","ㄏㄨㄛˋ","貨","https://dict.concised.moe.edu.tw/searchP.jsp?SN=%E3%84%8F&SN2=%E3%84%8F%E3%84%A8%E3%84%9B%CB%8B#selectL"
"ㄏ","ㄏㄨㄛˋ","惑","https://dict.concised.moe.edu.tw/searchP.jsp?SN=%E3%84%8F&SN2=%E3%84%8F%E3%84%A8%E3%84%9B%CB%8B#selectL"
"ㄏ","ㄏㄨㄛˋ","禍","https://dict.concised.moe.edu.tw/searchP.jsp?SN=%E3%84%8F&SN2=%E3%84%8F%E3%84%A8%E3%84%9B%CB%8B#selectL"
"ㄏ","ㄏㄨㄛˋ","霍","https://dict.concised.moe.edu.tw/searchP.jsp?SN=%E3%84%8F&SN2=%E3%84%8F%E3%84%A8%E3%84%9B%CB%8B#selectL"
"ㄏ","ㄏㄨㄛˋ","壑","https://dict.concised.moe.edu.tw/searchP.jsp?SN=%E3%84%8F&SN2=%E3%84%8F%E3%84%A8%E3%84%9B%CB%8B#selectL"
"ㄏ","ㄏㄨㄛˋ","獲","https://dict.concised.moe.edu.tw/searchP.jsp?SN=%E3%84%8F&SN2=%E3%84%8F%E3%84%A8%E3%84%9B%CB%8B#selectL"
"ㄏ","ㄏㄨㄛˋ","豁","https://dict.concised.moe.edu.tw/searchP.jsp?SN=%E3%84%8F&SN2=%E3%84%8F%E3%84%A8%E3%84%9B%CB%8B#selectL"
"ㄏ","ㄏㄨㄛˋ","矱","https://dict.concised.moe.edu.tw/searchP.jsp?SN=%E3%84%8F&SN2=%E3%84%8F%E3%84%A8%E3%84%9B%CB%8B#selectL"
"ㄏ","ㄏㄨㄛˋ","穫","https://dict.concised.moe.edu.tw/searchP.jsp?SN=%E3%84%8F&SN2=%E3%84%8F%E3%84%A8%E3%84%9B%CB%8B#selectL"
"ㄏ","ㄏㄨㄛˋ","鑊","https://dict.concised.moe.edu.tw/searchP.jsp?SN=%E3%84%8F&SN2=%E3%84%8F%E3%84%A8%E3%84%9B%CB%8B#selectL"
"ㄏ","ㄏㄨㄞˊ","徊","https://dict.concised.moe.edu.tw/searchP.jsp?SN=%E3%84%8F&SN2=%E3%84%8F%E3%84%A8%E3%84%9E%CB%8A#selectL"
"ㄏ","ㄏㄨㄞˊ","淮","https://dict.concised.moe.edu.tw/searchP.jsp?SN=%E3%84%8F&SN2=%E3%84%8F%E3%84%A8%E3%84%9E%CB%8A#selectL"
"ㄏ","ㄏㄨㄞˊ","槐","https://dict.concised.moe.edu.tw/searchP.jsp?SN=%E3%84%8F&SN2=%E3%84%8F%E3%84%A8%E3%84%9E%CB%8A#selectL"
"ㄏ","ㄏㄨㄞˊ","踝","https://dict.concised.moe.edu.tw/searchP.jsp?SN=%E3%84%8F&SN2=%E3%84%8F%E3%84%A8%E3%84%9E%CB%8A#selectL"
"ㄏ","ㄏㄨㄞˊ","懷","https://dict.concised.moe.edu.tw/searchP.jsp?SN=%E3%84%8F&SN2=%E3%84%8F%E3%84%A8%E3%84%9E%CB%8A#selectL"
"ㄏ","ㄏㄨㄞˋ","壞","https://dict.concised.moe.edu.tw/searchP.jsp?SN=%E3%84%8F&SN2=%E3%84%8F%E3%84%A8%E3%84%9E%CB%8B#selectL"
"ㄏ","ㄏㄨㄟ","灰","https://dict.concised.moe.edu.tw/searchP.jsp?SN=%E3%84%8F&SN2=%E3%84%8F%E3%84%A8%E3%84%9F#selectL"
"ㄏ","ㄏㄨㄟ","恢","https://dict.concised.moe.edu.tw/searchP.jsp?SN=%E3%84%8F&SN2=%E3%84%8F%E3%84%A8%E3%84%9F#selectL"
"ㄏ","ㄏㄨㄟ","虺","https://dict.concised.moe.edu.tw/searchP.jsp?SN=%E3%84%8F&SN2=%E3%84%8F%E3%84%A8%E3%84%9F#selectL"
"ㄏ","ㄏㄨㄟ","揮","https://dict.concised.moe.edu.tw/searchP.jsp?SN=%E3%84%8F&SN2=%E3%84%8F%E3%84%A8%E3%84%9F#selectL"
"ㄏ","ㄏㄨㄟ","暉","https://dict.concised.moe.edu.tw/searchP.jsp?SN=%E3%84%8F&SN2=%E3%84%8F%E3%84%A8%E3%84%9F#selectL"
"ㄏ","ㄏㄨㄟ","詼","https://dict.concised.moe.edu.tw/searchP.jsp?SN=%E3%84%8F&SN2=%E3%84%8F%E3%84%A8%E3%84%9F#selectL"
"ㄏ","ㄏㄨㄟ","輝","https://dict.concised.moe.edu.tw/searchP.jsp?SN=%E3%84%8F&SN2=%E3%84%8F%E3%84%A8%E3%84%9F#selectL"
"ㄏ","ㄏㄨㄟ","麾","https://dict.concised.moe.edu.tw/searchP.jsp?SN=%E3%84%8F&SN2=%E3%84%8F%E3%84%A8%E3%84%9F#selectL"
"ㄏ","ㄏㄨㄟ","徽","https://dict.concised.moe.edu.tw/searchP.jsp?SN=%E3%84%8F&SN2=%E3%84%8F%E3%84%A8%E3%84%9F#selectL"
"ㄏ","ㄏㄨㄟ","隳","https://dict.concised.moe.edu.tw/searchP.jsp?SN=%E3%84%8F&SN2=%E3%84%8F%E3%84%A8%E3%84%9F#selectL"
"ㄏ","ㄏㄨㄟˇ","虫","https://dict.concised.moe.edu.tw/searchP.jsp?SN=%E3%84%8F&SN2=%E3%84%8F%E3%84%A8%E3%84%9F%CB%87#selectL"
"ㄏ","ㄏㄨㄟˇ","虺","https://dict.concised.moe.edu.tw/searchP.jsp?SN=%E3%84%8F&SN2=%E3%84%8F%E3%84%A8%E3%84%9F%CB%87#selectL"
"ㄏ","ㄏㄨㄟˇ","悔","https://dict.concised.moe.edu.tw/searchP.jsp?SN=%E3%84%8F&SN2=%E3%84%8F%E3%84%A8%E3%84%9F%CB%87#selectL"
"ㄏ","ㄏㄨㄟˇ","會","https://dict.concised.moe.edu.tw/searchP.jsp?SN=%E3%84%8F&SN2=%E3%84%8F%E3%84%A8%E3%84%9F%CB%87#selectL"
"ㄏ","ㄏㄨㄟˇ","毀","https://dict.concised.moe.edu.tw/searchP.jsp?SN=%E3%84%8F&SN2=%E3%84%8F%E3%84%A8%E3%84%9F%CB%87#selectL"
"ㄏ","ㄏㄨㄟˇ","燬","https://dict.concised.moe.edu.tw/searchP.jsp?SN=%E3%84%8F&SN2=%E3%84%8F%E3%84%A8%E3%84%9F%CB%87#selectL"
"ㄏ","ㄏㄨㄟˊ","回","https://dict.concised.moe.edu.tw/searchP.jsp?SN=%E3%84%8F&SN2=%E3%84%8F%E3%84%A8%E3%84%9F%CB%8A#selectL"
"ㄏ","ㄏㄨㄟˊ","洄","https://dict.concised.moe.edu.tw/searchP.jsp?SN=%E3%84%8F&SN2=%E3%84%8F%E3%84%A8%E3%84%9F%CB%8A#selectL"
"ㄏ","ㄏㄨㄟˊ","茴","https://dict.concised.moe.edu.tw/searchP.jsp?SN=%E3%84%8F&SN2=%E3%84%8F%E3%84%A8%E3%84%9F%CB%8A#selectL"
"ㄏ","ㄏㄨㄟˊ","迴","https://dict.concised.moe.edu.tw/searchP.jsp?SN=%E3%84%8F&SN2=%E3%84%8F%E3%84%A8%E3%84%9F%CB%8A#selectL"
"ㄏ","ㄏㄨㄟˊ","蛔","https://dict.concised.moe.edu.tw/searchP.jsp?SN=%E3%84%8F&SN2=%E3%84%8F%E3%84%A8%E3%84%9F%CB%8A#selectL"
"ㄏ","ㄏㄨㄟˋ","卉","https://dict.concised.moe.edu.tw/searchP.jsp?SN=%E3%84%8F&SN2=%E3%84%8F%E3%84%A8%E3%84%9F%CB%8B#selectL"
"ㄏ","ㄏㄨㄟˋ","恚","https://dict.concised.moe.edu.tw/searchP.jsp?SN=%E3%84%8F&SN2=%E3%84%8F%E3%84%A8%E3%84%9F%CB%8B#selectL"
"ㄏ","ㄏㄨㄟˋ","彗","https://dict.concised.moe.edu.tw/searchP.jsp?SN=%E3%84%8F&SN2=%E3%84%8F%E3%84%A8%E3%84%9F%CB%8B#selectL"
"ㄏ","ㄏㄨㄟˋ","晦","https://dict.concised.moe.edu.tw/searchP.jsp?SN=%E3%84%8F&SN2=%E3%84%8F%E3%84%A8%E3%84%9F%CB%8B#selectL"
"ㄏ","ㄏㄨㄟˋ","喙","https://dict.concised.moe.edu.tw/searchP.jsp?SN=%E3%84%8F&SN2=%E3%84%8F%E3%84%A8%E3%84%9F%CB%8B#selectL"
"ㄏ","ㄏㄨㄟˋ","惠","https://dict.concised.moe.edu.tw/searchP.jsp?SN=%E3%84%8F&SN2=%E3%84%8F%E3%84%A8%E3%84%9F%CB%8B#selectL"
"ㄏ","ㄏㄨㄟˋ","匯","https://dict.concised.moe.edu.tw/searchP.jsp?SN=%E3%84%8F&SN2=%E3%84%8F%E3%84%A8%E3%84%9F%CB%8B#selectL"
"ㄏ","ㄏㄨㄟˋ","彙","https://dict.concised.moe.edu.tw/searchP.jsp?SN=%E3%84%8F&SN2=%E3%84%8F%E3%84%A8%E3%84%9F%CB%8B#selectL"
"ㄏ","ㄏㄨㄟˋ","會","https://dict.concised.moe.edu.tw/searchP.jsp?SN=%E3%84%8F&SN2=%E3%84%8F%E3%84%A8%E3%84%9F%CB%8B#selectL"
"ㄏ","ㄏㄨㄟˋ","賄","https://dict.concised.moe.edu.tw/searchP.jsp?SN=%E3%84%8F&SN2=%E3%84%8F%E3%84%A8%E3%84%9F%CB%8B#selectL"
"ㄏ","ㄏㄨㄟˋ","誨","https://dict.concised.moe.edu.tw/searchP.jsp?SN=%E3%84%8F&SN2=%E3%84%8F%E3%84%A8%E3%84%9F%CB%8B#selectL"
"ㄏ","ㄏㄨㄟˋ","慧","https://dict.concised.moe.edu.tw/searchP.jsp?SN=%E3%84%8F&SN2=%E3%84%8F%E3%84%A8%E3%84%9F%CB%8B#selectL"
"ㄏ","ㄏㄨㄟˋ","蕙","https://dict.concised.moe.edu.tw/searchP.jsp?SN=%E3%84%8F&SN2=%E3%84%8F%E3%84%A8%E3%84%9F%CB%8B#selectL"
"ㄏ","ㄏㄨㄟˋ","諱","https://dict.concised.moe.edu.tw/searchP.jsp?SN=%E3%84%8F&SN2=%E3%84%8F%E3%84%A8%E3%84%9F%CB%8B#selectL"
"ㄏ","ㄏㄨㄟˋ","燴","https://dict.concised.moe.edu.tw/searchP.jsp?SN=%E3%84%8F&SN2=%E3%84%8F%E3%84%A8%E3%84%9F%CB%8B#selectL"
"ㄏ","ㄏㄨㄟˋ","薈","https://dict.concised.moe.edu.tw/searchP.jsp?SN=%E3%84%8F&SN2=%E3%84%8F%E3%84%A8%E3%84%9F%CB%8B#selectL"
"ㄏ","ㄏㄨㄟˋ","穢","https://dict.concised.moe.edu.tw/searchP.jsp?SN=%E3%84%8F&SN2=%E3%84%8F%E3%84%A8%E3%84%9F%CB%8B#selectL"
"ㄏ","ㄏㄨㄟˋ","蟪","https://dict.concised.moe.edu.tw/searchP.jsp?SN=%E3%84%8F&SN2=%E3%84%8F%E3%84%A8%E3%84%9F%CB%8B#selectL"
"ㄏ","ㄏㄨㄟˋ","繪","https://dict.concised.moe.edu.tw/searchP.jsp?SN=%E3%84%8F&SN2=%E3%84%8F%E3%84%A8%E3%84%9F%CB%8B#selectL"
"ㄏ","ㄏㄨㄢ","獾","https://dict.concised.moe.edu.tw/searchP.jsp?SN=%E3%84%8F&SN2=%E3%84%8F%E3%84%A8%E3%84%A2#selectL"
"ㄏ","ㄏㄨㄢ","歡","https://dict.concised.moe.edu.tw/searchP.jsp?SN=%E3%84%8F&SN2=%E3%84%8F%E3%84%A8%E3%84%A2#selectL"
"ㄏ","ㄏㄨㄢˇ","緩","https://dict.concised.moe.edu.tw/searchP.jsp?SN=%E3%84%8F&SN2=%E3%84%8F%E3%84%A8%E3%84%A2%CB%87#selectL"
"ㄏ","ㄏㄨㄢˇ","澣","https://dict.concised.moe.edu.tw/searchP.jsp?SN=%E3%84%8F&SN2=%E3%84%8F%E3%84%A8%E3%84%A2%CB%87#selectL"
"ㄏ","ㄏㄨㄢˊ","桓","https://dict.concised.moe.edu.tw/searchP.jsp?SN=%E3%84%8F&SN2=%E3%84%8F%E3%84%A8%E3%84%A2%CB%8A#selectL"
"ㄏ","ㄏㄨㄢˊ","圜","https://dict.concised.moe.edu.tw/searchP.jsp?SN=%E3%84%8F&SN2=%E3%84%8F%E3%84%A8%E3%84%A2%CB%8A#selectL"
"ㄏ","ㄏㄨㄢˊ","寰","https://dict.concised.moe.edu.tw/searchP.jsp?SN=%E3%84%8F&SN2=%E3%84%8F%E3%84%A8%E3%84%A2%CB%8A#selectL"
"ㄏ","ㄏㄨㄢˊ","環","https://dict.concised.moe.edu.tw/searchP.jsp?SN=%E3%84%8F&SN2=%E3%84%8F%E3%84%A8%E3%84%A2%CB%8A#selectL"
"ㄏ","ㄏㄨㄢˊ","還","https://dict.concised.moe.edu.tw/searchP.jsp?SN=%E3%84%8F&SN2=%E3%84%8F%E3%84%A8%E3%84%A2%CB%8A#selectL"
"ㄏ","ㄏㄨㄢˊ","鍰","https://dict.concised.moe.edu.tw/searchP.jsp?SN=%E3%84%8F&SN2=%E3%84%8F%E3%84%A8%E3%84%A2%CB%8A#selectL"
"ㄏ","ㄏㄨㄢˊ","繯","https://dict.concised.moe.edu.tw/searchP.jsp?SN=%E3%84%8F&SN2=%E3%84%8F%E3%84%A8%E3%84%A2%CB%8A#selectL"
"ㄏ","ㄏㄨㄢˊ","鬟","https://dict.concised.moe.edu.tw/searchP.jsp?SN=%E3%84%8F&SN2=%E3%84%8F%E3%84%A8%E3%84%A2%CB%8A#selectL"
"ㄏ","ㄏㄨㄢˋ","幻","https://dict.concised.moe.edu.tw/searchP.jsp?SN=%E3%84%8F&SN2=%E3%84%8F%E3%84%A8%E3%84%A2%CB%8B#selectL"
"ㄏ","ㄏㄨㄢˋ","奐","https://dict.concised.moe.edu.tw/searchP.jsp?SN=%E3%84%8F&SN2=%E3%84%8F%E3%84%A8%E3%84%A2%CB%8B#selectL"
"ㄏ","ㄏㄨㄢˋ","宦","https://dict.concised.moe.edu.tw/searchP.jsp?SN=%E3%84%8F&SN2=%E3%84%8F%E3%84%A8%E3%84%A2%CB%8B#selectL"
"ㄏ","ㄏㄨㄢˋ","患","https://dict.concised.moe.edu.tw/searchP.jsp?SN=%E3%84%8F&SN2=%E3%84%8F%E3%84%A8%E3%84%A2%CB%8B#selectL"
"ㄏ","ㄏㄨㄢˋ","喚","https://dict.concised.moe.edu.tw/searchP.jsp?SN=%E3%84%8F&SN2=%E3%84%8F%E3%84%A8%E3%84%A2%CB%8B#selectL"
"ㄏ","ㄏㄨㄢˋ","換","https://dict.concised.moe.edu.tw/searchP.jsp?SN=%E3%84%8F&SN2=%E3%84%8F%E3%84%A8%E3%84%A2%CB%8B#selectL"
"ㄏ","ㄏㄨㄢˋ","渙","https://dict.concised.moe.edu.tw/searchP.jsp?SN=%E3%84%8F&SN2=%E3%84%8F%E3%84%A8%E3%84%A2%CB%8B#selectL"
"ㄏ","ㄏㄨㄢˋ","逭","https://dict.concised.moe.edu.tw/searchP.jsp?SN=%E3%84%8F&SN2=%E3%84%8F%E3%84%A8%E3%84%A2%CB%8B#selectL"
"ㄏ","ㄏㄨㄢˋ","煥","https://dict.concised.moe.edu.tw/searchP.jsp?SN=%E3%84%8F&SN2=%E3%84%8F%E3%84%A8%E3%84%A2%CB%8B#selectL"
"ㄏ","ㄏㄨㄢˋ","豢","https://dict.concised.moe.edu.tw/searchP.jsp?SN=%E3%84%8F&SN2=%E3%84%8F%E3%84%A8%E3%84%A2%CB%8B#selectL"
"ㄏ","ㄏㄨㄢˋ","漶","https://dict.concised.moe.edu.tw/searchP.jsp?SN=%E3%84%8F&SN2=%E3%84%8F%E3%84%A8%E3%84%A2%CB%8B#selectL"
"ㄏ","ㄏㄨㄢˋ","瘓","https://dict.concised.moe.edu.tw/searchP.jsp?SN=%E3%84%8F&SN2=%E3%84%8F%E3%84%A8%E3%84%A2%CB%8B#selectL"
"ㄏ","ㄏㄨㄢˋ","鯇","https://dict.concised.moe.edu.tw/searchP.jsp?SN=%E3%84%8F&SN2=%E3%84%8F%E3%84%A8%E3%84%A2%CB%8B#selectL"
"ㄏ","ㄏㄨㄣ","昏","https://dict.concised.moe.edu.tw/searchP.jsp?SN=%E3%84%8F&SN2=%E3%84%8F%E3%84%A8%E3%84%A3#selectL"
"ㄏ","ㄏㄨㄣ","婚","https://dict.concised.moe.edu.tw/searchP.jsp?SN=%E3%84%8F&SN2=%E3%84%8F%E3%84%A8%E3%84%A3#selectL"
"ㄏ","ㄏㄨㄣ","葷","https://dict.concised.moe.edu.tw/searchP.jsp?SN=%E3%84%8F&SN2=%E3%84%8F%E3%84%A8%E3%84%A3#selectL"
"ㄏ","ㄏㄨㄣˊ","渾","https://dict.concised.moe.edu.tw/searchP.jsp?SN=%E3%84%8F&SN2=%E3%84%8F%E3%84%A8%E3%84%A3%CB%8A#selectL"
"ㄏ","ㄏㄨㄣˊ","琿","https://dict.concised.moe.edu.tw/searchP.jsp?SN=%E3%84%8F&SN2=%E3%84%8F%E3%84%A8%E3%84%A3%CB%8A#selectL"
"ㄏ","ㄏㄨㄣˊ","魂","https://dict.concised.moe.edu.tw/searchP.jsp?SN=%E3%84%8F&SN2=%E3%84%8F%E3%84%A8%E3%84%A3%CB%8A#selectL"
"ㄏ","ㄏㄨㄣˊ","餛","https://dict.concised.moe.edu.tw/searchP.jsp?SN=%E3%84%8F&SN2=%E3%84%8F%E3%84%A8%E3%84%A3%CB%8A#selectL"
"ㄏ","ㄏㄨㄣˋ","混","https://dict.concised.moe.edu.tw/searchP.jsp?SN=%E3%84%8F&SN2=%E3%84%8F%E3%84%A8%E3%84%A3%CB%8B#selectL"
"ㄏ","ㄏㄨㄣˋ","渾","https://dict.concised.moe.edu.tw/searchP.jsp?SN=%E3%84%8F&SN2=%E3%84%8F%E3%84%A8%E3%84%A3%CB%8B#selectL"
"ㄏ","ㄏㄨㄣˋ","諢","https://dict.concised.moe.edu.tw/searchP.jsp?SN=%E3%84%8F&SN2=%E3%84%8F%E3%84%A8%E3%84%A3%CB%8B#selectL"
"ㄏ","ㄏㄨㄤ","肓","https://dict.concised.moe.edu.tw/searchP.jsp?SN=%E3%84%8F&SN2=%E3%84%8F%E3%84%A8%E3%84%A4#selectL"
"ㄏ","ㄏㄨㄤ","荒","https://dict.concised.moe.edu.tw/searchP.jsp?SN=%E3%84%8F&SN2=%E3%84%8F%E3%84%A8%E3%84%A4#selectL"
"ㄏ","ㄏㄨㄤ","慌","https://dict.concised.moe.edu.tw/searchP.jsp?SN=%E3%84%8F&SN2=%E3%84%8F%E3%84%A8%E3%84%A4#selectL"
"ㄏ","ㄏㄨㄤˇ","恍","https://dict.concised.moe.edu.tw/searchP.jsp?SN=%E3%84%8F&SN2=%E3%84%8F%E3%84%A8%E3%84%A4%CB%87#selectL"
"ㄏ","ㄏㄨㄤˇ","晃","https://dict.concised.moe.edu.tw/searchP.jsp?SN=%E3%84%8F&SN2=%E3%84%8F%E3%84%A8%E3%84%A4%CB%87#selectL"
"ㄏ","ㄏㄨㄤˇ","幌","https://dict.concised.moe.edu.tw/searchP.jsp?SN=%E3%84%8F&SN2=%E3%84%8F%E3%84%A8%E3%84%A4%CB%87#selectL"
"ㄏ","ㄏㄨㄤˇ","謊","https://dict.concised.moe.edu.tw/searchP.jsp?SN=%E3%84%8F&SN2=%E3%84%8F%E3%84%A8%E3%84%A4%CB%87#selectL"
"ㄏ","ㄏㄨㄤˊ","皇","https://dict.concised.moe.edu.tw/searchP.jsp?SN=%E3%84%8F&SN2=%E3%84%8F%E3%84%A8%E3%84%A4%CB%8A#selectL"
"ㄏ","ㄏㄨㄤˊ","凰","https://dict.concised.moe.edu.tw/searchP.jsp?SN=%E3%84%8F&SN2=%E3%84%8F%E3%84%A8%E3%84%A4%CB%8A#selectL"
"ㄏ","ㄏㄨㄤˊ","徨","https://dict.concised.moe.edu.tw/searchP.jsp?SN=%E3%84%8F&SN2=%E3%84%8F%E3%84%A8%E3%84%A4%CB%8A#selectL"
"ㄏ","ㄏㄨㄤˊ","惶","https://dict.concised.moe.edu.tw/searchP.jsp?SN=%E3%84%8F&SN2=%E3%84%8F%E3%84%A8%E3%84%A4%CB%8A#selectL"
"ㄏ","ㄏㄨㄤˊ","隍","https://dict.concised.moe.edu.tw/searchP.jsp?SN=%E3%84%8F&SN2=%E3%84%8F%E3%84%A8%E3%84%A4%CB%8A#selectL"
"ㄏ","ㄏㄨㄤˊ","黃","https://dict.concised.moe.edu.tw/searchP.jsp?SN=%E3%84%8F&SN2=%E3%84%8F%E3%84%A8%E3%84%A4%CB%8A#selectL"
"ㄏ","ㄏㄨㄤˊ","煌","https://dict.concised.moe.edu.tw/searchP.jsp?SN=%E3%84%8F&SN2=%E3%84%8F%E3%84%A8%E3%84%A4%CB%8A#selectL"
"ㄏ","ㄏㄨㄤˊ","遑","https://dict.concised.moe.edu.tw/searchP.jsp?SN=%E3%84%8F&SN2=%E3%84%8F%E3%84%A8%E3%84%A4%CB%8A#selectL"
"ㄏ","ㄏㄨㄤˊ","潢","https://dict.concised.moe.edu.tw/searchP.jsp?SN=%E3%84%8F&SN2=%E3%84%8F%E3%84%A8%E3%84%A4%CB%8A#selectL"
"ㄏ","ㄏㄨㄤˊ","篁","https://dict.concised.moe.edu.tw/searchP.jsp?SN=%E3%84%8F&SN2=%E3%84%8F%E3%84%A8%E3%84%A4%CB%8A#selectL"
"ㄏ","ㄏㄨㄤˊ","蝗","https://dict.concised.moe.edu.tw/searchP.jsp?SN=%E3%84%8F&SN2=%E3%84%8F%E3%84%A8%E3%84%A4%CB%8A#selectL"
"ㄏ","ㄏㄨㄤˊ","璜","https://dict.concised.moe.edu.tw/searchP.jsp?SN=%E3%84%8F&SN2=%E3%84%8F%E3%84%A8%E3%84%A4%CB%8A#selectL"
"ㄏ","ㄏㄨㄤˊ","磺","https://dict.concised.moe.edu.tw/searchP.jsp?SN=%E3%84%8F&SN2=%E3%84%8F%E3%84%A8%E3%84%A4%CB%8A#selectL"
"ㄏ","ㄏㄨㄤˊ","簧","https://dict.concised.moe.edu.tw/searchP.jsp?SN=%E3%84%8F&SN2=%E3%84%8F%E3%84%A8%E3%84%A4%CB%8A#selectL"
"ㄏ","ㄏㄨㄤˋ","晃","https://dict.concised.moe.edu.tw/searchP.jsp?SN=%E3%84%8F&SN2=%E3%84%8F%E3%84%A8%E3%84%A4%CB%8B#selectL"
"ㄏ","ㄏㄨㄥ","吽","https://dict.concised.moe.edu.tw/searchP.jsp?SN=%E3%84%8F&SN2=%E3%84%8F%E3%84%A8%E3%84%A5#selectL"
"ㄏ","ㄏㄨㄥ","哄","https://dict.concised.moe.edu.tw/searchP.jsp?SN=%E3%84%8F&SN2=%E3%84%8F%E3%84%A8%E3%84%A5#selectL"
"ㄏ","ㄏㄨㄥ","訇","https://dict.concised.moe.edu.tw/searchP.jsp?SN=%E3%84%8F&SN2=%E3%84%8F%E3%84%A8%E3%84%A5#selectL"
"ㄏ","ㄏㄨㄥ","烘","https://dict.concised.moe.edu.tw/searchP.jsp?SN=%E3%84%8F&SN2=%E3%84%8F%E3%84%A8%E3%84%A5#selectL"
"ㄏ","ㄏㄨㄥ","薨","https://dict.concised.moe.edu.tw/searchP.jsp?SN=%E3%84%8F&SN2=%E3%84%8F%E3%84%A8%E3%84%A5#selectL"
"ㄏ","ㄏㄨㄥ","轟","https://dict.concised.moe.edu.tw/searchP.jsp?SN=%E3%84%8F&SN2=%E3%84%8F%E3%84%A8%E3%84%A5#selectL"
"ㄏ","ㄏㄨㄥˇ","哄","https://dict.concised.moe.edu.tw/searchP.jsp?SN=%E3%84%8F&SN2=%E3%84%8F%E3%84%A8%E3%84%A5%CB%87#selectL"
"ㄏ","ㄏㄨㄥˊ","弘","https://dict.concised.moe.edu.tw/searchP.jsp?SN=%E3%84%8F&SN2=%E3%84%8F%E3%84%A8%E3%84%A5%CB%8A#selectL"
"ㄏ","ㄏㄨㄥˊ","宏","https://dict.concised.moe.edu.tw/searchP.jsp?SN=%E3%84%8F&SN2=%E3%84%8F%E3%84%A8%E3%84%A5%CB%8A#selectL"
"ㄏ","ㄏㄨㄥˊ","泓","https://dict.concised.moe.edu.tw/searchP.jsp?SN=%E3%84%8F&SN2=%E3%84%8F%E3%84%A8%E3%84%A5%CB%8A#selectL"
"ㄏ","ㄏㄨㄥˊ","洪","https://dict.concised.moe.edu.tw/searchP.jsp?SN=%E3%84%8F&SN2=%E3%84%8F%E3%84%A8%E3%84%A5%CB%8A#selectL"
"ㄏ","ㄏㄨㄥˊ","紅","https://dict.concised.moe.edu.tw/searchP.jsp?SN=%E3%84%8F&SN2=%E3%84%8F%E3%84%A8%E3%84%A5%CB%8A#selectL"
"ㄏ","ㄏㄨㄥˊ","虹","https://dict.concised.moe.edu.tw/searchP.jsp?SN=%E3%84%8F&SN2=%E3%84%8F%E3%84%A8%E3%84%A5%CB%8A#selectL"
"ㄏ","ㄏㄨㄥˊ","紘","https://dict.concised.moe.edu.tw/searchP.jsp?SN=%E3%84%8F&SN2=%E3%84%8F%E3%84%A8%E3%84%A5%CB%8A#selectL"
"ㄏ","ㄏㄨㄥˊ","訌","https://dict.concised.moe.edu.tw/searchP.jsp?SN=%E3%84%8F&SN2=%E3%84%8F%E3%84%A8%E3%84%A5%CB%8A#selectL"
"ㄏ","ㄏㄨㄥˊ","閎","https://dict.concised.moe.edu.tw/searchP.jsp?SN=%E3%84%8F&SN2=%E3%84%8F%E3%84%A8%E3%84%A5%CB%8A#selectL"
"ㄏ","ㄏㄨㄥˊ","鴻","https://dict.concised.moe.edu.tw/searchP.jsp?SN=%E3%84%8F&SN2=%E3%84%8F%E3%84%A8%E3%84%A5%CB%8A#selectL"
"ㄏ","ㄏㄨㄥˊ","黌","https://dict.concised.moe.edu.tw/searchP.jsp?SN=%E3%84%8F&SN2=%E3%84%8F%E3%84%A8%E3%84%A5%CB%8A#selectL"
"ㄏ","ㄏㄨㄥˋ","鬨","https://dict.concised.moe.edu.tw/searchP.jsp?SN=%E3%84%8F&SN2=%E3%84%8F%E3%84%A8%E3%84%A5%CB%8B#selectL"
"ㄐ","ㄐㄧ","几","https://dict.concised.moe.edu.tw/searchP.jsp?SN=%E3%84%90&SN2=%E3%84%90%E3%84%A7#selectL"
"ㄐ","ㄐㄧ","乩","https://dict.concised.moe.edu.tw/searchP.jsp?SN=%E3%84%90&SN2=%E3%84%90%E3%84%A7#selectL"
"ㄐ","ㄐㄧ","肌","https://dict.concised.moe.edu.tw/searchP.jsp?SN=%E3%84%90&SN2=%E3%84%90%E3%84%A7#selectL"
"ㄐ","ㄐㄧ","其","https://dict.concised.moe.edu.tw/searchP.jsp?SN=%E3%84%90&SN2=%E3%84%90%E3%84%A7#selectL"
"ㄐ","ㄐㄧ","奇","https://dict.concised.moe.edu.tw/searchP.jsp?SN=%E3%84%90&SN2=%E3%84%90%E3%84%A7#selectL"
"ㄐ","ㄐㄧ","姬","https://dict.concised.moe.edu.tw/searchP.jsp?SN=%E3%84%90&SN2=%E3%84%90%E3%84%A7#selectL"
"ㄐ","ㄐㄧ","屐","https://dict.concised.moe.edu.tw/searchP.jsp?SN=%E3%84%90&SN2=%E3%84%90%E3%84%A7#selectL"
"ㄐ","ㄐㄧ","笄","https://dict.concised.moe.edu.tw/searchP.jsp?SN=%E3%84%90&SN2=%E3%84%90%E3%84%A7#selectL"
"ㄐ","ㄐㄧ","飢","https://dict.concised.moe.edu.tw/searchP.jsp?SN=%E3%84%90&SN2=%E3%84%90%E3%84%A7#selectL"
"ㄐ","ㄐㄧ","基","https://dict.concised.moe.edu.tw/searchP.jsp?SN=%E3%84%90&SN2=%E3%84%90%E3%84%A7#selectL"
"ㄐ","ㄐㄧ","嵇","https://dict.concised.moe.edu.tw/searchP.jsp?SN=%E3%84%90&SN2=%E3%84%90%E3%84%A7#selectL"
"ㄐ","ㄐㄧ","幾","https://dict.concised.moe.edu.tw/searchP.jsp?SN=%E3%84%90&SN2=%E3%84%90%E3%84%A7#selectL"
"ㄐ","ㄐㄧ","期","https://dict.concised.moe.edu.tw/searchP.jsp?SN=%E3%84%90&SN2=%E3%84%90%E3%84%A7#selectL"
"ㄐ","ㄐㄧ","棋","https://dict.concised.moe.edu.tw/searchP.jsp?SN=%E3%84%90&SN2=%E3%84%90%E3%84%A7#selectL"
"ㄐ","ㄐㄧ","犄","https://dict.concised.moe.edu.tw/searchP.jsp?SN=%E3%84%90&SN2=%E3%84%90%E3%84%A7#selectL"
"ㄐ","ㄐㄧ","畸","https://dict.concised.moe.edu.tw/searchP.jsp?SN=%E3%84%90&SN2=%E3%84%90%E3%84%A7#selectL"
"ㄐ","ㄐㄧ","跡","https://dict.concised.moe.edu.tw/searchP.jsp?SN=%E3%84%90&SN2=%E3%84%90%E3%84%A7#selectL"
"ㄐ","ㄐㄧ","箕","https://dict.concised.moe.edu.tw/searchP.jsp?SN=%E3%84%90&SN2=%E3%84%90%E3%84%A7#selectL"
"ㄐ","ㄐㄧ","嘰","https://dict.concised.moe.edu.tw/searchP.jsp?SN=%E3%84%90&SN2=%E3%84%90%E3%84%A7#selectL"
"ㄐ","ㄐㄧ","畿","https://dict.concised.moe.edu.tw/searchP.jsp?SN=%E3%84%90&SN2=%E3%84%90%E3%84%A7#selectL"
"ㄐ","ㄐㄧ","稽","https://dict.concised.moe.edu.tw/searchP.jsp?SN=%E3%84%90&SN2=%E3%84%90%E3%84%A7#selectL"
"ㄐ","ㄐㄧ","機","https://dict.concised.moe.edu.tw/searchP.jsp?SN=%E3%84%90&SN2=%E3%84%90%E3%84%A7#selectL"
"ㄐ","ㄐㄧ","激","https://dict.concised.moe.edu.tw/searchP.jsp?SN=%E3%84%90&SN2=%E3%84%90%E3%84%A7#selectL"
"ㄐ","ㄐㄧ","璣","https://dict.concised.moe.edu.tw/searchP.jsp?SN=%E3%84%90&SN2=%E3%84%90%E3%84%A7#selectL"
"ㄐ","ㄐㄧ","積","https://dict.concised.moe.edu.tw/searchP.jsp?SN=%E3%84%90&SN2=%E3%84%90%E3%84%A7#selectL"
"ㄐ","ㄐㄧ","磯","https://dict.concised.moe.edu.tw/searchP.jsp?SN=%E3%84%90&SN2=%E3%84%90%E3%84%A7#selectL"
"ㄐ","ㄐㄧ","禨","https://dict.concised.moe.edu.tw/searchP.jsp?SN=%E3%84%90&SN2=%E3%84%90%E3%84%A7#selectL"
"ㄐ","ㄐㄧ","績","https://dict.concised.moe.edu.tw/searchP.jsp?SN=%E3%84%90&SN2=%E3%84%90%E3%84%A7#selectL"
"ㄐ","ㄐㄧ","蹟","https://dict.concised.moe.edu.tw/searchP.jsp?SN=%E3%84%90&SN2=%E3%84%90%E3%84%A7#selectL"
"ㄐ","ㄐㄧ","雞","https://dict.concised.moe.edu.tw/searchP.jsp?SN=%E3%84%90&SN2=%E3%84%90%E3%84%A7#selectL"
"ㄐ","ㄐㄧ","譏","https://dict.concised.moe.edu.tw/searchP.jsp?SN=%E3%84%90&SN2=%E3%84%90%E3%84%A7#selectL"
"ㄐ","ㄐㄧ","饑","https://dict.concised.moe.edu.tw/searchP.jsp?SN=%E3%84%90&SN2=%E3%84%90%E3%84%A7#selectL"
"ㄐ","ㄐㄧ","躋","https://dict.concised.moe.edu.tw/searchP.jsp?SN=%E3%84%90&SN2=%E3%84%90%E3%84%A7#selectL"
"ㄐ","ㄐㄧ","齎","https://dict.concised.moe.edu.tw/searchP.jsp?SN=%E3%84%90&SN2=%E3%84%90%E3%84%A7#selectL"
"ㄐ","ㄐㄧ","齏","https://dict.concised.moe.edu.tw/searchP.jsp?SN=%E3%84%90&SN2=%E3%84%90%E3%84%A7#selectL"
"ㄐ","ㄐㄧ","羈","https://dict.concised.moe.edu.tw/searchP.jsp?SN=%E3%84%90&SN2=%E3%84%90%E3%84%A7#selectL"
"ㄐ","ㄐㄧˇ","己","https://dict.concised.moe.edu.tw/searchP.jsp?SN=%E3%84%90&SN2=%E3%84%90%E3%84%A7%CB%87#selectL"
"ㄐ","ㄐㄧˇ","脊","https://dict.concised.moe.edu.tw/searchP.jsp?SN=%E3%84%90&SN2=%E3%84%90%E3%84%A7%CB%87#selectL"
"ㄐ","ㄐㄧˇ","幾","https://dict.concised.moe.edu.tw/searchP.jsp?SN=%E3%84%90&SN2=%E3%84%90%E3%84%A7%CB%87#selectL"
"ㄐ","ㄐㄧˇ","戟","https://dict.concised.moe.edu.tw/searchP.jsp?SN=%E3%84%90&SN2=%E3%84%90%E3%84%A7%CB%87#selectL"
"ㄐ","ㄐㄧˇ","給","https://dict.concised.moe.edu.tw/searchP.jsp?SN=%E3%84%90&SN2=%E3%84%90%E3%84%A7%CB%87#selectL"
"ㄐ","ㄐㄧˇ","麂","https://dict.concised.moe.edu.tw/searchP.jsp?SN=%E3%84%90&SN2=%E3%84%90%E3%84%A7%CB%87#selectL"
"ㄐ","ㄐㄧˇ","踦","https://dict.concised.moe.edu.tw/searchP.jsp?SN=%E3%84%90&SN2=%E3%84%90%E3%84%A7%CB%87#selectL"
"ㄐ","ㄐㄧˇ","擠","https://dict.concised.moe.edu.tw/searchP.jsp?SN=%E3%84%90&SN2=%E3%84%90%E3%84%A7%CB%87#selectL"
"ㄐ","ㄐㄧˇ","濟","https://dict.concised.moe.edu.tw/searchP.jsp?SN=%E3%84%90&SN2=%E3%84%90%E3%84%A7%CB%87#selectL"
"ㄐ","ㄐㄧˊ","及","https://dict.concised.moe.edu.tw/searchP.jsp?SN=%E3%84%90&SN2=%E3%84%90%E3%84%A7%CB%8A#selectL"
"ㄐ","ㄐㄧˊ","伋","https://dict.concised.moe.edu.tw/searchP.jsp?SN=%E3%84%90&SN2=%E3%84%90%E3%84%A7%CB%8A#selectL"
"ㄐ","ㄐㄧˊ","吃","https://dict.concised.moe.edu.tw/searchP.jsp?SN=%E3%84%90&SN2=%E3%84%90%E3%84%A7%CB%8A#selectL"
"ㄐ","ㄐㄧˊ","吉","https://dict.concised.moe.edu.tw/searchP.jsp?SN=%E3%84%90&SN2=%E3%84%90%E3%84%A7%CB%8A#selectL"
"ㄐ","ㄐㄧˊ","即","https://dict.concised.moe.edu.tw/searchP.jsp?SN=%E3%84%90&SN2=%E3%84%90%E3%84%A7%CB%8A#selectL"
"ㄐ","ㄐㄧˊ","岌","https://dict.concised.moe.edu.tw/searchP.jsp?SN=%E3%84%90&SN2=%E3%84%90%E3%84%A7%CB%8A#selectL"
"ㄐ","ㄐㄧˊ","汲","https://dict.concised.moe.edu.tw/searchP.jsp?SN=%E3%84%90&SN2=%E3%84%90%E3%84%A7%CB%8A#selectL"
"ㄐ","ㄐㄧˊ","亟","https://dict.concised.moe.edu.tw/searchP.jsp?SN=%E3%84%90&SN2=%E3%84%90%E3%84%A7%CB%8A#selectL"
"ㄐ","ㄐㄧˊ","佶","https://dict.concised.moe.edu.tw/searchP.jsp?SN=%E3%84%90&SN2=%E3%84%90%E3%84%A7%CB%8A#selectL"
"ㄐ","ㄐㄧˊ","急","https://dict.concised.moe.edu.tw/searchP.jsp?SN=%E3%84%90&SN2=%E3%84%90%E3%84%A7%CB%8A#selectL"
"ㄐ","ㄐㄧˊ","革","https://dict.concised.moe.edu.tw/searchP.jsp?SN=%E3%84%90&SN2=%E3%84%90%E3%84%A7%CB%8A#selectL"
"ㄐ","ㄐㄧˊ","唧","https://dict.concised.moe.edu.tw/searchP.jsp?SN=%E3%84%90&SN2=%E3%84%90%E3%84%A7%CB%8A#selectL"
"ㄐ","ㄐㄧˊ","疾","https://dict.concised.moe.edu.tw/searchP.jsp?SN=%E3%84%90&SN2=%E3%84%90%E3%84%A7%CB%8A#selectL"
"ㄐ","ㄐㄧˊ","笈","https://dict.concised.moe.edu.tw/searchP.jsp?SN=%E3%84%90&SN2=%E3%84%90%E3%84%A7%CB%8A#selectL"
"ㄐ","ㄐㄧˊ","級","https://dict.concised.moe.edu.tw/searchP.jsp?SN=%E3%84%90&SN2=%E3%84%90%E3%84%A7%CB%8A#selectL"
"ㄐ","ㄐㄧˊ","寂","https://dict.concised.moe.edu.tw/searchP.jsp?SN=%E3%84%90&SN2=%E3%84%90%E3%84%A7%CB%8A#selectL"
"ㄐ","ㄐㄧˊ","棘","https://dict.concised.moe.edu.tw/searchP.jsp?SN=%E3%84%90&SN2=%E3%84%90%E3%84%A7%CB%8A#selectL"
"ㄐ","ㄐㄧˊ","集","https://dict.concised.moe.edu.tw/searchP.jsp?SN=%E3%84%90&SN2=%E3%84%90%E3%84%A7%CB%8A#selectL"
"ㄐ","ㄐㄧˊ","嫉","https://dict.concised.moe.edu.tw/searchP.jsp?SN=%E3%84%90&SN2=%E3%84%90%E3%84%A7%CB%8A#selectL"
"ㄐ","ㄐㄧˊ","戢","https://dict.concised.moe.edu.tw/searchP.jsp?SN=%E3%84%90&SN2=%E3%84%90%E3%84%A7%CB%8A#selectL"
"ㄐ","ㄐㄧˊ","楫","https://dict.concised.moe.edu.tw/searchP.jsp?SN=%E3%84%90&SN2=%E3%84%90%E3%84%A7%CB%8A#selectL"
"ㄐ","ㄐㄧˊ","極","https://dict.concised.moe.edu.tw/searchP.jsp?SN=%E3%84%90&SN2=%E3%84%90%E3%84%A7%CB%8A#selectL"
"ㄐ","ㄐㄧˊ","殛","https://dict.concised.moe.edu.tw/searchP.jsp?SN=%E3%84%90&SN2=%E3%84%90%E3%84%A7%CB%8A#selectL"
"ㄐ","ㄐㄧˊ","蒺","https://dict.concised.moe.edu.tw/searchP.jsp?SN=%E3%84%90&SN2=%E3%84%90%E3%84%A7%CB%8A#selectL"
"ㄐ","ㄐㄧˊ","瘠","https://dict.concised.moe.edu.tw/searchP.jsp?SN=%E3%84%90&SN2=%E3%84%90%E3%84%A7%CB%8A#selectL"
"ㄐ","ㄐㄧˊ","輯","https://dict.concised.moe.edu.tw/searchP.jsp?SN=%E3%84%90&SN2=%E3%84%90%E3%84%A7%CB%8A#selectL"
"ㄐ","ㄐㄧˊ","擊","https://dict.concised.moe.edu.tw/searchP.jsp?SN=%E3%84%90&SN2=%E3%84%90%E3%84%A7%CB%8A#selectL"
"ㄐ","ㄐㄧˊ","蹐","https://dict.concised.moe.edu.tw/searchP.jsp?SN=%E3%84%90&SN2=%E3%84%90%E3%84%A7%CB%8A#selectL"
"ㄐ","ㄐㄧˊ","藉","https://dict.concised.moe.edu.tw/searchP.jsp?SN=%E3%84%90&SN2=%E3%84%90%E3%84%A7%CB%8A#selectL"
"ㄐ","ㄐㄧˊ","籍","https://dict.concised.moe.edu.tw/searchP.jsp?SN=%E3%84%90&SN2=%E3%84%90%E3%84%A7%CB%8A#selectL"
"ㄐ","ㄐㄧˊ","鶺","https://dict.concised.moe.edu.tw/searchP.jsp?SN=%E3%84%90&SN2=%E3%84%90%E3%84%A7%CB%8A#selectL"
"ㄐ","ㄐㄧˋ","伎","https://dict.concised.moe.edu.tw/searchP.jsp?SN=%E3%84%90&SN2=%E3%84%90%E3%84%A7%CB%8B#selectL"
"ㄐ","ㄐㄧˋ","妓","https://dict.concised.moe.edu.tw/searchP.jsp?SN=%E3%84%90&SN2=%E3%84%90%E3%84%A7%CB%8B#selectL"
"ㄐ","ㄐㄧˋ","忌","https://dict.concised.moe.edu.tw/searchP.jsp?SN=%E3%84%90&SN2=%E3%84%90%E3%84%A7%CB%8B#selectL"
"ㄐ","ㄐㄧˋ","技","https://dict.concised.moe.edu.tw/searchP.jsp?SN=%E3%84%90&SN2=%E3%84%90%E3%84%A7%CB%8B#selectL"
"ㄐ","ㄐㄧˋ","季","https://dict.concised.moe.edu.tw/searchP.jsp?SN=%E3%84%90&SN2=%E3%84%90%E3%84%A7%CB%8B#selectL"
"ㄐ","ㄐㄧˋ","芰","https://dict.concised.moe.edu.tw/searchP.jsp?SN=%E3%84%90&SN2=%E3%84%90%E3%84%A7%CB%8B#selectL"
"ㄐ","ㄐㄧˋ","既","https://dict.concised.moe.edu.tw/searchP.jsp?SN=%E3%84%90&SN2=%E3%84%90%E3%84%A7%CB%8B#selectL"
"ㄐ","ㄐㄧˋ","洎","https://dict.concised.moe.edu.tw/searchP.jsp?SN=%E3%84%90&SN2=%E3%84%90%E3%84%A7%CB%8B#selectL"
"ㄐ","ㄐㄧˋ","紀","https://dict.concised.moe.edu.tw/searchP.jsp?SN=%E3%84%90&SN2=%E3%84%90%E3%84%A7%CB%8B#selectL"
"ㄐ","ㄐㄧˋ","計","https://dict.concised.moe.edu.tw/searchP.jsp?SN=%E3%84%90&SN2=%E3%84%90%E3%84%A7%CB%8B#selectL"
"ㄐ","ㄐㄧˋ","記","https://dict.concised.moe.edu.tw/searchP.jsp?SN=%E3%84%90&SN2=%E3%84%90%E3%84%A7%CB%8B#selectL"
"ㄐ","ㄐㄧˋ","偈","https://dict.concised.moe.edu.tw/searchP.jsp?SN=%E3%84%90&SN2=%E3%84%90%E3%84%A7%CB%8B#selectL"
"ㄐ","ㄐㄧˋ","寄","https://dict.concised.moe.edu.tw/searchP.jsp?SN=%E3%84%90&SN2=%E3%84%90%E3%84%A7%CB%8B#selectL"
"ㄐ","ㄐㄧˋ","悸","https://dict.concised.moe.edu.tw/searchP.jsp?SN=%E3%84%90&SN2=%E3%84%90%E3%84%A7%CB%8B#selectL"
"ㄐ","ㄐㄧˋ","祭","https://dict.concised.moe.edu.tw/searchP.jsp?SN=%E3%84%90&SN2=%E3%84%90%E3%84%A7%CB%8B#selectL"
"ㄐ","ㄐㄧˋ","暨","https://dict.concised.moe.edu.tw/searchP.jsp?SN=%E3%84%90&SN2=%E3%84%90%E3%84%A7%CB%8B#selectL"
"ㄐ","ㄐㄧˋ","跽","https://dict.concised.moe.edu.tw/searchP.jsp?SN=%E3%84%90&SN2=%E3%84%90%E3%84%A7%CB%8B#selectL"
"ㄐ","ㄐㄧˋ","際","https://dict.concised.moe.edu.tw/searchP.jsp?SN=%E3%84%90&SN2=%E3%84%90%E3%84%A7%CB%8B#selectL"
"ㄐ","ㄐㄧˋ","齊","https://dict.concised.moe.edu.tw/searchP.jsp?SN=%E3%84%90&SN2=%E3%84%90%E3%84%A7%CB%8B#selectL"
"ㄐ","ㄐㄧˋ","稷","https://dict.concised.moe.edu.tw/searchP.jsp?SN=%E3%84%90&SN2=%E3%84%90%E3%84%A7%CB%8B#selectL"
"ㄐ","ㄐㄧˋ","冀","https://dict.concised.moe.edu.tw/searchP.jsp?SN=%E3%84%90&SN2=%E3%84%90%E3%84%A7%CB%8B#selectL"
"ㄐ","ㄐㄧˋ","劑","https://dict.concised.moe.edu.tw/searchP.jsp?SN=%E3%84%90&SN2=%E3%84%90%E3%84%A7%CB%8B#selectL"
"ㄐ","ㄐㄧˋ","髻","https://dict.concised.moe.edu.tw/searchP.jsp?SN=%E3%84%90&SN2=%E3%84%90%E3%84%A7%CB%8B#selectL"
"ㄐ","ㄐㄧˋ","濟","https://dict.concised.moe.edu.tw/searchP.jsp?SN=%E3%84%90&SN2=%E3%84%90%E3%84%A7%CB%8B#selectL"
"ㄐ","ㄐㄧˋ","薊","https://dict.concised.moe.edu.tw/searchP.jsp?SN=%E3%84%90&SN2=%E3%84%90%E3%84%A7%CB%8B#selectL"
"ㄐ","ㄐㄧˋ","覬","https://dict.concised.moe.edu.tw/searchP.jsp?SN=%E3%84%90&SN2=%E3%84%90%E3%84%A7%CB%8B#selectL"
"ㄐ","ㄐㄧˋ","薺","https://dict.concised.moe.edu.tw/searchP.jsp?SN=%E3%84%90&SN2=%E3%84%90%E3%84%A7%CB%8B#selectL"
"ㄐ","ㄐㄧˋ","鯽","https://dict.concised.moe.edu.tw/searchP.jsp?SN=%E3%84%90&SN2=%E3%84%90%E3%84%A7%CB%8B#selectL"
"ㄐ","ㄐㄧˋ","繫","https://dict.concised.moe.edu.tw/searchP.jsp?SN=%E3%84%90&SN2=%E3%84%90%E3%84%A7%CB%8B#selectL"
"ㄐ","ㄐㄧˋ","繼","https://dict.concised.moe.edu.tw/searchP.jsp?SN=%E3%84%90&SN2=%E3%84%90%E3%84%A7%CB%8B#selectL"
"ㄐ","ㄐㄧˋ","霽","https://dict.concised.moe.edu.tw/searchP.jsp?SN=%E3%84%90&SN2=%E3%84%90%E3%84%A7%CB%8B#selectL"
"ㄐ","ㄐㄧˋ","驥","https://dict.concised.moe.edu.tw/searchP.jsp?SN=%E3%84%90&SN2=%E3%84%90%E3%84%A7%CB%8B#selectL"
"ㄐ","ㄐㄧㄚ","加","https://dict.concised.moe.edu.tw/searchP.jsp?SN=%E3%84%90&SN2=%E3%84%90%E3%84%A7%E3%84%9A#selectL"
"ㄐ","ㄐㄧㄚ","伽","https://dict.concised.moe.edu.tw/searchP.jsp?SN=%E3%84%90&SN2=%E3%84%90%E3%84%A7%E3%84%9A#selectL"
"ㄐ","ㄐㄧㄚ","佳","https://dict.concised.moe.edu.tw/searchP.jsp?SN=%E3%84%90&SN2=%E3%84%90%E3%84%A7%E3%84%9A#selectL"
"ㄐ","ㄐㄧㄚ","枷","https://dict.concised.moe.edu.tw/searchP.jsp?SN=%E3%84%90&SN2=%E3%84%90%E3%84%A7%E3%84%9A#selectL"
"ㄐ","ㄐㄧㄚ","珈","https://dict.concised.moe.edu.tw/searchP.jsp?SN=%E3%84%90&SN2=%E3%84%90%E3%84%A7%E3%84%9A#selectL"
"ㄐ","ㄐㄧㄚ","茄","https://dict.concised.moe.edu.tw/searchP.jsp?SN=%E3%84%90&SN2=%E3%84%90%E3%84%A7%E3%84%9A#selectL"
"ㄐ","ㄐㄧㄚ","迦","https://dict.concised.moe.edu.tw/searchP.jsp?SN=%E3%84%90&SN2=%E3%84%90%E3%84%A7%E3%84%9A#selectL"
"ㄐ","ㄐㄧㄚ","家","https://dict.concised.moe.edu.tw/searchP.jsp?SN=%E3%84%90&SN2=%E3%84%90%E3%84%A7%E3%84%9A#selectL"
"ㄐ","ㄐㄧㄚ","痂","https://dict.concised.moe.edu.tw/searchP.jsp?SN=%E3%84%90&SN2=%E3%84%90%E3%84%A7%E3%84%9A#selectL"
"ㄐ","ㄐㄧㄚ","笳","https://dict.concised.moe.edu.tw/searchP.jsp?SN=%E3%84%90&SN2=%E3%84%90%E3%84%A7%E3%84%9A#selectL"
"ㄐ","ㄐㄧㄚ","袈","https://dict.concised.moe.edu.tw/searchP.jsp?SN=%E3%84%90&SN2=%E3%84%90%E3%84%A7%E3%84%9A#selectL"
"ㄐ","ㄐㄧㄚ","傢","https://dict.concised.moe.edu.tw/searchP.jsp?SN=%E3%84%90&SN2=%E3%84%90%E3%84%A7%E3%84%9A#selectL"
"ㄐ","ㄐㄧㄚ","跏","https://dict.concised.moe.edu.tw/searchP.jsp?SN=%E3%84%90&SN2=%E3%84%90%E3%84%A7%E3%84%9A#selectL"
"ㄐ","ㄐㄧㄚ","葭","https://dict.concised.moe.edu.tw/searchP.jsp?SN=%E3%84%90&SN2=%E3%84%90%E3%84%A7%E3%84%9A#selectL"
"ㄐ","ㄐㄧㄚ","嘉","https://dict.concised.moe.edu.tw/searchP.jsp?SN=%E3%84%90&SN2=%E3%84%90%E3%84%A7%E3%84%9A#selectL"
"ㄐ","ㄐㄧㄚˇ","甲","https://dict.concised.moe.edu.tw/searchP.jsp?SN=%E3%84%90&SN2=%E3%84%90%E3%84%A7%E3%84%9A%CB%87#selectL"
"ㄐ","ㄐㄧㄚˇ","岬","https://dict.concised.moe.edu.tw/searchP.jsp?SN=%E3%84%90&SN2=%E3%84%90%E3%84%A7%E3%84%9A%CB%87#selectL"
"ㄐ","ㄐㄧㄚˇ","胛","https://dict.concised.moe.edu.tw/searchP.jsp?SN=%E3%84%90&SN2=%E3%84%90%E3%84%A7%E3%84%9A%CB%87#selectL"
"ㄐ","ㄐㄧㄚˇ","夏","https://dict.concised.moe.edu.tw/searchP.jsp?SN=%E3%84%90&SN2=%E3%84%90%E3%84%A7%E3%84%9A%CB%87#selectL"
"ㄐ","ㄐㄧㄚˇ","假","https://dict.concised.moe.edu.tw/searchP.jsp?SN=%E3%84%90&SN2=%E3%84%90%E3%84%A7%E3%84%9A%CB%87#selectL"
"ㄐ","ㄐㄧㄚˇ","舺","https://dict.concised.moe.edu.tw/searchP.jsp?SN=%E3%84%90&SN2=%E3%84%90%E3%84%A7%E3%84%9A%CB%87#selectL"
"ㄐ","ㄐㄧㄚˇ","賈","https://dict.concised.moe.edu.tw/searchP.jsp?SN=%E3%84%90&SN2=%E3%84%90%E3%84%A7%E3%84%9A%CB%87#selectL"
"ㄐ","ㄐㄧㄚˇ","鉀","https://dict.concised.moe.edu.tw/searchP.jsp?SN=%E3%84%90&SN2=%E3%84%90%E3%84%A7%E3%84%9A%CB%87#selectL"
"ㄐ","ㄐㄧㄚˊ","夾","https://dict.concised.moe.edu.tw/searchP.jsp?SN=%E3%84%90&SN2=%E3%84%90%E3%84%A7%E3%84%9A%CB%8A#selectL"
"ㄐ","ㄐㄧㄚˊ","浹","https://dict.concised.moe.edu.tw/searchP.jsp?SN=%E3%84%90&SN2=%E3%84%90%E3%84%A7%E3%84%9A%CB%8A#selectL"
"ㄐ","ㄐㄧㄚˊ","戛","https://dict.concised.moe.edu.tw/searchP.jsp?SN=%E3%84%90&SN2=%E3%84%90%E3%84%A7%E3%84%9A%CB%8A#selectL"
"ㄐ","ㄐㄧㄚˊ","莢","https://dict.concised.moe.edu.tw/searchP.jsp?SN=%E3%84%90&SN2=%E3%84%90%E3%84%A7%E3%84%9A%CB%8A#selectL"
"ㄐ","ㄐㄧㄚˊ","蛺","https://dict.concised.moe.edu.tw/searchP.jsp?SN=%E3%84%90&SN2=%E3%84%90%E3%84%A7%E3%84%9A%CB%8A#selectL"
"ㄐ","ㄐㄧㄚˊ","鋏","https://dict.concised.moe.edu.tw/searchP.jsp?SN=%E3%84%90&SN2=%E3%84%90%E3%84%A7%E3%84%9A%CB%8A#selectL"
"ㄐ","ㄐㄧㄚˊ","頰","https://dict.concised.moe.edu.tw/searchP.jsp?SN=%E3%84%90&SN2=%E3%84%90%E3%84%A7%E3%84%9A%CB%8A#selectL"
"ㄐ","ㄐㄧㄚˋ","架","https://dict.concised.moe.edu.tw/searchP.jsp?SN=%E3%84%90&SN2=%E3%84%90%E3%84%A7%E3%84%9A%CB%8B#selectL"
"ㄐ","ㄐㄧㄚˋ","假","https://dict.concised.moe.edu.tw/searchP.jsp?SN=%E3%84%90&SN2=%E3%84%90%E3%84%A7%E3%84%9A%CB%8B#selectL"
"ㄐ","ㄐㄧㄚˋ","嫁","https://dict.concised.moe.edu.tw/searchP.jsp?SN=%E3%84%90&SN2=%E3%84%90%E3%84%A7%E3%84%9A%CB%8B#selectL"
"ㄐ","ㄐㄧㄚˋ","價","https://dict.concised.moe.edu.tw/searchP.jsp?SN=%E3%84%90&SN2=%E3%84%90%E3%84%A7%E3%84%9A%CB%8B#selectL"
"ㄐ","ㄐㄧㄚˋ","稼","https://dict.concised.moe.edu.tw/searchP.jsp?SN=%E3%84%90&SN2=%E3%84%90%E3%84%A7%E3%84%9A%CB%8B#selectL"
"ㄐ","ㄐㄧㄚˋ","駕","https://dict.concised.moe.edu.tw/searchP.jsp?SN=%E3%84%90&SN2=%E3%84%90%E3%84%A7%E3%84%9A%CB%8B#selectL"
"ㄐ","ㄐㄧㄝ","皆","https://dict.concised.moe.edu.tw/searchP.jsp?SN=%E3%84%90&SN2=%E3%84%90%E3%84%A7%E3%84%9D#selectL"
"ㄐ","ㄐㄧㄝ","接","https://dict.concised.moe.edu.tw/searchP.jsp?SN=%E3%84%90&SN2=%E3%84%90%E3%84%A7%E3%84%9D#selectL"
"ㄐ","ㄐㄧㄝ","揭","https://dict.concised.moe.edu.tw/searchP.jsp?SN=%E3%84%90&SN2=%E3%84%90%E3%84%A7%E3%84%9D#selectL"
"ㄐ","ㄐㄧㄝ","結","https://dict.concised.moe.edu.tw/searchP.jsp?SN=%E3%84%90&SN2=%E3%84%90%E3%84%A7%E3%84%9D#selectL"
"ㄐ","ㄐㄧㄝ","街","https://dict.concised.moe.edu.tw/searchP.jsp?SN=%E3%84%90&SN2=%E3%84%90%E3%84%A7%E3%84%9D#selectL"
"ㄐ","ㄐㄧㄝ","階","https://dict.concised.moe.edu.tw/searchP.jsp?SN=%E3%84%90&SN2=%E3%84%90%E3%84%A7%E3%84%9D#selectL"
"ㄐ","ㄐㄧㄝ","嗟","https://dict.concised.moe.edu.tw/searchP.jsp?SN=%E3%84%90&SN2=%E3%84%90%E3%84%A7%E3%84%9D#selectL"
"ㄐ","ㄐㄧㄝˇ","姊","https://dict.concised.moe.edu.tw/searchP.jsp?SN=%E3%84%90&SN2=%E3%84%90%E3%84%A7%E3%84%9D%CB%87#selectL"
"ㄐ","ㄐㄧㄝˇ","姐","https://dict.concised.moe.edu.tw/searchP.jsp?SN=%E3%84%90&SN2=%E3%84%90%E3%84%A7%E3%84%9D%CB%87#selectL"
"ㄐ","ㄐㄧㄝˇ","解","https://dict.concised.moe.edu.tw/searchP.jsp?SN=%E3%84%90&SN2=%E3%84%90%E3%84%A7%E3%84%9D%CB%87#selectL"
"ㄐ","ㄐㄧㄝˊ","孑","https://dict.concised.moe.edu.tw/searchP.jsp?SN=%E3%84%90&SN2=%E3%84%90%E3%84%A7%E3%84%9D%CB%8A#selectL"
"ㄐ","ㄐㄧㄝˊ","劫","https://dict.concised.moe.edu.tw/searchP.jsp?SN=%E3%84%90&SN2=%E3%84%90%E3%84%A7%E3%84%9D%CB%8A#selectL"
"ㄐ","ㄐㄧㄝˊ","杰","https://dict.concised.moe.edu.tw/searchP.jsp?SN=%E3%84%90&SN2=%E3%84%90%E3%84%A7%E3%84%9D%CB%8A#selectL"
"ㄐ","ㄐㄧㄝˊ","拮","https://dict.concised.moe.edu.tw/searchP.jsp?SN=%E3%84%90&SN2=%E3%84%90%E3%84%A7%E3%84%9D%CB%8A#selectL"
"ㄐ","ㄐㄧㄝˊ","桀","https://dict.concised.moe.edu.tw/searchP.jsp?SN=%E3%84%90&SN2=%E3%84%90%E3%84%A7%E3%84%9D%CB%8A#selectL"
"ㄐ","ㄐㄧㄝˊ","桔","https://dict.concised.moe.edu.tw/searchP.jsp?SN=%E3%84%90&SN2=%E3%84%90%E3%84%A7%E3%84%9D%CB%8A#selectL"
"ㄐ","ㄐㄧㄝˊ","訐","https://dict.concised.moe.edu.tw/searchP.jsp?SN=%E3%84%90&SN2=%E3%84%90%E3%84%A7%E3%84%9D%CB%8A#selectL"
"ㄐ","ㄐㄧㄝˊ","偈","https://dict.concised.moe.edu.tw/searchP.jsp?SN=%E3%84%90&SN2=%E3%84%90%E3%84%A7%E3%84%9D%CB%8A#selectL"
"ㄐ","ㄐㄧㄝˊ","婕","https://dict.concised.moe.edu.tw/searchP.jsp?SN=%E3%84%90&SN2=%E3%84%90%E3%84%A7%E3%84%9D%CB%8A#selectL"
"ㄐ","ㄐㄧㄝˊ","捷","https://dict.concised.moe.edu.tw/searchP.jsp?SN=%E3%84%90&SN2=%E3%84%90%E3%84%A7%E3%84%9D%CB%8A#selectL"
"ㄐ","ㄐㄧㄝˊ","傑","https://dict.concised.moe.edu.tw/searchP.jsp?SN=%E3%84%90&SN2=%E3%84%90%E3%84%A7%E3%84%9D%CB%8A#selectL"
"ㄐ","ㄐㄧㄝˊ","結","https://dict.concised.moe.edu.tw/searchP.jsp?SN=%E3%84%90&SN2=%E3%84%90%E3%84%A7%E3%84%9D%CB%8A#selectL"
"ㄐ","ㄐㄧㄝˊ","睫","https://dict.concised.moe.edu.tw/searchP.jsp?SN=%E3%84%90&SN2=%E3%84%90%E3%84%A7%E3%84%9D%CB%8A#selectL"
"ㄐ","ㄐㄧㄝˊ","節","https://dict.concised.moe.edu.tw/searchP.jsp?SN=%E3%84%90&SN2=%E3%84%90%E3%84%A7%E3%84%9D%CB%8A#selectL"
"ㄐ","ㄐㄧㄝˊ","詰","https://dict.concised.moe.edu.tw/searchP.jsp?SN=%E3%84%90&SN2=%E3%84%90%E3%84%A7%E3%84%9D%CB%8A#selectL"
"ㄐ","ㄐㄧㄝˊ","截","https://dict.concised.moe.edu.tw/searchP.jsp?SN=%E3%84%90&SN2=%E3%84%90%E3%84%A7%E3%84%9D%CB%8A#selectL"
"ㄐ","ㄐㄧㄝˊ","碣","https://dict.concised.moe.edu.tw/searchP.jsp?SN=%E3%84%90&SN2=%E3%84%90%E3%84%A7%E3%84%9D%CB%8A#selectL"
"ㄐ","ㄐㄧㄝˊ","竭","https://dict.concised.moe.edu.tw/searchP.jsp?SN=%E3%84%90&SN2=%E3%84%90%E3%84%A7%E3%84%9D%CB%8A#selectL"
"ㄐ","ㄐㄧㄝˊ","潔","https://dict.concised.moe.edu.tw/searchP.jsp?SN=%E3%84%90&SN2=%E3%84%90%E3%84%A7%E3%84%9D%CB%8A#selectL"
"ㄐ","ㄐㄧㄝˊ","羯","https://dict.concised.moe.edu.tw/searchP.jsp?SN=%E3%84%90&SN2=%E3%84%90%E3%84%A7%E3%84%9D%CB%8A#selectL"
"ㄐ","ㄐㄧㄝˊ","頡","https://dict.concised.moe.edu.tw/searchP.jsp?SN=%E3%84%90&SN2=%E3%84%90%E3%84%A7%E3%84%9D%CB%8A#selectL"
"ㄐ","ㄐㄧㄝˊ","櫛","https://dict.concised.moe.edu.tw/searchP.jsp?SN=%E3%84%90&SN2=%E3%84%90%E3%84%A7%E3%84%9D%CB%8A#selectL"
"ㄐ","ㄐㄧㄝˊ","擷","https://dict.concised.moe.edu.tw/searchP.jsp?SN=%E3%84%90&SN2=%E3%84%90%E3%84%A7%E3%84%9D%CB%8A#selectL"
"ㄐ","ㄐㄧㄝˊ","癤","https://dict.concised.moe.edu.tw/searchP.jsp?SN=%E3%84%90&SN2=%E3%84%90%E3%84%A7%E3%84%9D%CB%8A#selectL"
"ㄐ","ㄐㄧㄝˋ","介","https://dict.concised.moe.edu.tw/searchP.jsp?SN=%E3%84%90&SN2=%E3%84%90%E3%84%A7%E3%84%9D%CB%8B#selectL"
"ㄐ","ㄐㄧㄝˋ","戒","https://dict.concised.moe.edu.tw/searchP.jsp?SN=%E3%84%90&SN2=%E3%84%90%E3%84%A7%E3%84%9D%CB%8B#selectL"
"ㄐ","ㄐㄧㄝˋ","屆","https://dict.concised.moe.edu.tw/searchP.jsp?SN=%E3%84%90&SN2=%E3%84%90%E3%84%A7%E3%84%9D%CB%8B#selectL"
"ㄐ","ㄐㄧㄝˋ","芥","https://dict.concised.moe.edu.tw/searchP.jsp?SN=%E3%84%90&SN2=%E3%84%90%E3%84%A7%E3%84%9D%CB%8B#selectL"
"ㄐ","ㄐㄧㄝˋ","界","https://dict.concised.moe.edu.tw/searchP.jsp?SN=%E3%84%90&SN2=%E3%84%90%E3%84%A7%E3%84%9D%CB%8B#selectL"
"ㄐ","ㄐㄧㄝˋ","疥","https://dict.concised.moe.edu.tw/searchP.jsp?SN=%E3%84%90&SN2=%E3%84%90%E3%84%A7%E3%84%9D%CB%8B#selectL"
"ㄐ","ㄐㄧㄝˋ","借","https://dict.concised.moe.edu.tw/searchP.jsp?SN=%E3%84%90&SN2=%E3%84%90%E3%84%A7%E3%84%9D%CB%8B#selectL"
"ㄐ","ㄐㄧㄝˋ","蚧","https://dict.concised.moe.edu.tw/searchP.jsp?SN=%E3%84%90&SN2=%E3%84%90%E3%84%A7%E3%84%9D%CB%8B#selectL"
"ㄐ","ㄐㄧㄝˋ","解","https://dict.concised.moe.edu.tw/searchP.jsp?SN=%E3%84%90&SN2=%E3%84%90%E3%84%A7%E3%84%9D%CB%8B#selectL"
"ㄐ","ㄐㄧㄝˋ","誡","https://dict.concised.moe.edu.tw/searchP.jsp?SN=%E3%84%90&SN2=%E3%84%90%E3%84%A7%E3%84%9D%CB%8B#selectL"
"ㄐ","ㄐㄧㄝˋ","藉","https://dict.concised.moe.edu.tw/searchP.jsp?SN=%E3%84%90&SN2=%E3%84%90%E3%84%A7%E3%84%9D%CB%8B#selectL"
"ㄐ","ㄐㄧㄠ","交","https://dict.concised.moe.edu.tw/searchP.jsp?SN=%E3%84%90&SN2=%E3%84%90%E3%84%A7%E3%84%A0#selectL"
"ㄐ","ㄐㄧㄠ","郊","https://dict.concised.moe.edu.tw/searchP.jsp?SN=%E3%84%90&SN2=%E3%84%90%E3%84%A7%E3%84%A0#selectL"
"ㄐ","ㄐㄧㄠ","茭","https://dict.concised.moe.edu.tw/searchP.jsp?SN=%E3%84%90&SN2=%E3%84%90%E3%84%A7%E3%84%A0#selectL"
"ㄐ","ㄐㄧㄠ","教","https://dict.concised.moe.edu.tw/searchP.jsp?SN=%E3%84%90&SN2=%E3%84%90%E3%84%A7%E3%84%A0#selectL"
"ㄐ","ㄐㄧㄠ","椒","https://dict.concised.moe.edu.tw/searchP.jsp?SN=%E3%84%90&SN2=%E3%84%90%E3%84%A7%E3%84%A0#selectL"
"ㄐ","ㄐㄧㄠ","焦","https://dict.concised.moe.edu.tw/searchP.jsp?SN=%E3%84%90&SN2=%E3%84%90%E3%84%A7%E3%84%A0#selectL"
"ㄐ","ㄐㄧㄠ","蛟","https://dict.concised.moe.edu.tw/searchP.jsp?SN=%E3%84%90&SN2=%E3%84%90%E3%84%A7%E3%84%A0#selectL"
"ㄐ","ㄐㄧㄠ","跤","https://dict.concised.moe.edu.tw/searchP.jsp?SN=%E3%84%90&SN2=%E3%84%90%E3%84%A7%E3%84%A0#selectL"
"ㄐ","ㄐㄧㄠ","嬌","https://dict.concised.moe.edu.tw/searchP.jsp?SN=%E3%84%90&SN2=%E3%84%90%E3%84%A7%E3%84%A0#selectL"
"ㄐ","ㄐㄧㄠ","澆","https://dict.concised.moe.edu.tw/searchP.jsp?SN=%E3%84%90&SN2=%E3%84%90%E3%84%A7%E3%84%A0#selectL"
"ㄐ","ㄐㄧㄠ","膠","https://dict.concised.moe.edu.tw/searchP.jsp?SN=%E3%84%90&SN2=%E3%84%90%E3%84%A7%E3%84%A0#selectL"
"ㄐ","ㄐㄧㄠ","徼","https://dict.concised.moe.edu.tw/searchP.jsp?SN=%E3%84%90&SN2=%E3%84%90%E3%84%A7%E3%84%A0#selectL"
"ㄐ","ㄐㄧㄠ","蕉","https://dict.concised.moe.edu.tw/searchP.jsp?SN=%E3%84%90&SN2=%E3%84%90%E3%84%A7%E3%84%A0#selectL"
"ㄐ","ㄐㄧㄠ","礁","https://dict.concised.moe.edu.tw/searchP.jsp?SN=%E3%84%90&SN2=%E3%84%90%E3%84%A7%E3%84%A0#selectL"
"ㄐ","ㄐㄧㄠ","鮫","https://dict.concised.moe.edu.tw/searchP.jsp?SN=%E3%84%90&SN2=%E3%84%90%E3%84%A7%E3%84%A0#selectL"
"ㄐ","ㄐㄧㄠ","驕","https://dict.concised.moe.edu.tw/searchP.jsp?SN=%E3%84%90&SN2=%E3%84%90%E3%84%A7%E3%84%A0#selectL"
"ㄐ","ㄐㄧㄠ","鷦","https://dict.concised.moe.edu.tw/searchP.jsp?SN=%E3%84%90&SN2=%E3%84%90%E3%84%A7%E3%84%A0#selectL"
"ㄐ","ㄐㄧㄠˇ","角","https://dict.concised.moe.edu.tw/searchP.jsp?SN=%E3%84%90&SN2=%E3%84%90%E3%84%A7%E3%84%A0%CB%87#selectL"
"ㄐ","ㄐㄧㄠˇ","佼","https://dict.concised.moe.edu.tw/searchP.jsp?SN=%E3%84%90&SN2=%E3%84%90%E3%84%A7%E3%84%A0%CB%87#selectL"
"ㄐ","ㄐㄧㄠˇ","姣","https://dict.concised.moe.edu.tw/searchP.jsp?SN=%E3%84%90&SN2=%E3%84%90%E3%84%A7%E3%84%A0%CB%87#selectL"
"ㄐ","ㄐㄧㄠˇ","狡","https://dict.concised.moe.edu.tw/searchP.jsp?SN=%E3%84%90&SN2=%E3%84%90%E3%84%A7%E3%84%A0%CB%87#selectL"
"ㄐ","ㄐㄧㄠˇ","皎","https://dict.concised.moe.edu.tw/searchP.jsp?SN=%E3%84%90&SN2=%E3%84%90%E3%84%A7%E3%84%A0%CB%87#selectL"
"ㄐ","ㄐㄧㄠˇ","筊","https://dict.concised.moe.edu.tw/searchP.jsp?SN=%E3%84%90&SN2=%E3%84%90%E3%84%A7%E3%84%A0%CB%87#selectL"
"ㄐ","ㄐㄧㄠˇ","絞","https://dict.concised.moe.edu.tw/searchP.jsp?SN=%E3%84%90&SN2=%E3%84%90%E3%84%A7%E3%84%A0%CB%87#selectL"
"ㄐ","ㄐㄧㄠˇ","剿","https://dict.concised.moe.edu.tw/searchP.jsp?SN=%E3%84%90&SN2=%E3%84%90%E3%84%A7%E3%84%A0%CB%87#selectL"
"ㄐ","ㄐㄧㄠˇ","勦","https://dict.concised.moe.edu.tw/searchP.jsp?SN=%E3%84%90&SN2=%E3%84%90%E3%84%A7%E3%84%A0%CB%87#selectL"
"ㄐ","ㄐㄧㄠˇ","腳","https://dict.concised.moe.edu.tw/searchP.jsp?SN=%E3%84%90&SN2=%E3%84%90%E3%84%A7%E3%84%A0%CB%87#selectL"
"ㄐ","ㄐㄧㄠˇ","僥","https://dict.concised.moe.edu.tw/searchP.jsp?SN=%E3%84%90&SN2=%E3%84%90%E3%84%A7%E3%84%A0%CB%87#selectL"
"ㄐ","ㄐㄧㄠˇ","鉸","https://dict.concised.moe.edu.tw/searchP.jsp?SN=%E3%84%90&SN2=%E3%84%90%E3%84%A7%E3%84%A0%CB%87#selectL"
"ㄐ","ㄐㄧㄠˇ","餃","https://dict.concised.moe.edu.tw/searchP.jsp?SN=%E3%84%90&SN2=%E3%84%90%E3%84%A7%E3%84%A0%CB%87#selectL"
"ㄐ","ㄐㄧㄠˇ","矯","https://dict.concised.moe.edu.tw/searchP.jsp?SN=%E3%84%90&SN2=%E3%84%90%E3%84%A7%E3%84%A0%CB%87#selectL"
"ㄐ","ㄐㄧㄠˇ","繳","https://dict.concised.moe.edu.tw/searchP.jsp?SN=%E3%84%90&SN2=%E3%84%90%E3%84%A7%E3%84%A0%CB%87#selectL"
"ㄐ","ㄐㄧㄠˇ","攪","https://dict.concised.moe.edu.tw/searchP.jsp?SN=%E3%84%90&SN2=%E3%84%90%E3%84%A7%E3%84%A0%CB%87#selectL"
"ㄐ","ㄐㄧㄠˊ","嚼","https://dict.concised.moe.edu.tw/searchP.jsp?SN=%E3%84%90&SN2=%E3%84%90%E3%84%A7%E3%84%A0%CB%8A#selectL"
"ㄐ","ㄐㄧㄠˋ","叫","https://dict.concised.moe.edu.tw/searchP.jsp?SN=%E3%84%90&SN2=%E3%84%90%E3%84%A7%E3%84%A0%CB%8B#selectL"
"ㄐ","ㄐㄧㄠˋ","校","https://dict.concised.moe.edu.tw/searchP.jsp?SN=%E3%84%90&SN2=%E3%84%90%E3%84%A7%E3%84%A0%CB%8B#selectL"
"ㄐ","ㄐㄧㄠˋ","教","https://dict.concised.moe.edu.tw/searchP.jsp?SN=%E3%84%90&SN2=%E3%84%90%E3%84%A7%E3%84%A0%CB%8B#selectL"
"ㄐ","ㄐㄧㄠˋ","窖","https://dict.concised.moe.edu.tw/searchP.jsp?SN=%E3%84%90&SN2=%E3%84%90%E3%84%A7%E3%84%A0%CB%8B#selectL"
"ㄐ","ㄐㄧㄠˋ","較","https://dict.concised.moe.edu.tw/searchP.jsp?SN=%E3%84%90&SN2=%E3%84%90%E3%84%A7%E3%84%A0%CB%8B#selectL"
"ㄐ","ㄐㄧㄠˋ","嶠","https://dict.concised.moe.edu.tw/searchP.jsp?SN=%E3%84%90&SN2=%E3%84%90%E3%84%A7%E3%84%A0%CB%8B#selectL"
"ㄐ","ㄐㄧㄠˋ","徼","https://dict.concised.moe.edu.tw/searchP.jsp?SN=%E3%84%90&SN2=%E3%84%90%E3%84%A7%E3%84%A0%CB%8B#selectL"
"ㄐ","ㄐㄧㄠˋ","轎","https://dict.concised.moe.edu.tw/searchP.jsp?SN=%E3%84%90&SN2=%E3%84%90%E3%84%A7%E3%84%A0%CB%8B#selectL"
"ㄐ","ㄐㄧㄠˋ","醮","https://dict.concised.moe.edu.tw/searchP.jsp?SN=%E3%84%90&SN2=%E3%84%90%E3%84%A7%E3%84%A0%CB%8B#selectL"
"ㄐ","ㄐㄧㄠˋ","覺","https://dict.concised.moe.edu.tw/searchP.jsp?SN=%E3%84%90&SN2=%E3%84%90%E3%84%A7%E3%84%A0%CB%8B#selectL"
"ㄐ","ㄐㄧㄡ","糾","https://dict.concised.moe.edu.tw/searchP.jsp?SN=%E3%84%90&SN2=%E3%84%90%E3%84%A7%E3%84%A1#selectL"
"ㄐ","ㄐㄧㄡ","赳","https://dict.concised.moe.edu.tw/searchP.jsp?SN=%E3%84%90&SN2=%E3%84%90%E3%84%A7%E3%84%A1#selectL"
"ㄐ","ㄐㄧㄡ","啾","https://dict.concised.moe.edu.tw/searchP.jsp?SN=%E3%84%90&SN2=%E3%84%90%E3%84%A7%E3%84%A1#selectL"
"ㄐ","ㄐㄧㄡ","揪","https://dict.concised.moe.edu.tw/searchP.jsp?SN=%E3%84%90&SN2=%E3%84%90%E3%84%A7%E3%84%A1#selectL"
"ㄐ","ㄐㄧㄡ","鳩","https://dict.concised.moe.edu.tw/searchP.jsp?SN=%E3%84%90&SN2=%E3%84%90%E3%84%A7%E3%84%A1#selectL"
"ㄐ","ㄐㄧㄡ","鬮","https://dict.concised.moe.edu.tw/searchP.jsp?SN=%E3%84%90&SN2=%E3%84%90%E3%84%A7%E3%84%A1#selectL"
"ㄐ","ㄐㄧㄡˇ","九","https://dict.concised.moe.edu.tw/searchP.jsp?SN=%E3%84%90&SN2=%E3%84%90%E3%84%A7%E3%84%A1%CB%87#selectL"
"ㄐ","ㄐㄧㄡˇ","久","https://dict.concised.moe.edu.tw/searchP.jsp?SN=%E3%84%90&SN2=%E3%84%90%E3%84%A7%E3%84%A1%CB%87#selectL"
"ㄐ","ㄐㄧㄡˇ","灸","https://dict.concised.moe.edu.tw/searchP.jsp?SN=%E3%84%90&SN2=%E3%84%90%E3%84%A7%E3%84%A1%CB%87#selectL"
"ㄐ","ㄐㄧㄡˇ","玖","https://dict.concised.moe.edu.tw/searchP.jsp?SN=%E3%84%90&SN2=%E3%84%90%E3%84%A7%E3%84%A1%CB%87#selectL"
"ㄐ","ㄐㄧㄡˇ","韭","https://dict.concised.moe.edu.tw/searchP.jsp?SN=%E3%84%90&SN2=%E3%84%90%E3%84%A7%E3%84%A1%CB%87#selectL"
"ㄐ","ㄐㄧㄡˇ","酒","https://dict.concised.moe.edu.tw/searchP.jsp?SN=%E3%84%90&SN2=%E3%84%90%E3%84%A7%E3%84%A1%CB%87#selectL"
"ㄐ","ㄐㄧㄡˋ","臼","https://dict.concised.moe.edu.tw/searchP.jsp?SN=%E3%84%90&SN2=%E3%84%90%E3%84%A7%E3%84%A1%CB%8B#selectL"
"ㄐ","ㄐㄧㄡˋ","究","https://dict.concised.moe.edu.tw/searchP.jsp?SN=%E3%84%90&SN2=%E3%84%90%E3%84%A7%E3%84%A1%CB%8B#selectL"
"ㄐ","ㄐㄧㄡˋ","咎","https://dict.concised.moe.edu.tw/searchP.jsp?SN=%E3%84%90&SN2=%E3%84%90%E3%84%A7%E3%84%A1%CB%8B#selectL"
"ㄐ","ㄐㄧㄡˋ","疚","https://dict.concised.moe.edu.tw/searchP.jsp?SN=%E3%84%90&SN2=%E3%84%90%E3%84%A7%E3%84%A1%CB%8B#selectL"
"ㄐ","ㄐㄧㄡˋ","柩","https://dict.concised.moe.edu.tw/searchP.jsp?SN=%E3%84%90&SN2=%E3%84%90%E3%84%A7%E3%84%A1%CB%8B#selectL"
"ㄐ","ㄐㄧㄡˋ","救","https://dict.concised.moe.edu.tw/searchP.jsp?SN=%E3%84%90&SN2=%E3%84%90%E3%84%A7%E3%84%A1%CB%8B#selectL"
"ㄐ","ㄐㄧㄡˋ","就","https://dict.concised.moe.edu.tw/searchP.jsp?SN=%E3%84%90&SN2=%E3%84%90%E3%84%A7%E3%84%A1%CB%8B#selectL"
"ㄐ","ㄐㄧㄡˋ","廄","https://dict.concised.moe.edu.tw/searchP.jsp?SN=%E3%84%90&SN2=%E3%84%90%E3%84%A7%E3%84%A1%CB%8B#selectL"
"ㄐ","ㄐㄧㄡˋ","舅","https://dict.concised.moe.edu.tw/searchP.jsp?SN=%E3%84%90&SN2=%E3%84%90%E3%84%A7%E3%84%A1%CB%8B#selectL"
"ㄐ","ㄐㄧㄡˋ","舊","https://dict.concised.moe.edu.tw/searchP.jsp?SN=%E3%84%90&SN2=%E3%84%90%E3%84%A7%E3%84%A1%CB%8B#selectL"
"ㄐ","ㄐㄧㄡˋ","鷲","https://dict.concised.moe.edu.tw/searchP.jsp?SN=%E3%84%90&SN2=%E3%84%90%E3%84%A7%E3%84%A1%CB%8B#selectL"
"ㄐ","ㄐㄧㄢ","奸","https://dict.concised.moe.edu.tw/searchP.jsp?SN=%E3%84%90&SN2=%E3%84%90%E3%84%A7%E3%84%A2#selectL"
"ㄐ","ㄐㄧㄢ","尖","https://dict.concised.moe.edu.tw/searchP.jsp?SN=%E3%84%90&SN2=%E3%84%90%E3%84%A7%E3%84%A2#selectL"
"ㄐ","ㄐㄧㄢ","肩","https://dict.concised.moe.edu.tw/searchP.jsp?SN=%E3%84%90&SN2=%E3%84%90%E3%84%A7%E3%84%A2#selectL"
"ㄐ","ㄐㄧㄢ","姦","https://dict.concised.moe.edu.tw/searchP.jsp?SN=%E3%84%90&SN2=%E3%84%90%E3%84%A7%E3%84%A2#selectL"
"ㄐ","ㄐㄧㄢ","兼","https://dict.concised.moe.edu.tw/searchP.jsp?SN=%E3%84%90&SN2=%E3%84%90%E3%84%A7%E3%84%A2#selectL"
"ㄐ","ㄐㄧㄢ","堅","https://dict.concised.moe.edu.tw/searchP.jsp?SN=%E3%84%90&SN2=%E3%84%90%E3%84%A7%E3%84%A2#selectL"
"ㄐ","ㄐㄧㄢ","湔","https://dict.concised.moe.edu.tw/searchP.jsp?SN=%E3%84%90&SN2=%E3%84%90%E3%84%A7%E3%84%A2#selectL"
"ㄐ","ㄐㄧㄢ","牋","https://dict.concised.moe.edu.tw/searchP.jsp?SN=%E3%84%90&SN2=%E3%84%90%E3%84%A7%E3%84%A2#selectL"
"ㄐ","ㄐㄧㄢ","菅","https://dict.concised.moe.edu.tw/searchP.jsp?SN=%E3%84%90&SN2=%E3%84%90%E3%84%A7%E3%84%A2#selectL"
"ㄐ","ㄐㄧㄢ","間","https://dict.concised.moe.edu.tw/searchP.jsp?SN=%E3%84%90&SN2=%E3%84%90%E3%84%A7%E3%84%A2#selectL"
"ㄐ","ㄐㄧㄢ","煎","https://dict.concised.moe.edu.tw/searchP.jsp?SN=%E3%84%90&SN2=%E3%84%90%E3%84%A7%E3%84%A2#selectL"
"ㄐ","ㄐㄧㄢ","犍","https://dict.concised.moe.edu.tw/searchP.jsp?SN=%E3%84%90&SN2=%E3%84%90%E3%84%A7%E3%84%A2#selectL"
"ㄐ","ㄐㄧㄢ","監","https://dict.concised.moe.edu.tw/searchP.jsp?SN=%E3%84%90&SN2=%E3%84%90%E3%84%A7%E3%84%A2#selectL"
"ㄐ","ㄐㄧㄢ","箋","https://dict.concised.moe.edu.tw/searchP.jsp?SN=%E3%84%90&SN2=%E3%84%90%E3%84%A7%E3%84%A2#selectL"
"ㄐ","ㄐㄧㄢ","蒹","https://dict.concised.moe.edu.tw/searchP.jsp?SN=%E3%84%90&SN2=%E3%84%90%E3%84%A7%E3%84%A2#selectL"
"ㄐ","ㄐㄧㄢ","緘","https://dict.concised.moe.edu.tw/searchP.jsp?SN=%E3%84%90&SN2=%E3%84%90%E3%84%A7%E3%84%A2#selectL"
"ㄐ","ㄐㄧㄢ","縑","https://dict.concised.moe.edu.tw/searchP.jsp?SN=%E3%84%90&SN2=%E3%84%90%E3%84%A7%E3%84%A2#selectL"
"ㄐ","ㄐㄧㄢ","艱","https://dict.concised.moe.edu.tw/searchP.jsp?SN=%E3%84%90&SN2=%E3%84%90%E3%84%A7%E3%84%A2#selectL"
"ㄐ","ㄐㄧㄢ","濺","https://dict.concised.moe.edu.tw/searchP.jsp?SN=%E3%84%90&SN2=%E3%84%90%E3%84%A7%E3%84%A2#selectL"
"ㄐ","ㄐㄧㄢ","殲","https://dict.concised.moe.edu.tw/searchP.jsp?SN=%E3%84%90&SN2=%E3%84%90%E3%84%A7%E3%84%A2#selectL"
"ㄐ","ㄐㄧㄢ","鶼","https://dict.concised.moe.edu.tw/searchP.jsp?SN=%E3%84%90&SN2=%E3%84%90%E3%84%A7%E3%84%A2#selectL"
"ㄐ","ㄐㄧㄢ","鰹","https://dict.concised.moe.edu.tw/searchP.jsp?SN=%E3%84%90&SN2=%E3%84%90%E3%84%A7%E3%84%A2#selectL"
"ㄐ","ㄐㄧㄢˇ","柬","https://dict.concised.moe.edu.tw/searchP.jsp?SN=%E3%84%90&SN2=%E3%84%90%E3%84%A7%E3%84%A2%CB%87#selectL"
"ㄐ","ㄐㄧㄢˇ","剪","https://dict.concised.moe.edu.tw/searchP.jsp?SN=%E3%84%90&SN2=%E3%84%90%E3%84%A7%E3%84%A2%CB%87#selectL"
"ㄐ","ㄐㄧㄢˇ","揀","https://dict.concised.moe.edu.tw/searchP.jsp?SN=%E3%84%90&SN2=%E3%84%90%E3%84%A7%E3%84%A2%CB%87#selectL"
"ㄐ","ㄐㄧㄢˇ","減","https://dict.concised.moe.edu.tw/searchP.jsp?SN=%E3%84%90&SN2=%E3%84%90%E3%84%A7%E3%84%A2%CB%87#selectL"
"ㄐ","ㄐㄧㄢˇ","筧","https://dict.concised.moe.edu.tw/searchP.jsp?SN=%E3%84%90&SN2=%E3%84%90%E3%84%A7%E3%84%A2%CB%87#selectL"
"ㄐ","ㄐㄧㄢˇ","戩","https://dict.concised.moe.edu.tw/searchP.jsp?SN=%E3%84%90&SN2=%E3%84%90%E3%84%A7%E3%84%A2%CB%87#selectL"
"ㄐ","ㄐㄧㄢˇ","儉","https://dict.concised.moe.edu.tw/searchP.jsp?SN=%E3%84%90&SN2=%E3%84%90%E3%84%A7%E3%84%A2%CB%87#selectL"
"ㄐ","ㄐㄧㄢˇ","翦","https://dict.concised.moe.edu.tw/searchP.jsp?SN=%E3%84%90&SN2=%E3%84%90%E3%84%A7%E3%84%A2%CB%87#selectL"
"ㄐ","ㄐㄧㄢˇ","撿","https://dict.concised.moe.edu.tw/searchP.jsp?SN=%E3%84%90&SN2=%E3%84%90%E3%84%A7%E3%84%A2%CB%87#selectL"
"ㄐ","ㄐㄧㄢˇ","檢","https://dict.concised.moe.edu.tw/searchP.jsp?SN=%E3%84%90&SN2=%E3%84%90%E3%84%A7%E3%84%A2%CB%87#selectL"
"ㄐ","ㄐㄧㄢˇ","蹇","https://dict.concised.moe.edu.tw/searchP.jsp?SN=%E3%84%90&SN2=%E3%84%90%E3%84%A7%E3%84%A2%CB%87#selectL"
"ㄐ","ㄐㄧㄢˇ","瞼","https://dict.concised.moe.edu.tw/searchP.jsp?SN=%E3%84%90&SN2=%E3%84%90%E3%84%A7%E3%84%A2%CB%87#selectL"
"ㄐ","ㄐㄧㄢˇ","簡","https://dict.concised.moe.edu.tw/searchP.jsp?SN=%E3%84%90&SN2=%E3%84%90%E3%84%A7%E3%84%A2%CB%87#selectL"
"ㄐ","ㄐㄧㄢˇ","繭","https://dict.concised.moe.edu.tw/searchP.jsp?SN=%E3%84%90&SN2=%E3%84%90%E3%84%A7%E3%84%A2%CB%87#selectL"
"ㄐ","ㄐㄧㄢˇ","鹼","https://dict.concised.moe.edu.tw/searchP.jsp?SN=%E3%84%90&SN2=%E3%84%90%E3%84%A7%E3%84%A2%CB%87#selectL"
"ㄐ","ㄐㄧㄢˋ","件","https://dict.concised.moe.edu.tw/searchP.jsp?SN=%E3%84%90&SN2=%E3%84%90%E3%84%A7%E3%84%A2%CB%8B#selectL"
"ㄐ","ㄐㄧㄢˋ","見","https://dict.concised.moe.edu.tw/searchP.jsp?SN=%E3%84%90&SN2=%E3%84%90%E3%84%A7%E3%84%A2%CB%8B#selectL"
"ㄐ","ㄐㄧㄢˋ","建","https://dict.concised.moe.edu.tw/searchP.jsp?SN=%E3%84%90&SN2=%E3%84%90%E3%84%A7%E3%84%A2%CB%8B#selectL"
"ㄐ","ㄐㄧㄢˋ","荐","https://dict.concised.moe.edu.tw/searchP.jsp?SN=%E3%84%90&SN2=%E3%84%90%E3%84%A7%E3%84%A2%CB%8B#selectL"
"ㄐ","ㄐㄧㄢˋ","健","https://dict.concised.moe.edu.tw/searchP.jsp?SN=%E3%84%90&SN2=%E3%84%90%E3%84%A7%E3%84%A2%CB%8B#selectL"
"ㄐ","ㄐㄧㄢˋ","間","https://dict.concised.moe.edu.tw/searchP.jsp?SN=%E3%84%90&SN2=%E3%84%90%E3%84%A7%E3%84%A2%CB%8B#selectL"
"ㄐ","ㄐㄧㄢˋ","毽","https://dict.concised.moe.edu.tw/searchP.jsp?SN=%E3%84%90&SN2=%E3%84%90%E3%84%A7%E3%84%A2%CB%8B#selectL"
"ㄐ","ㄐㄧㄢˋ","腱","https://dict.concised.moe.edu.tw/searchP.jsp?SN=%E3%84%90&SN2=%E3%84%90%E3%84%A7%E3%84%A2%CB%8B#selectL"
"ㄐ","ㄐㄧㄢˋ","僭","https://dict.concised.moe.edu.tw/searchP.jsp?SN=%E3%84%90&SN2=%E3%84%90%E3%84%A7%E3%84%A2%CB%8B#selectL"
"ㄐ","ㄐㄧㄢˋ","漸","https://dict.concised.moe.edu.tw/searchP.jsp?SN=%E3%84%90&SN2=%E3%84%90%E3%84%A7%E3%84%A2%CB%8B#selectL"
"ㄐ","ㄐㄧㄢˋ","監","https://dict.concised.moe.edu.tw/searchP.jsp?SN=%E3%84%90&SN2=%E3%84%90%E3%84%A7%E3%84%A2%CB%8B#selectL"
"ㄐ","ㄐㄧㄢˋ","劍","https://dict.concised.moe.edu.tw/searchP.jsp?SN=%E3%84%90&SN2=%E3%84%90%E3%84%A7%E3%84%A2%CB%8B#selectL"
"ㄐ","ㄐㄧㄢˋ","澗","https://dict.concised.moe.edu.tw/searchP.jsp?SN=%E3%84%90&SN2=%E3%84%90%E3%84%A7%E3%84%A2%CB%8B#selectL"
"ㄐ","ㄐㄧㄢˋ","箭","https://dict.concised.moe.edu.tw/searchP.jsp?SN=%E3%84%90&SN2=%E3%84%90%E3%84%A7%E3%84%A2%CB%8B#selectL"
"ㄐ","ㄐㄧㄢˋ","賤","https://dict.concised.moe.edu.tw/searchP.jsp?SN=%E3%84%90&SN2=%E3%84%90%E3%84%A7%E3%84%A2%CB%8B#selectL"
"ㄐ","ㄐㄧㄢˋ","踐","https://dict.concised.moe.edu.tw/searchP.jsp?SN=%E3%84%90&SN2=%E3%84%90%E3%84%A7%E3%84%A2%CB%8B#selectL"
"ㄐ","ㄐㄧㄢˋ","諫","https://dict.concised.moe.edu.tw/searchP.jsp?SN=%E3%84%90&SN2=%E3%84%90%E3%84%A7%E3%84%A2%CB%8B#selectL"
"ㄐ","ㄐㄧㄢˋ","餞","https://dict.concised.moe.edu.tw/searchP.jsp?SN=%E3%84%90&SN2=%E3%84%90%E3%84%A7%E3%84%A2%CB%8B#selectL"
"ㄐ","ㄐㄧㄢˋ","瞷","https://dict.concised.moe.edu.tw/searchP.jsp?SN=%E3%84%90&SN2=%E3%84%90%E3%84%A7%E3%84%A2%CB%8B#selectL"
"ㄐ","ㄐㄧㄢˋ","薦","https://dict.concised.moe.edu.tw/searchP.jsp?SN=%E3%84%90&SN2=%E3%84%90%E3%84%A7%E3%84%A2%CB%8B#selectL"
"ㄐ","ㄐㄧㄢˋ","鍵","https://dict.concised.moe.edu.tw/searchP.jsp?SN=%E3%84%90&SN2=%E3%84%90%E3%84%A7%E3%84%A2%CB%8B#selectL"
"ㄐ","ㄐㄧㄢˋ","檻","https://dict.concised.moe.edu.tw/searchP.jsp?SN=%E3%84%90&SN2=%E3%84%90%E3%84%A7%E3%84%A2%CB%8B#selectL"
"ㄐ","ㄐㄧㄢˋ","濺","https://dict.concised.moe.edu.tw/searchP.jsp?SN=%E3%84%90&SN2=%E3%84%90%E3%84%A7%E3%84%A2%CB%8B#selectL"
"ㄐ","ㄐㄧㄢˋ","艦","https://dict.concised.moe.edu.tw/searchP.jsp?SN=%E3%84%90&SN2=%E3%84%90%E3%84%A7%E3%84%A2%CB%8B#selectL"
"ㄐ","ㄐㄧㄢˋ","鑑","https://dict.concised.moe.edu.tw/searchP.jsp?SN=%E3%84%90&SN2=%E3%84%90%E3%84%A7%E3%84%A2%CB%8B#selectL"
"ㄐ","ㄐㄧㄢˋ","鑒","https://dict.concised.moe.edu.tw/searchP.jsp?SN=%E3%84%90&SN2=%E3%84%90%E3%84%A7%E3%84%A2%CB%8B#selectL"
"ㄐ","ㄐㄧㄣ","巾","https://dict.concised.moe.edu.tw/searchP.jsp?SN=%E3%84%90&SN2=%E3%84%90%E3%84%A7%E3%84%A3#selectL"
"ㄐ","ㄐㄧㄣ","今","https://dict.concised.moe.edu.tw/searchP.jsp?SN=%E3%84%90&SN2=%E3%84%90%E3%84%A7%E3%84%A3#selectL"
"ㄐ","ㄐㄧㄣ","斤","https://dict.concised.moe.edu.tw/searchP.jsp?SN=%E3%84%90&SN2=%E3%84%90%E3%84%A7%E3%84%A3#selectL"
"ㄐ","ㄐㄧㄣ","金","https://dict.concised.moe.edu.tw/searchP.jsp?SN=%E3%84%90&SN2=%E3%84%90%E3%84%A7%E3%84%A3#selectL"
"ㄐ","ㄐㄧㄣ","津","https://dict.concised.moe.edu.tw/searchP.jsp?SN=%E3%84%90&SN2=%E3%84%90%E3%84%A7%E3%84%A3#selectL"
"ㄐ","ㄐㄧㄣ","矜","https://dict.concised.moe.edu.tw/searchP.jsp?SN=%E3%84%90&SN2=%E3%84%90%E3%84%A7%E3%84%A3#selectL"
"ㄐ","ㄐㄧㄣ","觔","https://dict.concised.moe.edu.tw/searchP.jsp?SN=%E3%84%90&SN2=%E3%84%90%E3%84%A7%E3%84%A3#selectL"
"ㄐ","ㄐㄧㄣ","衿","https://dict.concised.moe.edu.tw/searchP.jsp?SN=%E3%84%90&SN2=%E3%84%90%E3%84%A7%E3%84%A3#selectL"
"ㄐ","ㄐㄧㄣ","筋","https://dict.concised.moe.edu.tw/searchP.jsp?SN=%E3%84%90&SN2=%E3%84%90%E3%84%A7%E3%84%A3#selectL"
"ㄐ","ㄐㄧㄣ","禁","https://dict.concised.moe.edu.tw/searchP.jsp?SN=%E3%84%90&SN2=%E3%84%90%E3%84%A7%E3%84%A3#selectL"
"ㄐ","ㄐㄧㄣ","襟","https://dict.concised.moe.edu.tw/searchP.jsp?SN=%E3%84%90&SN2=%E3%84%90%E3%84%A7%E3%84%A3#selectL"
"ㄐ","ㄐㄧㄣˇ","巹","https://dict.concised.moe.edu.tw/searchP.jsp?SN=%E3%84%90&SN2=%E3%84%90%E3%84%A7%E3%84%A3%CB%87#selectL"
"ㄐ","ㄐㄧㄣˇ","堇","https://dict.concised.moe.edu.tw/searchP.jsp?SN=%E3%84%90&SN2=%E3%84%90%E3%84%A7%E3%84%A3%CB%87#selectL"
"ㄐ","ㄐㄧㄣˇ","菫","https://dict.concised.moe.edu.tw/searchP.jsp?SN=%E3%84%90&SN2=%E3%84%90%E3%84%A7%E3%84%A3%CB%87#selectL"
"ㄐ","ㄐㄧㄣˇ","僅","https://dict.concised.moe.edu.tw/searchP.jsp?SN=%E3%84%90&SN2=%E3%84%90%E3%84%A7%E3%84%A3%CB%87#selectL"
"ㄐ","ㄐㄧㄣˇ","緊","https://dict.concised.moe.edu.tw/searchP.jsp?SN=%E3%84%90&SN2=%E3%84%90%E3%84%A7%E3%84%A3%CB%87#selectL"
"ㄐ","ㄐㄧㄣˇ","槿","https://dict.concised.moe.edu.tw/searchP.jsp?SN=%E3%84%90&SN2=%E3%84%90%E3%84%A7%E3%84%A3%CB%87#selectL"
"ㄐ","ㄐㄧㄣˇ","瑾","https://dict.concised.moe.edu.tw/searchP.jsp?SN=%E3%84%90&SN2=%E3%84%90%E3%84%A7%E3%84%A3%CB%87#selectL"
"ㄐ","ㄐㄧㄣˇ","儘","https://dict.concised.moe.edu.tw/searchP.jsp?SN=%E3%84%90&SN2=%E3%84%90%E3%84%A7%E3%84%A3%CB%87#selectL"
"ㄐ","ㄐㄧㄣˇ","錦","https://dict.concised.moe.edu.tw/searchP.jsp?SN=%E3%84%90&SN2=%E3%84%90%E3%84%A7%E3%84%A3%CB%87#selectL"
"ㄐ","ㄐㄧㄣˇ","謹","https://dict.concised.moe.edu.tw/searchP.jsp?SN=%E3%84%90&SN2=%E3%84%90%E3%84%A7%E3%84%A3%CB%87#selectL"
"ㄐ","ㄐㄧㄣˇ","饉","https://dict.concised.moe.edu.tw/searchP.jsp?SN=%E3%84%90&SN2=%E3%84%90%E3%84%A7%E3%84%A3%CB%87#selectL"
"ㄐ","ㄐㄧㄣˋ","近","https://dict.concised.moe.edu.tw/searchP.jsp?SN=%E3%84%90&SN2=%E3%84%90%E3%84%A7%E3%84%A3%CB%8B#selectL"
"ㄐ","ㄐㄧㄣˋ","晉","https://dict.concised.moe.edu.tw/searchP.jsp?SN=%E3%84%90&SN2=%E3%84%90%E3%84%A7%E3%84%A3%CB%8B#selectL"
"ㄐ","ㄐㄧㄣˋ","浸","https://dict.concised.moe.edu.tw/searchP.jsp?SN=%E3%84%90&SN2=%E3%84%90%E3%84%A7%E3%84%A3%CB%8B#selectL"
"ㄐ","ㄐㄧㄣˋ","進","https://dict.concised.moe.edu.tw/searchP.jsp?SN=%E3%84%90&SN2=%E3%84%90%E3%84%A7%E3%84%A3%CB%8B#selectL"
"ㄐ","ㄐㄧㄣˋ","搢","https://dict.concised.moe.edu.tw/searchP.jsp?SN=%E3%84%90&SN2=%E3%84%90%E3%84%A7%E3%84%A3%CB%8B#selectL"
"ㄐ","ㄐㄧㄣˋ","禁","https://dict.concised.moe.edu.tw/searchP.jsp?SN=%E3%84%90&SN2=%E3%84%90%E3%84%A7%E3%84%A3%CB%8B#selectL"
"ㄐ","ㄐㄧㄣˋ","靳","https://dict.concised.moe.edu.tw/searchP.jsp?SN=%E3%84%90&SN2=%E3%84%90%E3%84%A7%E3%84%A3%CB%8B#selectL"
"ㄐ","ㄐㄧㄣˋ","盡","https://dict.concised.moe.edu.tw/searchP.jsp?SN=%E3%84%90&SN2=%E3%84%90%E3%84%A7%E3%84%A3%CB%8B#selectL"
"ㄐ","ㄐㄧㄣˋ","噤","https://dict.concised.moe.edu.tw/searchP.jsp?SN=%E3%84%90&SN2=%E3%84%90%E3%84%A7%E3%84%A3%CB%8B#selectL"
"ㄐ","ㄐㄧㄣˋ","燼","https://dict.concised.moe.edu.tw/searchP.jsp?SN=%E3%84%90&SN2=%E3%84%90%E3%84%A7%E3%84%A3%CB%8B#selectL"
"ㄐ","ㄐㄧㄣˋ","覲","https://dict.concised.moe.edu.tw/searchP.jsp?SN=%E3%84%90&SN2=%E3%84%90%E3%84%A7%E3%84%A3%CB%8B#selectL"
"ㄐ","ㄐㄧㄣˋ","贐","https://dict.concised.moe.edu.tw/searchP.jsp?SN=%E3%84%90&SN2=%E3%84%90%E3%84%A7%E3%84%A3%CB%8B#selectL"
"ㄐ","ㄐㄧㄤ","江","https://dict.concised.moe.edu.tw/searchP.jsp?SN=%E3%84%90&SN2=%E3%84%90%E3%84%A7%E3%84%A4#selectL"
"ㄐ","ㄐㄧㄤ","姜","https://dict.concised.moe.edu.tw/searchP.jsp?SN=%E3%84%90&SN2=%E3%84%90%E3%84%A7%E3%84%A4#selectL"
"ㄐ","ㄐㄧㄤ","豇","https://dict.concised.moe.edu.tw/searchP.jsp?SN=%E3%84%90&SN2=%E3%84%90%E3%84%A7%E3%84%A4#selectL"
"ㄐ","ㄐㄧㄤ","將","https://dict.concised.moe.edu.tw/searchP.jsp?SN=%E3%84%90&SN2=%E3%84%90%E3%84%A7%E3%84%A4#selectL"
"ㄐ","ㄐㄧㄤ","僵","https://dict.concised.moe.edu.tw/searchP.jsp?SN=%E3%84%90&SN2=%E3%84%90%E3%84%A7%E3%84%A4#selectL"
"ㄐ","ㄐㄧㄤ","漿","https://dict.concised.moe.edu.tw/searchP.jsp?SN=%E3%84%90&SN2=%E3%84%90%E3%84%A7%E3%84%A4#selectL"
"ㄐ","ㄐㄧㄤ","殭","https://dict.concised.moe.edu.tw/searchP.jsp?SN=%E3%84%90&SN2=%E3%84%90%E3%84%A7%E3%84%A4#selectL"
"ㄐ","ㄐㄧㄤ","薑","https://dict.concised.moe.edu.tw/searchP.jsp?SN=%E3%84%90&SN2=%E3%84%90%E3%84%A7%E3%84%A4#selectL"
"ㄐ","ㄐㄧㄤ","疆","https://dict.concised.moe.edu.tw/searchP.jsp?SN=%E3%84%90&SN2=%E3%84%90%E3%84%A7%E3%84%A4#selectL"
"ㄐ","ㄐㄧㄤ","韁","https://dict.concised.moe.edu.tw/searchP.jsp?SN=%E3%84%90&SN2=%E3%84%90%E3%84%A7%E3%84%A4#selectL"
"ㄐ","ㄐㄧㄤˇ","槳","https://dict.concised.moe.edu.tw/searchP.jsp?SN=%E3%84%90&SN2=%E3%84%90%E3%84%A7%E3%84%A4%CB%87#selectL"
"ㄐ","ㄐㄧㄤˇ","獎","https://dict.concised.moe.edu.tw/searchP.jsp?SN=%E3%84%90&SN2=%E3%84%90%E3%84%A7%E3%84%A4%CB%87#selectL"
"ㄐ","ㄐㄧㄤˇ","蔣","https://dict.concised.moe.edu.tw/searchP.jsp?SN=%E3%84%90&SN2=%E3%84%90%E3%84%A7%E3%84%A4%CB%87#selectL"
"ㄐ","ㄐㄧㄤˇ","講","https://dict.concised.moe.edu.tw/searchP.jsp?SN=%E3%84%90&SN2=%E3%84%90%E3%84%A7%E3%84%A4%CB%87#selectL"
"ㄐ","ㄐㄧㄤˋ","匠","https://dict.concised.moe.edu.tw/searchP.jsp?SN=%E3%84%90&SN2=%E3%84%90%E3%84%A7%E3%84%A4%CB%8B#selectL"
"ㄐ","ㄐㄧㄤˋ","降","https://dict.concised.moe.edu.tw/searchP.jsp?SN=%E3%84%90&SN2=%E3%84%90%E3%84%A7%E3%84%A4%CB%8B#selectL"
"ㄐ","ㄐㄧㄤˋ","將","https://dict.concised.moe.edu.tw/searchP.jsp?SN=%E3%84%90&SN2=%E3%84%90%E3%84%A7%E3%84%A4%CB%8B#selectL"
"ㄐ","ㄐㄧㄤˋ","強","https://dict.concised.moe.edu.tw/searchP.jsp?SN=%E3%84%90&SN2=%E3%84%90%E3%84%A7%E3%84%A4%CB%8B#selectL"
"ㄐ","ㄐㄧㄤˋ","絳","https://dict.concised.moe.edu.tw/searchP.jsp?SN=%E3%84%90&SN2=%E3%84%90%E3%84%A7%E3%84%A4%CB%8B#selectL"
"ㄐ","ㄐㄧㄤˋ","漿","https://dict.concised.moe.edu.tw/searchP.jsp?SN=%E3%84%90&SN2=%E3%84%90%E3%84%A7%E3%84%A4%CB%8B#selectL"
"ㄐ","ㄐㄧㄤˋ","糨","https://dict.concised.moe.edu.tw/searchP.jsp?SN=%E3%84%90&SN2=%E3%84%90%E3%84%A7%E3%84%A4%CB%8B#selectL"
"ㄐ","ㄐㄧㄤˋ","醬","https://dict.concised.moe.edu.tw/searchP.jsp?SN=%E3%84%90&SN2=%E3%84%90%E3%84%A7%E3%84%A4%CB%8B#selectL"
"ㄐ","ㄐㄧㄥ","京","https://dict.concised.moe.edu.tw/searchP.jsp?SN=%E3%84%90&SN2=%E3%84%90%E3%84%A7%E3%84%A5#selectL"
"ㄐ","ㄐㄧㄥ","青","https://dict.concised.moe.edu.tw/searchP.jsp?SN=%E3%84%90&SN2=%E3%84%90%E3%84%A7%E3%84%A5#selectL"
"ㄐ","ㄐㄧㄥ","涇","https://dict.concised.moe.edu.tw/searchP.jsp?SN=%E3%84%90&SN2=%E3%84%90%E3%84%A7%E3%84%A5#selectL"
"ㄐ","ㄐㄧㄥ","荊","https://dict.concised.moe.edu.tw/searchP.jsp?SN=%E3%84%90&SN2=%E3%84%90%E3%84%A7%E3%84%A5#selectL"
"ㄐ","ㄐㄧㄥ","旌","https://dict.concised.moe.edu.tw/searchP.jsp?SN=%E3%84%90&SN2=%E3%84%90%E3%84%A7%E3%84%A5#selectL"
"ㄐ","ㄐㄧㄥ","莖","https://dict.concised.moe.edu.tw/searchP.jsp?SN=%E3%84%90&SN2=%E3%84%90%E3%84%A7%E3%84%A5#selectL"
"ㄐ","ㄐㄧㄥ","晶","https://dict.concised.moe.edu.tw/searchP.jsp?SN=%E3%84%90&SN2=%E3%84%90%E3%84%A7%E3%84%A5#selectL"
"ㄐ","ㄐㄧㄥ","菁","https://dict.concised.moe.edu.tw/searchP.jsp?SN=%E3%84%90&SN2=%E3%84%90%E3%84%A7%E3%84%A5#selectL"
"ㄐ","ㄐㄧㄥ","睛","https://dict.concised.moe.edu.tw/searchP.jsp?SN=%E3%84%90&SN2=%E3%84%90%E3%84%A7%E3%84%A5#selectL"
"ㄐ","ㄐㄧㄥ","經","https://dict.concised.moe.edu.tw/searchP.jsp?SN=%E3%84%90&SN2=%E3%84%90%E3%84%A7%E3%84%A5#selectL"
"ㄐ","ㄐㄧㄥ","兢","https://dict.concised.moe.edu.tw/searchP.jsp?SN=%E3%84%90&SN2=%E3%84%90%E3%84%A7%E3%84%A5#selectL"
"ㄐ","ㄐㄧㄥ","精","https://dict.concised.moe.edu.tw/searchP.jsp?SN=%E3%84%90&SN2=%E3%84%90%E3%84%A7%E3%84%A5#selectL"
"ㄐ","ㄐㄧㄥ","鯨","https://dict.concised.moe.edu.tw/searchP.jsp?SN=%E3%84%90&SN2=%E3%84%90%E3%84%A7%E3%84%A5#selectL"
"ㄐ","ㄐㄧㄥ","驚","https://dict.concised.moe.edu.tw/searchP.jsp?SN=%E3%84%90&SN2=%E3%84%90%E3%84%A7%E3%84%A5#selectL"
"ㄐ","ㄐㄧㄥˇ","井","https://dict.concised.moe.edu.tw/searchP.jsp?SN=%E3%84%90&SN2=%E3%84%90%E3%84%A7%E3%84%A5%CB%87#selectL"
"ㄐ","ㄐㄧㄥˇ","阱","https://dict.concised.moe.edu.tw/searchP.jsp?SN=%E3%84%90&SN2=%E3%84%90%E3%84%A7%E3%84%A5%CB%87#selectL"
"ㄐ","ㄐㄧㄥˇ","景","https://dict.concised.moe.edu.tw/searchP.jsp?SN=%E3%84%90&SN2=%E3%84%90%E3%84%A7%E3%84%A5%CB%87#selectL"
"ㄐ","ㄐㄧㄥˇ","儆","https://dict.concised.moe.edu.tw/searchP.jsp?SN=%E3%84%90&SN2=%E3%84%90%E3%84%A7%E3%84%A5%CB%87#selectL"
"ㄐ","ㄐㄧㄥˇ","憬","https://dict.concised.moe.edu.tw/searchP.jsp?SN=%E3%84%90&SN2=%E3%84%90%E3%84%A7%E3%84%A5%CB%87#selectL"
"ㄐ","ㄐㄧㄥˇ","頸","https://dict.concised.moe.edu.tw/searchP.jsp?SN=%E3%84%90&SN2=%E3%84%90%E3%84%A7%E3%84%A5%CB%87#selectL"
"ㄐ","ㄐㄧㄥˇ","警","https://dict.concised.moe.edu.tw/searchP.jsp?SN=%E3%84%90&SN2=%E3%84%90%E3%84%A7%E3%84%A5%CB%87#selectL"
"ㄐ","ㄐㄧㄥˋ","勁","https://dict.concised.moe.edu.tw/searchP.jsp?SN=%E3%84%90&SN2=%E3%84%90%E3%84%A7%E3%84%A5%CB%8B#selectL"
"ㄐ","ㄐㄧㄥˋ","徑","https://dict.concised.moe.edu.tw/searchP.jsp?SN=%E3%84%90&SN2=%E3%84%90%E3%84%A7%E3%84%A5%CB%8B#selectL"
"ㄐ","ㄐㄧㄥˋ","淨","https://dict.concised.moe.edu.tw/searchP.jsp?SN=%E3%84%90&SN2=%E3%84%90%E3%84%A7%E3%84%A5%CB%8B#selectL"
"ㄐ","ㄐㄧㄥˋ","脛","https://dict.concised.moe.edu.tw/searchP.jsp?SN=%E3%84%90&SN2=%E3%84%90%E3%84%A7%E3%84%A5%CB%8B#selectL"
"ㄐ","ㄐㄧㄥˋ","逕","https://dict.concised.moe.edu.tw/searchP.jsp?SN=%E3%84%90&SN2=%E3%84%90%E3%84%A7%E3%84%A5%CB%8B#selectL"
"ㄐ","ㄐㄧㄥˋ","竟","https://dict.concised.moe.edu.tw/searchP.jsp?SN=%E3%84%90&SN2=%E3%84%90%E3%84%A7%E3%84%A5%CB%8B#selectL"
"ㄐ","ㄐㄧㄥˋ","痙","https://dict.concised.moe.edu.tw/searchP.jsp?SN=%E3%84%90&SN2=%E3%84%90%E3%84%A7%E3%84%A5%CB%8B#selectL"
"ㄐ","ㄐㄧㄥˋ","敬","https://dict.concised.moe.edu.tw/searchP.jsp?SN=%E3%84%90&SN2=%E3%84%90%E3%84%A7%E3%84%A5%CB%8B#selectL"
"ㄐ","ㄐㄧㄥˋ","靖","https://dict.concised.moe.edu.tw/searchP.jsp?SN=%E3%84%90&SN2=%E3%84%90%E3%84%A7%E3%84%A5%CB%8B#selectL"
"ㄐ","ㄐㄧㄥˋ","境","https://dict.concised.moe.edu.tw/searchP.jsp?SN=%E3%84%90&SN2=%E3%84%90%E3%84%A7%E3%84%A5%CB%8B#selectL"
"ㄐ","ㄐㄧㄥˋ","請","https://dict.concised.moe.edu.tw/searchP.jsp?SN=%E3%84%90&SN2=%E3%84%90%E3%84%A7%E3%84%A5%CB%8B#selectL"
"ㄐ","ㄐㄧㄥˋ","靚","https://dict.concised.moe.edu.tw/searchP.jsp?SN=%E3%84%90&SN2=%E3%84%90%E3%84%A7%E3%84%A5%CB%8B#selectL"
"ㄐ","ㄐㄧㄥˋ","靜","https://dict.concised.moe.edu.tw/searchP.jsp?SN=%E3%84%90&SN2=%E3%84%90%E3%84%A7%E3%84%A5%CB%8B#selectL"
"ㄐ","ㄐㄧㄥˋ","鏡","https://dict.concised.moe.edu.tw/searchP.jsp?SN=%E3%84%90&SN2=%E3%84%90%E3%84%A7%E3%84%A5%CB%8B#selectL"
"ㄐ","ㄐㄧㄥˋ","競","https://dict.concised.moe.edu.tw/searchP.jsp?SN=%E3%84%90&SN2=%E3%84%90%E3%84%A7%E3%84%A5%CB%8B#selectL"
"ㄐ","ㄐㄩ","且","https://dict.concised.moe.edu.tw/searchP.jsp?SN=%E3%84%90&SN2=%E3%84%90%E3%84%A9#selectL"
"ㄐ","ㄐㄩ","車","https://dict.concised.moe.edu.tw/searchP.jsp?SN=%E3%84%90&SN2=%E3%84%90%E3%84%A9#selectL"
"ㄐ","ㄐㄩ","居","https://dict.concised.moe.edu.tw/searchP.jsp?SN=%E3%84%90&SN2=%E3%84%90%E3%84%A9#selectL"
"ㄐ","ㄐㄩ","拘","https://dict.concised.moe.edu.tw/searchP.jsp?SN=%E3%84%90&SN2=%E3%84%90%E3%84%A9#selectL"
"ㄐ","ㄐㄩ","沮","https://dict.concised.moe.edu.tw/searchP.jsp?SN=%E3%84%90&SN2=%E3%84%90%E3%84%A9#selectL"
"ㄐ","ㄐㄩ","狙","https://dict.concised.moe.edu.tw/searchP.jsp?SN=%E3%84%90&SN2=%E3%84%90%E3%84%A9#selectL"
"ㄐ","ㄐㄩ","疽","https://dict.concised.moe.edu.tw/searchP.jsp?SN=%E3%84%90&SN2=%E3%84%90%E3%84%A9#selectL"
"ㄐ","ㄐㄩ","痀","https://dict.concised.moe.edu.tw/searchP.jsp?SN=%E3%84%90&SN2=%E3%84%90%E3%84%A9#selectL"
"ㄐ","ㄐㄩ","据","https://dict.concised.moe.edu.tw/searchP.jsp?SN=%E3%84%90&SN2=%E3%84%90%E3%84%A9#selectL"
"ㄐ","ㄐㄩ","趄","https://dict.concised.moe.edu.tw/searchP.jsp?SN=%E3%84%90&SN2=%E3%84%90%E3%84%A9#selectL"
"ㄐ","ㄐㄩ","雎","https://dict.concised.moe.edu.tw/searchP.jsp?SN=%E3%84%90&SN2=%E3%84%90%E3%84%A9#selectL"
"ㄐ","ㄐㄩ","裾","https://dict.concised.moe.edu.tw/searchP.jsp?SN=%E3%84%90&SN2=%E3%84%90%E3%84%A9#selectL"
"ㄐ","ㄐㄩ","駒","https://dict.concised.moe.edu.tw/searchP.jsp?SN=%E3%84%90&SN2=%E3%84%90%E3%84%A9#selectL"
"ㄐ","ㄐㄩˇ","咀","https://dict.concised.moe.edu.tw/searchP.jsp?SN=%E3%84%90&SN2=%E3%84%90%E3%84%A9%CB%87#selectL"
"ㄐ","ㄐㄩˇ","沮","https://dict.concised.moe.edu.tw/searchP.jsp?SN=%E3%84%90&SN2=%E3%84%90%E3%84%A9%CB%87#selectL"
"ㄐ","ㄐㄩˇ","枸","https://dict.concised.moe.edu.tw/searchP.jsp?SN=%E3%84%90&SN2=%E3%84%90%E3%84%A9%CB%87#selectL"
"ㄐ","ㄐㄩˇ","矩","https://dict.concised.moe.edu.tw/searchP.jsp?SN=%E3%84%90&SN2=%E3%84%90%E3%84%A9%CB%87#selectL"
"ㄐ","ㄐㄩˇ","莒","https://dict.concised.moe.edu.tw/searchP.jsp?SN=%E3%84%90&SN2=%E3%84%90%E3%84%A9%CB%87#selectL"
"ㄐ","ㄐㄩˇ","蒟","https://dict.concised.moe.edu.tw/searchP.jsp?SN=%E3%84%90&SN2=%E3%84%90%E3%84%A9%CB%87#selectL"
"ㄐ","ㄐㄩˇ","舉","https://dict.concised.moe.edu.tw/searchP.jsp?SN=%E3%84%90&SN2=%E3%84%90%E3%84%A9%CB%87#selectL"
"ㄐ","ㄐㄩˇ","踽","https://dict.concised.moe.edu.tw/searchP.jsp?SN=%E3%84%90&SN2=%E3%84%90%E3%84%A9%CB%87#selectL"
"ㄐ","ㄐㄩˇ","齟","https://dict.concised.moe.edu.tw/searchP.jsp?SN=%E3%84%90&SN2=%E3%84%90%E3%84%A9%CB%87#selectL"
"ㄐ","ㄐㄩˇ","櫸","https://dict.concised.moe.edu.tw/searchP.jsp?SN=%E3%84%90&SN2=%E3%84%90%E3%84%A9%CB%87#selectL"
"ㄐ","ㄐㄩˊ","局","https://dict.concised.moe.edu.tw/searchP.jsp?SN=%E3%84%90&SN2=%E3%84%90%E3%84%A9%CB%8A#selectL"
"ㄐ","ㄐㄩˊ","侷","https://dict.concised.moe.edu.tw/searchP.jsp?SN=%E3%84%90&SN2=%E3%84%90%E3%84%A9%CB%8A#selectL"
"ㄐ","ㄐㄩˊ","桔","https://dict.concised.moe.edu.tw/searchP.jsp?SN=%E3%84%90&SN2=%E3%84%90%E3%84%A9%CB%8A#selectL"
"ㄐ","ㄐㄩˊ","掬","https://dict.concised.moe.edu.tw/searchP.jsp?SN=%E3%84%90&SN2=%E3%84%90%E3%84%A9%CB%8A#selectL"
"ㄐ","ㄐㄩˊ","菊","https://dict.concised.moe.edu.tw/searchP.jsp?SN=%E3%84%90&SN2=%E3%84%90%E3%84%A9%CB%8A#selectL"
"ㄐ","ㄐㄩˊ","跼","https://dict.concised.moe.edu.tw/searchP.jsp?SN=%E3%84%90&SN2=%E3%84%90%E3%84%A9%CB%8A#selectL"
"ㄐ","ㄐㄩˊ","踘","https://dict.concised.moe.edu.tw/searchP.jsp?SN=%E3%84%90&SN2=%E3%84%90%E3%84%A9%CB%8A#selectL"
"ㄐ","ㄐㄩˊ","橘","https://dict.concised.moe.edu.tw/searchP.jsp?SN=%E3%84%90&SN2=%E3%84%90%E3%84%A9%CB%8A#selectL"
"ㄐ","ㄐㄩˊ","鞠","https://dict.concised.moe.edu.tw/searchP.jsp?SN=%E3%84%90&SN2=%E3%84%90%E3%84%A9%CB%8A#selectL"
"ㄐ","ㄐㄩˋ","句","https://dict.concised.moe.edu.tw/searchP.jsp?SN=%E3%84%90&SN2=%E3%84%90%E3%84%A9%CB%8B#selectL"
"ㄐ","ㄐㄩˋ","巨","https://dict.concised.moe.edu.tw/searchP.jsp?SN=%E3%84%90&SN2=%E3%84%90%E3%84%A9%CB%8B#selectL"
"ㄐ","ㄐㄩˋ","足","https://dict.concised.moe.edu.tw/searchP.jsp?SN=%E3%84%90&SN2=%E3%84%90%E3%84%A9%CB%8B#selectL"
"ㄐ","ㄐㄩˋ","具","https://dict.concised.moe.edu.tw/searchP.jsp?SN=%E3%84%90&SN2=%E3%84%90%E3%84%A9%CB%8B#selectL"
"ㄐ","ㄐㄩˋ","拒","https://dict.concised.moe.edu.tw/searchP.jsp?SN=%E3%84%90&SN2=%E3%84%90%E3%84%A9%CB%8B#selectL"
"ㄐ","ㄐㄩˋ","炬","https://dict.concised.moe.edu.tw/searchP.jsp?SN=%E3%84%90&SN2=%E3%84%90%E3%84%A9%CB%8B#selectL"
"ㄐ","ㄐㄩˋ","苣","https://dict.concised.moe.edu.tw/searchP.jsp?SN=%E3%84%90&SN2=%E3%84%90%E3%84%A9%CB%8B#selectL"
"ㄐ","ㄐㄩˋ","俱","https://dict.concised.moe.edu.tw/searchP.jsp?SN=%E3%84%90&SN2=%E3%84%90%E3%84%A9%CB%8B#selectL"
"ㄐ","ㄐㄩˋ","倨","https://dict.concised.moe.edu.tw/searchP.jsp?SN=%E3%84%90&SN2=%E3%84%90%E3%84%A9%CB%8B#selectL"
"ㄐ","ㄐㄩˋ","詎","https://dict.concised.moe.edu.tw/searchP.jsp?SN=%E3%84%90&SN2=%E3%84%90%E3%84%A9%CB%8B#selectL"
"ㄐ","ㄐㄩˋ","距","https://dict.concised.moe.edu.tw/searchP.jsp?SN=%E3%84%90&SN2=%E3%84%90%E3%84%A9%CB%8B#selectL"
"ㄐ","ㄐㄩˋ","鉅","https://dict.concised.moe.edu.tw/searchP.jsp?SN=%E3%84%90&SN2=%E3%84%90%E3%84%A9%CB%8B#selectL"
"ㄐ","ㄐㄩˋ","聚","https://dict.concised.moe.edu.tw/searchP.jsp?SN=%E3%84%90&SN2=%E3%84%90%E3%84%A9%CB%8B#selectL"
"ㄐ","ㄐㄩˋ","劇","https://dict.concised.moe.edu.tw/searchP.jsp?SN=%E3%84%90&SN2=%E3%84%90%E3%84%A9%CB%8B#selectL"
"ㄐ","ㄐㄩˋ","踞","https://dict.concised.moe.edu.tw/searchP.jsp?SN=%E3%84%90&SN2=%E3%84%90%E3%84%A9%CB%8B#selectL"
"ㄐ","ㄐㄩˋ","據","https://dict.concised.moe.edu.tw/searchP.jsp?SN=%E3%84%90&SN2=%E3%84%90%E3%84%A9%CB%8B#selectL"
"ㄐ","ㄐㄩˋ","鋸","https://dict.concised.moe.edu.tw/searchP.jsp?SN=%E3%84%90&SN2=%E3%84%90%E3%84%A9%CB%8B#selectL"
"ㄐ","ㄐㄩˋ","屨","https://dict.concised.moe.edu.tw/searchP.jsp?SN=%E3%84%90&SN2=%E3%84%90%E3%84%A9%CB%8B#selectL"
"ㄐ","ㄐㄩˋ","遽","https://dict.concised.moe.edu.tw/searchP.jsp?SN=%E3%84%90&SN2=%E3%84%90%E3%84%A9%CB%8B#selectL"
"ㄐ","ㄐㄩˋ","颶","https://dict.concised.moe.edu.tw/searchP.jsp?SN=%E3%84%90&SN2=%E3%84%90%E3%84%A9%CB%8B#selectL"
"ㄐ","ㄐㄩˋ","瞿","https://dict.concised.moe.edu.tw/searchP.jsp?SN=%E3%84%90&SN2=%E3%84%90%E3%84%A9%CB%8B#selectL"
"ㄐ","ㄐㄩˋ","懼","https://dict.concised.moe.edu.tw/searchP.jsp?SN=%E3%84%90&SN2=%E3%84%90%E3%84%A9%CB%8B#selectL"
"ㄐ","ㄐㄩㄝ","噘","https://dict.concised.moe.edu.tw/searchP.jsp?SN=%E3%84%90&SN2=%E3%84%90%E3%84%A9%E3%84%9D#selectL"
"ㄐ","ㄐㄩㄝ","撅","https://dict.concised.moe.edu.tw/searchP.jsp?SN=%E3%84%90&SN2=%E3%84%90%E3%84%A9%E3%84%9D#selectL"
"ㄐ","ㄐㄩㄝˊ","孓","https://dict.concised.moe.edu.tw/searchP.jsp?SN=%E3%84%90&SN2=%E3%84%90%E3%84%A9%E3%84%9D%CB%8A#selectL"
"ㄐ","ㄐㄩㄝˊ","抉","https://dict.concised.moe.edu.tw/searchP.jsp?SN=%E3%84%90&SN2=%E3%84%90%E3%84%A9%E3%84%9D%CB%8A#selectL"
"ㄐ","ㄐㄩㄝˊ","決","https://dict.concised.moe.edu.tw/searchP.jsp?SN=%E3%84%90&SN2=%E3%84%90%E3%84%A9%E3%84%9D%CB%8A#selectL"
"ㄐ","ㄐㄩㄝˊ","角","https://dict.concised.moe.edu.tw/searchP.jsp?SN=%E3%84%90&SN2=%E3%84%90%E3%84%A9%E3%84%9D%CB%8A#selectL"
"ㄐ","ㄐㄩㄝˊ","玦","https://dict.concised.moe.edu.tw/searchP.jsp?SN=%E3%84%90&SN2=%E3%84%90%E3%84%A9%E3%84%9D%CB%8A#selectL"
"ㄐ","ㄐㄩㄝˊ","倔","https://dict.concised.moe.edu.tw/searchP.jsp?SN=%E3%84%90&SN2=%E3%84%90%E3%84%A9%E3%84%9D%CB%8A#selectL"
"ㄐ","ㄐㄩㄝˊ","崛","https://dict.concised.moe.edu.tw/searchP.jsp?SN=%E3%84%90&SN2=%E3%84%90%E3%84%A9%E3%84%9D%CB%8A#selectL"
"ㄐ","ㄐㄩㄝˊ","掘","https://dict.concised.moe.edu.tw/searchP.jsp?SN=%E3%84%90&SN2=%E3%84%90%E3%84%A9%E3%84%9D%CB%8A#selectL"
"ㄐ","ㄐㄩㄝˊ","訣","https://dict.concised.moe.edu.tw/searchP.jsp?SN=%E3%84%90&SN2=%E3%84%90%E3%84%A9%E3%84%9D%CB%8A#selectL"
"ㄐ","ㄐㄩㄝˊ","厥","https://dict.concised.moe.edu.tw/searchP.jsp?SN=%E3%84%90&SN2=%E3%84%90%E3%84%A9%E3%84%9D%CB%8A#selectL"
"ㄐ","ㄐㄩㄝˊ","絕","https://dict.concised.moe.edu.tw/searchP.jsp?SN=%E3%84%90&SN2=%E3%84%90%E3%84%A9%E3%84%9D%CB%8A#selectL"
"ㄐ","ㄐㄩㄝˊ","獗","https://dict.concised.moe.edu.tw/searchP.jsp?SN=%E3%84%90&SN2=%E3%84%90%E3%84%A9%E3%84%9D%CB%8A#selectL"
"ㄐ","ㄐㄩㄝˊ","噱","https://dict.concised.moe.edu.tw/searchP.jsp?SN=%E3%84%90&SN2=%E3%84%90%E3%84%A9%E3%84%9D%CB%8A#selectL"
"ㄐ","ㄐㄩㄝˊ","蕨","https://dict.concised.moe.edu.tw/searchP.jsp?SN=%E3%84%90&SN2=%E3%84%90%E3%84%A9%E3%84%9D%CB%8A#selectL"
"ㄐ","ㄐㄩㄝˊ","爵","https://dict.concised.moe.edu.tw/searchP.jsp?SN=%E3%84%90&SN2=%E3%84%90%E3%84%A9%E3%84%9D%CB%8A#selectL"
"ㄐ","ㄐㄩㄝˊ","譎","https://dict.concised.moe.edu.tw/searchP.jsp?SN=%E3%84%90&SN2=%E3%84%90%E3%84%A9%E3%84%9D%CB%8A#selectL"
"ㄐ","ㄐㄩㄝˊ","蹶","https://dict.concised.moe.edu.tw/searchP.jsp?SN=%E3%84%90&SN2=%E3%84%90%E3%84%A9%E3%84%9D%CB%8A#selectL"
"ㄐ","ㄐㄩㄝˊ","嚼","https://dict.concised.moe.edu.tw/searchP.jsp?SN=%E3%84%90&SN2=%E3%84%90%E3%84%A9%E3%84%9D%CB%8A#selectL"
"ㄐ","ㄐㄩㄝˊ","矍","https://dict.concised.moe.edu.tw/searchP.jsp?SN=%E3%84%90&SN2=%E3%84%90%E3%84%A9%E3%84%9D%CB%8A#selectL"
"ㄐ","ㄐㄩㄝˊ","覺","https://dict.concised.moe.edu.tw/searchP.jsp?SN=%E3%84%90&SN2=%E3%84%90%E3%84%A9%E3%84%9D%CB%8A#selectL"
"ㄐ","ㄐㄩㄝˊ","攫","https://dict.concised.moe.edu.tw/searchP.jsp?SN=%E3%84%90&SN2=%E3%84%90%E3%84%A9%E3%84%9D%CB%8A#selectL"
"ㄐ","ㄐㄩㄝˊ","蠼","https://dict.concised.moe.edu.tw/searchP.jsp?SN=%E3%84%90&SN2=%E3%84%90%E3%84%A9%E3%84%9D%CB%8A#selectL"
"ㄐ","ㄐㄩㄝˋ","倔","https://dict.concised.moe.edu.tw/searchP.jsp?SN=%E3%84%90&SN2=%E3%84%90%E3%84%A9%E3%84%9D%CB%8B#selectL"
"ㄐ","ㄐㄩㄢ","身","https://dict.concised.moe.edu.tw/searchP.jsp?SN=%E3%84%90&SN2=%E3%84%90%E3%84%A9%E3%84%A2#selectL"
"ㄐ","ㄐㄩㄢ","娟","https://dict.concised.moe.edu.tw/searchP.jsp?SN=%E3%84%90&SN2=%E3%84%90%E3%84%A9%E3%84%A2#selectL"
"ㄐ","ㄐㄩㄢ","捐","https://dict.concised.moe.edu.tw/searchP.jsp?SN=%E3%84%90&SN2=%E3%84%90%E3%84%A9%E3%84%A2#selectL"
"ㄐ","ㄐㄩㄢ","涓","https://dict.concised.moe.edu.tw/searchP.jsp?SN=%E3%84%90&SN2=%E3%84%90%E3%84%A9%E3%84%A2#selectL"
"ㄐ","ㄐㄩㄢ","鵑","https://dict.concised.moe.edu.tw/searchP.jsp?SN=%E3%84%90&SN2=%E3%84%90%E3%84%A9%E3%84%A2#selectL"
"ㄐ","ㄐㄩㄢ","鐫","https://dict.concised.moe.edu.tw/searchP.jsp?SN=%E3%84%90&SN2=%E3%84%90%E3%84%A9%E3%84%A2#selectL"
"ㄐ","ㄐㄩㄢˇ","卷","https://dict.concised.moe.edu.tw/searchP.jsp?SN=%E3%84%90&SN2=%E3%84%90%E3%84%A9%E3%84%A2%CB%87#selectL"
"ㄐ","ㄐㄩㄢˇ","捲","https://dict.concised.moe.edu.tw/searchP.jsp?SN=%E3%84%90&SN2=%E3%84%90%E3%84%A9%E3%84%A2%CB%87#selectL"
"ㄐ","ㄐㄩㄢˋ","卷","https://dict.concised.moe.edu.tw/searchP.jsp?SN=%E3%84%90&SN2=%E3%84%90%E3%84%A9%E3%84%A2%CB%8B#selectL"
"ㄐ","ㄐㄩㄢˋ","倦","https://dict.concised.moe.edu.tw/searchP.jsp?SN=%E3%84%90&SN2=%E3%84%90%E3%84%A9%E3%84%A2%CB%8B#selectL"
"ㄐ","ㄐㄩㄢˋ","狷","https://dict.concised.moe.edu.tw/searchP.jsp?SN=%E3%84%90&SN2=%E3%84%90%E3%84%A9%E3%84%A2%CB%8B#selectL"
"ㄐ","ㄐㄩㄢˋ","圈","https://dict.concised.moe.edu.tw/searchP.jsp?SN=%E3%84%90&SN2=%E3%84%90%E3%84%A9%E3%84%A2%CB%8B#selectL"
"ㄐ","ㄐㄩㄢˋ","眷","https://dict.concised.moe.edu.tw/searchP.jsp?SN=%E3%84%90&SN2=%E3%84%90%E3%84%A9%E3%84%A2%CB%8B#selectL"
"ㄐ","ㄐㄩㄢˋ","絹","https://dict.concised.moe.edu.tw/searchP.jsp?SN=%E3%84%90&SN2=%E3%84%90%E3%84%A9%E3%84%A2%CB%8B#selectL"
"ㄐ","ㄐㄩㄢˋ","雋","https://dict.concised.moe.edu.tw/searchP.jsp?SN=%E3%84%90&SN2=%E3%84%90%E3%84%A9%E3%84%A2%CB%8B#selectL"
"ㄐ","ㄐㄩㄣ","君","https://dict.concised.moe.edu.tw/searchP.jsp?SN=%E3%84%90&SN2=%E3%84%90%E3%84%A9%E3%84%A3#selectL"
"ㄐ","ㄐㄩㄣ","均","https://dict.concised.moe.edu.tw/searchP.jsp?SN=%E3%84%90&SN2=%E3%84%90%E3%84%A9%E3%84%A3#selectL"
"ㄐ","ㄐㄩㄣ","囷","https://dict.concised.moe.edu.tw/searchP.jsp?SN=%E3%84%90&SN2=%E3%84%90%E3%84%A9%E3%84%A3#selectL"
"ㄐ","ㄐㄩㄣ","軍","https://dict.concised.moe.edu.tw/searchP.jsp?SN=%E3%84%90&SN2=%E3%84%90%E3%84%A9%E3%84%A3#selectL"
"ㄐ","ㄐㄩㄣ","鈞","https://dict.concised.moe.edu.tw/searchP.jsp?SN=%E3%84%90&SN2=%E3%84%90%E3%84%A9%E3%84%A3#selectL"
"ㄐ","ㄐㄩㄣ","皸","https://dict.concised.moe.edu.tw/searchP.jsp?SN=%E3%84%90&SN2=%E3%84%90%E3%84%A9%E3%84%A3#selectL"
"ㄐ","ㄐㄩㄣ","麇","https://dict.concised.moe.edu.tw/searchP.jsp?SN=%E3%84%90&SN2=%E3%84%90%E3%84%A9%E3%84%A3#selectL"
"ㄐ","ㄐㄩㄣ","龜","https://dict.concised.moe.edu.tw/searchP.jsp?SN=%E3%84%90&SN2=%E3%84%90%E3%84%A9%E3%84%A3#selectL"
"ㄐ","ㄐㄩㄣˋ","俊","https://dict.concised.moe.edu.tw/searchP.jsp?SN=%E3%84%90&SN2=%E3%84%90%E3%84%A9%E3%84%A3%CB%8B#selectL"
"ㄐ","ㄐㄩㄣˋ","峻","https://dict.concised.moe.edu.tw/searchP.jsp?SN=%E3%84%90&SN2=%E3%84%90%E3%84%A9%E3%84%A3%CB%8B#selectL"
"ㄐ","ㄐㄩㄣˋ","浚","https://dict.concised.moe.edu.tw/searchP.jsp?SN=%E3%84%90&SN2=%E3%84%90%E3%84%A9%E3%84%A3%CB%8B#selectL"
"ㄐ","ㄐㄩㄣˋ","郡","https://dict.concised.moe.edu.tw/searchP.jsp?SN=%E3%84%90&SN2=%E3%84%90%E3%84%A9%E3%84%A3%CB%8B#selectL"
"ㄐ","ㄐㄩㄣˋ","竣","https://dict.concised.moe.edu.tw/searchP.jsp?SN=%E3%84%90&SN2=%E3%84%90%E3%84%A9%E3%84%A3%CB%8B#selectL"
"ㄐ","ㄐㄩㄣˋ","菌","https://dict.concised.moe.edu.tw/searchP.jsp?SN=%E3%84%90&SN2=%E3%84%90%E3%84%A9%E3%84%A3%CB%8B#selectL"
"ㄐ","ㄐㄩㄣˋ","雋","https://dict.concised.moe.edu.tw/searchP.jsp?SN=%E3%84%90&SN2=%E3%84%90%E3%84%A9%E3%84%A3%CB%8B#selectL"
"ㄐ","ㄐㄩㄣˋ","濬","https://dict.concised.moe.edu.tw/searchP.jsp?SN=%E3%84%90&SN2=%E3%84%90%E3%84%A9%E3%84%A3%CB%8B#selectL"
"ㄐ","ㄐㄩㄣˋ","駿","https://dict.concised.moe.edu.tw/searchP.jsp?SN=%E3%84%90&SN2=%E3%84%90%E3%84%A9%E3%84%A3%CB%8B#selectL"
"ㄐ","ㄐㄩㄥˇ","炯","https://dict.concised.moe.edu.tw/searchP.jsp?SN=%E3%84%90&SN2=%E3%84%90%E3%84%A9%E3%84%A5%CB%87#selectL"
"ㄐ","ㄐㄩㄥˇ","迥","https://dict.concised.moe.edu.tw/searchP.jsp?SN=%E3%84%90&SN2=%E3%84%90%E3%84%A9%E3%84%A5%CB%87#selectL"
"ㄐ","ㄐㄩㄥˇ","窘","https://dict.concised.moe.edu.tw/searchP.jsp?SN=%E3%84%90&SN2=%E3%84%90%E3%84%A9%E3%84%A5%CB%87#selectL"
"ㄑ","ㄑㄧ","七","https://dict.concised.moe.edu.tw/searchP.jsp?SN=%E3%84%91&SN2=%E3%84%91%E3%84%A7#selectL"
"ㄑ","ㄑㄧ","沏","https://dict.concised.moe.edu.tw/searchP.jsp?SN=%E3%84%91&SN2=%E3%84%91%E3%84%A7#selectL"
"ㄑ","ㄑㄧ","妻","https://dict.concised.moe.edu.tw/searchP.jsp?SN=%E3%84%91&SN2=%E3%84%91%E3%84%A7#selectL"
"ㄑ","ㄑㄧ","柒","https://dict.concised.moe.edu.tw/searchP.jsp?SN=%E3%84%91&SN2=%E3%84%91%E3%84%A7#selectL"
"ㄑ","ㄑㄧ","栖","https://dict.concised.moe.edu.tw/searchP.jsp?SN=%E3%84%91&SN2=%E3%84%91%E3%84%A7#selectL"
"ㄑ","ㄑㄧ","悽","https://dict.concised.moe.edu.tw/searchP.jsp?SN=%E3%84%91&SN2=%E3%84%91%E3%84%A7#selectL"
"ㄑ","ㄑㄧ","戚","https://dict.concised.moe.edu.tw/searchP.jsp?SN=%E3%84%91&SN2=%E3%84%91%E3%84%A7#selectL"
"ㄑ","ㄑㄧ","淒","https://dict.concised.moe.edu.tw/searchP.jsp?SN=%E3%84%91&SN2=%E3%84%91%E3%84%A7#selectL"
"ㄑ","ㄑㄧ","棲","https://dict.concised.moe.edu.tw/searchP.jsp?SN=%E3%84%91&SN2=%E3%84%91%E3%84%A7#selectL"
"ㄑ","ㄑㄧ","欺","https://dict.concised.moe.edu.tw/searchP.jsp?SN=%E3%84%91&SN2=%E3%84%91%E3%84%A7#selectL"
"ㄑ","ㄑㄧ","萋","https://dict.concised.moe.edu.tw/searchP.jsp?SN=%E3%84%91&SN2=%E3%84%91%E3%84%A7#selectL"
"ㄑ","ㄑㄧ","漆","https://dict.concised.moe.edu.tw/searchP.jsp?SN=%E3%84%91&SN2=%E3%84%91%E3%84%A7#selectL"
"ㄑ","ㄑㄧ","慼","https://dict.concised.moe.edu.tw/searchP.jsp?SN=%E3%84%91&SN2=%E3%84%91%E3%84%A7#selectL"
"ㄑ","ㄑㄧˇ","乞","https://dict.concised.moe.edu.tw/searchP.jsp?SN=%E3%84%91&SN2=%E3%84%91%E3%84%A7%CB%87#selectL"
"ㄑ","ㄑㄧˇ","杞","https://dict.concised.moe.edu.tw/searchP.jsp?SN=%E3%84%91&SN2=%E3%84%91%E3%84%A7%CB%87#selectL"
"ㄑ","ㄑㄧˇ","豈","https://dict.concised.moe.edu.tw/searchP.jsp?SN=%E3%84%91&SN2=%E3%84%91%E3%84%A7%CB%87#selectL"
"ㄑ","ㄑㄧˇ","起","https://dict.concised.moe.edu.tw/searchP.jsp?SN=%E3%84%91&SN2=%E3%84%91%E3%84%A7%CB%87#selectL"
"ㄑ","ㄑㄧˇ","啟","https://dict.concised.moe.edu.tw/searchP.jsp?SN=%E3%84%91&SN2=%E3%84%91%E3%84%A7%CB%87#selectL"
"ㄑ","ㄑㄧˇ","綺","https://dict.concised.moe.edu.tw/searchP.jsp?SN=%E3%84%91&SN2=%E3%84%91%E3%84%A7%CB%87#selectL"
"ㄑ","ㄑㄧˇ","稽","https://dict.concised.moe.edu.tw/searchP.jsp?SN=%E3%84%91&SN2=%E3%84%91%E3%84%A7%CB%87#selectL"
"ㄑ","ㄑㄧˊ","圻","https://dict.concised.moe.edu.tw/searchP.jsp?SN=%E3%84%91&SN2=%E3%84%91%E3%84%A7%CB%8A#selectL"
"ㄑ","ㄑㄧˊ","岐","https://dict.concised.moe.edu.tw/searchP.jsp?SN=%E3%84%91&SN2=%E3%84%91%E3%84%A7%CB%8A#selectL"
"ㄑ","ㄑㄧˊ","其","https://dict.concised.moe.edu.tw/searchP.jsp?SN=%E3%84%91&SN2=%E3%84%91%E3%84%A7%CB%8A#selectL"
"ㄑ","ㄑㄧˊ","奇","https://dict.concised.moe.edu.tw/searchP.jsp?SN=%E3%84%91&SN2=%E3%84%91%E3%84%A7%CB%8A#selectL"
"ㄑ","ㄑㄧˊ","枝","https://dict.concised.moe.edu.tw/searchP.jsp?SN=%E3%84%91&SN2=%E3%84%91%E3%84%A7%CB%8A#selectL"
"ㄑ","ㄑㄧˊ","歧","https://dict.concised.moe.edu.tw/searchP.jsp?SN=%E3%84%91&SN2=%E3%84%91%E3%84%A7%CB%8A#selectL"
"ㄑ","ㄑㄧˊ","祁","https://dict.concised.moe.edu.tw/searchP.jsp?SN=%E3%84%91&SN2=%E3%84%91%E3%84%A7%CB%8A#selectL"
"ㄑ","ㄑㄧˊ","俟","https://dict.concised.moe.edu.tw/searchP.jsp?SN=%E3%84%91&SN2=%E3%84%91%E3%84%A7%CB%8A#selectL"
"ㄑ","ㄑㄧˊ","祇","https://dict.concised.moe.edu.tw/searchP.jsp?SN=%E3%84%91&SN2=%E3%84%91%E3%84%A7%CB%8A#selectL"
"ㄑ","ㄑㄧˊ","祈","https://dict.concised.moe.edu.tw/searchP.jsp?SN=%E3%84%91&SN2=%E3%84%91%E3%84%A7%CB%8A#selectL"
"ㄑ","ㄑㄧˊ","耆","https://dict.concised.moe.edu.tw/searchP.jsp?SN=%E3%84%91&SN2=%E3%84%91%E3%84%A7%CB%8A#selectL"
"ㄑ","ㄑㄧˊ","衹","https://dict.concised.moe.edu.tw/searchP.jsp?SN=%E3%84%91&SN2=%E3%84%91%E3%84%A7%CB%8A#selectL"
"ㄑ","ㄑㄧˊ","崎","https://dict.concised.moe.edu.tw/searchP.jsp?SN=%E3%84%91&SN2=%E3%84%91%E3%84%A7%CB%8A#selectL"
"ㄑ","ㄑㄧˊ","淇","https://dict.concised.moe.edu.tw/searchP.jsp?SN=%E3%84%91&SN2=%E3%84%91%E3%84%A7%CB%8A#selectL"
"ㄑ","ㄑㄧˊ","畦","https://dict.concised.moe.edu.tw/searchP.jsp?SN=%E3%84%91&SN2=%E3%84%91%E3%84%A7%CB%8A#selectL"
"ㄑ","ㄑㄧˊ","跂","https://dict.concised.moe.edu.tw/searchP.jsp?SN=%E3%84%91&SN2=%E3%84%91%E3%84%A7%CB%8A#selectL"
"ㄑ","ㄑㄧˊ","期","https://dict.concised.moe.edu.tw/searchP.jsp?SN=%E3%84%91&SN2=%E3%84%91%E3%84%A7%CB%8A#selectL"
"ㄑ","ㄑㄧˊ","棋","https://dict.concised.moe.edu.tw/searchP.jsp?SN=%E3%84%91&SN2=%E3%84%91%E3%84%A7%CB%8A#selectL"
"ㄑ","ㄑㄧˊ","琦","https://dict.concised.moe.edu.tw/searchP.jsp?SN=%E3%84%91&SN2=%E3%84%91%E3%84%A7%CB%8A#selectL"
"ㄑ","ㄑㄧˊ","琪","https://dict.concised.moe.edu.tw/searchP.jsp?SN=%E3%84%91&SN2=%E3%84%91%E3%84%A7%CB%8A#selectL"
"ㄑ","ㄑㄧˊ","祺","https://dict.concised.moe.edu.tw/searchP.jsp?SN=%E3%84%91&SN2=%E3%84%91%E3%84%A7%CB%8A#selectL"
"ㄑ","ㄑㄧˊ","頎","https://dict.concised.moe.edu.tw/searchP.jsp?SN=%E3%84%91&SN2=%E3%84%91%E3%84%A7%CB%8A#selectL"
"ㄑ","ㄑㄧˊ","旗","https://dict.concised.moe.edu.tw/searchP.jsp?SN=%E3%84%91&SN2=%E3%84%91%E3%84%A7%CB%8A#selectL"
"ㄑ","ㄑㄧˊ","齊","https://dict.concised.moe.edu.tw/searchP.jsp?SN=%E3%84%91&SN2=%E3%84%91%E3%84%A7%CB%8A#selectL"
"ㄑ","ㄑㄧˊ","錡","https://dict.concised.moe.edu.tw/searchP.jsp?SN=%E3%84%91&SN2=%E3%84%91%E3%84%A7%CB%8A#selectL"
"ㄑ","ㄑㄧˊ","臍","https://dict.concised.moe.edu.tw/searchP.jsp?SN=%E3%84%91&SN2=%E3%84%91%E3%84%A7%CB%8A#selectL"
"ㄑ","ㄑㄧˊ","薺","https://dict.concised.moe.edu.tw/searchP.jsp?SN=%E3%84%91&SN2=%E3%84%91%E3%84%A7%CB%8A#selectL"
"ㄑ","ㄑㄧˊ","騎","https://dict.concised.moe.edu.tw/searchP.jsp?SN=%E3%84%91&SN2=%E3%84%91%E3%84%A7%CB%8A#selectL"
"ㄑ","ㄑㄧˊ","騏","https://dict.concised.moe.edu.tw/searchP.jsp?SN=%E3%84%91&SN2=%E3%84%91%E3%84%A7%CB%8A#selectL"
"ㄑ","ㄑㄧˊ","麒","https://dict.concised.moe.edu.tw/searchP.jsp?SN=%E3%84%91&SN2=%E3%84%91%E3%84%A7%CB%8A#selectL"
"ㄑ","ㄑㄧˊ","蘄","https://dict.concised.moe.edu.tw/searchP.jsp?SN=%E3%84%91&SN2=%E3%84%91%E3%84%A7%CB%8A#selectL"
"ㄑ","ㄑㄧˊ","鰭","https://dict.concised.moe.edu.tw/searchP.jsp?SN=%E3%84%91&SN2=%E3%84%91%E3%84%A7%CB%8A#selectL"
"ㄑ","ㄑㄧˋ","企","https://dict.concised.moe.edu.tw/searchP.jsp?SN=%E3%84%91&SN2=%E3%84%91%E3%84%A7%CB%8B#selectL"
"ㄑ","ㄑㄧˋ","汽","https://dict.concised.moe.edu.tw/searchP.jsp?SN=%E3%84%91&SN2=%E3%84%91%E3%84%A7%CB%8B#selectL"
"ㄑ","ㄑㄧˋ","迄","https://dict.concised.moe.edu.tw/searchP.jsp?SN=%E3%84%91&SN2=%E3%84%91%E3%84%A7%CB%8B#selectL"
"ㄑ","ㄑㄧˋ","亟","https://dict.concised.moe.edu.tw/searchP.jsp?SN=%E3%84%91&SN2=%E3%84%91%E3%84%A7%CB%8B#selectL"
"ㄑ","ㄑㄧˋ","妻","https://dict.concised.moe.edu.tw/searchP.jsp?SN=%E3%84%91&SN2=%E3%84%91%E3%84%A7%CB%8B#selectL"
"ㄑ","ㄑㄧˋ","泣","https://dict.concised.moe.edu.tw/searchP.jsp?SN=%E3%84%91&SN2=%E3%84%91%E3%84%A7%CB%8B#selectL"
"ㄑ","ㄑㄧˋ","契","https://dict.concised.moe.edu.tw/searchP.jsp?SN=%E3%84%91&SN2=%E3%84%91%E3%84%A7%CB%8B#selectL"
"ㄑ","ㄑㄧˋ","砌","https://dict.concised.moe.edu.tw/searchP.jsp?SN=%E3%84%91&SN2=%E3%84%91%E3%84%A7%CB%8B#selectL"
"ㄑ","ㄑㄧˋ","氣","https://dict.concised.moe.edu.tw/searchP.jsp?SN=%E3%84%91&SN2=%E3%84%91%E3%84%A7%CB%8B#selectL"
"ㄑ","ㄑㄧˋ","訖","https://dict.concised.moe.edu.tw/searchP.jsp?SN=%E3%84%91&SN2=%E3%84%91%E3%84%A7%CB%8B#selectL"
"ㄑ","ㄑㄧˋ","棄","https://dict.concised.moe.edu.tw/searchP.jsp?SN=%E3%84%91&SN2=%E3%84%91%E3%84%A7%CB%8B#selectL"
"ㄑ","ㄑㄧˋ","葺","https://dict.concised.moe.edu.tw/searchP.jsp?SN=%E3%84%91&SN2=%E3%84%91%E3%84%A7%CB%8B#selectL"
"ㄑ","ㄑㄧˋ","緝","https://dict.concised.moe.edu.tw/searchP.jsp?SN=%E3%84%91&SN2=%E3%84%91%E3%84%A7%CB%8B#selectL"
"ㄑ","ㄑㄧˋ","器","https://dict.concised.moe.edu.tw/searchP.jsp?SN=%E3%84%91&SN2=%E3%84%91%E3%84%A7%CB%8B#selectL"
"ㄑ","ㄑㄧˋ","憩","https://dict.concised.moe.edu.tw/searchP.jsp?SN=%E3%84%91&SN2=%E3%84%91%E3%84%A7%CB%8B#selectL"
"ㄑ","ㄑㄧˋ","磧","https://dict.concised.moe.edu.tw/searchP.jsp?SN=%E3%84%91&SN2=%E3%84%91%E3%84%A7%CB%8B#selectL"
"ㄑ","ㄑㄧㄚ","掐","https://dict.concised.moe.edu.tw/searchP.jsp?SN=%E3%84%91&SN2=%E3%84%91%E3%84%A7%E3%84%9A#selectL"
"ㄑ","ㄑㄧㄚˇ","卡","https://dict.concised.moe.edu.tw/searchP.jsp?SN=%E3%84%91&SN2=%E3%84%91%E3%84%A7%E3%84%9A%CB%87#selectL"
"ㄑ","ㄑㄧㄚˋ","恰","https://dict.concised.moe.edu.tw/searchP.jsp?SN=%E3%84%91&SN2=%E3%84%91%E3%84%A7%E3%84%9A%CB%8B#selectL"
"ㄑ","ㄑㄧㄚˋ","洽","https://dict.concised.moe.edu.tw/searchP.jsp?SN=%E3%84%91&SN2=%E3%84%91%E3%84%A7%E3%84%9A%CB%8B#selectL"
"ㄑ","ㄑㄧㄝ","切","https://dict.concised.moe.edu.tw/searchP.jsp?SN=%E3%84%91&SN2=%E3%84%91%E3%84%A7%E3%84%9D#selectL"
"ㄑ","ㄑㄧㄝˇ","且","https://dict.concised.moe.edu.tw/searchP.jsp?SN=%E3%84%91&SN2=%E3%84%91%E3%84%A7%E3%84%9D%CB%87#selectL"
"ㄑ","ㄑㄧㄝˊ","伽","https://dict.concised.moe.edu.tw/searchP.jsp?SN=%E3%84%91&SN2=%E3%84%91%E3%84%A7%E3%84%9D%CB%8A#selectL"
"ㄑ","ㄑㄧㄝˊ","茄","https://dict.concised.moe.edu.tw/searchP.jsp?SN=%E3%84%91&SN2=%E3%84%91%E3%84%A7%E3%84%9D%CB%8A#selectL"
"ㄑ","ㄑㄧㄝˋ","切","https://dict.concised.moe.edu.tw/searchP.jsp?SN=%E3%84%91&SN2=%E3%84%91%E3%84%A7%E3%84%9D%CB%8B#selectL"
"ㄑ","ㄑㄧㄝˋ","妾","https://dict.concised.moe.edu.tw/searchP.jsp?SN=%E3%84%91&SN2=%E3%84%91%E3%84%A7%E3%84%9D%CB%8B#selectL"
"ㄑ","ㄑㄧㄝˋ","挈","https://dict.concised.moe.edu.tw/searchP.jsp?SN=%E3%84%91&SN2=%E3%84%91%E3%84%A7%E3%84%9D%CB%8B#selectL"
"ㄑ","ㄑㄧㄝˋ","愜","https://dict.concised.moe.edu.tw/searchP.jsp?SN=%E3%84%91&SN2=%E3%84%91%E3%84%A7%E3%84%9D%CB%8B#selectL"
"ㄑ","ㄑㄧㄝˋ","慊","https://dict.concised.moe.edu.tw/searchP.jsp?SN=%E3%84%91&SN2=%E3%84%91%E3%84%A7%E3%84%9D%CB%8B#selectL"
"ㄑ","ㄑㄧㄝˋ","篋","https://dict.concised.moe.edu.tw/searchP.jsp?SN=%E3%84%91&SN2=%E3%84%91%E3%84%A7%E3%84%9D%CB%8B#selectL"
"ㄑ","ㄑㄧㄝˋ","鍥","https://dict.concised.moe.edu.tw/searchP.jsp?SN=%E3%84%91&SN2=%E3%84%91%E3%84%A7%E3%84%9D%CB%8B#selectL"
"ㄑ","ㄑㄧㄝˋ","竊","https://dict.concised.moe.edu.tw/searchP.jsp?SN=%E3%84%91&SN2=%E3%84%91%E3%84%A7%E3%84%9D%CB%8B#selectL"
"ㄑ","ㄑㄧㄠ","敲","https://dict.concised.moe.edu.tw/searchP.jsp?SN=%E3%84%91&SN2=%E3%84%91%E3%84%A7%E3%84%A0#selectL"
"ㄑ","ㄑㄧㄠ","橇","https://dict.concised.moe.edu.tw/searchP.jsp?SN=%E3%84%91&SN2=%E3%84%91%E3%84%A7%E3%84%A0#selectL"
"ㄑ","ㄑㄧㄠ","鍬","https://dict.concised.moe.edu.tw/searchP.jsp?SN=%E3%84%91&SN2=%E3%84%91%E3%84%A7%E3%84%A0#selectL"
"ㄑ","ㄑㄧㄠ","蹺","https://dict.concised.moe.edu.tw/searchP.jsp?SN=%E3%84%91&SN2=%E3%84%91%E3%84%A7%E3%84%A0#selectL"
"ㄑ","ㄑㄧㄠˇ","巧","https://dict.concised.moe.edu.tw/searchP.jsp?SN=%E3%84%91&SN2=%E3%84%91%E3%84%A7%E3%84%A0%CB%87#selectL"
"ㄑ","ㄑㄧㄠˇ","悄","https://dict.concised.moe.edu.tw/searchP.jsp?SN=%E3%84%91&SN2=%E3%84%91%E3%84%A7%E3%84%A0%CB%87#selectL"
"ㄑ","ㄑㄧㄠˇ","愀","https://dict.concised.moe.edu.tw/searchP.jsp?SN=%E3%84%91&SN2=%E3%84%91%E3%84%A7%E3%84%A0%CB%87#selectL"
"ㄑ","ㄑㄧㄠˊ","喬","https://dict.concised.moe.edu.tw/searchP.jsp?SN=%E3%84%91&SN2=%E3%84%91%E3%84%A7%E3%84%A0%CB%8A#selectL"
"ㄑ","ㄑㄧㄠˊ","僑","https://dict.concised.moe.edu.tw/searchP.jsp?SN=%E3%84%91&SN2=%E3%84%91%E3%84%A7%E3%84%A0%CB%8A#selectL"
"ㄑ","ㄑㄧㄠˊ","憔","https://dict.concised.moe.edu.tw/searchP.jsp?SN=%E3%84%91&SN2=%E3%84%91%E3%84%A7%E3%84%A0%CB%8A#selectL"
"ㄑ","ㄑㄧㄠˊ","樵","https://dict.concised.moe.edu.tw/searchP.jsp?SN=%E3%84%91&SN2=%E3%84%91%E3%84%A7%E3%84%A0%CB%8A#selectL"
"ㄑ","ㄑㄧㄠˊ","橋","https://dict.concised.moe.edu.tw/searchP.jsp?SN=%E3%84%91&SN2=%E3%84%91%E3%84%A7%E3%84%A0%CB%8A#selectL"
"ㄑ","ㄑㄧㄠˊ","蕎","https://dict.concised.moe.edu.tw/searchP.jsp?SN=%E3%84%91&SN2=%E3%84%91%E3%84%A7%E3%84%A0%CB%8A#selectL"
"ㄑ","ㄑㄧㄠˊ","瞧","https://dict.concised.moe.edu.tw/searchP.jsp?SN=%E3%84%91&SN2=%E3%84%91%E3%84%A7%E3%84%A0%CB%8A#selectL"
"ㄑ","ㄑㄧㄠˊ","翹","https://dict.concised.moe.edu.tw/searchP.jsp?SN=%E3%84%91&SN2=%E3%84%91%E3%84%A7%E3%84%A0%CB%8A#selectL"
"ㄑ","ㄑㄧㄠˋ","俏","https://dict.concised.moe.edu.tw/searchP.jsp?SN=%E3%84%91&SN2=%E3%84%91%E3%84%A7%E3%84%A0%CB%8B#selectL"
"ㄑ","ㄑㄧㄠˋ","峭","https://dict.concised.moe.edu.tw/searchP.jsp?SN=%E3%84%91&SN2=%E3%84%91%E3%84%A7%E3%84%A0%CB%8B#selectL"
"ㄑ","ㄑㄧㄠˋ","撬","https://dict.concised.moe.edu.tw/searchP.jsp?SN=%E3%84%91&SN2=%E3%84%91%E3%84%A7%E3%84%A0%CB%8B#selectL"
"ㄑ","ㄑㄧㄠˋ","鞘","https://dict.concised.moe.edu.tw/searchP.jsp?SN=%E3%84%91&SN2=%E3%84%91%E3%84%A7%E3%84%A0%CB%8B#selectL"
"ㄑ","ㄑㄧㄠˋ","竅","https://dict.concised.moe.edu.tw/searchP.jsp?SN=%E3%84%91&SN2=%E3%84%91%E3%84%A7%E3%84%A0%CB%8B#selectL"
"ㄑ","ㄑㄧㄠˋ","翹","https://dict.concised.moe.edu.tw/searchP.jsp?SN=%E3%84%91&SN2=%E3%84%91%E3%84%A7%E3%84%A0%CB%8B#selectL"
"ㄑ","ㄑㄧㄡ","丘","https://dict.concised.moe.edu.tw/searchP.jsp?SN=%E3%84%91&SN2=%E3%84%91%E3%84%A7%E3%84%A1#selectL"
"ㄑ","ㄑㄧㄡ","坵","https://dict.concised.moe.edu.tw/searchP.jsp?SN=%E3%84%91&SN2=%E3%84%91%E3%84%A7%E3%84%A1#selectL"
"ㄑ","ㄑㄧㄡ","邱","https://dict.concised.moe.edu.tw/searchP.jsp?SN=%E3%84%91&SN2=%E3%84%91%E3%84%A7%E3%84%A1#selectL"
"ㄑ","ㄑㄧㄡ","秋","https://dict.concised.moe.edu.tw/searchP.jsp?SN=%E3%84%91&SN2=%E3%84%91%E3%84%A7%E3%84%A1#selectL"
"ㄑ","ㄑㄧㄡ","蚯","https://dict.concised.moe.edu.tw/searchP.jsp?SN=%E3%84%91&SN2=%E3%84%91%E3%84%A7%E3%84%A1#selectL"
"ㄑ","ㄑㄧㄡ","龜","https://dict.concised.moe.edu.tw/searchP.jsp?SN=%E3%84%91&SN2=%E3%84%91%E3%84%A7%E3%84%A1#selectL"
"ㄑ","ㄑㄧㄡ","鞦","https://dict.concised.moe.edu.tw/searchP.jsp?SN=%E3%84%91&SN2=%E3%84%91%E3%84%A7%E3%84%A1#selectL"
"ㄑ","ㄑㄧㄡ","鰍","https://dict.concised.moe.edu.tw/searchP.jsp?SN=%E3%84%91&SN2=%E3%84%91%E3%84%A7%E3%84%A1#selectL"
"ㄑ","ㄑㄧㄡˇ","糗","https://dict.concised.moe.edu.tw/searchP.jsp?SN=%E3%84%91&SN2=%E3%84%91%E3%84%A7%E3%84%A1%CB%87#selectL"
"ㄑ","ㄑㄧㄡˊ","仇","https://dict.concised.moe.edu.tw/searchP.jsp?SN=%E3%84%91&SN2=%E3%84%91%E3%84%A7%E3%84%A1%CB%8A#selectL"
"ㄑ","ㄑㄧㄡˊ","囚","https://dict.concised.moe.edu.tw/searchP.jsp?SN=%E3%84%91&SN2=%E3%84%91%E3%84%A7%E3%84%A1%CB%8A#selectL"
"ㄑ","ㄑㄧㄡˊ","犰","https://dict.concised.moe.edu.tw/searchP.jsp?SN=%E3%84%91&SN2=%E3%84%91%E3%84%A7%E3%84%A1%CB%8A#selectL"
"ㄑ","ㄑㄧㄡˊ","求","https://dict.concised.moe.edu.tw/searchP.jsp?SN=%E3%84%91&SN2=%E3%84%91%E3%84%A7%E3%84%A1%CB%8A#selectL"
"ㄑ","ㄑㄧㄡˊ","泅","https://dict.concised.moe.edu.tw/searchP.jsp?SN=%E3%84%91&SN2=%E3%84%91%E3%84%A7%E3%84%A1%CB%8A#selectL"
"ㄑ","ㄑㄧㄡˊ","虯","https://dict.concised.moe.edu.tw/searchP.jsp?SN=%E3%84%91&SN2=%E3%84%91%E3%84%A7%E3%84%A1%CB%8A#selectL"
"ㄑ","ㄑㄧㄡˊ","酋","https://dict.concised.moe.edu.tw/searchP.jsp?SN=%E3%84%91&SN2=%E3%84%91%E3%84%A7%E3%84%A1%CB%8A#selectL"
"ㄑ","ㄑㄧㄡˊ","毬","https://dict.concised.moe.edu.tw/searchP.jsp?SN=%E3%84%91&SN2=%E3%84%91%E3%84%A7%E3%84%A1%CB%8A#selectL"
"ㄑ","ㄑㄧㄡˊ","球","https://dict.concised.moe.edu.tw/searchP.jsp?SN=%E3%84%91&SN2=%E3%84%91%E3%84%A7%E3%84%A1%CB%8A#selectL"
"ㄑ","ㄑㄧㄡˊ","逑","https://dict.concised.moe.edu.tw/searchP.jsp?SN=%E3%84%91&SN2=%E3%84%91%E3%84%A7%E3%84%A1%CB%8A#selectL"
"ㄑ","ㄑㄧㄡˊ","裘","https://dict.concised.moe.edu.tw/searchP.jsp?SN=%E3%84%91&SN2=%E3%84%91%E3%84%A7%E3%84%A1%CB%8A#selectL"
"ㄑ","ㄑㄧㄡˊ","遒","https://dict.concised.moe.edu.tw/searchP.jsp?SN=%E3%84%91&SN2=%E3%84%91%E3%84%A7%E3%84%A1%CB%8A#selectL"
"ㄑ","ㄑㄧㄢ","千","https://dict.concised.moe.edu.tw/searchP.jsp?SN=%E3%84%91&SN2=%E3%84%91%E3%84%A7%E3%84%A2#selectL"
"ㄑ","ㄑㄧㄢ","仟","https://dict.concised.moe.edu.tw/searchP.jsp?SN=%E3%84%91&SN2=%E3%84%91%E3%84%A7%E3%84%A2#selectL"
"ㄑ","ㄑㄧㄢ","扦","https://dict.concised.moe.edu.tw/searchP.jsp?SN=%E3%84%91&SN2=%E3%84%91%E3%84%A7%E3%84%A2#selectL"
"ㄑ","ㄑㄧㄢ","阡","https://dict.concised.moe.edu.tw/searchP.jsp?SN=%E3%84%91&SN2=%E3%84%91%E3%84%A7%E3%84%A2#selectL"
"ㄑ","ㄑㄧㄢ","芊","https://dict.concised.moe.edu.tw/searchP.jsp?SN=%E3%84%91&SN2=%E3%84%91%E3%84%A7%E3%84%A2#selectL"
"ㄑ","ㄑㄧㄢ","牽","https://dict.concised.moe.edu.tw/searchP.jsp?SN=%E3%84%91&SN2=%E3%84%91%E3%84%A7%E3%84%A2#selectL"
"ㄑ","ㄑㄧㄢ","嵌","https://dict.concised.moe.edu.tw/searchP.jsp?SN=%E3%84%91&SN2=%E3%84%91%E3%84%A7%E3%84%A2#selectL"
"ㄑ","ㄑㄧㄢ","僉","https://dict.concised.moe.edu.tw/searchP.jsp?SN=%E3%84%91&SN2=%E3%84%91%E3%84%A7%E3%84%A2#selectL"
"ㄑ","ㄑㄧㄢ","愆","https://dict.concised.moe.edu.tw/searchP.jsp?SN=%E3%84%91&SN2=%E3%84%91%E3%84%A7%E3%84%A2#selectL"
"ㄑ","ㄑㄧㄢ","鉛","https://dict.concised.moe.edu.tw/searchP.jsp?SN=%E3%84%91&SN2=%E3%84%91%E3%84%A7%E3%84%A2#selectL"
"ㄑ","ㄑㄧㄢ","慳","https://dict.concised.moe.edu.tw/searchP.jsp?SN=%E3%84%91&SN2=%E3%84%91%E3%84%A7%E3%84%A2#selectL"
"ㄑ","ㄑㄧㄢ","遷","https://dict.concised.moe.edu.tw/searchP.jsp?SN=%E3%84%91&SN2=%E3%84%91%E3%84%A7%E3%84%A2#selectL"
"ㄑ","ㄑㄧㄢ","謙","https://dict.concised.moe.edu.tw/searchP.jsp?SN=%E3%84%91&SN2=%E3%84%91%E3%84%A7%E3%84%A2#selectL"
"ㄑ","ㄑㄧㄢ","簽","https://dict.concised.moe.edu.tw/searchP.jsp?SN=%E3%84%91&SN2=%E3%84%91%E3%84%A7%E3%84%A2#selectL"
"ㄑ","ㄑㄧㄢ","騫","https://dict.concised.moe.edu.tw/searchP.jsp?SN=%E3%84%91&SN2=%E3%84%91%E3%84%A7%E3%84%A2#selectL"
"ㄑ","ㄑㄧㄢ","籤","https://dict.concised.moe.edu.tw/searchP.jsp?SN=%E3%84%91&SN2=%E3%84%91%E3%84%A7%E3%84%A2#selectL"
"ㄑ","ㄑㄧㄢ","韆","https://dict.concised.moe.edu.tw/searchP.jsp?SN=%E3%84%91&SN2=%E3%84%91%E3%84%A7%E3%84%A2#selectL"
"ㄑ","ㄑㄧㄢˇ","淺","https://dict.concised.moe.edu.tw/searchP.jsp?SN=%E3%84%91&SN2=%E3%84%91%E3%84%A7%E3%84%A2%CB%87#selectL"
"ㄑ","ㄑㄧㄢˇ","遣","https://dict.concised.moe.edu.tw/searchP.jsp?SN=%E3%84%91&SN2=%E3%84%91%E3%84%A7%E3%84%A2%CB%87#selectL"
"ㄑ","ㄑㄧㄢˇ","繾","https://dict.concised.moe.edu.tw/searchP.jsp?SN=%E3%84%91&SN2=%E3%84%91%E3%84%A7%E3%84%A2%CB%87#selectL"
"ㄑ","ㄑㄧㄢˇ","譴","https://dict.concised.moe.edu.tw/searchP.jsp?SN=%E3%84%91&SN2=%E3%84%91%E3%84%A7%E3%84%A2%CB%87#selectL"
"ㄑ","ㄑㄧㄢˊ","前","https://dict.concised.moe.edu.tw/searchP.jsp?SN=%E3%84%91&SN2=%E3%84%91%E3%84%A7%E3%84%A2%CB%8A#selectL"
"ㄑ","ㄑㄧㄢˊ","虔","https://dict.concised.moe.edu.tw/searchP.jsp?SN=%E3%84%91&SN2=%E3%84%91%E3%84%A7%E3%84%A2%CB%8A#selectL"
"ㄑ","ㄑㄧㄢˊ","乾","https://dict.concised.moe.edu.tw/searchP.jsp?SN=%E3%84%91&SN2=%E3%84%91%E3%84%A7%E3%84%A2%CB%8A#selectL"
"ㄑ","ㄑㄧㄢˊ","掮","https://dict.concised.moe.edu.tw/searchP.jsp?SN=%E3%84%91&SN2=%E3%84%91%E3%84%A7%E3%84%A2%CB%8A#selectL"
"ㄑ","ㄑㄧㄢˊ","鉗","https://dict.concised.moe.edu.tw/searchP.jsp?SN=%E3%84%91&SN2=%E3%84%91%E3%84%A7%E3%84%A2%CB%8A#selectL"
"ㄑ","ㄑㄧㄢˊ","墘","https://dict.concised.moe.edu.tw/searchP.jsp?SN=%E3%84%91&SN2=%E3%84%91%E3%84%A7%E3%84%A2%CB%8A#selectL"
"ㄑ","ㄑㄧㄢˊ","箝","https://dict.concised.moe.edu.tw/searchP.jsp?SN=%E3%84%91&SN2=%E3%84%91%E3%84%A7%E3%84%A2%CB%8A#selectL"
"ㄑ","ㄑㄧㄢˊ","潛","https://dict.concised.moe.edu.tw/searchP.jsp?SN=%E3%84%91&SN2=%E3%84%91%E3%84%A7%E3%84%A2%CB%8A#selectL"
"ㄑ","ㄑㄧㄢˊ","錢","https://dict.concised.moe.edu.tw/searchP.jsp?SN=%E3%84%91&SN2=%E3%84%91%E3%84%A7%E3%84%A2%CB%8A#selectL"
"ㄑ","ㄑㄧㄢˊ","黔","https://dict.concised.moe.edu.tw/searchP.jsp?SN=%E3%84%91&SN2=%E3%84%91%E3%84%A7%E3%84%A2%CB%8A#selectL"
"ㄑ","ㄑㄧㄢˋ","欠","https://dict.concised.moe.edu.tw/searchP.jsp?SN=%E3%84%91&SN2=%E3%84%91%E3%84%A7%E3%84%A2%CB%8B#selectL"
"ㄑ","ㄑㄧㄢˋ","芡","https://dict.concised.moe.edu.tw/searchP.jsp?SN=%E3%84%91&SN2=%E3%84%91%E3%84%A7%E3%84%A2%CB%8B#selectL"
"ㄑ","ㄑㄧㄢˋ","倩","https://dict.concised.moe.edu.tw/searchP.jsp?SN=%E3%84%91&SN2=%E3%84%91%E3%84%A7%E3%84%A2%CB%8B#selectL"
"ㄑ","ㄑㄧㄢˋ","茜","https://dict.concised.moe.edu.tw/searchP.jsp?SN=%E3%84%91&SN2=%E3%84%91%E3%84%A7%E3%84%A2%CB%8B#selectL"
"ㄑ","ㄑㄧㄢˋ","慊","https://dict.concised.moe.edu.tw/searchP.jsp?SN=%E3%84%91&SN2=%E3%84%91%E3%84%A7%E3%84%A2%CB%8B#selectL"
"ㄑ","ㄑㄧㄢˋ","塹","https://dict.concised.moe.edu.tw/searchP.jsp?SN=%E3%84%91&SN2=%E3%84%91%E3%84%A7%E3%84%A2%CB%8B#selectL"
"ㄑ","ㄑㄧㄢˋ","歉","https://dict.concised.moe.edu.tw/searchP.jsp?SN=%E3%84%91&SN2=%E3%84%91%E3%84%A7%E3%84%A2%CB%8B#selectL"
"ㄑ","ㄑㄧㄢˋ","縴","https://dict.concised.moe.edu.tw/searchP.jsp?SN=%E3%84%91&SN2=%E3%84%91%E3%84%A7%E3%84%A2%CB%8B#selectL"
"ㄑ","ㄑㄧㄣ","侵","https://dict.concised.moe.edu.tw/searchP.jsp?SN=%E3%84%91&SN2=%E3%84%91%E3%84%A7%E3%84%A3#selectL"
"ㄑ","ㄑㄧㄣ","衾","https://dict.concised.moe.edu.tw/searchP.jsp?SN=%E3%84%91&SN2=%E3%84%91%E3%84%A7%E3%84%A3#selectL"
"ㄑ","ㄑㄧㄣ","欽","https://dict.concised.moe.edu.tw/searchP.jsp?SN=%E3%84%91&SN2=%E3%84%91%E3%84%A7%E3%84%A3#selectL"
"ㄑ","ㄑㄧㄣ","嶔","https://dict.concised.moe.edu.tw/searchP.jsp?SN=%E3%84%91&SN2=%E3%84%91%E3%84%A7%E3%84%A3#selectL"
"ㄑ","ㄑㄧㄣ","親","https://dict.concised.moe.edu.tw/searchP.jsp?SN=%E3%84%91&SN2=%E3%84%91%E3%84%A7%E3%84%A3#selectL"
"ㄑ","ㄑㄧㄣ","駸","https://dict.concised.moe.edu.tw/searchP.jsp?SN=%E3%84%91&SN2=%E3%84%91%E3%84%A7%E3%84%A3#selectL"
"ㄑ","ㄑㄧㄣˇ","寢","https://dict.concised.moe.edu.tw/searchP.jsp?SN=%E3%84%91&SN2=%E3%84%91%E3%84%A7%E3%84%A3%CB%87#selectL"
"ㄑ","ㄑㄧㄣˊ","芹","https://dict.concised.moe.edu.tw/searchP.jsp?SN=%E3%84%91&SN2=%E3%84%91%E3%84%A7%E3%84%A3%CB%8A#selectL"
"ㄑ","ㄑㄧㄣˊ","秦","https://dict.concised.moe.edu.tw/searchP.jsp?SN=%E3%84%91&SN2=%E3%84%91%E3%84%A7%E3%84%A3%CB%8A#selectL"
"ㄑ","ㄑㄧㄣˊ","琴","https://dict.concised.moe.edu.tw/searchP.jsp?SN=%E3%84%91&SN2=%E3%84%91%E3%84%A7%E3%84%A3%CB%8A#selectL"
"ㄑ","ㄑㄧㄣˊ","覃","https://dict.concised.moe.edu.tw/searchP.jsp?SN=%E3%84%91&SN2=%E3%84%91%E3%84%A7%E3%84%A3%CB%8A#selectL"
"ㄑ","ㄑㄧㄣˊ","勤","https://dict.concised.moe.edu.tw/searchP.jsp?SN=%E3%84%91&SN2=%E3%84%91%E3%84%A7%E3%84%A3%CB%8A#selectL"
"ㄑ","ㄑㄧㄣˊ","禽","https://dict.concised.moe.edu.tw/searchP.jsp?SN=%E3%84%91&SN2=%E3%84%91%E3%84%A7%E3%84%A3%CB%8A#selectL"
"ㄑ","ㄑㄧㄣˊ","噙","https://dict.concised.moe.edu.tw/searchP.jsp?SN=%E3%84%91&SN2=%E3%84%91%E3%84%A7%E3%84%A3%CB%8A#selectL"
"ㄑ","ㄑㄧㄣˊ","擒","https://dict.concised.moe.edu.tw/searchP.jsp?SN=%E3%84%91&SN2=%E3%84%91%E3%84%A7%E3%84%A3%CB%8A#selectL"
"ㄑ","ㄑㄧㄣˊ","懃","https://dict.concised.moe.edu.tw/searchP.jsp?SN=%E3%84%91&SN2=%E3%84%91%E3%84%A7%E3%84%A3%CB%8A#selectL"
"ㄑ","ㄑㄧㄣˋ","沁","https://dict.concised.moe.edu.tw/searchP.jsp?SN=%E3%84%91&SN2=%E3%84%91%E3%84%A7%E3%84%A3%CB%8B#selectL"
"ㄑ","ㄑㄧㄤ","羌","https://dict.concised.moe.edu.tw/searchP.jsp?SN=%E3%84%91&SN2=%E3%84%91%E3%84%A7%E3%84%A4#selectL"
"ㄑ","ㄑㄧㄤ","將","https://dict.concised.moe.edu.tw/searchP.jsp?SN=%E3%84%91&SN2=%E3%84%91%E3%84%A7%E3%84%A4#selectL"
"ㄑ","ㄑㄧㄤ","腔","https://dict.concised.moe.edu.tw/searchP.jsp?SN=%E3%84%91&SN2=%E3%84%91%E3%84%A7%E3%84%A4#selectL"
"ㄑ","ㄑㄧㄤ","搶","https://dict.concised.moe.edu.tw/searchP.jsp?SN=%E3%84%91&SN2=%E3%84%91%E3%84%A7%E3%84%A4#selectL"
"ㄑ","ㄑㄧㄤ","槍","https://dict.concised.moe.edu.tw/searchP.jsp?SN=%E3%84%91&SN2=%E3%84%91%E3%84%A7%E3%84%A4#selectL"
"ㄑ","ㄑㄧㄤ","蹌","https://dict.concised.moe.edu.tw/searchP.jsp?SN=%E3%84%91&SN2=%E3%84%91%E3%84%A7%E3%84%A4#selectL"
"ㄑ","ㄑㄧㄤ","鎗","https://dict.concised.moe.edu.tw/searchP.jsp?SN=%E3%84%91&SN2=%E3%84%91%E3%84%A7%E3%84%A4#selectL"
"ㄑ","ㄑㄧㄤ","鏘","https://dict.concised.moe.edu.tw/searchP.jsp?SN=%E3%84%91&SN2=%E3%84%91%E3%84%A7%E3%84%A4#selectL"
"ㄑ","ㄑㄧㄤ","鏹","https://dict.concised.moe.edu.tw/searchP.jsp?SN=%E3%84%91&SN2=%E3%84%91%E3%84%A7%E3%84%A4#selectL"
"ㄑ","ㄑㄧㄤˇ","強","https://dict.concised.moe.edu.tw/searchP.jsp?SN=%E3%84%91&SN2=%E3%84%91%E3%84%A7%E3%84%A4%CB%87#selectL"
"ㄑ","ㄑㄧㄤˇ","搶","https://dict.concised.moe.edu.tw/searchP.jsp?SN=%E3%84%91&SN2=%E3%84%91%E3%84%A7%E3%84%A4%CB%87#selectL"
"ㄑ","ㄑㄧㄤˇ","彊","https://dict.concised.moe.edu.tw/searchP.jsp?SN=%E3%84%91&SN2=%E3%84%91%E3%84%A7%E3%84%A4%CB%87#selectL"
"ㄑ","ㄑㄧㄤˇ","襁","https://dict.concised.moe.edu.tw/searchP.jsp?SN=%E3%84%91&SN2=%E3%84%91%E3%84%A7%E3%84%A4%CB%87#selectL"
"ㄑ","ㄑㄧㄤˇ","鏹","https://dict.concised.moe.edu.tw/searchP.jsp?SN=%E3%84%91&SN2=%E3%84%91%E3%84%A7%E3%84%A4%CB%87#selectL"
"ㄑ","ㄑㄧㄤˊ","戕","https://dict.concised.moe.edu.tw/searchP.jsp?SN=%E3%84%91&SN2=%E3%84%91%E3%84%A7%E3%84%A4%CB%8A#selectL"
"ㄑ","ㄑㄧㄤˊ","強","https://dict.concised.moe.edu.tw/searchP.jsp?SN=%E3%84%91&SN2=%E3%84%91%E3%84%A7%E3%84%A4%CB%8A#selectL"
"ㄑ","ㄑㄧㄤˊ","嬙","https://dict.concised.moe.edu.tw/searchP.jsp?SN=%E3%84%91&SN2=%E3%84%91%E3%84%A7%E3%84%A4%CB%8A#selectL"
"ㄑ","ㄑㄧㄤˊ","彊","https://dict.concised.moe.edu.tw/searchP.jsp?SN=%E3%84%91&SN2=%E3%84%91%E3%84%A7%E3%84%A4%CB%8A#selectL"
"ㄑ","ㄑㄧㄤˊ","檣","https://dict.concised.moe.edu.tw/searchP.jsp?SN=%E3%84%91&SN2=%E3%84%91%E3%84%A7%E3%84%A4%CB%8A#selectL"
"ㄑ","ㄑㄧㄤˊ","牆","https://dict.concised.moe.edu.tw/searchP.jsp?SN=%E3%84%91&SN2=%E3%84%91%E3%84%A7%E3%84%A4%CB%8A#selectL"
"ㄑ","ㄑㄧㄤˊ","薔","https://dict.concised.moe.edu.tw/searchP.jsp?SN=%E3%84%91&SN2=%E3%84%91%E3%84%A7%E3%84%A4%CB%8A#selectL"
"ㄑ","ㄑㄧㄤˋ","嗆","https://dict.concised.moe.edu.tw/searchP.jsp?SN=%E3%84%91&SN2=%E3%84%91%E3%84%A7%E3%84%A4%CB%8B#selectL"
"ㄑ","ㄑㄧㄤˋ","蹌","https://dict.concised.moe.edu.tw/searchP.jsp?SN=%E3%84%91&SN2=%E3%84%91%E3%84%A7%E3%84%A4%CB%8B#selectL"
"ㄑ","ㄑㄧㄥ","青","https://dict.concised.moe.edu.tw/searchP.jsp?SN=%E3%84%91&SN2=%E3%84%91%E3%84%A7%E3%84%A5#selectL"
"ㄑ","ㄑㄧㄥ","卿","https://dict.concised.moe.edu.tw/searchP.jsp?SN=%E3%84%91&SN2=%E3%84%91%E3%84%A7%E3%84%A5#selectL"
"ㄑ","ㄑㄧㄥ","氫","https://dict.concised.moe.edu.tw/searchP.jsp?SN=%E3%84%91&SN2=%E3%84%91%E3%84%A7%E3%84%A5#selectL"
"ㄑ","ㄑㄧㄥ","清","https://dict.concised.moe.edu.tw/searchP.jsp?SN=%E3%84%91&SN2=%E3%84%91%E3%84%A7%E3%84%A5#selectL"
"ㄑ","ㄑㄧㄥ","氰","https://dict.concised.moe.edu.tw/searchP.jsp?SN=%E3%84%91&SN2=%E3%84%91%E3%84%A7%E3%84%A5#selectL"
"ㄑ","ㄑㄧㄥ","傾","https://dict.concised.moe.edu.tw/searchP.jsp?SN=%E3%84%91&SN2=%E3%84%91%E3%84%A7%E3%84%A5#selectL"
"ㄑ","ㄑㄧㄥ","蜻","https://dict.concised.moe.edu.tw/searchP.jsp?SN=%E3%84%91&SN2=%E3%84%91%E3%84%A7%E3%84%A5#selectL"
"ㄑ","ㄑㄧㄥ","輕","https://dict.concised.moe.edu.tw/searchP.jsp?SN=%E3%84%91&SN2=%E3%84%91%E3%84%A7%E3%84%A5#selectL"
"ㄑ","ㄑㄧㄥ","鯖","https://dict.concised.moe.edu.tw/searchP.jsp?SN=%E3%84%91&SN2=%E3%84%91%E3%84%A7%E3%84%A5#selectL"
"ㄑ","ㄑㄧㄥˇ","頃","https://dict.concised.moe.edu.tw/searchP.jsp?SN=%E3%84%91&SN2=%E3%84%91%E3%84%A7%E3%84%A5%CB%87#selectL"
"ㄑ","ㄑㄧㄥˇ","請","https://dict.concised.moe.edu.tw/searchP.jsp?SN=%E3%84%91&SN2=%E3%84%91%E3%84%A7%E3%84%A5%CB%87#selectL"
"ㄑ","ㄑㄧㄥˊ","情","https://dict.concised.moe.edu.tw/searchP.jsp?SN=%E3%84%91&SN2=%E3%84%91%E3%84%A7%E3%84%A5%CB%8A#selectL"
"ㄑ","ㄑㄧㄥˊ","晴","https://dict.concised.moe.edu.tw/searchP.jsp?SN=%E3%84%91&SN2=%E3%84%91%E3%84%A7%E3%84%A5%CB%8A#selectL"
"ㄑ","ㄑㄧㄥˊ","擎","https://dict.concised.moe.edu.tw/searchP.jsp?SN=%E3%84%91&SN2=%E3%84%91%E3%84%A7%E3%84%A5%CB%8A#selectL"
"ㄑ","ㄑㄧㄥˊ","檠","https://dict.concised.moe.edu.tw/searchP.jsp?SN=%E3%84%91&SN2=%E3%84%91%E3%84%A7%E3%84%A5%CB%8A#selectL"
"ㄑ","ㄑㄧㄥˊ","黥","https://dict.concised.moe.edu.tw/searchP.jsp?SN=%E3%84%91&SN2=%E3%84%91%E3%84%A7%E3%84%A5%CB%8A#selectL"
"ㄑ","ㄑㄧㄥˋ","慶","https://dict.concised.moe.edu.tw/searchP.jsp?SN=%E3%84%91&SN2=%E3%84%91%E3%84%A7%E3%84%A5%CB%8B#selectL"
"ㄑ","ㄑㄧㄥˋ","磬","https://dict.concised.moe.edu.tw/searchP.jsp?SN=%E3%84%91&SN2=%E3%84%91%E3%84%A7%E3%84%A5%CB%8B#selectL"
"ㄑ","ㄑㄧㄥˋ","親","https://dict.concised.moe.edu.tw/searchP.jsp?SN=%E3%84%91&SN2=%E3%84%91%E3%84%A7%E3%84%A5%CB%8B#selectL"
"ㄑ","ㄑㄧㄥˋ","罄","https://dict.concised.moe.edu.tw/searchP.jsp?SN=%E3%84%91&SN2=%E3%84%91%E3%84%A7%E3%84%A5%CB%8B#selectL"
"ㄑ","ㄑㄩ","曲","https://dict.concised.moe.edu.tw/searchP.jsp?SN=%E3%84%91&SN2=%E3%84%91%E3%84%A9#selectL"
"ㄑ","ㄑㄩ","屈","https://dict.concised.moe.edu.tw/searchP.jsp?SN=%E3%84%91&SN2=%E3%84%91%E3%84%A9#selectL"
"ㄑ","ㄑㄩ","祛","https://dict.concised.moe.edu.tw/searchP.jsp?SN=%E3%84%91&SN2=%E3%84%91%E3%84%A9#selectL"
"ㄑ","ㄑㄩ","區","https://dict.concised.moe.edu.tw/searchP.jsp?SN=%E3%84%91&SN2=%E3%84%91%E3%84%A9#selectL"
"ㄑ","ㄑㄩ","蛆","https://dict.concised.moe.edu.tw/searchP.jsp?SN=%E3%84%91&SN2=%E3%84%91%E3%84%A9#selectL"
"ㄑ","ㄑㄩ","袪","https://dict.concised.moe.edu.tw/searchP.jsp?SN=%E3%84%91&SN2=%E3%84%91%E3%84%A9#selectL"
"ㄑ","ㄑㄩ","蛐","https://dict.concised.moe.edu.tw/searchP.jsp?SN=%E3%84%91&SN2=%E3%84%91%E3%84%A9#selectL"
"ㄑ","ㄑㄩ","嶇","https://dict.concised.moe.edu.tw/searchP.jsp?SN=%E3%84%91&SN2=%E3%84%91%E3%84%A9#selectL"
"ㄑ","ㄑㄩ","趨","https://dict.concised.moe.edu.tw/searchP.jsp?SN=%E3%84%91&SN2=%E3%84%91%E3%84%A9#selectL"
"ㄑ","ㄑㄩ","軀","https://dict.concised.moe.edu.tw/searchP.jsp?SN=%E3%84%91&SN2=%E3%84%91%E3%84%A9#selectL"
"ㄑ","ㄑㄩ","驅","https://dict.concised.moe.edu.tw/searchP.jsp?SN=%E3%84%91&SN2=%E3%84%91%E3%84%A9#selectL"
"ㄑ","ㄑㄩˇ","曲","https://dict.concised.moe.edu.tw/searchP.jsp?SN=%E3%84%91&SN2=%E3%84%91%E3%84%A9%CB%87#selectL"
"ㄑ","ㄑㄩˇ","取","https://dict.concised.moe.edu.tw/searchP.jsp?SN=%E3%84%91&SN2=%E3%84%91%E3%84%A9%CB%87#selectL"
"ㄑ","ㄑㄩˇ","娶","https://dict.concised.moe.edu.tw/searchP.jsp?SN=%E3%84%91&SN2=%E3%84%91%E3%84%A9%CB%87#selectL"
"ㄑ","ㄑㄩˇ","齲","https://dict.concised.moe.edu.tw/searchP.jsp?SN=%E3%84%91&SN2=%E3%84%91%E3%84%A9%CB%87#selectL"
"ㄑ","ㄑㄩˊ","劬","https://dict.concised.moe.edu.tw/searchP.jsp?SN=%E3%84%91&SN2=%E3%84%91%E3%84%A9%CB%8A#selectL"
"ㄑ","ㄑㄩˊ","渠","https://dict.concised.moe.edu.tw/searchP.jsp?SN=%E3%84%91&SN2=%E3%84%91%E3%84%A9%CB%8A#selectL"
"ㄑ","ㄑㄩˊ","鴝","https://dict.concised.moe.edu.tw/searchP.jsp?SN=%E3%84%91&SN2=%E3%84%91%E3%84%A9%CB%8A#selectL"
"ㄑ","ㄑㄩˊ","璩","https://dict.concised.moe.edu.tw/searchP.jsp?SN=%E3%84%91&SN2=%E3%84%91%E3%84%A9%CB%8A#selectL"
"ㄑ","ㄑㄩˊ","瞿","https://dict.concised.moe.edu.tw/searchP.jsp?SN=%E3%84%91&SN2=%E3%84%91%E3%84%A9%CB%8A#selectL"
"ㄑ","ㄑㄩˊ","麴","https://dict.concised.moe.edu.tw/searchP.jsp?SN=%E3%84%91&SN2=%E3%84%91%E3%84%A9%CB%8A#selectL"
"ㄑ","ㄑㄩˊ","臞","https://dict.concised.moe.edu.tw/searchP.jsp?SN=%E3%84%91&SN2=%E3%84%91%E3%84%A9%CB%8A#selectL"
"ㄑ","ㄑㄩˊ","衢","https://dict.concised.moe.edu.tw/searchP.jsp?SN=%E3%84%91&SN2=%E3%84%91%E3%84%A9%CB%8A#selectL"
"ㄑ","ㄑㄩˋ","去","https://dict.concised.moe.edu.tw/searchP.jsp?SN=%E3%84%91&SN2=%E3%84%91%E3%84%A9%CB%8B#selectL"
"ㄑ","ㄑㄩˋ","趣","https://dict.concised.moe.edu.tw/searchP.jsp?SN=%E3%84%91&SN2=%E3%84%91%E3%84%A9%CB%8B#selectL"
"ㄑ","ㄑㄩˋ","闃","https://dict.concised.moe.edu.tw/searchP.jsp?SN=%E3%84%91&SN2=%E3%84%91%E3%84%A9%CB%8B#selectL"
"ㄑ","ㄑㄩˋ","覷","https://dict.concised.moe.edu.tw/searchP.jsp?SN=%E3%84%91&SN2=%E3%84%91%E3%84%A9%CB%8B#selectL"
"ㄑ","ㄑㄩㄝ","炔","https://dict.concised.moe.edu.tw/searchP.jsp?SN=%E3%84%91&SN2=%E3%84%91%E3%84%A9%E3%84%9D#selectL"
"ㄑ","ㄑㄩㄝ","缺","https://dict.concised.moe.edu.tw/searchP.jsp?SN=%E3%84%91&SN2=%E3%84%91%E3%84%A9%E3%84%9D#selectL"
"ㄑ","ㄑㄩㄝ","闕","https://dict.concised.moe.edu.tw/searchP.jsp?SN=%E3%84%91&SN2=%E3%84%91%E3%84%A9%E3%84%9D#selectL"
"ㄑ","ㄑㄩㄝˊ","瘸","https://dict.concised.moe.edu.tw/searchP.jsp?SN=%E3%84%91&SN2=%E3%84%91%E3%84%A9%E3%84%9D%CB%8A#selectL"
"ㄑ","ㄑㄩㄝˋ","怯","https://dict.concised.moe.edu.tw/searchP.jsp?SN=%E3%84%91&SN2=%E3%84%91%E3%84%A9%E3%84%9D%CB%8B#selectL"
"ㄑ","ㄑㄩㄝˋ","卻","https://dict.concised.moe.edu.tw/searchP.jsp?SN=%E3%84%91&SN2=%E3%84%91%E3%84%A9%E3%84%9D%CB%8B#selectL"
"ㄑ","ㄑㄩㄝˋ","雀","https://dict.concised.moe.edu.tw/searchP.jsp?SN=%E3%84%91&SN2=%E3%84%91%E3%84%A9%E3%84%9D%CB%8B#selectL"
"ㄑ","ㄑㄩㄝˋ","确","https://dict.concised.moe.edu.tw/searchP.jsp?SN=%E3%84%91&SN2=%E3%84%91%E3%84%A9%E3%84%9D%CB%8B#selectL"
"ㄑ","ㄑㄩㄝˋ","愨","https://dict.concised.moe.edu.tw/searchP.jsp?SN=%E3%84%91&SN2=%E3%84%91%E3%84%A9%E3%84%9D%CB%8B#selectL"
"ㄑ","ㄑㄩㄝˋ","榷","https://dict.concised.moe.edu.tw/searchP.jsp?SN=%E3%84%91&SN2=%E3%84%91%E3%84%A9%E3%84%9D%CB%8B#selectL"
"ㄑ","ㄑㄩㄝˋ","確","https://dict.concised.moe.edu.tw/searchP.jsp?SN=%E3%84%91&SN2=%E3%84%91%E3%84%A9%E3%84%9D%CB%8B#selectL"
"ㄑ","ㄑㄩㄝˋ","闋","https://dict.concised.moe.edu.tw/searchP.jsp?SN=%E3%84%91&SN2=%E3%84%91%E3%84%A9%E3%84%9D%CB%8B#selectL"
"ㄑ","ㄑㄩㄝˋ","闕","https://dict.concised.moe.edu.tw/searchP.jsp?SN=%E3%84%91&SN2=%E3%84%91%E3%84%A9%E3%84%9D%CB%8B#selectL"
"ㄑ","ㄑㄩㄝˋ","鵲","https://dict.concised.moe.edu.tw/searchP.jsp?SN=%E3%84%91&SN2=%E3%84%91%E3%84%A9%E3%84%9D%CB%8B#selectL"
"ㄑ","ㄑㄩㄢ","圈","https://dict.concised.moe.edu.tw/searchP.jsp?SN=%E3%84%91&SN2=%E3%84%91%E3%84%A9%E3%84%A2#selectL"
"ㄑ","ㄑㄩㄢˇ","犬","https://dict.concised.moe.edu.tw/searchP.jsp?SN=%E3%84%91&SN2=%E3%84%91%E3%84%A9%E3%84%A2%CB%87#selectL"
"ㄑ","ㄑㄩㄢˇ","畎","https://dict.concised.moe.edu.tw/searchP.jsp?SN=%E3%84%91&SN2=%E3%84%91%E3%84%A9%E3%84%A2%CB%87#selectL"
"ㄑ","ㄑㄩㄢˇ","綣","https://dict.concised.moe.edu.tw/searchP.jsp?SN=%E3%84%91&SN2=%E3%84%91%E3%84%A9%E3%84%A2%CB%87#selectL"
"ㄑ","ㄑㄩㄢˊ","全","https://dict.concised.moe.edu.tw/searchP.jsp?SN=%E3%84%91&SN2=%E3%84%91%E3%84%A9%E3%84%A2%CB%8A#selectL"
"ㄑ","ㄑㄩㄢˊ","卷","https://dict.concised.moe.edu.tw/searchP.jsp?SN=%E3%84%91&SN2=%E3%84%91%E3%84%A9%E3%84%A2%CB%8A#selectL"
"ㄑ","ㄑㄩㄢˊ","泉","https://dict.concised.moe.edu.tw/searchP.jsp?SN=%E3%84%91&SN2=%E3%84%91%E3%84%A9%E3%84%A2%CB%8A#selectL"
"ㄑ","ㄑㄩㄢˊ","拳","https://dict.concised.moe.edu.tw/searchP.jsp?SN=%E3%84%91&SN2=%E3%84%91%E3%84%A9%E3%84%A2%CB%8A#selectL"
"ㄑ","ㄑㄩㄢˊ","牷","https://dict.concised.moe.edu.tw/searchP.jsp?SN=%E3%84%91&SN2=%E3%84%91%E3%84%A9%E3%84%A2%CB%8A#selectL"
"ㄑ","ㄑㄩㄢˊ","荃","https://dict.concised.moe.edu.tw/searchP.jsp?SN=%E3%84%91&SN2=%E3%84%91%E3%84%A9%E3%84%A2%CB%8A#selectL"
"ㄑ","ㄑㄩㄢˊ","痊","https://dict.concised.moe.edu.tw/searchP.jsp?SN=%E3%84%91&SN2=%E3%84%91%E3%84%A9%E3%84%A2%CB%8A#selectL"
"ㄑ","ㄑㄩㄢˊ","筌","https://dict.concised.moe.edu.tw/searchP.jsp?SN=%E3%84%91&SN2=%E3%84%91%E3%84%A9%E3%84%A2%CB%8A#selectL"
"ㄑ","ㄑㄩㄢˊ","詮","https://dict.concised.moe.edu.tw/searchP.jsp?SN=%E3%84%91&SN2=%E3%84%91%E3%84%A9%E3%84%A2%CB%8A#selectL"
"ㄑ","ㄑㄩㄢˊ","蜷","https://dict.concised.moe.edu.tw/searchP.jsp?SN=%E3%84%91&SN2=%E3%84%91%E3%84%A9%E3%84%A2%CB%8A#selectL"
"ㄑ","ㄑㄩㄢˊ","銓","https://dict.concised.moe.edu.tw/searchP.jsp?SN=%E3%84%91&SN2=%E3%84%91%E3%84%A9%E3%84%A2%CB%8A#selectL"
"ㄑ","ㄑㄩㄢˊ","醛","https://dict.concised.moe.edu.tw/searchP.jsp?SN=%E3%84%91&SN2=%E3%84%91%E3%84%A9%E3%84%A2%CB%8A#selectL"
"ㄑ","ㄑㄩㄢˊ","鬈","https://dict.concised.moe.edu.tw/searchP.jsp?SN=%E3%84%91&SN2=%E3%84%91%E3%84%A9%E3%84%A2%CB%8A#selectL"
"ㄑ","ㄑㄩㄢˊ","權","https://dict.concised.moe.edu.tw/searchP.jsp?SN=%E3%84%91&SN2=%E3%84%91%E3%84%A9%E3%84%A2%CB%8A#selectL"
"ㄑ","ㄑㄩㄢˊ","顴","https://dict.concised.moe.edu.tw/searchP.jsp?SN=%E3%84%91&SN2=%E3%84%91%E3%84%A9%E3%84%A2%CB%8A#selectL"
"ㄑ","ㄑㄩㄢˋ","券","https://dict.concised.moe.edu.tw/searchP.jsp?SN=%E3%84%91&SN2=%E3%84%91%E3%84%A9%E3%84%A2%CB%8B#selectL"
"ㄑ","ㄑㄩㄢˋ","勸","https://dict.concised.moe.edu.tw/searchP.jsp?SN=%E3%84%91&SN2=%E3%84%91%E3%84%A9%E3%84%A2%CB%8B#selectL"
"ㄑ","ㄑㄩㄣ","逡","https://dict.concised.moe.edu.tw/searchP.jsp?SN=%E3%84%91&SN2=%E3%84%91%E3%84%A9%E3%84%A3#selectL"
"ㄑ","ㄑㄩㄣˊ","群","https://dict.concised.moe.edu.tw/searchP.jsp?SN=%E3%84%91&SN2=%E3%84%91%E3%84%A9%E3%84%A3%CB%8A#selectL"
"ㄑ","ㄑㄩㄣˊ","裙","https://dict.concised.moe.edu.tw/searchP.jsp?SN=%E3%84%91&SN2=%E3%84%91%E3%84%A9%E3%84%A3%CB%8A#selectL"
"ㄑ","ㄑㄩㄥ","芎","https://dict.concised.moe.edu.tw/searchP.jsp?SN=%E3%84%91&SN2=%E3%84%91%E3%84%A9%E3%84%A5#selectL"
"ㄑ","ㄑㄩㄥ","穹","https://dict.concised.moe.edu.tw/searchP.jsp?SN=%E3%84%91&SN2=%E3%84%91%E3%84%A9%E3%84%A5#selectL"
"ㄑ","ㄑㄩㄥˊ","蛩","https://dict.concised.moe.edu.tw/searchP.jsp?SN=%E3%84%91&SN2=%E3%84%91%E3%84%A9%E3%84%A5%CB%8A#selectL"
"ㄑ","ㄑㄩㄥˊ","煢","https://dict.concised.moe.edu.tw/searchP.jsp?SN=%E3%84%91&SN2=%E3%84%91%E3%84%A9%E3%84%A5%CB%8A#selectL"
"ㄑ","ㄑㄩㄥˊ","跫","https://dict.concised.moe.edu.tw/searchP.jsp?SN=%E3%84%91&SN2=%E3%84%91%E3%84%A9%E3%84%A5%CB%8A#selectL"
"ㄑ","ㄑㄩㄥˊ","窮","https://dict.concised.moe.edu.tw/searchP.jsp?SN=%E3%84%91&SN2=%E3%84%91%E3%84%A9%E3%84%A5%CB%8A#selectL"
"ㄑ","ㄑㄩㄥˊ","瓊","https://dict.concised.moe.edu.tw/searchP.jsp?SN=%E3%84%91&SN2=%E3%84%91%E3%84%A9%E3%84%A5%CB%8A#selectL"
"ㄒ","ㄒㄧ","兮","https://dict.concised.moe.edu.tw/searchP.jsp?SN=%E3%84%92&SN2=%E3%84%92%E3%84%A7#selectL"
"ㄒ","ㄒㄧ","西","https://dict.concised.moe.edu.tw/searchP.jsp?SN=%E3%84%92&SN2=%E3%84%92%E3%84%A7#selectL"
"ㄒ","ㄒㄧ","吸","https://dict.concised.moe.edu.tw/searchP.jsp?SN=%E3%84%92&SN2=%E3%84%92%E3%84%A7#selectL"
"ㄒ","ㄒㄧ","希","https://dict.concised.moe.edu.tw/searchP.jsp?SN=%E3%84%92&SN2=%E3%84%92%E3%84%A7#selectL"
"ㄒ","ㄒㄧ","析","https://dict.concised.moe.edu.tw/searchP.jsp?SN=%E3%84%92&SN2=%E3%84%92%E3%84%A7#selectL"
"ㄒ","ㄒㄧ","唏","https://dict.concised.moe.edu.tw/searchP.jsp?SN=%E3%84%92&SN2=%E3%84%92%E3%84%A7#selectL"
"ㄒ","ㄒㄧ","奚","https://dict.concised.moe.edu.tw/searchP.jsp?SN=%E3%84%92&SN2=%E3%84%92%E3%84%A7#selectL"
"ㄒ","ㄒㄧ","栖","https://dict.concised.moe.edu.tw/searchP.jsp?SN=%E3%84%92&SN2=%E3%84%92%E3%84%A7#selectL"
"ㄒ","ㄒㄧ","悉","https://dict.concised.moe.edu.tw/searchP.jsp?SN=%E3%84%92&SN2=%E3%84%92%E3%84%A7#selectL"
"ㄒ","ㄒㄧ","晞","https://dict.concised.moe.edu.tw/searchP.jsp?SN=%E3%84%92&SN2=%E3%84%92%E3%84%A7#selectL"
"ㄒ","ㄒㄧ","欷","https://dict.concised.moe.edu.tw/searchP.jsp?SN=%E3%84%92&SN2=%E3%84%92%E3%84%A7#selectL"
"ㄒ","ㄒㄧ","淅","https://dict.concised.moe.edu.tw/searchP.jsp?SN=%E3%84%92&SN2=%E3%84%92%E3%84%A7#selectL"
"ㄒ","ㄒㄧ","烯","https://dict.concised.moe.edu.tw/searchP.jsp?SN=%E3%84%92&SN2=%E3%84%92%E3%84%A7#selectL"
"ㄒ","ㄒㄧ","晰","https://dict.concised.moe.edu.tw/searchP.jsp?SN=%E3%84%92&SN2=%E3%84%92%E3%84%A7#selectL"
"ㄒ","ㄒㄧ","棲","https://dict.concised.moe.edu.tw/searchP.jsp?SN=%E3%84%92&SN2=%E3%84%92%E3%84%A7#selectL"
"ㄒ","ㄒㄧ","犀","https://dict.concised.moe.edu.tw/searchP.jsp?SN=%E3%84%92&SN2=%E3%84%92%E3%84%A7#selectL"
"ㄒ","ㄒㄧ","稀","https://dict.concised.moe.edu.tw/searchP.jsp?SN=%E3%84%92&SN2=%E3%84%92%E3%84%A7#selectL"
"ㄒ","ㄒㄧ","溪","https://dict.concised.moe.edu.tw/searchP.jsp?SN=%E3%84%92&SN2=%E3%84%92%E3%84%A7#selectL"
"ㄒ","ㄒㄧ","皙","https://dict.concised.moe.edu.tw/searchP.jsp?SN=%E3%84%92&SN2=%E3%84%92%E3%84%A7#selectL"
"ㄒ","ㄒㄧ","僖","https://dict.concised.moe.edu.tw/searchP.jsp?SN=%E3%84%92&SN2=%E3%84%92%E3%84%A7#selectL"
"ㄒ","ㄒㄧ","熙","https://dict.concised.moe.edu.tw/searchP.jsp?SN=%E3%84%92&SN2=%E3%84%92%E3%84%A7#selectL"
"ㄒ","ㄒㄧ","蜥","https://dict.concised.moe.edu.tw/searchP.jsp?SN=%E3%84%92&SN2=%E3%84%92%E3%84%A7#selectL"
"ㄒ","ㄒㄧ","嘻","https://dict.concised.moe.edu.tw/searchP.jsp?SN=%E3%84%92&SN2=%E3%84%92%E3%84%A7#selectL"
"ㄒ","ㄒㄧ","嬉","https://dict.concised.moe.edu.tw/searchP.jsp?SN=%E3%84%92&SN2=%E3%84%92%E3%84%A7#selectL"
"ㄒ","ㄒㄧ","撕","https://dict.concised.moe.edu.tw/searchP.jsp?SN=%E3%84%92&SN2=%E3%84%92%E3%84%A7#selectL"
"ㄒ","ㄒㄧ","膝","https://dict.concised.moe.edu.tw/searchP.jsp?SN=%E3%84%92&SN2=%E3%84%92%E3%84%A7#selectL"
"ㄒ","ㄒㄧ","樨","https://dict.concised.moe.edu.tw/searchP.jsp?SN=%E3%84%92&SN2=%E3%84%92%E3%84%A7#selectL"
"ㄒ","ㄒㄧ","熹","https://dict.concised.moe.edu.tw/searchP.jsp?SN=%E3%84%92&SN2=%E3%84%92%E3%84%A7#selectL"
"ㄒ","ㄒㄧ","窸","https://dict.concised.moe.edu.tw/searchP.jsp?SN=%E3%84%92&SN2=%E3%84%92%E3%84%A7#selectL"
"ㄒ","ㄒㄧ","羲","https://dict.concised.moe.edu.tw/searchP.jsp?SN=%E3%84%92&SN2=%E3%84%92%E3%84%A7#selectL"
"ㄒ","ㄒㄧ","螅","https://dict.concised.moe.edu.tw/searchP.jsp?SN=%E3%84%92&SN2=%E3%84%92%E3%84%A7#selectL"
"ㄒ","ㄒㄧ","禧","https://dict.concised.moe.edu.tw/searchP.jsp?SN=%E3%84%92&SN2=%E3%84%92%E3%84%A7#selectL"
"ㄒ","ㄒㄧ","蟋","https://dict.concised.moe.edu.tw/searchP.jsp?SN=%E3%84%92&SN2=%E3%84%92%E3%84%A7#selectL"
"ㄒ","ㄒㄧ","谿","https://dict.concised.moe.edu.tw/searchP.jsp?SN=%E3%84%92&SN2=%E3%84%92%E3%84%A7#selectL"
"ㄒ","ㄒㄧ","蹊","https://dict.concised.moe.edu.tw/searchP.jsp?SN=%E3%84%92&SN2=%E3%84%92%E3%84%A7#selectL"
"ㄒ","ㄒㄧ","釐","https://dict.concised.moe.edu.tw/searchP.jsp?SN=%E3%84%92&SN2=%E3%84%92%E3%84%A7#selectL"
"ㄒ","ㄒㄧ","醯","https://dict.concised.moe.edu.tw/searchP.jsp?SN=%E3%84%92&SN2=%E3%84%92%E3%84%A7#selectL"
"ㄒ","ㄒㄧ","曦","https://dict.concised.moe.edu.tw/searchP.jsp?SN=%E3%84%92&SN2=%E3%84%92%E3%84%A7#selectL"
"ㄒ","ㄒㄧ","犧","https://dict.concised.moe.edu.tw/searchP.jsp?SN=%E3%84%92&SN2=%E3%84%92%E3%84%A7#selectL"
"ㄒ","ㄒㄧ","攜","https://dict.concised.moe.edu.tw/searchP.jsp?SN=%E3%84%92&SN2=%E3%84%92%E3%84%A7#selectL"
"ㄒ","ㄒㄧ","觿","https://dict.concised.moe.edu.tw/searchP.jsp?SN=%E3%84%92&SN2=%E3%84%92%E3%84%A7#selectL"
"ㄒ","ㄒㄧˇ","洒","https://dict.concised.moe.edu.tw/searchP.jsp?SN=%E3%84%92&SN2=%E3%84%92%E3%84%A7%CB%87#selectL"
"ㄒ","ㄒㄧˇ","洗","https://dict.concised.moe.edu.tw/searchP.jsp?SN=%E3%84%92&SN2=%E3%84%92%E3%84%A7%CB%87#selectL"
"ㄒ","ㄒㄧˇ","徙","https://dict.concised.moe.edu.tw/searchP.jsp?SN=%E3%84%92&SN2=%E3%84%92%E3%84%A7%CB%87#selectL"
"ㄒ","ㄒㄧˇ","喜","https://dict.concised.moe.edu.tw/searchP.jsp?SN=%E3%84%92&SN2=%E3%84%92%E3%84%A7%CB%87#selectL"
"ㄒ","ㄒㄧˇ","屣","https://dict.concised.moe.edu.tw/searchP.jsp?SN=%E3%84%92&SN2=%E3%84%92%E3%84%A7%CB%87#selectL"
"ㄒ","ㄒㄧˇ","璽","https://dict.concised.moe.edu.tw/searchP.jsp?SN=%E3%84%92&SN2=%E3%84%92%E3%84%A7%CB%87#selectL"
"ㄒ","ㄒㄧˇ","囍","https://dict.concised.moe.edu.tw/searchP.jsp?SN=%E3%84%92&SN2=%E3%84%92%E3%84%A7%CB%87#selectL"
"ㄒ","ㄒㄧˊ","昔","https://dict.concised.moe.edu.tw/searchP.jsp?SN=%E3%84%92&SN2=%E3%84%92%E3%84%A7%CB%8A#selectL"
"ㄒ","ㄒㄧˊ","席","https://dict.concised.moe.edu.tw/searchP.jsp?SN=%E3%84%92&SN2=%E3%84%92%E3%84%A7%CB%8A#selectL"
"ㄒ","ㄒㄧˊ","息","https://dict.concised.moe.edu.tw/searchP.jsp?SN=%E3%84%92&SN2=%E3%84%92%E3%84%A7%CB%8A#selectL"
"ㄒ","ㄒㄧˊ","惜","https://dict.concised.moe.edu.tw/searchP.jsp?SN=%E3%84%92&SN2=%E3%84%92%E3%84%A7%CB%8A#selectL"
"ㄒ","ㄒㄧˊ","習","https://dict.concised.moe.edu.tw/searchP.jsp?SN=%E3%84%92&SN2=%E3%84%92%E3%84%A7%CB%8A#selectL"
"ㄒ","ㄒㄧˊ","媳","https://dict.concised.moe.edu.tw/searchP.jsp?SN=%E3%84%92&SN2=%E3%84%92%E3%84%A7%CB%8A#selectL"
"ㄒ","ㄒㄧˊ","熄","https://dict.concised.moe.edu.tw/searchP.jsp?SN=%E3%84%92&SN2=%E3%84%92%E3%84%A7%CB%8A#selectL"
"ㄒ","ㄒㄧˊ","蓆","https://dict.concised.moe.edu.tw/searchP.jsp?SN=%E3%84%92&SN2=%E3%84%92%E3%84%A7%CB%8A#selectL"
"ㄒ","ㄒㄧˊ","裼","https://dict.concised.moe.edu.tw/searchP.jsp?SN=%E3%84%92&SN2=%E3%84%92%E3%84%A7%CB%8A#selectL"
"ㄒ","ㄒㄧˊ","錫","https://dict.concised.moe.edu.tw/searchP.jsp?SN=%E3%84%92&SN2=%E3%84%92%E3%84%A7%CB%8A#selectL"
"ㄒ","ㄒㄧˊ","檄","https://dict.concised.moe.edu.tw/searchP.jsp?SN=%E3%84%92&SN2=%E3%84%92%E3%84%A7%CB%8A#selectL"
"ㄒ","ㄒㄧˊ","隰","https://dict.concised.moe.edu.tw/searchP.jsp?SN=%E3%84%92&SN2=%E3%84%92%E3%84%A7%CB%8A#selectL"
"ㄒ","ㄒㄧˊ","襲","https://dict.concised.moe.edu.tw/searchP.jsp?SN=%E3%84%92&SN2=%E3%84%92%E3%84%A7%CB%8A#selectL"
"ㄒ","ㄒㄧˋ","夕","https://dict.concised.moe.edu.tw/searchP.jsp?SN=%E3%84%92&SN2=%E3%84%92%E3%84%A7%CB%8B#selectL"
"ㄒ","ㄒㄧˋ","汐","https://dict.concised.moe.edu.tw/searchP.jsp?SN=%E3%84%92&SN2=%E3%84%92%E3%84%A7%CB%8B#selectL"
"ㄒ","ㄒㄧˋ","系","https://dict.concised.moe.edu.tw/searchP.jsp?SN=%E3%84%92&SN2=%E3%84%92%E3%84%A7%CB%8B#selectL"
"ㄒ","ㄒㄧˋ","矽","https://dict.concised.moe.edu.tw/searchP.jsp?SN=%E3%84%92&SN2=%E3%84%92%E3%84%A7%CB%8B#selectL"
"ㄒ","ㄒㄧˋ","係","https://dict.concised.moe.edu.tw/searchP.jsp?SN=%E3%84%92&SN2=%E3%84%92%E3%84%A7%CB%8B#selectL"
"ㄒ","ㄒㄧˋ","細","https://dict.concised.moe.edu.tw/searchP.jsp?SN=%E3%84%92&SN2=%E3%84%92%E3%84%A7%CB%8B#selectL"
"ㄒ","ㄒㄧˋ","翕","https://dict.concised.moe.edu.tw/searchP.jsp?SN=%E3%84%92&SN2=%E3%84%92%E3%84%A7%CB%8B#selectL"
"ㄒ","ㄒㄧˋ","隙","https://dict.concised.moe.edu.tw/searchP.jsp?SN=%E3%84%92&SN2=%E3%84%92%E3%84%A7%CB%8B#selectL"
"ㄒ","ㄒㄧˋ","潟","https://dict.concised.moe.edu.tw/searchP.jsp?SN=%E3%84%92&SN2=%E3%84%92%E3%84%A7%CB%8B#selectL"
"ㄒ","ㄒㄧˋ","戲","https://dict.concised.moe.edu.tw/searchP.jsp?SN=%E3%84%92&SN2=%E3%84%92%E3%84%A7%CB%8B#selectL"
"ㄒ","ㄒㄧˋ","鬩","https://dict.concised.moe.edu.tw/searchP.jsp?SN=%E3%84%92&SN2=%E3%84%92%E3%84%A7%CB%8B#selectL"
"ㄒ","ㄒㄧˋ","繫","https://dict.concised.moe.edu.tw/searchP.jsp?SN=%E3%84%92&SN2=%E3%84%92%E3%84%A7%CB%8B#selectL"
"ㄒ","ㄒㄧㄚ","瞎","https://dict.concised.moe.edu.tw/searchP.jsp?SN=%E3%84%92&SN2=%E3%84%92%E3%84%A7%E3%84%9A#selectL"
"ㄒ","ㄒㄧㄚ","蝦","https://dict.concised.moe.edu.tw/searchP.jsp?SN=%E3%84%92&SN2=%E3%84%92%E3%84%A7%E3%84%9A#selectL"
"ㄒ","ㄒㄧㄚˊ","匣","https://dict.concised.moe.edu.tw/searchP.jsp?SN=%E3%84%92&SN2=%E3%84%92%E3%84%A7%E3%84%9A%CB%8A#selectL"
"ㄒ","ㄒㄧㄚˊ","呷","https://dict.concised.moe.edu.tw/searchP.jsp?SN=%E3%84%92&SN2=%E3%84%92%E3%84%A7%E3%84%9A%CB%8A#selectL"
"ㄒ","ㄒㄧㄚˊ","狎","https://dict.concised.moe.edu.tw/searchP.jsp?SN=%E3%84%92&SN2=%E3%84%92%E3%84%A7%E3%84%9A%CB%8A#selectL"
"ㄒ","ㄒㄧㄚˊ","俠","https://dict.concised.moe.edu.tw/searchP.jsp?SN=%E3%84%92&SN2=%E3%84%92%E3%84%A7%E3%84%9A%CB%8A#selectL"
"ㄒ","ㄒㄧㄚˊ","柙","https://dict.concised.moe.edu.tw/searchP.jsp?SN=%E3%84%92&SN2=%E3%84%92%E3%84%A7%E3%84%9A%CB%8A#selectL"
"ㄒ","ㄒㄧㄚˊ","峽","https://dict.concised.moe.edu.tw/searchP.jsp?SN=%E3%84%92&SN2=%E3%84%92%E3%84%A7%E3%84%9A%CB%8A#selectL"
"ㄒ","ㄒㄧㄚˊ","挾","https://dict.concised.moe.edu.tw/searchP.jsp?SN=%E3%84%92&SN2=%E3%84%92%E3%84%A7%E3%84%9A%CB%8A#selectL"
"ㄒ","ㄒㄧㄚˊ","狹","https://dict.concised.moe.edu.tw/searchP.jsp?SN=%E3%84%92&SN2=%E3%84%92%E3%84%A7%E3%84%9A%CB%8A#selectL"
"ㄒ","ㄒㄧㄚˊ","暇","https://dict.concised.moe.edu.tw/searchP.jsp?SN=%E3%84%92&SN2=%E3%84%92%E3%84%A7%E3%84%9A%CB%8A#selectL"
"ㄒ","ㄒㄧㄚˊ","瑕","https://dict.concised.moe.edu.tw/searchP.jsp?SN=%E3%84%92&SN2=%E3%84%92%E3%84%A7%E3%84%9A%CB%8A#selectL"
"ㄒ","ㄒㄧㄚˊ","遐","https://dict.concised.moe.edu.tw/searchP.jsp?SN=%E3%84%92&SN2=%E3%84%92%E3%84%A7%E3%84%9A%CB%8A#selectL"
"ㄒ","ㄒㄧㄚˊ","轄","https://dict.concised.moe.edu.tw/searchP.jsp?SN=%E3%84%92&SN2=%E3%84%92%E3%84%A7%E3%84%9A%CB%8A#selectL"
"ㄒ","ㄒㄧㄚˊ","霞","https://dict.concised.moe.edu.tw/searchP.jsp?SN=%E3%84%92&SN2=%E3%84%92%E3%84%A7%E3%84%9A%CB%8A#selectL"
"ㄒ","ㄒㄧㄚˊ","黠","https://dict.concised.moe.edu.tw/searchP.jsp?SN=%E3%84%92&SN2=%E3%84%92%E3%84%A7%E3%84%9A%CB%8A#selectL"
"ㄒ","ㄒㄧㄚˋ","下","https://dict.concised.moe.edu.tw/searchP.jsp?SN=%E3%84%92&SN2=%E3%84%92%E3%84%A7%E3%84%9A%CB%8B#selectL"
"ㄒ","ㄒㄧㄚˋ","夏","https://dict.concised.moe.edu.tw/searchP.jsp?SN=%E3%84%92&SN2=%E3%84%92%E3%84%A7%E3%84%9A%CB%8B#selectL"
"ㄒ","ㄒㄧㄚˋ","廈","https://dict.concised.moe.edu.tw/searchP.jsp?SN=%E3%84%92&SN2=%E3%84%92%E3%84%A7%E3%84%9A%CB%8B#selectL"
"ㄒ","ㄒㄧㄚˋ","諕","https://dict.concised.moe.edu.tw/searchP.jsp?SN=%E3%84%92&SN2=%E3%84%92%E3%84%A7%E3%84%9A%CB%8B#selectL"
"ㄒ","ㄒㄧㄚˋ","嚇","https://dict.concised.moe.edu.tw/searchP.jsp?SN=%E3%84%92&SN2=%E3%84%92%E3%84%A7%E3%84%9A%CB%8B#selectL"
"ㄒ","ㄒㄧㄚˋ","罅","https://dict.concised.moe.edu.tw/searchP.jsp?SN=%E3%84%92&SN2=%E3%84%92%E3%84%A7%E3%84%9A%CB%8B#selectL"
"ㄒ","ㄒㄧㄝ","些","https://dict.concised.moe.edu.tw/searchP.jsp?SN=%E3%84%92&SN2=%E3%84%92%E3%84%A7%E3%84%9D#selectL"
"ㄒ","ㄒㄧㄝ","楔","https://dict.concised.moe.edu.tw/searchP.jsp?SN=%E3%84%92&SN2=%E3%84%92%E3%84%A7%E3%84%9D#selectL"
"ㄒ","ㄒㄧㄝ","歇","https://dict.concised.moe.edu.tw/searchP.jsp?SN=%E3%84%92&SN2=%E3%84%92%E3%84%A7%E3%84%9D#selectL"
"ㄒ","ㄒㄧㄝ","蠍","https://dict.concised.moe.edu.tw/searchP.jsp?SN=%E3%84%92&SN2=%E3%84%92%E3%84%A7%E3%84%9D#selectL"
"ㄒ","ㄒㄧㄝˇ","血","https://dict.concised.moe.edu.tw/searchP.jsp?SN=%E3%84%92&SN2=%E3%84%92%E3%84%A7%E3%84%9D%CB%87#selectL"
"ㄒ","ㄒㄧㄝˇ","寫","https://dict.concised.moe.edu.tw/searchP.jsp?SN=%E3%84%92&SN2=%E3%84%92%E3%84%A7%E3%84%9D%CB%87#selectL"
"ㄒ","ㄒㄧㄝˊ","邪","https://dict.concised.moe.edu.tw/searchP.jsp?SN=%E3%84%92&SN2=%E3%84%92%E3%84%A7%E3%84%9D%CB%8A#selectL"
"ㄒ","ㄒㄧㄝˊ","協","https://dict.concised.moe.edu.tw/searchP.jsp?SN=%E3%84%92&SN2=%E3%84%92%E3%84%A7%E3%84%9D%CB%8A#selectL"
"ㄒ","ㄒㄧㄝˊ","脅","https://dict.concised.moe.edu.tw/searchP.jsp?SN=%E3%84%92&SN2=%E3%84%92%E3%84%A7%E3%84%9D%CB%8A#selectL"
"ㄒ","ㄒㄧㄝˊ","偕","https://dict.concised.moe.edu.tw/searchP.jsp?SN=%E3%84%92&SN2=%E3%84%92%E3%84%A7%E3%84%9D%CB%8A#selectL"
"ㄒ","ㄒㄧㄝˊ","斜","https://dict.concised.moe.edu.tw/searchP.jsp?SN=%E3%84%92&SN2=%E3%84%92%E3%84%A7%E3%84%9D%CB%8A#selectL"
"ㄒ","ㄒㄧㄝˊ","絜","https://dict.concised.moe.edu.tw/searchP.jsp?SN=%E3%84%92&SN2=%E3%84%92%E3%84%A7%E3%84%9D%CB%8A#selectL"
"ㄒ","ㄒㄧㄝˊ","勰","https://dict.concised.moe.edu.tw/searchP.jsp?SN=%E3%84%92&SN2=%E3%84%92%E3%84%A7%E3%84%9D%CB%8A#selectL"
"ㄒ","ㄒㄧㄝˊ","鞋","https://dict.concised.moe.edu.tw/searchP.jsp?SN=%E3%84%92&SN2=%E3%84%92%E3%84%A7%E3%84%9D%CB%8A#selectL"
"ㄒ","ㄒㄧㄝˊ","頡","https://dict.concised.moe.edu.tw/searchP.jsp?SN=%E3%84%92&SN2=%E3%84%92%E3%84%A7%E3%84%9D%CB%8A#selectL"
"ㄒ","ㄒㄧㄝˊ","諧","https://dict.concised.moe.edu.tw/searchP.jsp?SN=%E3%84%92&SN2=%E3%84%92%E3%84%A7%E3%84%9D%CB%8A#selectL"
"ㄒ","ㄒㄧㄝˋ","卸","https://dict.concised.moe.edu.tw/searchP.jsp?SN=%E3%84%92&SN2=%E3%84%92%E3%84%A7%E3%84%9D%CB%8B#selectL"
"ㄒ","ㄒㄧㄝˋ","泄","https://dict.concised.moe.edu.tw/searchP.jsp?SN=%E3%84%92&SN2=%E3%84%92%E3%84%A7%E3%84%9D%CB%8B#selectL"
"ㄒ","ㄒㄧㄝˋ","契","https://dict.concised.moe.edu.tw/searchP.jsp?SN=%E3%84%92&SN2=%E3%84%92%E3%84%A7%E3%84%9D%CB%8B#selectL"
"ㄒ","ㄒㄧㄝˋ","洩","https://dict.concised.moe.edu.tw/searchP.jsp?SN=%E3%84%92&SN2=%E3%84%92%E3%84%A7%E3%84%9D%CB%8B#selectL"
"ㄒ","ㄒㄧㄝˋ","屑","https://dict.concised.moe.edu.tw/searchP.jsp?SN=%E3%84%92&SN2=%E3%84%92%E3%84%A7%E3%84%9D%CB%8B#selectL"
"ㄒ","ㄒㄧㄝˋ","械","https://dict.concised.moe.edu.tw/searchP.jsp?SN=%E3%84%92&SN2=%E3%84%92%E3%84%A7%E3%84%9D%CB%8B#selectL"
"ㄒ","ㄒㄧㄝˋ","渫","https://dict.concised.moe.edu.tw/searchP.jsp?SN=%E3%84%92&SN2=%E3%84%92%E3%84%A7%E3%84%9D%CB%8B#selectL"
"ㄒ","ㄒㄧㄝˋ","解","https://dict.concised.moe.edu.tw/searchP.jsp?SN=%E3%84%92&SN2=%E3%84%92%E3%84%A7%E3%84%9D%CB%8B#selectL"
"ㄒ","ㄒㄧㄝˋ","榭","https://dict.concised.moe.edu.tw/searchP.jsp?SN=%E3%84%92&SN2=%E3%84%92%E3%84%A7%E3%84%9D%CB%8B#selectL"
"ㄒ","ㄒㄧㄝˋ","懈","https://dict.concised.moe.edu.tw/searchP.jsp?SN=%E3%84%92&SN2=%E3%84%92%E3%84%A7%E3%84%9D%CB%8B#selectL"
"ㄒ","ㄒㄧㄝˋ","燮","https://dict.concised.moe.edu.tw/searchP.jsp?SN=%E3%84%92&SN2=%E3%84%92%E3%84%A7%E3%84%9D%CB%8B#selectL"
"ㄒ","ㄒㄧㄝˋ","薤","https://dict.concised.moe.edu.tw/searchP.jsp?SN=%E3%84%92&SN2=%E3%84%92%E3%84%A7%E3%84%9D%CB%8B#selectL"
"ㄒ","ㄒㄧㄝˋ","褻","https://dict.concised.moe.edu.tw/searchP.jsp?SN=%E3%84%92&SN2=%E3%84%92%E3%84%A7%E3%84%9D%CB%8B#selectL"
"ㄒ","ㄒㄧㄝˋ","謝","https://dict.concised.moe.edu.tw/searchP.jsp?SN=%E3%84%92&SN2=%E3%84%92%E3%84%A7%E3%84%9D%CB%8B#selectL"
"ㄒ","ㄒㄧㄝˋ","邂","https://dict.concised.moe.edu.tw/searchP.jsp?SN=%E3%84%92&SN2=%E3%84%92%E3%84%A7%E3%84%9D%CB%8B#selectL"
"ㄒ","ㄒㄧㄝˋ","瀉","https://dict.concised.moe.edu.tw/searchP.jsp?SN=%E3%84%92&SN2=%E3%84%92%E3%84%A7%E3%84%9D%CB%8B#selectL"
"ㄒ","ㄒㄧㄝˋ","瀣","https://dict.concised.moe.edu.tw/searchP.jsp?SN=%E3%84%92&SN2=%E3%84%92%E3%84%A7%E3%84%9D%CB%8B#selectL"
"ㄒ","ㄒㄧㄝˋ","蟹","https://dict.concised.moe.edu.tw/searchP.jsp?SN=%E3%84%92&SN2=%E3%84%92%E3%84%A7%E3%84%9D%CB%8B#selectL"
"ㄒ","ㄒㄧㄠ","削","https://dict.concised.moe.edu.tw/searchP.jsp?SN=%E3%84%92&SN2=%E3%84%92%E3%84%A7%E3%84%A0#selectL"
"ㄒ","ㄒㄧㄠ","哮","https://dict.concised.moe.edu.tw/searchP.jsp?SN=%E3%84%92&SN2=%E3%84%92%E3%84%A7%E3%84%A0#selectL"
"ㄒ","ㄒㄧㄠ","宵","https://dict.concised.moe.edu.tw/searchP.jsp?SN=%E3%84%92&SN2=%E3%84%92%E3%84%A7%E3%84%A0#selectL"
"ㄒ","ㄒㄧㄠ","消","https://dict.concised.moe.edu.tw/searchP.jsp?SN=%E3%84%92&SN2=%E3%84%92%E3%84%A7%E3%84%A0#selectL"
"ㄒ","ㄒㄧㄠ","梟","https://dict.concised.moe.edu.tw/searchP.jsp?SN=%E3%84%92&SN2=%E3%84%92%E3%84%A7%E3%84%A0#selectL"
"ㄒ","ㄒㄧㄠ","逍","https://dict.concised.moe.edu.tw/searchP.jsp?SN=%E3%84%92&SN2=%E3%84%92%E3%84%A7%E3%84%A0#selectL"
"ㄒ","ㄒㄧㄠ","硝","https://dict.concised.moe.edu.tw/searchP.jsp?SN=%E3%84%92&SN2=%E3%84%92%E3%84%A7%E3%84%A0#selectL"
"ㄒ","ㄒㄧㄠ","綃","https://dict.concised.moe.edu.tw/searchP.jsp?SN=%E3%84%92&SN2=%E3%84%92%E3%84%A7%E3%84%A0#selectL"
"ㄒ","ㄒㄧㄠ","銷","https://dict.concised.moe.edu.tw/searchP.jsp?SN=%E3%84%92&SN2=%E3%84%92%E3%84%A7%E3%84%A0#selectL"
"ㄒ","ㄒㄧㄠ","霄","https://dict.concised.moe.edu.tw/searchP.jsp?SN=%E3%84%92&SN2=%E3%84%92%E3%84%A7%E3%84%A0#selectL"
"ㄒ","ㄒㄧㄠ","蕭","https://dict.concised.moe.edu.tw/searchP.jsp?SN=%E3%84%92&SN2=%E3%84%92%E3%84%A7%E3%84%A0#selectL"
"ㄒ","ㄒㄧㄠ","鴞","https://dict.concised.moe.edu.tw/searchP.jsp?SN=%E3%84%92&SN2=%E3%84%92%E3%84%A7%E3%84%A0#selectL"
"ㄒ","ㄒㄧㄠ","簫","https://dict.concised.moe.edu.tw/searchP.jsp?SN=%E3%84%92&SN2=%E3%84%92%E3%84%A7%E3%84%A0#selectL"
"ㄒ","ㄒㄧㄠ","瀟","https://dict.concised.moe.edu.tw/searchP.jsp?SN=%E3%84%92&SN2=%E3%84%92%E3%84%A7%E3%84%A0#selectL"
"ㄒ","ㄒㄧㄠ","囂","https://dict.concised.moe.edu.tw/searchP.jsp?SN=%E3%84%92&SN2=%E3%84%92%E3%84%A7%E3%84%A0#selectL"
"ㄒ","ㄒㄧㄠ","驍","https://dict.concised.moe.edu.tw/searchP.jsp?SN=%E3%84%92&SN2=%E3%84%92%E3%84%A7%E3%84%A0#selectL"
"ㄒ","ㄒㄧㄠˇ","小","https://dict.concised.moe.edu.tw/searchP.jsp?SN=%E3%84%92&SN2=%E3%84%92%E3%84%A7%E3%84%A0%CB%87#selectL"
"ㄒ","ㄒㄧㄠˇ","筱","https://dict.concised.moe.edu.tw/searchP.jsp?SN=%E3%84%92&SN2=%E3%84%92%E3%84%A7%E3%84%A0%CB%87#selectL"
"ㄒ","ㄒㄧㄠˇ","曉","https://dict.concised.moe.edu.tw/searchP.jsp?SN=%E3%84%92&SN2=%E3%84%92%E3%84%A7%E3%84%A0%CB%87#selectL"
"ㄒ","ㄒㄧㄠˇ","篠","https://dict.concised.moe.edu.tw/searchP.jsp?SN=%E3%84%92&SN2=%E3%84%92%E3%84%A7%E3%84%A0%CB%87#selectL"
"ㄒ","ㄒㄧㄠˇ","謏","https://dict.concised.moe.edu.tw/searchP.jsp?SN=%E3%84%92&SN2=%E3%84%92%E3%84%A7%E3%84%A0%CB%87#selectL"
"ㄒ","ㄒㄧㄠˋ","孝","https://dict.concised.moe.edu.tw/searchP.jsp?SN=%E3%84%92&SN2=%E3%84%92%E3%84%A7%E3%84%A0%CB%8B#selectL"
"ㄒ","ㄒㄧㄠˋ","肖","https://dict.concised.moe.edu.tw/searchP.jsp?SN=%E3%84%92&SN2=%E3%84%92%E3%84%A7%E3%84%A0%CB%8B#selectL"
"ㄒ","ㄒㄧㄠˋ","效","https://dict.concised.moe.edu.tw/searchP.jsp?SN=%E3%84%92&SN2=%E3%84%92%E3%84%A7%E3%84%A0%CB%8B#selectL"
"ㄒ","ㄒㄧㄠˋ","校","https://dict.concised.moe.edu.tw/searchP.jsp?SN=%E3%84%92&SN2=%E3%84%92%E3%84%A7%E3%84%A0%CB%8B#selectL"
"ㄒ","ㄒㄧㄠˋ","笑","https://dict.concised.moe.edu.tw/searchP.jsp?SN=%E3%84%92&SN2=%E3%84%92%E3%84%A7%E3%84%A0%CB%8B#selectL"
"ㄒ","ㄒㄧㄠˋ","傚","https://dict.concised.moe.edu.tw/searchP.jsp?SN=%E3%84%92&SN2=%E3%84%92%E3%84%A7%E3%84%A0%CB%8B#selectL"
"ㄒ","ㄒㄧㄠˋ","酵","https://dict.concised.moe.edu.tw/searchP.jsp?SN=%E3%84%92&SN2=%E3%84%92%E3%84%A7%E3%84%A0%CB%8B#selectL"
"ㄒ","ㄒㄧㄠˋ","嘯","https://dict.concised.moe.edu.tw/searchP.jsp?SN=%E3%84%92&SN2=%E3%84%92%E3%84%A7%E3%84%A0%CB%8B#selectL"
"ㄒ","ㄒㄧㄡ","休","https://dict.concised.moe.edu.tw/searchP.jsp?SN=%E3%84%92&SN2=%E3%84%92%E3%84%A7%E3%84%A1#selectL"
"ㄒ","ㄒㄧㄡ","咻","https://dict.concised.moe.edu.tw/searchP.jsp?SN=%E3%84%92&SN2=%E3%84%92%E3%84%A7%E3%84%A1#selectL"
"ㄒ","ㄒㄧㄡ","修","https://dict.concised.moe.edu.tw/searchP.jsp?SN=%E3%84%92&SN2=%E3%84%92%E3%84%A7%E3%84%A1#selectL"
"ㄒ","ㄒㄧㄡ","羞","https://dict.concised.moe.edu.tw/searchP.jsp?SN=%E3%84%92&SN2=%E3%84%92%E3%84%A7%E3%84%A1#selectL"
"ㄒ","ㄒㄧㄡ","脩","https://dict.concised.moe.edu.tw/searchP.jsp?SN=%E3%84%92&SN2=%E3%84%92%E3%84%A7%E3%84%A1#selectL"
"ㄒ","ㄒㄧㄡ","髹","https://dict.concised.moe.edu.tw/searchP.jsp?SN=%E3%84%92&SN2=%E3%84%92%E3%84%A7%E3%84%A1#selectL"
"ㄒ","ㄒㄧㄡ","饈","https://dict.concised.moe.edu.tw/searchP.jsp?SN=%E3%84%92&SN2=%E3%84%92%E3%84%A7%E3%84%A1#selectL"
"ㄒ","ㄒㄧㄡˇ","朽","https://dict.concised.moe.edu.tw/searchP.jsp?SN=%E3%84%92&SN2=%E3%84%92%E3%84%A7%E3%84%A1%CB%87#selectL"
"ㄒ","ㄒㄧㄡˇ","宿","https://dict.concised.moe.edu.tw/searchP.jsp?SN=%E3%84%92&SN2=%E3%84%92%E3%84%A7%E3%84%A1%CB%87#selectL"
"ㄒ","ㄒㄧㄡˇ","滫","https://dict.concised.moe.edu.tw/searchP.jsp?SN=%E3%84%92&SN2=%E3%84%92%E3%84%A7%E3%84%A1%CB%87#selectL"
"ㄒ","ㄒㄧㄡˋ","秀","https://dict.concised.moe.edu.tw/searchP.jsp?SN=%E3%84%92&SN2=%E3%84%92%E3%84%A7%E3%84%A1%CB%8B#selectL"
"ㄒ","ㄒㄧㄡˋ","岫","https://dict.concised.moe.edu.tw/searchP.jsp?SN=%E3%84%92&SN2=%E3%84%92%E3%84%A7%E3%84%A1%CB%8B#selectL"
"ㄒ","ㄒㄧㄡˋ","臭","https://dict.concised.moe.edu.tw/searchP.jsp?SN=%E3%84%92&SN2=%E3%84%92%E3%84%A7%E3%84%A1%CB%8B#selectL"
"ㄒ","ㄒㄧㄡˋ","宿","https://dict.concised.moe.edu.tw/searchP.jsp?SN=%E3%84%92&SN2=%E3%84%92%E3%84%A7%E3%84%A1%CB%8B#selectL"
"ㄒ","ㄒㄧㄡˋ","琇","https://dict.concised.moe.edu.tw/searchP.jsp?SN=%E3%84%92&SN2=%E3%84%92%E3%84%A7%E3%84%A1%CB%8B#selectL"
"ㄒ","ㄒㄧㄡˋ","袖","https://dict.concised.moe.edu.tw/searchP.jsp?SN=%E3%84%92&SN2=%E3%84%92%E3%84%A7%E3%84%A1%CB%8B#selectL"
"ㄒ","ㄒㄧㄡˋ","嗅","https://dict.concised.moe.edu.tw/searchP.jsp?SN=%E3%84%92&SN2=%E3%84%92%E3%84%A7%E3%84%A1%CB%8B#selectL"
"ㄒ","ㄒㄧㄡˋ","溴","https://dict.concised.moe.edu.tw/searchP.jsp?SN=%E3%84%92&SN2=%E3%84%92%E3%84%A7%E3%84%A1%CB%8B#selectL"
"ㄒ","ㄒㄧㄡˋ","繡","https://dict.concised.moe.edu.tw/searchP.jsp?SN=%E3%84%92&SN2=%E3%84%92%E3%84%A7%E3%84%A1%CB%8B#selectL"
"ㄒ","ㄒㄧㄡˋ","鏽","https://dict.concised.moe.edu.tw/searchP.jsp?SN=%E3%84%92&SN2=%E3%84%92%E3%84%A7%E3%84%A1%CB%8B#selectL"
"ㄒ","ㄒㄧㄢ","仙","https://dict.concised.moe.edu.tw/searchP.jsp?SN=%E3%84%92&SN2=%E3%84%92%E3%84%A7%E3%84%A2#selectL"
"ㄒ","ㄒㄧㄢ","先","https://dict.concised.moe.edu.tw/searchP.jsp?SN=%E3%84%92&SN2=%E3%84%92%E3%84%A7%E3%84%A2#selectL"
"ㄒ","ㄒㄧㄢ","秈","https://dict.concised.moe.edu.tw/searchP.jsp?SN=%E3%84%92&SN2=%E3%84%92%E3%84%A7%E3%84%A2#selectL"
"ㄒ","ㄒㄧㄢ","祆","https://dict.concised.moe.edu.tw/searchP.jsp?SN=%E3%84%92&SN2=%E3%84%92%E3%84%A7%E3%84%A2#selectL"
"ㄒ","ㄒㄧㄢ","掀","https://dict.concised.moe.edu.tw/searchP.jsp?SN=%E3%84%92&SN2=%E3%84%92%E3%84%A7%E3%84%A2#selectL"
"ㄒ","ㄒㄧㄢ","暹","https://dict.concised.moe.edu.tw/searchP.jsp?SN=%E3%84%92&SN2=%E3%84%92%E3%84%A7%E3%84%A2#selectL"
"ㄒ","ㄒㄧㄢ","鮮","https://dict.concised.moe.edu.tw/searchP.jsp?SN=%E3%84%92&SN2=%E3%84%92%E3%84%A7%E3%84%A2#selectL"
"ㄒ","ㄒㄧㄢ","纖","https://dict.concised.moe.edu.tw/searchP.jsp?SN=%E3%84%92&SN2=%E3%84%92%E3%84%A7%E3%84%A2#selectL"
"ㄒ","ㄒㄧㄢˇ","洗","https://dict.concised.moe.edu.tw/searchP.jsp?SN=%E3%84%92&SN2=%E3%84%92%E3%84%A7%E3%84%A2%CB%87#selectL"
"ㄒ","ㄒㄧㄢˇ","尟","https://dict.concised.moe.edu.tw/searchP.jsp?SN=%E3%84%92&SN2=%E3%84%92%E3%84%A7%E3%84%A2%CB%87#selectL"
"ㄒ","ㄒㄧㄢˇ","蜆","https://dict.concised.moe.edu.tw/searchP.jsp?SN=%E3%84%92&SN2=%E3%84%92%E3%84%A7%E3%84%A2%CB%87#selectL"
"ㄒ","ㄒㄧㄢˇ","銑","https://dict.concised.moe.edu.tw/searchP.jsp?SN=%E3%84%92&SN2=%E3%84%92%E3%84%A7%E3%84%A2%CB%87#selectL"
"ㄒ","ㄒㄧㄢˇ","險","https://dict.concised.moe.edu.tw/searchP.jsp?SN=%E3%84%92&SN2=%E3%84%92%E3%84%A7%E3%84%A2%CB%87#selectL"
"ㄒ","ㄒㄧㄢˇ","鮮","https://dict.concised.moe.edu.tw/searchP.jsp?SN=%E3%84%92&SN2=%E3%84%92%E3%84%A7%E3%84%A2%CB%87#selectL"
"ㄒ","ㄒㄧㄢˇ","燹","https://dict.concised.moe.edu.tw/searchP.jsp?SN=%E3%84%92&SN2=%E3%84%92%E3%84%A7%E3%84%A2%CB%87#selectL"
"ㄒ","ㄒㄧㄢˇ","蘚","https://dict.concised.moe.edu.tw/searchP.jsp?SN=%E3%84%92&SN2=%E3%84%92%E3%84%A7%E3%84%A2%CB%87#selectL"
"ㄒ","ㄒㄧㄢˇ","癬","https://dict.concised.moe.edu.tw/searchP.jsp?SN=%E3%84%92&SN2=%E3%84%92%E3%84%A7%E3%84%A2%CB%87#selectL"
"ㄒ","ㄒㄧㄢˇ","玁","https://dict.concised.moe.edu.tw/searchP.jsp?SN=%E3%84%92&SN2=%E3%84%92%E3%84%A7%E3%84%A2%CB%87#selectL"
"ㄒ","ㄒㄧㄢˇ","顯","https://dict.concised.moe.edu.tw/searchP.jsp?SN=%E3%84%92&SN2=%E3%84%92%E3%84%A7%E3%84%A2%CB%87#selectL"
"ㄒ","ㄒㄧㄢˊ","弦","https://dict.concised.moe.edu.tw/searchP.jsp?SN=%E3%84%92&SN2=%E3%84%92%E3%84%A7%E3%84%A2%CB%8A#selectL"
"ㄒ","ㄒㄧㄢˊ","咸","https://dict.concised.moe.edu.tw/searchP.jsp?SN=%E3%84%92&SN2=%E3%84%92%E3%84%A7%E3%84%A2%CB%8A#selectL"
"ㄒ","ㄒㄧㄢˊ","啣","https://dict.concised.moe.edu.tw/searchP.jsp?SN=%E3%84%92&SN2=%E3%84%92%E3%84%A7%E3%84%A2%CB%8A#selectL"
"ㄒ","ㄒㄧㄢˊ","涎","https://dict.concised.moe.edu.tw/searchP.jsp?SN=%E3%84%92&SN2=%E3%84%92%E3%84%A7%E3%84%A2%CB%8A#selectL"
"ㄒ","ㄒㄧㄢˊ","絃","https://dict.concised.moe.edu.tw/searchP.jsp?SN=%E3%84%92&SN2=%E3%84%92%E3%84%A7%E3%84%A2%CB%8A#selectL"
"ㄒ","ㄒㄧㄢˊ","舷","https://dict.concised.moe.edu.tw/searchP.jsp?SN=%E3%84%92&SN2=%E3%84%92%E3%84%A7%E3%84%A2%CB%8A#selectL"
"ㄒ","ㄒㄧㄢˊ","閑","https://dict.concised.moe.edu.tw/searchP.jsp?SN=%E3%84%92&SN2=%E3%84%92%E3%84%A7%E3%84%A2%CB%8A#selectL"
"ㄒ","ㄒㄧㄢˊ","閒","https://dict.concised.moe.edu.tw/searchP.jsp?SN=%E3%84%92&SN2=%E3%84%92%E3%84%A7%E3%84%A2%CB%8A#selectL"
"ㄒ","ㄒㄧㄢˊ","嫌","https://dict.concised.moe.edu.tw/searchP.jsp?SN=%E3%84%92&SN2=%E3%84%92%E3%84%A7%E3%84%A2%CB%8A#selectL"
"ㄒ","ㄒㄧㄢˊ","銜","https://dict.concised.moe.edu.tw/searchP.jsp?SN=%E3%84%92&SN2=%E3%84%92%E3%84%A7%E3%84%A2%CB%8A#selectL"
"ㄒ","ㄒㄧㄢˊ","嫻","https://dict.concised.moe.edu.tw/searchP.jsp?SN=%E3%84%92&SN2=%E3%84%92%E3%84%A7%E3%84%A2%CB%8A#selectL"
"ㄒ","ㄒㄧㄢˊ","賢","https://dict.concised.moe.edu.tw/searchP.jsp?SN=%E3%84%92&SN2=%E3%84%92%E3%84%A7%E3%84%A2%CB%8A#selectL"
"ㄒ","ㄒㄧㄢˊ","癇","https://dict.concised.moe.edu.tw/searchP.jsp?SN=%E3%84%92&SN2=%E3%84%92%E3%84%A7%E3%84%A2%CB%8A#selectL"
"ㄒ","ㄒㄧㄢˊ","鹹","https://dict.concised.moe.edu.tw/searchP.jsp?SN=%E3%84%92&SN2=%E3%84%92%E3%84%A7%E3%84%A2%CB%8A#selectL"
"ㄒ","ㄒㄧㄢˋ","見","https://dict.concised.moe.edu.tw/searchP.jsp?SN=%E3%84%92&SN2=%E3%84%92%E3%84%A7%E3%84%A2%CB%8B#selectL"
"ㄒ","ㄒㄧㄢˋ","限","https://dict.concised.moe.edu.tw/searchP.jsp?SN=%E3%84%92&SN2=%E3%84%92%E3%84%A7%E3%84%A2%CB%8B#selectL"
"ㄒ","ㄒㄧㄢˋ","現","https://dict.concised.moe.edu.tw/searchP.jsp?SN=%E3%84%92&SN2=%E3%84%92%E3%84%A7%E3%84%A2%CB%8B#selectL"
"ㄒ","ㄒㄧㄢˋ","莧","https://dict.concised.moe.edu.tw/searchP.jsp?SN=%E3%84%92&SN2=%E3%84%92%E3%84%A7%E3%84%A2%CB%8B#selectL"
"ㄒ","ㄒㄧㄢˋ","陷","https://dict.concised.moe.edu.tw/searchP.jsp?SN=%E3%84%92&SN2=%E3%84%92%E3%84%A7%E3%84%A2%CB%8B#selectL"
"ㄒ","ㄒㄧㄢˋ","羨","https://dict.concised.moe.edu.tw/searchP.jsp?SN=%E3%84%92&SN2=%E3%84%92%E3%84%A7%E3%84%A2%CB%8B#selectL"
"ㄒ","ㄒㄧㄢˋ","腺","https://dict.concised.moe.edu.tw/searchP.jsp?SN=%E3%84%92&SN2=%E3%84%92%E3%84%A7%E3%84%A2%CB%8B#selectL"
"ㄒ","ㄒㄧㄢˋ","線","https://dict.concised.moe.edu.tw/searchP.jsp?SN=%E3%84%92&SN2=%E3%84%92%E3%84%A7%E3%84%A2%CB%8B#selectL"
"ㄒ","ㄒㄧㄢˋ","憲","https://dict.concised.moe.edu.tw/searchP.jsp?SN=%E3%84%92&SN2=%E3%84%92%E3%84%A7%E3%84%A2%CB%8B#selectL"
"ㄒ","ㄒㄧㄢˋ","縣","https://dict.concised.moe.edu.tw/searchP.jsp?SN=%E3%84%92&SN2=%E3%84%92%E3%84%A7%E3%84%A2%CB%8B#selectL"
"ㄒ","ㄒㄧㄢˋ","餡","https://dict.concised.moe.edu.tw/searchP.jsp?SN=%E3%84%92&SN2=%E3%84%92%E3%84%A7%E3%84%A2%CB%8B#selectL"
"ㄒ","ㄒㄧㄢˋ","獻","https://dict.concised.moe.edu.tw/searchP.jsp?SN=%E3%84%92&SN2=%E3%84%92%E3%84%A7%E3%84%A2%CB%8B#selectL"
"ㄒ","ㄒㄧㄢˋ","霰","https://dict.concised.moe.edu.tw/searchP.jsp?SN=%E3%84%92&SN2=%E3%84%92%E3%84%A7%E3%84%A2%CB%8B#selectL"
"ㄒ","ㄒㄧㄣ","心","https://dict.concised.moe.edu.tw/searchP.jsp?SN=%E3%84%92&SN2=%E3%84%92%E3%84%A7%E3%84%A3#selectL"
"ㄒ","ㄒㄧㄣ","忻","https://dict.concised.moe.edu.tw/searchP.jsp?SN=%E3%84%92&SN2=%E3%84%92%E3%84%A7%E3%84%A3#selectL"
"ㄒ","ㄒㄧㄣ","辛","https://dict.concised.moe.edu.tw/searchP.jsp?SN=%E3%84%92&SN2=%E3%84%92%E3%84%A7%E3%84%A3#selectL"
"ㄒ","ㄒㄧㄣ","欣","https://dict.concised.moe.edu.tw/searchP.jsp?SN=%E3%84%92&SN2=%E3%84%92%E3%84%A7%E3%84%A3#selectL"
"ㄒ","ㄒㄧㄣ","芯","https://dict.concised.moe.edu.tw/searchP.jsp?SN=%E3%84%92&SN2=%E3%84%92%E3%84%A7%E3%84%A3#selectL"
"ㄒ","ㄒㄧㄣ","莘","https://dict.concised.moe.edu.tw/searchP.jsp?SN=%E3%84%92&SN2=%E3%84%92%E3%84%A7%E3%84%A3#selectL"
"ㄒ","ㄒㄧㄣ","新","https://dict.concised.moe.edu.tw/searchP.jsp?SN=%E3%84%92&SN2=%E3%84%92%E3%84%A7%E3%84%A3#selectL"
"ㄒ","ㄒㄧㄣ","歆","https://dict.concised.moe.edu.tw/searchP.jsp?SN=%E3%84%92&SN2=%E3%84%92%E3%84%A7%E3%84%A3#selectL"
"ㄒ","ㄒㄧㄣ","鋅","https://dict.concised.moe.edu.tw/searchP.jsp?SN=%E3%84%92&SN2=%E3%84%92%E3%84%A7%E3%84%A3#selectL"
"ㄒ","ㄒㄧㄣ","薪","https://dict.concised.moe.edu.tw/searchP.jsp?SN=%E3%84%92&SN2=%E3%84%92%E3%84%A7%E3%84%A3#selectL"
"ㄒ","ㄒㄧㄣ","馨","https://dict.concised.moe.edu.tw/searchP.jsp?SN=%E3%84%92&SN2=%E3%84%92%E3%84%A7%E3%84%A3#selectL"
"ㄒ","ㄒㄧㄣ","鑫","https://dict.concised.moe.edu.tw/searchP.jsp?SN=%E3%84%92&SN2=%E3%84%92%E3%84%A7%E3%84%A3#selectL"
"ㄒ","ㄒㄧㄣˋ","囟","https://dict.concised.moe.edu.tw/searchP.jsp?SN=%E3%84%92&SN2=%E3%84%92%E3%84%A7%E3%84%A3%CB%8B#selectL"
"ㄒ","ㄒㄧㄣˋ","信","https://dict.concised.moe.edu.tw/searchP.jsp?SN=%E3%84%92&SN2=%E3%84%92%E3%84%A7%E3%84%A3%CB%8B#selectL"
"ㄒ","ㄒㄧㄣˋ","釁","https://dict.concised.moe.edu.tw/searchP.jsp?SN=%E3%84%92&SN2=%E3%84%92%E3%84%A7%E3%84%A3%CB%8B#selectL"
"ㄒ","ㄒㄧㄤ","相","https://dict.concised.moe.edu.tw/searchP.jsp?SN=%E3%84%92&SN2=%E3%84%92%E3%84%A7%E3%84%A4#selectL"
"ㄒ","ㄒㄧㄤ","香","https://dict.concised.moe.edu.tw/searchP.jsp?SN=%E3%84%92&SN2=%E3%84%92%E3%84%A7%E3%84%A4#selectL"
"ㄒ","ㄒㄧㄤ","廂","https://dict.concised.moe.edu.tw/searchP.jsp?SN=%E3%84%92&SN2=%E3%84%92%E3%84%A7%E3%84%A4#selectL"
"ㄒ","ㄒㄧㄤ","湘","https://dict.concised.moe.edu.tw/searchP.jsp?SN=%E3%84%92&SN2=%E3%84%92%E3%84%A7%E3%84%A4#selectL"
"ㄒ","ㄒㄧㄤ","鄉","https://dict.concised.moe.edu.tw/searchP.jsp?SN=%E3%84%92&SN2=%E3%84%92%E3%84%A7%E3%84%A4#selectL"
"ㄒ","ㄒㄧㄤ","箱","https://dict.concised.moe.edu.tw/searchP.jsp?SN=%E3%84%92&SN2=%E3%84%92%E3%84%A7%E3%84%A4#selectL"
"ㄒ","ㄒㄧㄤ","薌","https://dict.concised.moe.edu.tw/searchP.jsp?SN=%E3%84%92&SN2=%E3%84%92%E3%84%A7%E3%84%A4#selectL"
"ㄒ","ㄒㄧㄤ","襄","https://dict.concised.moe.edu.tw/searchP.jsp?SN=%E3%84%92&SN2=%E3%84%92%E3%84%A7%E3%84%A4#selectL"
"ㄒ","ㄒㄧㄤ","鑲","https://dict.concised.moe.edu.tw/searchP.jsp?SN=%E3%84%92&SN2=%E3%84%92%E3%84%A7%E3%84%A4#selectL"
"ㄒ","ㄒㄧㄤ","驤","https://dict.concised.moe.edu.tw/searchP.jsp?SN=%E3%84%92&SN2=%E3%84%92%E3%84%A7%E3%84%A4#selectL"
"ㄒ","ㄒㄧㄤˇ","享","https://dict.concised.moe.edu.tw/searchP.jsp?SN=%E3%84%92&SN2=%E3%84%92%E3%84%A7%E3%84%A4%CB%87#selectL"
"ㄒ","ㄒㄧㄤˇ","想","https://dict.concised.moe.edu.tw/searchP.jsp?SN=%E3%84%92&SN2=%E3%84%92%E3%84%A7%E3%84%A4%CB%87#selectL"
"ㄒ","ㄒㄧㄤˇ","餉","https://dict.concised.moe.edu.tw/searchP.jsp?SN=%E3%84%92&SN2=%E3%84%92%E3%84%A7%E3%84%A4%CB%87#selectL"
"ㄒ","ㄒㄧㄤˇ","鯗","https://dict.concised.moe.edu.tw/searchP.jsp?SN=%E3%84%92&SN2=%E3%84%92%E3%84%A7%E3%84%A4%CB%87#selectL"
"ㄒ","ㄒㄧㄤˇ","響","https://dict.concised.moe.edu.tw/searchP.jsp?SN=%E3%84%92&SN2=%E3%84%92%E3%84%A7%E3%84%A4%CB%87#selectL"
"ㄒ","ㄒㄧㄤˇ","饗","https://dict.concised.moe.edu.tw/searchP.jsp?SN=%E3%84%92&SN2=%E3%84%92%E3%84%A7%E3%84%A4%CB%87#selectL"
"ㄒ","ㄒㄧㄤˊ","羊","https://dict.concised.moe.edu.tw/searchP.jsp?SN=%E3%84%92&SN2=%E3%84%92%E3%84%A7%E3%84%A4%CB%8A#selectL"
"ㄒ","ㄒㄧㄤˊ","庠","https://dict.concised.moe.edu.tw/searchP.jsp?SN=%E3%84%92&SN2=%E3%84%92%E3%84%A7%E3%84%A4%CB%8A#selectL"
"ㄒ","ㄒㄧㄤˊ","降","https://dict.concised.moe.edu.tw/searchP.jsp?SN=%E3%84%92&SN2=%E3%84%92%E3%84%A7%E3%84%A4%CB%8A#selectL"
"ㄒ","ㄒㄧㄤˊ","祥","https://dict.concised.moe.edu.tw/searchP.jsp?SN=%E3%84%92&SN2=%E3%84%92%E3%84%A7%E3%84%A4%CB%8A#selectL"
"ㄒ","ㄒㄧㄤˊ","翔","https://dict.concised.moe.edu.tw/searchP.jsp?SN=%E3%84%92&SN2=%E3%84%92%E3%84%A7%E3%84%A4%CB%8A#selectL"
"ㄒ","ㄒㄧㄤˊ","詳","https://dict.concised.moe.edu.tw/searchP.jsp?SN=%E3%84%92&SN2=%E3%84%92%E3%84%A7%E3%84%A4%CB%8A#selectL"
"ㄒ","ㄒㄧㄤˋ","向","https://dict.concised.moe.edu.tw/searchP.jsp?SN=%E3%84%92&SN2=%E3%84%92%E3%84%A7%E3%84%A4%CB%8B#selectL"
"ㄒ","ㄒㄧㄤˋ","巷","https://dict.concised.moe.edu.tw/searchP.jsp?SN=%E3%84%92&SN2=%E3%84%92%E3%84%A7%E3%84%A4%CB%8B#selectL"
"ㄒ","ㄒㄧㄤˋ","相","https://dict.concised.moe.edu.tw/searchP.jsp?SN=%E3%84%92&SN2=%E3%84%92%E3%84%A7%E3%84%A4%CB%8B#selectL"
"ㄒ","ㄒㄧㄤˋ","象","https://dict.concised.moe.edu.tw/searchP.jsp?SN=%E3%84%92&SN2=%E3%84%92%E3%84%A7%E3%84%A4%CB%8B#selectL"
"ㄒ","ㄒㄧㄤˋ","項","https://dict.concised.moe.edu.tw/searchP.jsp?SN=%E3%84%92&SN2=%E3%84%92%E3%84%A7%E3%84%A4%CB%8B#selectL"
"ㄒ","ㄒㄧㄤˋ","像","https://dict.concised.moe.edu.tw/searchP.jsp?SN=%E3%84%92&SN2=%E3%84%92%E3%84%A7%E3%84%A4%CB%8B#selectL"
"ㄒ","ㄒㄧㄤˋ","橡","https://dict.concised.moe.edu.tw/searchP.jsp?SN=%E3%84%92&SN2=%E3%84%92%E3%84%A7%E3%84%A4%CB%8B#selectL"
"ㄒ","ㄒㄧㄤˋ","嚮","https://dict.concised.moe.edu.tw/searchP.jsp?SN=%E3%84%92&SN2=%E3%84%92%E3%84%A7%E3%84%A4%CB%8B#selectL"
"ㄒ","ㄒㄧㄥ","星","https://dict.concised.moe.edu.tw/searchP.jsp?SN=%E3%84%92&SN2=%E3%84%92%E3%84%A7%E3%84%A5#selectL"
"ㄒ","ㄒㄧㄥ","惺","https://dict.concised.moe.edu.tw/searchP.jsp?SN=%E3%84%92&SN2=%E3%84%92%E3%84%A7%E3%84%A5#selectL"
"ㄒ","ㄒㄧㄥ","猩","https://dict.concised.moe.edu.tw/searchP.jsp?SN=%E3%84%92&SN2=%E3%84%92%E3%84%A7%E3%84%A5#selectL"
"ㄒ","ㄒㄧㄥ","腥","https://dict.concised.moe.edu.tw/searchP.jsp?SN=%E3%84%92&SN2=%E3%84%92%E3%84%A7%E3%84%A5#selectL"
"ㄒ","ㄒㄧㄥ","興","https://dict.concised.moe.edu.tw/searchP.jsp?SN=%E3%84%92&SN2=%E3%84%92%E3%84%A7%E3%84%A5#selectL"
"ㄒ","ㄒㄧㄥ","騂","https://dict.concised.moe.edu.tw/searchP.jsp?SN=%E3%84%92&SN2=%E3%84%92%E3%84%A7%E3%84%A5#selectL"
"ㄒ","ㄒㄧㄥˇ","省","https://dict.concised.moe.edu.tw/searchP.jsp?SN=%E3%84%92&SN2=%E3%84%92%E3%84%A7%E3%84%A5%CB%87#selectL"
"ㄒ","ㄒㄧㄥˇ","醒","https://dict.concised.moe.edu.tw/searchP.jsp?SN=%E3%84%92&SN2=%E3%84%92%E3%84%A7%E3%84%A5%CB%87#selectL"
"ㄒ","ㄒㄧㄥˇ","擤","https://dict.concised.moe.edu.tw/searchP.jsp?SN=%E3%84%92&SN2=%E3%84%92%E3%84%A7%E3%84%A5%CB%87#selectL"
"ㄒ","ㄒㄧㄥˊ","刑","https://dict.concised.moe.edu.tw/searchP.jsp?SN=%E3%84%92&SN2=%E3%84%92%E3%84%A7%E3%84%A5%CB%8A#selectL"
"ㄒ","ㄒㄧㄥˊ","行","https://dict.concised.moe.edu.tw/searchP.jsp?SN=%E3%84%92&SN2=%E3%84%92%E3%84%A7%E3%84%A5%CB%8A#selectL"
"ㄒ","ㄒㄧㄥˊ","形","https://dict.concised.moe.edu.tw/searchP.jsp?SN=%E3%84%92&SN2=%E3%84%92%E3%84%A7%E3%84%A5%CB%8A#selectL"
"ㄒ","ㄒㄧㄥˊ","邢","https://dict.concised.moe.edu.tw/searchP.jsp?SN=%E3%84%92&SN2=%E3%84%92%E3%84%A7%E3%84%A5%CB%8A#selectL"
"ㄒ","ㄒㄧㄥˊ","型","https://dict.concised.moe.edu.tw/searchP.jsp?SN=%E3%84%92&SN2=%E3%84%92%E3%84%A7%E3%84%A5%CB%8A#selectL"
"ㄒ","ㄒㄧㄥˊ","陘","https://dict.concised.moe.edu.tw/searchP.jsp?SN=%E3%84%92&SN2=%E3%84%92%E3%84%A7%E3%84%A5%CB%8A#selectL"
"ㄒ","ㄒㄧㄥˊ","滎","https://dict.concised.moe.edu.tw/searchP.jsp?SN=%E3%84%92&SN2=%E3%84%92%E3%84%A7%E3%84%A5%CB%8A#selectL"
"ㄒ","ㄒㄧㄥˊ","餳","https://dict.concised.moe.edu.tw/searchP.jsp?SN=%E3%84%92&SN2=%E3%84%92%E3%84%A7%E3%84%A5%CB%8A#selectL"
"ㄒ","ㄒㄧㄥˋ","行","https://dict.concised.moe.edu.tw/searchP.jsp?SN=%E3%84%92&SN2=%E3%84%92%E3%84%A7%E3%84%A5%CB%8B#selectL"
"ㄒ","ㄒㄧㄥˋ","杏","https://dict.concised.moe.edu.tw/searchP.jsp?SN=%E3%84%92&SN2=%E3%84%92%E3%84%A7%E3%84%A5%CB%8B#selectL"
"ㄒ","ㄒㄧㄥˋ","姓","https://dict.concised.moe.edu.tw/searchP.jsp?SN=%E3%84%92&SN2=%E3%84%92%E3%84%A7%E3%84%A5%CB%8B#selectL"
"ㄒ","ㄒㄧㄥˋ","幸","https://dict.concised.moe.edu.tw/searchP.jsp?SN=%E3%84%92&SN2=%E3%84%92%E3%84%A7%E3%84%A5%CB%8B#selectL"
"ㄒ","ㄒㄧㄥˋ","性","https://dict.concised.moe.edu.tw/searchP.jsp?SN=%E3%84%92&SN2=%E3%84%92%E3%84%A7%E3%84%A5%CB%8B#selectL"
"ㄒ","ㄒㄧㄥˋ","倖","https://dict.concised.moe.edu.tw/searchP.jsp?SN=%E3%84%92&SN2=%E3%84%92%E3%84%A7%E3%84%A5%CB%8B#selectL"
"ㄒ","ㄒㄧㄥˋ","荇","https://dict.concised.moe.edu.tw/searchP.jsp?SN=%E3%84%92&SN2=%E3%84%92%E3%84%A7%E3%84%A5%CB%8B#selectL"
"ㄒ","ㄒㄧㄥˋ","悻","https://dict.concised.moe.edu.tw/searchP.jsp?SN=%E3%84%92&SN2=%E3%84%92%E3%84%A7%E3%84%A5%CB%8B#selectL"
"ㄒ","ㄒㄧㄥˋ","興","https://dict.concised.moe.edu.tw/searchP.jsp?SN=%E3%84%92&SN2=%E3%84%92%E3%84%A7%E3%84%A5%CB%8B#selectL"
"ㄒ","ㄒㄩ","吁","https://dict.concised.moe.edu.tw/searchP.jsp?SN=%E3%84%92&SN2=%E3%84%92%E3%84%A9#selectL"
"ㄒ","ㄒㄩ","戌","https://dict.concised.moe.edu.tw/searchP.jsp?SN=%E3%84%92&SN2=%E3%84%92%E3%84%A9#selectL"
"ㄒ","ㄒㄩ","胥","https://dict.concised.moe.edu.tw/searchP.jsp?SN=%E3%84%92&SN2=%E3%84%92%E3%84%A9#selectL"
"ㄒ","ㄒㄩ","訏","https://dict.concised.moe.edu.tw/searchP.jsp?SN=%E3%84%92&SN2=%E3%84%92%E3%84%A9#selectL"
"ㄒ","ㄒㄩ","虛","https://dict.concised.moe.edu.tw/searchP.jsp?SN=%E3%84%92&SN2=%E3%84%92%E3%84%A9#selectL"
"ㄒ","ㄒㄩ","須","https://dict.concised.moe.edu.tw/searchP.jsp?SN=%E3%84%92&SN2=%E3%84%92%E3%84%A9#selectL"
"ㄒ","ㄒㄩ","需","https://dict.concised.moe.edu.tw/searchP.jsp?SN=%E3%84%92&SN2=%E3%84%92%E3%84%A9#selectL"
"ㄒ","ㄒㄩ","噓","https://dict.concised.moe.edu.tw/searchP.jsp?SN=%E3%84%92&SN2=%E3%84%92%E3%84%A9#selectL"
"ㄒ","ㄒㄩ","墟","https://dict.concised.moe.edu.tw/searchP.jsp?SN=%E3%84%92&SN2=%E3%84%92%E3%84%A9#selectL"
"ㄒ","ㄒㄩ","歔","https://dict.concised.moe.edu.tw/searchP.jsp?SN=%E3%84%92&SN2=%E3%84%92%E3%84%A9#selectL"
"ㄒ","ㄒㄩ","鬚","https://dict.concised.moe.edu.tw/searchP.jsp?SN=%E3%84%92&SN2=%E3%84%92%E3%84%A9#selectL"
"ㄒ","ㄒㄩˇ","咻","https://dict.concised.moe.edu.tw/searchP.jsp?SN=%E3%84%92&SN2=%E3%84%92%E3%84%A9%CB%87#selectL"
"ㄒ","ㄒㄩˇ","栩","https://dict.concised.moe.edu.tw/searchP.jsp?SN=%E3%84%92&SN2=%E3%84%92%E3%84%A9%CB%87#selectL"
"ㄒ","ㄒㄩˇ","許","https://dict.concised.moe.edu.tw/searchP.jsp?SN=%E3%84%92&SN2=%E3%84%92%E3%84%A9%CB%87#selectL"
"ㄒ","ㄒㄩˇ","煦","https://dict.concised.moe.edu.tw/searchP.jsp?SN=%E3%84%92&SN2=%E3%84%92%E3%84%A9%CB%87#selectL"
"ㄒ","ㄒㄩˇ","詡","https://dict.concised.moe.edu.tw/searchP.jsp?SN=%E3%84%92&SN2=%E3%84%92%E3%84%A9%CB%87#selectL"
"ㄒ","ㄒㄩˊ","徐","https://dict.concised.moe.edu.tw/searchP.jsp?SN=%E3%84%92&SN2=%E3%84%92%E3%84%A9%CB%8A#selectL"
"ㄒ","ㄒㄩˋ","旭","https://dict.concised.moe.edu.tw/searchP.jsp?SN=%E3%84%92&SN2=%E3%84%92%E3%84%A9%CB%8B#selectL"
"ㄒ","ㄒㄩˋ","序","https://dict.concised.moe.edu.tw/searchP.jsp?SN=%E3%84%92&SN2=%E3%84%92%E3%84%A9%CB%8B#selectL"
"ㄒ","ㄒㄩˋ","卹","https://dict.concised.moe.edu.tw/searchP.jsp?SN=%E3%84%92&SN2=%E3%84%92%E3%84%A9%CB%8B#selectL"
"ㄒ","ㄒㄩˋ","恤","https://dict.concised.moe.edu.tw/searchP.jsp?SN=%E3%84%92&SN2=%E3%84%92%E3%84%A9%CB%8B#selectL"
"ㄒ","ㄒㄩˋ","洫","https://dict.concised.moe.edu.tw/searchP.jsp?SN=%E3%84%92&SN2=%E3%84%92%E3%84%A9%CB%8B#selectL"
"ㄒ","ㄒㄩˋ","畜","https://dict.concised.moe.edu.tw/searchP.jsp?SN=%E3%84%92&SN2=%E3%84%92%E3%84%A9%CB%8B#selectL"
"ㄒ","ㄒㄩˋ","勖","https://dict.concised.moe.edu.tw/searchP.jsp?SN=%E3%84%92&SN2=%E3%84%92%E3%84%A9%CB%8B#selectL"
"ㄒ","ㄒㄩˋ","敘","https://dict.concised.moe.edu.tw/searchP.jsp?SN=%E3%84%92&SN2=%E3%84%92%E3%84%A9%CB%8B#selectL"
"ㄒ","ㄒㄩˋ","勗","https://dict.concised.moe.edu.tw/searchP.jsp?SN=%E3%84%92&SN2=%E3%84%92%E3%84%A9%CB%8B#selectL"
"ㄒ","ㄒㄩˋ","酗","https://dict.concised.moe.edu.tw/searchP.jsp?SN=%E3%84%92&SN2=%E3%84%92%E3%84%A9%CB%8B#selectL"
"ㄒ","ㄒㄩˋ","婿","https://dict.concised.moe.edu.tw/searchP.jsp?SN=%E3%84%92&SN2=%E3%84%92%E3%84%A9%CB%8B#selectL"
"ㄒ","ㄒㄩˋ","絮","https://dict.concised.moe.edu.tw/searchP.jsp?SN=%E3%84%92&SN2=%E3%84%92%E3%84%A9%CB%8B#selectL"
"ㄒ","ㄒㄩˋ","頊","https://dict.concised.moe.edu.tw/searchP.jsp?SN=%E3%84%92&SN2=%E3%84%92%E3%84%A9%CB%8B#selectL"
"ㄒ","ㄒㄩˋ","緒","https://dict.concised.moe.edu.tw/searchP.jsp?SN=%E3%84%92&SN2=%E3%84%92%E3%84%A9%CB%8B#selectL"
"ㄒ","ㄒㄩˋ","蓄","https://dict.concised.moe.edu.tw/searchP.jsp?SN=%E3%84%92&SN2=%E3%84%92%E3%84%A9%CB%8B#selectL"
"ㄒ","ㄒㄩˋ","續","https://dict.concised.moe.edu.tw/searchP.jsp?SN=%E3%84%92&SN2=%E3%84%92%E3%84%A9%CB%8B#selectL"
"ㄒ","ㄒㄩㄝ","靴","https://dict.concised.moe.edu.tw/searchP.jsp?SN=%E3%84%92&SN2=%E3%84%92%E3%84%A9%E3%84%9D#selectL"
"ㄒ","ㄒㄩㄝ","噱","https://dict.concised.moe.edu.tw/searchP.jsp?SN=%E3%84%92&SN2=%E3%84%92%E3%84%A9%E3%84%9D#selectL"
"ㄒ","ㄒㄩㄝ","薛","https://dict.concised.moe.edu.tw/searchP.jsp?SN=%E3%84%92&SN2=%E3%84%92%E3%84%A9%E3%84%9D#selectL"
"ㄒ","ㄒㄩㄝˇ","雪","https://dict.concised.moe.edu.tw/searchP.jsp?SN=%E3%84%92&SN2=%E3%84%92%E3%84%A9%E3%84%9D%CB%87#selectL"
"ㄒ","ㄒㄩㄝˇ","鱈","https://dict.concised.moe.edu.tw/searchP.jsp?SN=%E3%84%92&SN2=%E3%84%92%E3%84%A9%E3%84%9D%CB%87#selectL"
"ㄒ","ㄒㄩㄝˊ","踅","https://dict.concised.moe.edu.tw/searchP.jsp?SN=%E3%84%92&SN2=%E3%84%92%E3%84%A9%E3%84%9D%CB%8A#selectL"
"ㄒ","ㄒㄩㄝˊ","學","https://dict.concised.moe.edu.tw/searchP.jsp?SN=%E3%84%92&SN2=%E3%84%92%E3%84%A9%E3%84%9D%CB%8A#selectL"
"ㄒ","ㄒㄩㄝˊ","褶","https://dict.concised.moe.edu.tw/searchP.jsp?SN=%E3%84%92&SN2=%E3%84%92%E3%84%A9%E3%84%9D%CB%8A#selectL"
"ㄒ","ㄒㄩㄝˋ","穴","https://dict.concised.moe.edu.tw/searchP.jsp?SN=%E3%84%92&SN2=%E3%84%92%E3%84%A9%E3%84%9D%CB%8B#selectL"
"ㄒ","ㄒㄩㄝˋ","削","https://dict.concised.moe.edu.tw/searchP.jsp?SN=%E3%84%92&SN2=%E3%84%92%E3%84%A9%E3%84%9D%CB%8B#selectL"
"ㄒ","ㄒㄩㄢ","宣","https://dict.concised.moe.edu.tw/searchP.jsp?SN=%E3%84%92&SN2=%E3%84%92%E3%84%A9%E3%84%A2#selectL"
"ㄒ","ㄒㄩㄢ","軒","https://dict.concised.moe.edu.tw/searchP.jsp?SN=%E3%84%92&SN2=%E3%84%92%E3%84%A9%E3%84%A2#selectL"
"ㄒ","ㄒㄩㄢ","喧","https://dict.concised.moe.edu.tw/searchP.jsp?SN=%E3%84%92&SN2=%E3%84%92%E3%84%A9%E3%84%A2#selectL"
"ㄒ","ㄒㄩㄢ","暄","https://dict.concised.moe.edu.tw/searchP.jsp?SN=%E3%84%92&SN2=%E3%84%92%E3%84%A9%E3%84%A2#selectL"
"ㄒ","ㄒㄩㄢ","暖","https://dict.concised.moe.edu.tw/searchP.jsp?SN=%E3%84%92&SN2=%E3%84%92%E3%84%A9%E3%84%A2#selectL"
"ㄒ","ㄒㄩㄢ","瑄","https://dict.concised.moe.edu.tw/searchP.jsp?SN=%E3%84%92&SN2=%E3%84%92%E3%84%A9%E3%84%A2#selectL"
"ㄒ","ㄒㄩㄢ","萱","https://dict.concised.moe.edu.tw/searchP.jsp?SN=%E3%84%92&SN2=%E3%84%92%E3%84%A9%E3%84%A2#selectL"
"ㄒ","ㄒㄩㄢ","諼","https://dict.concised.moe.edu.tw/searchP.jsp?SN=%E3%84%92&SN2=%E3%84%92%E3%84%A9%E3%84%A2#selectL"
"ㄒ","ㄒㄩㄢˇ","選","https://dict.concised.moe.edu.tw/searchP.jsp?SN=%E3%84%92&SN2=%E3%84%92%E3%84%A9%E3%84%A2%CB%87#selectL"
"ㄒ","ㄒㄩㄢˊ","玄","https://dict.concised.moe.edu.tw/searchP.jsp?SN=%E3%84%92&SN2=%E3%84%92%E3%84%A9%E3%84%A2%CB%8A#selectL"
"ㄒ","ㄒㄩㄢˊ","旋","https://dict.concised.moe.edu.tw/searchP.jsp?SN=%E3%84%92&SN2=%E3%84%92%E3%84%A9%E3%84%A2%CB%8A#selectL"
"ㄒ","ㄒㄩㄢˊ","漩","https://dict.concised.moe.edu.tw/searchP.jsp?SN=%E3%84%92&SN2=%E3%84%92%E3%84%A9%E3%84%A2%CB%8A#selectL"
"ㄒ","ㄒㄩㄢˊ","璇","https://dict.concised.moe.edu.tw/searchP.jsp?SN=%E3%84%92&SN2=%E3%84%92%E3%84%A9%E3%84%A2%CB%8A#selectL"
"ㄒ","ㄒㄩㄢˊ","璿","https://dict.concised.moe.edu.tw/searchP.jsp?SN=%E3%84%92&SN2=%E3%84%92%E3%84%A9%E3%84%A2%CB%8A#selectL"
"ㄒ","ㄒㄩㄢˊ","懸","https://dict.concised.moe.edu.tw/searchP.jsp?SN=%E3%84%92&SN2=%E3%84%92%E3%84%A9%E3%84%A2%CB%8A#selectL"
"ㄒ","ㄒㄩㄢˋ","泫","https://dict.concised.moe.edu.tw/searchP.jsp?SN=%E3%84%92&SN2=%E3%84%92%E3%84%A9%E3%84%A2%CB%8B#selectL"
"ㄒ","ㄒㄩㄢˋ","炫","https://dict.concised.moe.edu.tw/searchP.jsp?SN=%E3%84%92&SN2=%E3%84%92%E3%84%A9%E3%84%A2%CB%8B#selectL"
"ㄒ","ㄒㄩㄢˋ","眩","https://dict.concised.moe.edu.tw/searchP.jsp?SN=%E3%84%92&SN2=%E3%84%92%E3%84%A9%E3%84%A2%CB%8B#selectL"
"ㄒ","ㄒㄩㄢˋ","旋","https://dict.concised.moe.edu.tw/searchP.jsp?SN=%E3%84%92&SN2=%E3%84%92%E3%84%A9%E3%84%A2%CB%8B#selectL"
"ㄒ","ㄒㄩㄢˋ","渲","https://dict.concised.moe.edu.tw/searchP.jsp?SN=%E3%84%92&SN2=%E3%84%92%E3%84%A9%E3%84%A2%CB%8B#selectL"
"ㄒ","ㄒㄩㄢˋ","絢","https://dict.concised.moe.edu.tw/searchP.jsp?SN=%E3%84%92&SN2=%E3%84%92%E3%84%A9%E3%84%A2%CB%8B#selectL"
"ㄒ","ㄒㄩㄢˋ","鏇","https://dict.concised.moe.edu.tw/searchP.jsp?SN=%E3%84%92&SN2=%E3%84%92%E3%84%A9%E3%84%A2%CB%8B#selectL"
"ㄒ","ㄒㄩㄣ","勛","https://dict.concised.moe.edu.tw/searchP.jsp?SN=%E3%84%92&SN2=%E3%84%92%E3%84%A9%E3%84%A3#selectL"
"ㄒ","ㄒㄩㄣ","葷","https://dict.concised.moe.edu.tw/searchP.jsp?SN=%E3%84%92&SN2=%E3%84%92%E3%84%A9%E3%84%A3#selectL"
"ㄒ","ㄒㄩㄣ","熏","https://dict.concised.moe.edu.tw/searchP.jsp?SN=%E3%84%92&SN2=%E3%84%92%E3%84%A9%E3%84%A3#selectL"
"ㄒ","ㄒㄩㄣ","壎","https://dict.concised.moe.edu.tw/searchP.jsp?SN=%E3%84%92&SN2=%E3%84%92%E3%84%A9%E3%84%A3#selectL"
"ㄒ","ㄒㄩㄣ","燻","https://dict.concised.moe.edu.tw/searchP.jsp?SN=%E3%84%92&SN2=%E3%84%92%E3%84%A9%E3%84%A3#selectL"
"ㄒ","ㄒㄩㄣ","薰","https://dict.concised.moe.edu.tw/searchP.jsp?SN=%E3%84%92&SN2=%E3%84%92%E3%84%A9%E3%84%A3#selectL"
"ㄒ","ㄒㄩㄣ","醺","https://dict.concised.moe.edu.tw/searchP.jsp?SN=%E3%84%92&SN2=%E3%84%92%E3%84%A9%E3%84%A3#selectL"
"ㄒ","ㄒㄩㄣˊ","旬","https://dict.concised.moe.edu.tw/searchP.jsp?SN=%E3%84%92&SN2=%E3%84%92%E3%84%A9%E3%84%A3%CB%8A#selectL"
"ㄒ","ㄒㄩㄣˊ","巡","https://dict.concised.moe.edu.tw/searchP.jsp?SN=%E3%84%92&SN2=%E3%84%92%E3%84%A9%E3%84%A3%CB%8A#selectL"
"ㄒ","ㄒㄩㄣˊ","峋","https://dict.concised.moe.edu.tw/searchP.jsp?SN=%E3%84%92&SN2=%E3%84%92%E3%84%A9%E3%84%A3%CB%8A#selectL"
"ㄒ","ㄒㄩㄣˊ","洵","https://dict.concised.moe.edu.tw/searchP.jsp?SN=%E3%84%92&SN2=%E3%84%92%E3%84%A9%E3%84%A3%CB%8A#selectL"
"ㄒ","ㄒㄩㄣˊ","荀","https://dict.concised.moe.edu.tw/searchP.jsp?SN=%E3%84%92&SN2=%E3%84%92%E3%84%A9%E3%84%A3%CB%8A#selectL"
"ㄒ","ㄒㄩㄣˊ","尋","https://dict.concised.moe.edu.tw/searchP.jsp?SN=%E3%84%92&SN2=%E3%84%92%E3%84%A9%E3%84%A3%CB%8A#selectL"
"ㄒ","ㄒㄩㄣˊ","循","https://dict.concised.moe.edu.tw/searchP.jsp?SN=%E3%84%92&SN2=%E3%84%92%E3%84%A9%E3%84%A3%CB%8A#selectL"
"ㄒ","ㄒㄩㄣˊ","詢","https://dict.concised.moe.edu.tw/searchP.jsp?SN=%E3%84%92&SN2=%E3%84%92%E3%84%A9%E3%84%A3%CB%8A#selectL"
"ㄒ","ㄒㄩㄣˊ","馴","https://dict.concised.moe.edu.tw/searchP.jsp?SN=%E3%84%92&SN2=%E3%84%92%E3%84%A9%E3%84%A3%CB%8A#selectL"
"ㄒ","ㄒㄩㄣˊ","蕁","https://dict.concised.moe.edu.tw/searchP.jsp?SN=%E3%84%92&SN2=%E3%84%92%E3%84%A9%E3%84%A3%CB%8A#selectL"
"ㄒ","ㄒㄩㄣˊ","蟳","https://dict.concised.moe.edu.tw/searchP.jsp?SN=%E3%84%92&SN2=%E3%84%92%E3%84%A9%E3%84%A3%CB%8A#selectL"
"ㄒ","ㄒㄩㄣˋ","汛","https://dict.concised.moe.edu.tw/searchP.jsp?SN=%E3%84%92&SN2=%E3%84%92%E3%84%A9%E3%84%A3%CB%8B#selectL"
"ㄒ","ㄒㄩㄣˋ","迅","https://dict.concised.moe.edu.tw/searchP.jsp?SN=%E3%84%92&SN2=%E3%84%92%E3%84%A9%E3%84%A3%CB%8B#selectL"
"ㄒ","ㄒㄩㄣˋ","徇","https://dict.concised.moe.edu.tw/searchP.jsp?SN=%E3%84%92&SN2=%E3%84%92%E3%84%A9%E3%84%A3%CB%8B#selectL"
"ㄒ","ㄒㄩㄣˋ","孫","https://dict.concised.moe.edu.tw/searchP.jsp?SN=%E3%84%92&SN2=%E3%84%92%E3%84%A9%E3%84%A3%CB%8B#selectL"
"ㄒ","ㄒㄩㄣˋ","殉","https://dict.concised.moe.edu.tw/searchP.jsp?SN=%E3%84%92&SN2=%E3%84%92%E3%84%A9%E3%84%A3%CB%8B#selectL"
"ㄒ","ㄒㄩㄣˋ","訊","https://dict.concised.moe.edu.tw/searchP.jsp?SN=%E3%84%92&SN2=%E3%84%92%E3%84%A9%E3%84%A3%CB%8B#selectL"
"ㄒ","ㄒㄩㄣˋ","訓","https://dict.concised.moe.edu.tw/searchP.jsp?SN=%E3%84%92&SN2=%E3%84%92%E3%84%A9%E3%84%A3%CB%8B#selectL"
"ㄒ","ㄒㄩㄣˋ","巽","https://dict.concised.moe.edu.tw/searchP.jsp?SN=%E3%84%92&SN2=%E3%84%92%E3%84%A9%E3%84%A3%CB%8B#selectL"
"ㄒ","ㄒㄩㄣˋ","遜","https://dict.concised.moe.edu.tw/searchP.jsp?SN=%E3%84%92&SN2=%E3%84%92%E3%84%A9%E3%84%A3%CB%8B#selectL"
"ㄒ","ㄒㄩㄣˋ","蕈","https://dict.concised.moe.edu.tw/searchP.jsp?SN=%E3%84%92&SN2=%E3%84%92%E3%84%A9%E3%84%A3%CB%8B#selectL"
"ㄒ","ㄒㄩㄥ","凶","https://dict.concised.moe.edu.tw/searchP.jsp?SN=%E3%84%92&SN2=%E3%84%92%E3%84%A9%E3%84%A5#selectL"
"ㄒ","ㄒㄩㄥ","兄","https://dict.concised.moe.edu.tw/searchP.jsp?SN=%E3%84%92&SN2=%E3%84%92%E3%84%A9%E3%84%A5#selectL"
"ㄒ","ㄒㄩㄥ","兇","https://dict.concised.moe.edu.tw/searchP.jsp?SN=%E3%84%92&SN2=%E3%84%92%E3%84%A9%E3%84%A5#selectL"
"ㄒ","ㄒㄩㄥ","匈","https://dict.concised.moe.edu.tw/searchP.jsp?SN=%E3%84%92&SN2=%E3%84%92%E3%84%A9%E3%84%A5#selectL"
"ㄒ","ㄒㄩㄥ","洶","https://dict.concised.moe.edu.tw/searchP.jsp?SN=%E3%84%92&SN2=%E3%84%92%E3%84%A9%E3%84%A5#selectL"
"ㄒ","ㄒㄩㄥ","胸","https://dict.concised.moe.edu.tw/searchP.jsp?SN=%E3%84%92&SN2=%E3%84%92%E3%84%A9%E3%84%A5#selectL"
"ㄒ","ㄒㄩㄥˊ","雄","https://dict.concised.moe.edu.tw/searchP.jsp?SN=%E3%84%92&SN2=%E3%84%92%E3%84%A9%E3%84%A5%CB%8A#selectL"
"ㄒ","ㄒㄩㄥˊ","熊","https://dict.concised.moe.edu.tw/searchP.jsp?SN=%E3%84%92&SN2=%E3%84%92%E3%84%A9%E3%84%A5%CB%8A#selectL"
"ㄒ","ㄒㄩㄥˋ","敻","https://dict.concised.moe.edu.tw/searchP.jsp?SN=%E3%84%92&SN2=%E3%84%92%E3%84%A9%E3%84%A5%CB%8B#selectL"
"ㄓ","˙ㄓㄜ","著","https://dict.concised.moe.edu.tw/searchP.jsp?SN=%E3%84%93&SN2=%CB%99%E3%84%93%E3%84%9C#selectL"
"ㄓ","ㄓ","之","https://dict.concised.moe.edu.tw/searchP.jsp?SN=%E3%84%93&SN2=%E3%84%93#selectL"
"ㄓ","ㄓ","支","https://dict.concised.moe.edu.tw/searchP.jsp?SN=%E3%84%93&SN2=%E3%84%93#selectL"
"ㄓ","ㄓ","氏","https://dict.concised.moe.edu.tw/searchP.jsp?SN=%E3%84%93&SN2=%E3%84%93#selectL"
"ㄓ","ㄓ","卮","https://dict.concised.moe.edu.tw/searchP.jsp?SN=%E3%84%93&SN2=%E3%84%93#selectL"
"ㄓ","ㄓ","只","https://dict.concised.moe.edu.tw/searchP.jsp?SN=%E3%84%93&SN2=%E3%84%93#selectL"
"ㄓ","ㄓ","汁","https://dict.concised.moe.edu.tw/searchP.jsp?SN=%E3%84%93&SN2=%E3%84%93#selectL"
"ㄓ","ㄓ","吱","https://dict.concised.moe.edu.tw/searchP.jsp?SN=%E3%84%93&SN2=%E3%84%93#selectL"
"ㄓ","ㄓ","枝","https://dict.concised.moe.edu.tw/searchP.jsp?SN=%E3%84%93&SN2=%E3%84%93#selectL"
"ㄓ","ㄓ","知","https://dict.concised.moe.edu.tw/searchP.jsp?SN=%E3%84%93&SN2=%E3%84%93#selectL"
"ㄓ","ㄓ","肢","https://dict.concised.moe.edu.tw/searchP.jsp?SN=%E3%84%93&SN2=%E3%84%93#selectL"
"ㄓ","ㄓ","芝","https://dict.concised.moe.edu.tw/searchP.jsp?SN=%E3%84%93&SN2=%E3%84%93#selectL"
"ㄓ","ㄓ","胝","https://dict.concised.moe.edu.tw/searchP.jsp?SN=%E3%84%93&SN2=%E3%84%93#selectL"
"ㄓ","ㄓ","祗","https://dict.concised.moe.edu.tw/searchP.jsp?SN=%E3%84%93&SN2=%E3%84%93#selectL"
"ㄓ","ㄓ","脂","https://dict.concised.moe.edu.tw/searchP.jsp?SN=%E3%84%93&SN2=%E3%84%93#selectL"
"ㄓ","ㄓ","隻","https://dict.concised.moe.edu.tw/searchP.jsp?SN=%E3%84%93&SN2=%E3%84%93#selectL"
"ㄓ","ㄓ","梔","https://dict.concised.moe.edu.tw/searchP.jsp?SN=%E3%84%93&SN2=%E3%84%93#selectL"
"ㄓ","ㄓ","蜘","https://dict.concised.moe.edu.tw/searchP.jsp?SN=%E3%84%93&SN2=%E3%84%93#selectL"
"ㄓ","ㄓ","織","https://dict.concised.moe.edu.tw/searchP.jsp?SN=%E3%84%93&SN2=%E3%84%93#selectL"
"ㄓ","ㄓˇ","止","https://dict.concised.moe.edu.tw/searchP.jsp?SN=%E3%84%93&SN2=%E3%84%93%CB%87#selectL"
"ㄓ","ㄓˇ","只","https://dict.concised.moe.edu.tw/searchP.jsp?SN=%E3%84%93&SN2=%E3%84%93%CB%87#selectL"
"ㄓ","ㄓˇ","旨","https://dict.concised.moe.edu.tw/searchP.jsp?SN=%E3%84%93&SN2=%E3%84%93%CB%87#selectL"
"ㄓ","ㄓˇ","址","https://dict.concised.moe.edu.tw/searchP.jsp?SN=%E3%84%93&SN2=%E3%84%93%CB%87#selectL"
"ㄓ","ㄓˇ","芷","https://dict.concised.moe.edu.tw/searchP.jsp?SN=%E3%84%93&SN2=%E3%84%93%CB%87#selectL"
"ㄓ","ㄓˇ","咫","https://dict.concised.moe.edu.tw/searchP.jsp?SN=%E3%84%93&SN2=%E3%84%93%CB%87#selectL"
"ㄓ","ㄓˇ","指","https://dict.concised.moe.edu.tw/searchP.jsp?SN=%E3%84%93&SN2=%E3%84%93%CB%87#selectL"
"ㄓ","ㄓˇ","祇","https://dict.concised.moe.edu.tw/searchP.jsp?SN=%E3%84%93&SN2=%E3%84%93%CB%87#selectL"
"ㄓ","ㄓˇ","祉","https://dict.concised.moe.edu.tw/searchP.jsp?SN=%E3%84%93&SN2=%E3%84%93%CB%87#selectL"
"ㄓ","ㄓˇ","紙","https://dict.concised.moe.edu.tw/searchP.jsp?SN=%E3%84%93&SN2=%E3%84%93%CB%87#selectL"
"ㄓ","ㄓˇ","趾","https://dict.concised.moe.edu.tw/searchP.jsp?SN=%E3%84%93&SN2=%E3%84%93%CB%87#selectL"
"ㄓ","ㄓˇ","黹","https://dict.concised.moe.edu.tw/searchP.jsp?SN=%E3%84%93&SN2=%E3%84%93%CB%87#selectL"
"ㄓ","ㄓˇ","酯","https://dict.concised.moe.edu.tw/searchP.jsp?SN=%E3%84%93&SN2=%E3%84%93%CB%87#selectL"
"ㄓ","ㄓˇ","徵","https://dict.concised.moe.edu.tw/searchP.jsp?SN=%E3%84%93&SN2=%E3%84%93%CB%87#selectL"
"ㄓ","ㄓˊ","侄","https://dict.concised.moe.edu.tw/searchP.jsp?SN=%E3%84%93&SN2=%E3%84%93%CB%8A#selectL"
"ㄓ","ㄓˊ","直","https://dict.concised.moe.edu.tw/searchP.jsp?SN=%E3%84%93&SN2=%E3%84%93%CB%8A#selectL"
"ㄓ","ㄓˊ","姪","https://dict.concised.moe.edu.tw/searchP.jsp?SN=%E3%84%93&SN2=%E3%84%93%CB%8A#selectL"
"ㄓ","ㄓˊ","值","https://dict.concised.moe.edu.tw/searchP.jsp?SN=%E3%84%93&SN2=%E3%84%93%CB%8A#selectL"
"ㄓ","ㄓˊ","埴","https://dict.concised.moe.edu.tw/searchP.jsp?SN=%E3%84%93&SN2=%E3%84%93%CB%8A#selectL"
"ㄓ","ㄓˊ","執","https://dict.concised.moe.edu.tw/searchP.jsp?SN=%E3%84%93&SN2=%E3%84%93%CB%8A#selectL"
"ㄓ","ㄓˊ","植","https://dict.concised.moe.edu.tw/searchP.jsp?SN=%E3%84%93&SN2=%E3%84%93%CB%8A#selectL"
"ㄓ","ㄓˊ","殖","https://dict.concised.moe.edu.tw/searchP.jsp?SN=%E3%84%93&SN2=%E3%84%93%CB%8A#selectL"
"ㄓ","ㄓˊ","跖","https://dict.concised.moe.edu.tw/searchP.jsp?SN=%E3%84%93&SN2=%E3%84%93%CB%8A#selectL"
"ㄓ","ㄓˊ","摭","https://dict.concised.moe.edu.tw/searchP.jsp?SN=%E3%84%93&SN2=%E3%84%93%CB%8A#selectL"
"ㄓ","ㄓˊ","質","https://dict.concised.moe.edu.tw/searchP.jsp?SN=%E3%84%93&SN2=%E3%84%93%CB%8A#selectL"
"ㄓ","ㄓˊ","蟄","https://dict.concised.moe.edu.tw/searchP.jsp?SN=%E3%84%93&SN2=%E3%84%93%CB%8A#selectL"
"ㄓ","ㄓˊ","擲","https://dict.concised.moe.edu.tw/searchP.jsp?SN=%E3%84%93&SN2=%E3%84%93%CB%8A#selectL"
"ㄓ","ㄓˊ","職","https://dict.concised.moe.edu.tw/searchP.jsp?SN=%E3%84%93&SN2=%E3%84%93%CB%8A#selectL"
"ㄓ","ㄓˊ","蹠","https://dict.concised.moe.edu.tw/searchP.jsp?SN=%E3%84%93&SN2=%E3%84%93%CB%8A#selectL"
"ㄓ","ㄓˊ","躑","https://dict.concised.moe.edu.tw/searchP.jsp?SN=%E3%84%93&SN2=%E3%84%93%CB%8A#selectL"
"ㄓ","ㄓˋ","至","https://dict.concised.moe.edu.tw/searchP.jsp?SN=%E3%84%93&SN2=%E3%84%93%CB%8B#selectL"
"ㄓ","ㄓˋ","志","https://dict.concised.moe.edu.tw/searchP.jsp?SN=%E3%84%93&SN2=%E3%84%93%CB%8B#selectL"
"ㄓ","ㄓˋ","忮","https://dict.concised.moe.edu.tw/searchP.jsp?SN=%E3%84%93&SN2=%E3%84%93%CB%8B#selectL"
"ㄓ","ㄓˋ","制","https://dict.concised.moe.edu.tw/searchP.jsp?SN=%E3%84%93&SN2=%E3%84%93%CB%8B#selectL"
"ㄓ","ㄓˋ","帙","https://dict.concised.moe.edu.tw/searchP.jsp?SN=%E3%84%93&SN2=%E3%84%93%CB%8B#selectL"
"ㄓ","ㄓˋ","治","https://dict.concised.moe.edu.tw/searchP.jsp?SN=%E3%84%93&SN2=%E3%84%93%CB%8B#selectL"
"ㄓ","ㄓˋ","炙","https://dict.concised.moe.edu.tw/searchP.jsp?SN=%E3%84%93&SN2=%E3%84%93%CB%8B#selectL"
"ㄓ","ㄓˋ","知","https://dict.concised.moe.edu.tw/searchP.jsp?SN=%E3%84%93&SN2=%E3%84%93%CB%8B#selectL"
"ㄓ","ㄓˋ","峙","https://dict.concised.moe.edu.tw/searchP.jsp?SN=%E3%84%93&SN2=%E3%84%93%CB%8B#selectL"
"ㄓ","ㄓˋ","致","https://dict.concised.moe.edu.tw/searchP.jsp?SN=%E3%84%93&SN2=%E3%84%93%CB%8B#selectL"
"ㄓ","ㄓˋ","桎","https://dict.concised.moe.edu.tw/searchP.jsp?SN=%E3%84%93&SN2=%E3%84%93%CB%8B#selectL"
"ㄓ","ㄓˋ","秩","https://dict.concised.moe.edu.tw/searchP.jsp?SN=%E3%84%93&SN2=%E3%84%93%CB%8B#selectL"
"ㄓ","ㄓˋ","陟","https://dict.concised.moe.edu.tw/searchP.jsp?SN=%E3%84%93&SN2=%E3%84%93%CB%8B#selectL"
"ㄓ","ㄓˋ","痔","https://dict.concised.moe.edu.tw/searchP.jsp?SN=%E3%84%93&SN2=%E3%84%93%CB%8B#selectL"
"ㄓ","ㄓˋ","窒","https://dict.concised.moe.edu.tw/searchP.jsp?SN=%E3%84%93&SN2=%E3%84%93%CB%8B#selectL"
"ㄓ","ㄓˋ","彘","https://dict.concised.moe.edu.tw/searchP.jsp?SN=%E3%84%93&SN2=%E3%84%93%CB%8B#selectL"
"ㄓ","ㄓˋ","智","https://dict.concised.moe.edu.tw/searchP.jsp?SN=%E3%84%93&SN2=%E3%84%93%CB%8B#selectL"
"ㄓ","ㄓˋ","痣","https://dict.concised.moe.edu.tw/searchP.jsp?SN=%E3%84%93&SN2=%E3%84%93%CB%8B#selectL"
"ㄓ","ㄓˋ","蛭","https://dict.concised.moe.edu.tw/searchP.jsp?SN=%E3%84%93&SN2=%E3%84%93%CB%8B#selectL"
"ㄓ","ㄓˋ","稚","https://dict.concised.moe.edu.tw/searchP.jsp?SN=%E3%84%93&SN2=%E3%84%93%CB%8B#selectL"
"ㄓ","ㄓˋ","置","https://dict.concised.moe.edu.tw/searchP.jsp?SN=%E3%84%93&SN2=%E3%84%93%CB%8B#selectL"
"ㄓ","ㄓˋ","輊","https://dict.concised.moe.edu.tw/searchP.jsp?SN=%E3%84%93&SN2=%E3%84%93%CB%8B#selectL"
"ㄓ","ㄓˋ","雉","https://dict.concised.moe.edu.tw/searchP.jsp?SN=%E3%84%93&SN2=%E3%84%93%CB%8B#selectL"
"ㄓ","ㄓˋ","滯","https://dict.concised.moe.edu.tw/searchP.jsp?SN=%E3%84%93&SN2=%E3%84%93%CB%8B#selectL"
"ㄓ","ㄓˋ","製","https://dict.concised.moe.edu.tw/searchP.jsp?SN=%E3%84%93&SN2=%E3%84%93%CB%8B#selectL"
"ㄓ","ㄓˋ","誌","https://dict.concised.moe.edu.tw/searchP.jsp?SN=%E3%84%93&SN2=%E3%84%93%CB%8B#selectL"
"ㄓ","ㄓˋ","幟","https://dict.concised.moe.edu.tw/searchP.jsp?SN=%E3%84%93&SN2=%E3%84%93%CB%8B#selectL"
"ㄓ","ㄓˋ","摯","https://dict.concised.moe.edu.tw/searchP.jsp?SN=%E3%84%93&SN2=%E3%84%93%CB%8B#selectL"
"ㄓ","ㄓˋ","緻","https://dict.concised.moe.edu.tw/searchP.jsp?SN=%E3%84%93&SN2=%E3%84%93%CB%8B#selectL"
"ㄓ","ㄓˋ","質","https://dict.concised.moe.edu.tw/searchP.jsp?SN=%E3%84%93&SN2=%E3%84%93%CB%8B#selectL"
"ㄓ","ㄓˋ","遲","https://dict.concised.moe.edu.tw/searchP.jsp?SN=%E3%84%93&SN2=%E3%84%93%CB%8B#selectL"
"ㄓ","ㄓˋ","贄","https://dict.concised.moe.edu.tw/searchP.jsp?SN=%E3%84%93&SN2=%E3%84%93%CB%8B#selectL"
"ㄓ","ㄓˋ","識","https://dict.concised.moe.edu.tw/searchP.jsp?SN=%E3%84%93&SN2=%E3%84%93%CB%8B#selectL"
"ㄓ","ㄓˋ","躓","https://dict.concised.moe.edu.tw/searchP.jsp?SN=%E3%84%93&SN2=%E3%84%93%CB%8B#selectL"
"ㄓ","ㄓㄚ","扎","https://dict.concised.moe.edu.tw/searchP.jsp?SN=%E3%84%93&SN2=%E3%84%93%E3%84%9A#selectL"
"ㄓ","ㄓㄚ","查","https://dict.concised.moe.edu.tw/searchP.jsp?SN=%E3%84%93&SN2=%E3%84%93%E3%84%9A#selectL"
"ㄓ","ㄓㄚ","喳","https://dict.concised.moe.edu.tw/searchP.jsp?SN=%E3%84%93&SN2=%E3%84%93%E3%84%9A#selectL"
"ㄓ","ㄓㄚ","渣","https://dict.concised.moe.edu.tw/searchP.jsp?SN=%E3%84%93&SN2=%E3%84%93%E3%84%9A#selectL"
"ㄓ","ㄓㄚ","楂","https://dict.concised.moe.edu.tw/searchP.jsp?SN=%E3%84%93&SN2=%E3%84%93%E3%84%9A#selectL"
"ㄓ","ㄓㄚˇ","眨","https://dict.concised.moe.edu.tw/searchP.jsp?SN=%E3%84%93&SN2=%E3%84%93%E3%84%9A%CB%87#selectL"
"ㄓ","ㄓㄚˊ","扎","https://dict.concised.moe.edu.tw/searchP.jsp?SN=%E3%84%93&SN2=%E3%84%93%E3%84%9A%CB%8A#selectL"
"ㄓ","ㄓㄚˊ","札","https://dict.concised.moe.edu.tw/searchP.jsp?SN=%E3%84%93&SN2=%E3%84%93%E3%84%9A%CB%8A#selectL"
"ㄓ","ㄓㄚˊ","炸","https://dict.concised.moe.edu.tw/searchP.jsp?SN=%E3%84%93&SN2=%E3%84%93%E3%84%9A%CB%8A#selectL"
"ㄓ","ㄓㄚˊ","紮","https://dict.concised.moe.edu.tw/searchP.jsp?SN=%E3%84%93&SN2=%E3%84%93%E3%84%9A%CB%8A#selectL"
"ㄓ","ㄓㄚˊ","煠","https://dict.concised.moe.edu.tw/searchP.jsp?SN=%E3%84%93&SN2=%E3%84%93%E3%84%9A%CB%8A#selectL"
"ㄓ","ㄓㄚˊ","閘","https://dict.concised.moe.edu.tw/searchP.jsp?SN=%E3%84%93&SN2=%E3%84%93%E3%84%9A%CB%8A#selectL"
"ㄓ","ㄓㄚˊ","鍘","https://dict.concised.moe.edu.tw/searchP.jsp?SN=%E3%84%93&SN2=%E3%84%93%E3%84%9A%CB%8A#selectL"
"ㄓ","ㄓㄚˋ","乍","https://dict.concised.moe.edu.tw/searchP.jsp?SN=%E3%84%93&SN2=%E3%84%93%E3%84%9A%CB%8B#selectL"
"ㄓ","ㄓㄚˋ","吒","https://dict.concised.moe.edu.tw/searchP.jsp?SN=%E3%84%93&SN2=%E3%84%93%E3%84%9A%CB%8B#selectL"
"ㄓ","ㄓㄚˋ","柵","https://dict.concised.moe.edu.tw/searchP.jsp?SN=%E3%84%93&SN2=%E3%84%93%E3%84%9A%CB%8B#selectL"
"ㄓ","ㄓㄚˋ","炸","https://dict.concised.moe.edu.tw/searchP.jsp?SN=%E3%84%93&SN2=%E3%84%93%E3%84%9A%CB%8B#selectL"
"ㄓ","ㄓㄚˋ","蚱","https://dict.concised.moe.edu.tw/searchP.jsp?SN=%E3%84%93&SN2=%E3%84%93%E3%84%9A%CB%8B#selectL"
"ㄓ","ㄓㄚˋ","詐","https://dict.concised.moe.edu.tw/searchP.jsp?SN=%E3%84%93&SN2=%E3%84%93%E3%84%9A%CB%8B#selectL"
"ㄓ","ㄓㄚˋ","搾","https://dict.concised.moe.edu.tw/searchP.jsp?SN=%E3%84%93&SN2=%E3%84%93%E3%84%9A%CB%8B#selectL"
"ㄓ","ㄓㄚˋ","榨","https://dict.concised.moe.edu.tw/searchP.jsp?SN=%E3%84%93&SN2=%E3%84%93%E3%84%9A%CB%8B#selectL"
"ㄓ","ㄓㄚˋ","蜡","https://dict.concised.moe.edu.tw/searchP.jsp?SN=%E3%84%93&SN2=%E3%84%93%E3%84%9A%CB%8B#selectL"
"ㄓ","ㄓㄜ","折","https://dict.concised.moe.edu.tw/searchP.jsp?SN=%E3%84%93&SN2=%E3%84%93%E3%84%9C#selectL"
"ㄓ","ㄓㄜ","遮","https://dict.concised.moe.edu.tw/searchP.jsp?SN=%E3%84%93&SN2=%E3%84%93%E3%84%9C#selectL"
"ㄓ","ㄓㄜ","螫","https://dict.concised.moe.edu.tw/searchP.jsp?SN=%E3%84%93&SN2=%E3%84%93%E3%84%9C#selectL"
"ㄓ","ㄓㄜˇ","者","https://dict.concised.moe.edu.tw/searchP.jsp?SN=%E3%84%93&SN2=%E3%84%93%E3%84%9C%CB%87#selectL"
"ㄓ","ㄓㄜˇ","赭","https://dict.concised.moe.edu.tw/searchP.jsp?SN=%E3%84%93&SN2=%E3%84%93%E3%84%9C%CB%87#selectL"
"ㄓ","ㄓㄜˇ","鍺","https://dict.concised.moe.edu.tw/searchP.jsp?SN=%E3%84%93&SN2=%E3%84%93%E3%84%9C%CB%87#selectL"
"ㄓ","ㄓㄜˊ","折","https://dict.concised.moe.edu.tw/searchP.jsp?SN=%E3%84%93&SN2=%E3%84%93%E3%84%9C%CB%8A#selectL"
"ㄓ","ㄓㄜˊ","哲","https://dict.concised.moe.edu.tw/searchP.jsp?SN=%E3%84%93&SN2=%E3%84%93%E3%84%9C%CB%8A#selectL"
"ㄓ","ㄓㄜˊ","蜇","https://dict.concised.moe.edu.tw/searchP.jsp?SN=%E3%84%93&SN2=%E3%84%93%E3%84%9C%CB%8A#selectL"
"ㄓ","ㄓㄜˊ","摺","https://dict.concised.moe.edu.tw/searchP.jsp?SN=%E3%84%93&SN2=%E3%84%93%E3%84%9C%CB%8A#selectL"
"ㄓ","ㄓㄜˊ","輒","https://dict.concised.moe.edu.tw/searchP.jsp?SN=%E3%84%93&SN2=%E3%84%93%E3%84%9C%CB%8A#selectL"
"ㄓ","ㄓㄜˊ","磔","https://dict.concised.moe.edu.tw/searchP.jsp?SN=%E3%84%93&SN2=%E3%84%93%E3%84%9C%CB%8A#selectL"
"ㄓ","ㄓㄜˊ","褶","https://dict.concised.moe.edu.tw/searchP.jsp?SN=%E3%84%93&SN2=%E3%84%93%E3%84%9C%CB%8A#selectL"
"ㄓ","ㄓㄜˊ","謫","https://dict.concised.moe.edu.tw/searchP.jsp?SN=%E3%84%93&SN2=%E3%84%93%E3%84%9C%CB%8A#selectL"
"ㄓ","ㄓㄜˊ","轍","https://dict.concised.moe.edu.tw/searchP.jsp?SN=%E3%84%93&SN2=%E3%84%93%E3%84%9C%CB%8A#selectL"
"ㄓ","ㄓㄜˊ","懾","https://dict.concised.moe.edu.tw/searchP.jsp?SN=%E3%84%93&SN2=%E3%84%93%E3%84%9C%CB%8A#selectL"
"ㄓ","ㄓㄜˊ","讋","https://dict.concised.moe.edu.tw/searchP.jsp?SN=%E3%84%93&SN2=%E3%84%93%E3%84%9C%CB%8A#selectL"
"ㄓ","ㄓㄜˋ","浙","https://dict.concised.moe.edu.tw/searchP.jsp?SN=%E3%84%93&SN2=%E3%84%93%E3%84%9C%CB%8B#selectL"
"ㄓ","ㄓㄜˋ","這","https://dict.concised.moe.edu.tw/searchP.jsp?SN=%E3%84%93&SN2=%E3%84%93%E3%84%9C%CB%8B#selectL"
"ㄓ","ㄓㄜˋ","蔗","https://dict.concised.moe.edu.tw/searchP.jsp?SN=%E3%84%93&SN2=%E3%84%93%E3%84%9C%CB%8B#selectL"
"ㄓ","ㄓㄜˋ","鷓","https://dict.concised.moe.edu.tw/searchP.jsp?SN=%E3%84%93&SN2=%E3%84%93%E3%84%9C%CB%8B#selectL"
"ㄓ","ㄓㄞ","摘","https://dict.concised.moe.edu.tw/searchP.jsp?SN=%E3%84%93&SN2=%E3%84%93%E3%84%9E#selectL"
"ㄓ","ㄓㄞ","齋","https://dict.concised.moe.edu.tw/searchP.jsp?SN=%E3%84%93&SN2=%E3%84%93%E3%84%9E#selectL"
"ㄓ","ㄓㄞˇ","窄","https://dict.concised.moe.edu.tw/searchP.jsp?SN=%E3%84%93&SN2=%E3%84%93%E3%84%9E%CB%87#selectL"
"ㄓ","ㄓㄞˊ","宅","https://dict.concised.moe.edu.tw/searchP.jsp?SN=%E3%84%93&SN2=%E3%84%93%E3%84%9E%CB%8A#selectL"
"ㄓ","ㄓㄞˊ","翟","https://dict.concised.moe.edu.tw/searchP.jsp?SN=%E3%84%93&SN2=%E3%84%93%E3%84%9E%CB%8A#selectL"
"ㄓ","ㄓㄞˋ","柴","https://dict.concised.moe.edu.tw/searchP.jsp?SN=%E3%84%93&SN2=%E3%84%93%E3%84%9E%CB%8B#selectL"
"ㄓ","ㄓㄞˋ","債","https://dict.concised.moe.edu.tw/searchP.jsp?SN=%E3%84%93&SN2=%E3%84%93%E3%84%9E%CB%8B#selectL"
"ㄓ","ㄓㄞˋ","寨","https://dict.concised.moe.edu.tw/searchP.jsp?SN=%E3%84%93&SN2=%E3%84%93%E3%84%9E%CB%8B#selectL"
"ㄓ","ㄓㄠ","招","https://dict.concised.moe.edu.tw/searchP.jsp?SN=%E3%84%93&SN2=%E3%84%93%E3%84%A0#selectL"
"ㄓ","ㄓㄠ","昭","https://dict.concised.moe.edu.tw/searchP.jsp?SN=%E3%84%93&SN2=%E3%84%93%E3%84%A0#selectL"
"ㄓ","ㄓㄠ","釗","https://dict.concised.moe.edu.tw/searchP.jsp?SN=%E3%84%93&SN2=%E3%84%93%E3%84%A0#selectL"
"ㄓ","ㄓㄠ","朝","https://dict.concised.moe.edu.tw/searchP.jsp?SN=%E3%84%93&SN2=%E3%84%93%E3%84%A0#selectL"
"ㄓ","ㄓㄠ","著","https://dict.concised.moe.edu.tw/searchP.jsp?SN=%E3%84%93&SN2=%E3%84%93%E3%84%A0#selectL"
"ㄓ","ㄓㄠˇ","爪","https://dict.concised.moe.edu.tw/searchP.jsp?SN=%E3%84%93&SN2=%E3%84%93%E3%84%A0%CB%87#selectL"
"ㄓ","ㄓㄠˇ","找","https://dict.concised.moe.edu.tw/searchP.jsp?SN=%E3%84%93&SN2=%E3%84%93%E3%84%A0%CB%87#selectL"
"ㄓ","ㄓㄠˇ","沼","https://dict.concised.moe.edu.tw/searchP.jsp?SN=%E3%84%93&SN2=%E3%84%93%E3%84%A0%CB%87#selectL"
"ㄓ","ㄓㄠˊ","著","https://dict.concised.moe.edu.tw/searchP.jsp?SN=%E3%84%93&SN2=%E3%84%93%E3%84%A0%CB%8A#selectL"
"ㄓ","ㄓㄠˋ","召","https://dict.concised.moe.edu.tw/searchP.jsp?SN=%E3%84%93&SN2=%E3%84%93%E3%84%A0%CB%8B#selectL"
"ㄓ","ㄓㄠˋ","兆","https://dict.concised.moe.edu.tw/searchP.jsp?SN=%E3%84%93&SN2=%E3%84%93%E3%84%A0%CB%8B#selectL"
"ㄓ","ㄓㄠˋ","炤","https://dict.concised.moe.edu.tw/searchP.jsp?SN=%E3%84%93&SN2=%E3%84%93%E3%84%A0%CB%8B#selectL"
"ㄓ","ㄓㄠˋ","棹","https://dict.concised.moe.edu.tw/searchP.jsp?SN=%E3%84%93&SN2=%E3%84%93%E3%84%A0%CB%8B#selectL"
"ㄓ","ㄓㄠˋ","詔","https://dict.concised.moe.edu.tw/searchP.jsp?SN=%E3%84%93&SN2=%E3%84%93%E3%84%A0%CB%8B#selectL"
"ㄓ","ㄓㄠˋ","照","https://dict.concised.moe.edu.tw/searchP.jsp?SN=%E3%84%93&SN2=%E3%84%93%E3%84%A0%CB%8B#selectL"
"ㄓ","ㄓㄠˋ","罩","https://dict.concised.moe.edu.tw/searchP.jsp?SN=%E3%84%93&SN2=%E3%84%93%E3%84%A0%CB%8B#selectL"
"ㄓ","ㄓㄠˋ","肇","https://dict.concised.moe.edu.tw/searchP.jsp?SN=%E3%84%93&SN2=%E3%84%93%E3%84%A0%CB%8B#selectL"
"ㄓ","ㄓㄠˋ","趙","https://dict.concised.moe.edu.tw/searchP.jsp?SN=%E3%84%93&SN2=%E3%84%93%E3%84%A0%CB%8B#selectL"
"ㄓ","ㄓㄠˋ","櫂","https://dict.concised.moe.edu.tw/searchP.jsp?SN=%E3%84%93&SN2=%E3%84%93%E3%84%A0%CB%8B#selectL"
"ㄓ","ㄓㄡ","州","https://dict.concised.moe.edu.tw/searchP.jsp?SN=%E3%84%93&SN2=%E3%84%93%E3%84%A1#selectL"
"ㄓ","ㄓㄡ","舟","https://dict.concised.moe.edu.tw/searchP.jsp?SN=%E3%84%93&SN2=%E3%84%93%E3%84%A1#selectL"
"ㄓ","ㄓㄡ","周","https://dict.concised.moe.edu.tw/searchP.jsp?SN=%E3%84%93&SN2=%E3%84%93%E3%84%A1#selectL"
"ㄓ","ㄓㄡ","洲","https://dict.concised.moe.edu.tw/searchP.jsp?SN=%E3%84%93&SN2=%E3%84%93%E3%84%A1#selectL"
"ㄓ","ㄓㄡ","啁","https://dict.concised.moe.edu.tw/searchP.jsp?SN=%E3%84%93&SN2=%E3%84%93%E3%84%A1#selectL"
"ㄓ","ㄓㄡ","粥","https://dict.concised.moe.edu.tw/searchP.jsp?SN=%E3%84%93&SN2=%E3%84%93%E3%84%A1#selectL"
"ㄓ","ㄓㄡ","週","https://dict.concised.moe.edu.tw/searchP.jsp?SN=%E3%84%93&SN2=%E3%84%93%E3%84%A1#selectL"
"ㄓ","ㄓㄡˇ","肘","https://dict.concised.moe.edu.tw/searchP.jsp?SN=%E3%84%93&SN2=%E3%84%93%E3%84%A1%CB%87#selectL"
"ㄓ","ㄓㄡˇ","帚","https://dict.concised.moe.edu.tw/searchP.jsp?SN=%E3%84%93&SN2=%E3%84%93%E3%84%A1%CB%87#selectL"
"ㄓ","ㄓㄡˊ","妯","https://dict.concised.moe.edu.tw/searchP.jsp?SN=%E3%84%93&SN2=%E3%84%93%E3%84%A1%CB%8A#selectL"
"ㄓ","ㄓㄡˊ","軸","https://dict.concised.moe.edu.tw/searchP.jsp?SN=%E3%84%93&SN2=%E3%84%93%E3%84%A1%CB%8A#selectL"
"ㄓ","ㄓㄡˋ","咒","https://dict.concised.moe.edu.tw/searchP.jsp?SN=%E3%84%93&SN2=%E3%84%93%E3%84%A1%CB%8B#selectL"
"ㄓ","ㄓㄡˋ","宙","https://dict.concised.moe.edu.tw/searchP.jsp?SN=%E3%84%93&SN2=%E3%84%93%E3%84%A1%CB%8B#selectL"
"ㄓ","ㄓㄡˋ","冑","https://dict.concised.moe.edu.tw/searchP.jsp?SN=%E3%84%93&SN2=%E3%84%93%E3%84%A1%CB%8B#selectL"
"ㄓ","ㄓㄡˋ","紂","https://dict.concised.moe.edu.tw/searchP.jsp?SN=%E3%84%93&SN2=%E3%84%93%E3%84%A1%CB%8B#selectL"
"ㄓ","ㄓㄡˋ","胄","https://dict.concised.moe.edu.tw/searchP.jsp?SN=%E3%84%93&SN2=%E3%84%93%E3%84%A1%CB%8B#selectL"
"ㄓ","ㄓㄡˋ","晝","https://dict.concised.moe.edu.tw/searchP.jsp?SN=%E3%84%93&SN2=%E3%84%93%E3%84%A1%CB%8B#selectL"
"ㄓ","ㄓㄡˋ","皺","https://dict.concised.moe.edu.tw/searchP.jsp?SN=%E3%84%93&SN2=%E3%84%93%E3%84%A1%CB%8B#selectL"
"ㄓ","ㄓㄡˋ","縐","https://dict.concised.moe.edu.tw/searchP.jsp?SN=%E3%84%93&SN2=%E3%84%93%E3%84%A1%CB%8B#selectL"
"ㄓ","ㄓㄡˋ","籀","https://dict.concised.moe.edu.tw/searchP.jsp?SN=%E3%84%93&SN2=%E3%84%93%E3%84%A1%CB%8B#selectL"
"ㄓ","ㄓㄢ","占","https://dict.concised.moe.edu.tw/searchP.jsp?SN=%E3%84%93&SN2=%E3%84%93%E3%84%A2#selectL"
"ㄓ","ㄓㄢ","沾","https://dict.concised.moe.edu.tw/searchP.jsp?SN=%E3%84%93&SN2=%E3%84%93%E3%84%A2#selectL"
"ㄓ","ㄓㄢ","詹","https://dict.concised.moe.edu.tw/searchP.jsp?SN=%E3%84%93&SN2=%E3%84%93%E3%84%A2#selectL"
"ㄓ","ㄓㄢ","霑","https://dict.concised.moe.edu.tw/searchP.jsp?SN=%E3%84%93&SN2=%E3%84%93%E3%84%A2#selectL"
"ㄓ","ㄓㄢ","氈","https://dict.concised.moe.edu.tw/searchP.jsp?SN=%E3%84%93&SN2=%E3%84%93%E3%84%A2#selectL"
"ㄓ","ㄓㄢ","邅","https://dict.concised.moe.edu.tw/searchP.jsp?SN=%E3%84%93&SN2=%E3%84%93%E3%84%A2#selectL"
"ㄓ","ㄓㄢ","瞻","https://dict.concised.moe.edu.tw/searchP.jsp?SN=%E3%84%93&SN2=%E3%84%93%E3%84%A2#selectL"
"ㄓ","ㄓㄢ","饘","https://dict.concised.moe.edu.tw/searchP.jsp?SN=%E3%84%93&SN2=%E3%84%93%E3%84%A2#selectL"
"ㄓ","ㄓㄢˇ","展","https://dict.concised.moe.edu.tw/searchP.jsp?SN=%E3%84%93&SN2=%E3%84%93%E3%84%A2%CB%87#selectL"
"ㄓ","ㄓㄢˇ","斬","https://dict.concised.moe.edu.tw/searchP.jsp?SN=%E3%84%93&SN2=%E3%84%93%E3%84%A2%CB%87#selectL"
"ㄓ","ㄓㄢˇ","盞","https://dict.concised.moe.edu.tw/searchP.jsp?SN=%E3%84%93&SN2=%E3%84%93%E3%84%A2%CB%87#selectL"
"ㄓ","ㄓㄢˇ","嶄","https://dict.concised.moe.edu.tw/searchP.jsp?SN=%E3%84%93&SN2=%E3%84%93%E3%84%A2%CB%87#selectL"
"ㄓ","ㄓㄢˇ","颭","https://dict.concised.moe.edu.tw/searchP.jsp?SN=%E3%84%93&SN2=%E3%84%93%E3%84%A2%CB%87#selectL"
"ㄓ","ㄓㄢˇ","輾","https://dict.concised.moe.edu.tw/searchP.jsp?SN=%E3%84%93&SN2=%E3%84%93%E3%84%A2%CB%87#selectL"
"ㄓ","ㄓㄢˋ","占","https://dict.concised.moe.edu.tw/searchP.jsp?SN=%E3%84%93&SN2=%E3%84%93%E3%84%A2%CB%8B#selectL"
"ㄓ","ㄓㄢˋ","佔","https://dict.concised.moe.edu.tw/searchP.jsp?SN=%E3%84%93&SN2=%E3%84%93%E3%84%A2%CB%8B#selectL"
"ㄓ","ㄓㄢˋ","站","https://dict.concised.moe.edu.tw/searchP.jsp?SN=%E3%84%93&SN2=%E3%84%93%E3%84%A2%CB%8B#selectL"
"ㄓ","ㄓㄢˋ","棧","https://dict.concised.moe.edu.tw/searchP.jsp?SN=%E3%84%93&SN2=%E3%84%93%E3%84%A2%CB%8B#selectL"
"ㄓ","ㄓㄢˋ","湛","https://dict.concised.moe.edu.tw/searchP.jsp?SN=%E3%84%93&SN2=%E3%84%93%E3%84%A2%CB%8B#selectL"
"ㄓ","ㄓㄢˋ","綻","https://dict.concised.moe.edu.tw/searchP.jsp?SN=%E3%84%93&SN2=%E3%84%93%E3%84%A2%CB%8B#selectL"
"ㄓ","ㄓㄢˋ","暫","https://dict.concised.moe.edu.tw/searchP.jsp?SN=%E3%84%93&SN2=%E3%84%93%E3%84%A2%CB%8B#selectL"
"ㄓ","ㄓㄢˋ","戰","https://dict.concised.moe.edu.tw/searchP.jsp?SN=%E3%84%93&SN2=%E3%84%93%E3%84%A2%CB%8B#selectL"
"ㄓ","ㄓㄢˋ","顫","https://dict.concised.moe.edu.tw/searchP.jsp?SN=%E3%84%93&SN2=%E3%84%93%E3%84%A2%CB%8B#selectL"
"ㄓ","ㄓㄢˋ","蘸","https://dict.concised.moe.edu.tw/searchP.jsp?SN=%E3%84%93&SN2=%E3%84%93%E3%84%A2%CB%8B#selectL"
"ㄓ","ㄓㄣ","珍","https://dict.concised.moe.edu.tw/searchP.jsp?SN=%E3%84%93&SN2=%E3%84%93%E3%84%A3#selectL"
"ㄓ","ㄓㄣ","貞","https://dict.concised.moe.edu.tw/searchP.jsp?SN=%E3%84%93&SN2=%E3%84%93%E3%84%A3#selectL"
"ㄓ","ㄓㄣ","真","https://dict.concised.moe.edu.tw/searchP.jsp?SN=%E3%84%93&SN2=%E3%84%93%E3%84%A3#selectL"
"ㄓ","ㄓㄣ","砧","https://dict.concised.moe.edu.tw/searchP.jsp?SN=%E3%84%93&SN2=%E3%84%93%E3%84%A3#selectL"
"ㄓ","ㄓㄣ","針","https://dict.concised.moe.edu.tw/searchP.jsp?SN=%E3%84%93&SN2=%E3%84%93%E3%84%A3#selectL"
"ㄓ","ㄓㄣ","偵","https://dict.concised.moe.edu.tw/searchP.jsp?SN=%E3%84%93&SN2=%E3%84%93%E3%84%A3#selectL"
"ㄓ","ㄓㄣ","斟","https://dict.concised.moe.edu.tw/searchP.jsp?SN=%E3%84%93&SN2=%E3%84%93%E3%84%A3#selectL"
"ㄓ","ㄓㄣ","椹","https://dict.concised.moe.edu.tw/searchP.jsp?SN=%E3%84%93&SN2=%E3%84%93%E3%84%A3#selectL"
"ㄓ","ㄓㄣ","楨","https://dict.concised.moe.edu.tw/searchP.jsp?SN=%E3%84%93&SN2=%E3%84%93%E3%84%A3#selectL"
"ㄓ","ㄓㄣ","榛","https://dict.concised.moe.edu.tw/searchP.jsp?SN=%E3%84%93&SN2=%E3%84%93%E3%84%A3#selectL"
"ㄓ","ㄓㄣ","甄","https://dict.concised.moe.edu.tw/searchP.jsp?SN=%E3%84%93&SN2=%E3%84%93%E3%84%A3#selectL"
"ㄓ","ㄓㄣ","禎","https://dict.concised.moe.edu.tw/searchP.jsp?SN=%E3%84%93&SN2=%E3%84%93%E3%84%A3#selectL"
"ㄓ","ㄓㄣ","蓁","https://dict.concised.moe.edu.tw/searchP.jsp?SN=%E3%84%93&SN2=%E3%84%93%E3%84%A3#selectL"
"ㄓ","ㄓㄣ","箴","https://dict.concised.moe.edu.tw/searchP.jsp?SN=%E3%84%93&SN2=%E3%84%93%E3%84%A3#selectL"
"ㄓ","ㄓㄣ","臻","https://dict.concised.moe.edu.tw/searchP.jsp?SN=%E3%84%93&SN2=%E3%84%93%E3%84%A3#selectL"
"ㄓ","ㄓㄣˇ","枕","https://dict.concised.moe.edu.tw/searchP.jsp?SN=%E3%84%93&SN2=%E3%84%93%E3%84%A3%CB%87#selectL"
"ㄓ","ㄓㄣˇ","畛","https://dict.concised.moe.edu.tw/searchP.jsp?SN=%E3%84%93&SN2=%E3%84%93%E3%84%A3%CB%87#selectL"
"ㄓ","ㄓㄣˇ","疹","https://dict.concised.moe.edu.tw/searchP.jsp?SN=%E3%84%93&SN2=%E3%84%93%E3%84%A3%CB%87#selectL"
"ㄓ","ㄓㄣˇ","診","https://dict.concised.moe.edu.tw/searchP.jsp?SN=%E3%84%93&SN2=%E3%84%93%E3%84%A3%CB%87#selectL"
"ㄓ","ㄓㄣˇ","軫","https://dict.concised.moe.edu.tw/searchP.jsp?SN=%E3%84%93&SN2=%E3%84%93%E3%84%A3%CB%87#selectL"
"ㄓ","ㄓㄣˇ","稹","https://dict.concised.moe.edu.tw/searchP.jsp?SN=%E3%84%93&SN2=%E3%84%93%E3%84%A3%CB%87#selectL"
"ㄓ","ㄓㄣˇ","縝","https://dict.concised.moe.edu.tw/searchP.jsp?SN=%E3%84%93&SN2=%E3%84%93%E3%84%A3%CB%87#selectL"
"ㄓ","ㄓㄣˋ","圳","https://dict.concised.moe.edu.tw/searchP.jsp?SN=%E3%84%93&SN2=%E3%84%93%E3%84%A3%CB%8B#selectL"
"ㄓ","ㄓㄣˋ","枕","https://dict.concised.moe.edu.tw/searchP.jsp?SN=%E3%84%93&SN2=%E3%84%93%E3%84%A3%CB%8B#selectL"
"ㄓ","ㄓㄣˋ","振","https://dict.concised.moe.edu.tw/searchP.jsp?SN=%E3%84%93&SN2=%E3%84%93%E3%84%A3%CB%8B#selectL"
"ㄓ","ㄓㄣˋ","朕","https://dict.concised.moe.edu.tw/searchP.jsp?SN=%E3%84%93&SN2=%E3%84%93%E3%84%A3%CB%8B#selectL"
"ㄓ","ㄓㄣˋ","陣","https://dict.concised.moe.edu.tw/searchP.jsp?SN=%E3%84%93&SN2=%E3%84%93%E3%84%A3%CB%8B#selectL"
"ㄓ","ㄓㄣˋ","賑","https://dict.concised.moe.edu.tw/searchP.jsp?SN=%E3%84%93&SN2=%E3%84%93%E3%84%A3%CB%8B#selectL"
"ㄓ","ㄓㄣˋ","震","https://dict.concised.moe.edu.tw/searchP.jsp?SN=%E3%84%93&SN2=%E3%84%93%E3%84%A3%CB%8B#selectL"
"ㄓ","ㄓㄣˋ","鴆","https://dict.concised.moe.edu.tw/searchP.jsp?SN=%E3%84%93&SN2=%E3%84%93%E3%84%A3%CB%8B#selectL"
"ㄓ","ㄓㄣˋ","鎮","https://dict.concised.moe.edu.tw/searchP.jsp?SN=%E3%84%93&SN2=%E3%84%93%E3%84%A3%CB%8B#selectL"
"ㄓ","ㄓㄤ","張","https://dict.concised.moe.edu.tw/searchP.jsp?SN=%E3%84%93&SN2=%E3%84%93%E3%84%A4#selectL"
"ㄓ","ㄓㄤ","章","https://dict.concised.moe.edu.tw/searchP.jsp?SN=%E3%84%93&SN2=%E3%84%93%E3%84%A4#selectL"
"ㄓ","ㄓㄤ","彰","https://dict.concised.moe.edu.tw/searchP.jsp?SN=%E3%84%93&SN2=%E3%84%93%E3%84%A4#selectL"
"ㄓ","ㄓㄤ","漳","https://dict.concised.moe.edu.tw/searchP.jsp?SN=%E3%84%93&SN2=%E3%84%93%E3%84%A4#selectL"
"ㄓ","ㄓㄤ","獐","https://dict.concised.moe.edu.tw/searchP.jsp?SN=%E3%84%93&SN2=%E3%84%93%E3%84%A4#selectL"
"ㄓ","ㄓㄤ","樟","https://dict.concised.moe.edu.tw/searchP.jsp?SN=%E3%84%93&SN2=%E3%84%93%E3%84%A4#selectL"
"ㄓ","ㄓㄤ","璋","https://dict.concised.moe.edu.tw/searchP.jsp?SN=%E3%84%93&SN2=%E3%84%93%E3%84%A4#selectL"
"ㄓ","ㄓㄤ","蟑","https://dict.concised.moe.edu.tw/searchP.jsp?SN=%E3%84%93&SN2=%E3%84%93%E3%84%A4#selectL"
"ㄓ","ㄓㄤˇ","仉","https://dict.concised.moe.edu.tw/searchP.jsp?SN=%E3%84%93&SN2=%E3%84%93%E3%84%A4%CB%87#selectL"
"ㄓ","ㄓㄤˇ","長","https://dict.concised.moe.edu.tw/searchP.jsp?SN=%E3%84%93&SN2=%E3%84%93%E3%84%A4%CB%87#selectL"
"ㄓ","ㄓㄤˇ","掌","https://dict.concised.moe.edu.tw/searchP.jsp?SN=%E3%84%93&SN2=%E3%84%93%E3%84%A4%CB%87#selectL"
"ㄓ","ㄓㄤˇ","漲","https://dict.concised.moe.edu.tw/searchP.jsp?SN=%E3%84%93&SN2=%E3%84%93%E3%84%A4%CB%87#selectL"
"ㄓ","ㄓㄤˋ","丈","https://dict.concised.moe.edu.tw/searchP.jsp?SN=%E3%84%93&SN2=%E3%84%93%E3%84%A4%CB%8B#selectL"
"ㄓ","ㄓㄤˋ","仗","https://dict.concised.moe.edu.tw/searchP.jsp?SN=%E3%84%93&SN2=%E3%84%93%E3%84%A4%CB%8B#selectL"
"ㄓ","ㄓㄤˋ","杖","https://dict.concised.moe.edu.tw/searchP.jsp?SN=%E3%84%93&SN2=%E3%84%93%E3%84%A4%CB%8B#selectL"
"ㄓ","ㄓㄤˋ","帳","https://dict.concised.moe.edu.tw/searchP.jsp?SN=%E3%84%93&SN2=%E3%84%93%E3%84%A4%CB%8B#selectL"
"ㄓ","ㄓㄤˋ","脹","https://dict.concised.moe.edu.tw/searchP.jsp?SN=%E3%84%93&SN2=%E3%84%93%E3%84%A4%CB%8B#selectL"
"ㄓ","ㄓㄤˋ","嶂","https://dict.concised.moe.edu.tw/searchP.jsp?SN=%E3%84%93&SN2=%E3%84%93%E3%84%A4%CB%8B#selectL"
"ㄓ","ㄓㄤˋ","幛","https://dict.concised.moe.edu.tw/searchP.jsp?SN=%E3%84%93&SN2=%E3%84%93%E3%84%A4%CB%8B#selectL"
"ㄓ","ㄓㄤˋ","漲","https://dict.concised.moe.edu.tw/searchP.jsp?SN=%E3%84%93&SN2=%E3%84%93%E3%84%A4%CB%8B#selectL"
"ㄓ","ㄓㄤˋ","障","https://dict.concised.moe.edu.tw/searchP.jsp?SN=%E3%84%93&SN2=%E3%84%93%E3%84%A4%CB%8B#selectL"
"ㄓ","ㄓㄤˋ","賬","https://dict.concised.moe.edu.tw/searchP.jsp?SN=%E3%84%93&SN2=%E3%84%93%E3%84%A4%CB%8B#selectL"
"ㄓ","ㄓㄤˋ","瘴","https://dict.concised.moe.edu.tw/searchP.jsp?SN=%E3%84%93&SN2=%E3%84%93%E3%84%A4%CB%8B#selectL"
"ㄓ","ㄓㄥ","正","https://dict.concised.moe.edu.tw/searchP.jsp?SN=%E3%84%93&SN2=%E3%84%93%E3%84%A5#selectL"
"ㄓ","ㄓㄥ","征","https://dict.concised.moe.edu.tw/searchP.jsp?SN=%E3%84%93&SN2=%E3%84%93%E3%84%A5#selectL"
"ㄓ","ㄓㄥ","怔","https://dict.concised.moe.edu.tw/searchP.jsp?SN=%E3%84%93&SN2=%E3%84%93%E3%84%A5#selectL"
"ㄓ","ㄓㄥ","爭","https://dict.concised.moe.edu.tw/searchP.jsp?SN=%E3%84%93&SN2=%E3%84%93%E3%84%A5#selectL"
"ㄓ","ㄓㄥ","烝","https://dict.concised.moe.edu.tw/searchP.jsp?SN=%E3%84%93&SN2=%E3%84%93%E3%84%A5#selectL"
"ㄓ","ㄓㄥ","崢","https://dict.concised.moe.edu.tw/searchP.jsp?SN=%E3%84%93&SN2=%E3%84%93%E3%84%A5#selectL"
"ㄓ","ㄓㄥ","掙","https://dict.concised.moe.edu.tw/searchP.jsp?SN=%E3%84%93&SN2=%E3%84%93%E3%84%A5#selectL"
"ㄓ","ㄓㄥ","猙","https://dict.concised.moe.edu.tw/searchP.jsp?SN=%E3%84%93&SN2=%E3%84%93%E3%84%A5#selectL"
"ㄓ","ㄓㄥ","睜","https://dict.concised.moe.edu.tw/searchP.jsp?SN=%E3%84%93&SN2=%E3%84%93%E3%84%A5#selectL"
"ㄓ","ㄓㄥ","鉦","https://dict.concised.moe.edu.tw/searchP.jsp?SN=%E3%84%93&SN2=%E3%84%93%E3%84%A5#selectL"
"ㄓ","ㄓㄥ","蒸","https://dict.concised.moe.edu.tw/searchP.jsp?SN=%E3%84%93&SN2=%E3%84%93%E3%84%A5#selectL"
"ㄓ","ㄓㄥ","箏","https://dict.concised.moe.edu.tw/searchP.jsp?SN=%E3%84%93&SN2=%E3%84%93%E3%84%A5#selectL"
"ㄓ","ㄓㄥ","徵","https://dict.concised.moe.edu.tw/searchP.jsp?SN=%E3%84%93&SN2=%E3%84%93%E3%84%A5#selectL"
"ㄓ","ㄓㄥ","諍","https://dict.concised.moe.edu.tw/searchP.jsp?SN=%E3%84%93&SN2=%E3%84%93%E3%84%A5#selectL"
"ㄓ","ㄓㄥ","錚","https://dict.concised.moe.edu.tw/searchP.jsp?SN=%E3%84%93&SN2=%E3%84%93%E3%84%A5#selectL"
"ㄓ","ㄓㄥ","癥","https://dict.concised.moe.edu.tw/searchP.jsp?SN=%E3%84%93&SN2=%E3%84%93%E3%84%A5#selectL"
"ㄓ","ㄓㄥˇ","拯","https://dict.concised.moe.edu.tw/searchP.jsp?SN=%E3%84%93&SN2=%E3%84%93%E3%84%A5%CB%87#selectL"
"ㄓ","ㄓㄥˇ","整","https://dict.concised.moe.edu.tw/searchP.jsp?SN=%E3%84%93&SN2=%E3%84%93%E3%84%A5%CB%87#selectL"
"ㄓ","ㄓㄥˋ","正","https://dict.concised.moe.edu.tw/searchP.jsp?SN=%E3%84%93&SN2=%E3%84%93%E3%84%A5%CB%8B#selectL"
"ㄓ","ㄓㄥˋ","政","https://dict.concised.moe.edu.tw/searchP.jsp?SN=%E3%84%93&SN2=%E3%84%93%E3%84%A5%CB%8B#selectL"
"ㄓ","ㄓㄥˋ","症","https://dict.concised.moe.edu.tw/searchP.jsp?SN=%E3%84%93&SN2=%E3%84%93%E3%84%A5%CB%8B#selectL"
"ㄓ","ㄓㄥˋ","掙","https://dict.concised.moe.edu.tw/searchP.jsp?SN=%E3%84%93&SN2=%E3%84%93%E3%84%A5%CB%8B#selectL"
"ㄓ","ㄓㄥˋ","幀","https://dict.concised.moe.edu.tw/searchP.jsp?SN=%E3%84%93&SN2=%E3%84%93%E3%84%A5%CB%8B#selectL"
"ㄓ","ㄓㄥˋ","証","https://dict.concised.moe.edu.tw/searchP.jsp?SN=%E3%84%93&SN2=%E3%84%93%E3%84%A5%CB%8B#selectL"
"ㄓ","ㄓㄥˋ","鄭","https://dict.concised.moe.edu.tw/searchP.jsp?SN=%E3%84%93&SN2=%E3%84%93%E3%84%A5%CB%8B#selectL"
"ㄓ","ㄓㄥˋ","證","https://dict.concised.moe.edu.tw/searchP.jsp?SN=%E3%84%93&SN2=%E3%84%93%E3%84%A5%CB%8B#selectL"
"ㄓ","ㄓㄨ","朱","https://dict.concised.moe.edu.tw/searchP.jsp?SN=%E3%84%93&SN2=%E3%84%93%E3%84%A8#selectL"
"ㄓ","ㄓㄨ","侏","https://dict.concised.moe.edu.tw/searchP.jsp?SN=%E3%84%93&SN2=%E3%84%93%E3%84%A8#selectL"
"ㄓ","ㄓㄨ","洙","https://dict.concised.moe.edu.tw/searchP.jsp?SN=%E3%84%93&SN2=%E3%84%93%E3%84%A8#selectL"
"ㄓ","ㄓㄨ","株","https://dict.concised.moe.edu.tw/searchP.jsp?SN=%E3%84%93&SN2=%E3%84%93%E3%84%A8#selectL"
"ㄓ","ㄓㄨ","珠","https://dict.concised.moe.edu.tw/searchP.jsp?SN=%E3%84%93&SN2=%E3%84%93%E3%84%A8#selectL"
"ㄓ","ㄓㄨ","茱","https://dict.concised.moe.edu.tw/searchP.jsp?SN=%E3%84%93&SN2=%E3%84%93%E3%84%A8#selectL"
"ㄓ","ㄓㄨ","硃","https://dict.concised.moe.edu.tw/searchP.jsp?SN=%E3%84%93&SN2=%E3%84%93%E3%84%A8#selectL"
"ㄓ","ㄓㄨ","蛛","https://dict.concised.moe.edu.tw/searchP.jsp?SN=%E3%84%93&SN2=%E3%84%93%E3%84%A8#selectL"
"ㄓ","ㄓㄨ","誅","https://dict.concised.moe.edu.tw/searchP.jsp?SN=%E3%84%93&SN2=%E3%84%93%E3%84%A8#selectL"
"ㄓ","ㄓㄨ","銖","https://dict.concised.moe.edu.tw/searchP.jsp?SN=%E3%84%93&SN2=%E3%84%93%E3%84%A8#selectL"
"ㄓ","ㄓㄨ","諸","https://dict.concised.moe.edu.tw/searchP.jsp?SN=%E3%84%93&SN2=%E3%84%93%E3%84%A8#selectL"
"ㄓ","ㄓㄨ","豬","https://dict.concised.moe.edu.tw/searchP.jsp?SN=%E3%84%93&SN2=%E3%84%93%E3%84%A8#selectL"
"ㄓ","ㄓㄨ","瀦","https://dict.concised.moe.edu.tw/searchP.jsp?SN=%E3%84%93&SN2=%E3%84%93%E3%84%A8#selectL"
"ㄓ","ㄓㄨ","櫫","https://dict.concised.moe.edu.tw/searchP.jsp?SN=%E3%84%93&SN2=%E3%84%93%E3%84%A8#selectL"
"ㄓ","ㄓㄨ","藷","https://dict.concised.moe.edu.tw/searchP.jsp?SN=%E3%84%93&SN2=%E3%84%93%E3%84%A8#selectL"
"ㄓ","ㄓㄨˇ","主","https://dict.concised.moe.edu.tw/searchP.jsp?SN=%E3%84%93&SN2=%E3%84%93%E3%84%A8%CB%87#selectL"
"ㄓ","ㄓㄨˇ","拄","https://dict.concised.moe.edu.tw/searchP.jsp?SN=%E3%84%93&SN2=%E3%84%93%E3%84%A8%CB%87#selectL"
"ㄓ","ㄓㄨˇ","渚","https://dict.concised.moe.edu.tw/searchP.jsp?SN=%E3%84%93&SN2=%E3%84%93%E3%84%A8%CB%87#selectL"
"ㄓ","ㄓㄨˇ","煮","https://dict.concised.moe.edu.tw/searchP.jsp?SN=%E3%84%93&SN2=%E3%84%93%E3%84%A8%CB%87#selectL"
"ㄓ","ㄓㄨˇ","貯","https://dict.concised.moe.edu.tw/searchP.jsp?SN=%E3%84%93&SN2=%E3%84%93%E3%84%A8%CB%87#selectL"
"ㄓ","ㄓㄨˇ","麈","https://dict.concised.moe.edu.tw/searchP.jsp?SN=%E3%84%93&SN2=%E3%84%93%E3%84%A8%CB%87#selectL"
"ㄓ","ㄓㄨˇ","屬","https://dict.concised.moe.edu.tw/searchP.jsp?SN=%E3%84%93&SN2=%E3%84%93%E3%84%A8%CB%87#selectL"
"ㄓ","ㄓㄨˇ","囑","https://dict.concised.moe.edu.tw/searchP.jsp?SN=%E3%84%93&SN2=%E3%84%93%E3%84%A8%CB%87#selectL"
"ㄓ","ㄓㄨˇ","矚","https://dict.concised.moe.edu.tw/searchP.jsp?SN=%E3%84%93&SN2=%E3%84%93%E3%84%A8%CB%87#selectL"
"ㄓ","ㄓㄨˊ","朮","https://dict.concised.moe.edu.tw/searchP.jsp?SN=%E3%84%93&SN2=%E3%84%93%E3%84%A8%CB%8A#selectL"
"ㄓ","ㄓㄨˊ","竹","https://dict.concised.moe.edu.tw/searchP.jsp?SN=%E3%84%93&SN2=%E3%84%93%E3%84%A8%CB%8A#selectL"
"ㄓ","ㄓㄨˊ","竺","https://dict.concised.moe.edu.tw/searchP.jsp?SN=%E3%84%93&SN2=%E3%84%93%E3%84%A8%CB%8A#selectL"
"ㄓ","ㄓㄨˊ","舳","https://dict.concised.moe.edu.tw/searchP.jsp?SN=%E3%84%93&SN2=%E3%84%93%E3%84%A8%CB%8A#selectL"
"ㄓ","ㄓㄨˊ","逐","https://dict.concised.moe.edu.tw/searchP.jsp?SN=%E3%84%93&SN2=%E3%84%93%E3%84%A8%CB%8A#selectL"
"ㄓ","ㄓㄨˊ","筑","https://dict.concised.moe.edu.tw/searchP.jsp?SN=%E3%84%93&SN2=%E3%84%93%E3%84%A8%CB%8A#selectL"
"ㄓ","ㄓㄨˊ","築","https://dict.concised.moe.edu.tw/searchP.jsp?SN=%E3%84%93&SN2=%E3%84%93%E3%84%A8%CB%8A#selectL"
"ㄓ","ㄓㄨˊ","燭","https://dict.concised.moe.edu.tw/searchP.jsp?SN=%E3%84%93&SN2=%E3%84%93%E3%84%A8%CB%8A#selectL"
"ㄓ","ㄓㄨˊ","躅","https://dict.concised.moe.edu.tw/searchP.jsp?SN=%E3%84%93&SN2=%E3%84%93%E3%84%A8%CB%8A#selectL"
"ㄓ","ㄓㄨˋ","佇","https://dict.concised.moe.edu.tw/searchP.jsp?SN=%E3%84%93&SN2=%E3%84%93%E3%84%A8%CB%8B#selectL"
"ㄓ","ㄓㄨˋ","住","https://dict.concised.moe.edu.tw/searchP.jsp?SN=%E3%84%93&SN2=%E3%84%93%E3%84%A8%CB%8B#selectL"
"ㄓ","ㄓㄨˋ","助","https://dict.concised.moe.edu.tw/searchP.jsp?SN=%E3%84%93&SN2=%E3%84%93%E3%84%A8%CB%8B#selectL"
"ㄓ","ㄓㄨˋ","杼","https://dict.concised.moe.edu.tw/searchP.jsp?SN=%E3%84%93&SN2=%E3%84%93%E3%84%A8%CB%8B#selectL"
"ㄓ","ㄓㄨˋ","注","https://dict.concised.moe.edu.tw/searchP.jsp?SN=%E3%84%93&SN2=%E3%84%93%E3%84%A8%CB%8B#selectL"
"ㄓ","ㄓㄨˋ","柱","https://dict.concised.moe.edu.tw/searchP.jsp?SN=%E3%84%93&SN2=%E3%84%93%E3%84%A8%CB%8B#selectL"
"ㄓ","ㄓㄨˋ","炷","https://dict.concised.moe.edu.tw/searchP.jsp?SN=%E3%84%93&SN2=%E3%84%93%E3%84%A8%CB%8B#selectL"
"ㄓ","ㄓㄨˋ","苧","https://dict.concised.moe.edu.tw/searchP.jsp?SN=%E3%84%93&SN2=%E3%84%93%E3%84%A8%CB%8B#selectL"
"ㄓ","ㄓㄨˋ","祝","https://dict.concised.moe.edu.tw/searchP.jsp?SN=%E3%84%93&SN2=%E3%84%93%E3%84%A8%CB%8B#selectL"
"ㄓ","ㄓㄨˋ","蛀","https://dict.concised.moe.edu.tw/searchP.jsp?SN=%E3%84%93&SN2=%E3%84%93%E3%84%A8%CB%8B#selectL"
"ㄓ","ㄓㄨˋ","粥","https://dict.concised.moe.edu.tw/searchP.jsp?SN=%E3%84%93&SN2=%E3%84%93%E3%84%A8%CB%8B#selectL"
"ㄓ","ㄓㄨˋ","著","https://dict.concised.moe.edu.tw/searchP.jsp?SN=%E3%84%93&SN2=%E3%84%93%E3%84%A8%CB%8B#selectL"
"ㄓ","ㄓㄨˋ","註","https://dict.concised.moe.edu.tw/searchP.jsp?SN=%E3%84%93&SN2=%E3%84%93%E3%84%A8%CB%8B#selectL"
"ㄓ","ㄓㄨˋ","箸","https://dict.concised.moe.edu.tw/searchP.jsp?SN=%E3%84%93&SN2=%E3%84%93%E3%84%A8%CB%8B#selectL"
"ㄓ","ㄓㄨˋ","駐","https://dict.concised.moe.edu.tw/searchP.jsp?SN=%E3%84%93&SN2=%E3%84%93%E3%84%A8%CB%8B#selectL"
"ㄓ","ㄓㄨˋ","鑄","https://dict.concised.moe.edu.tw/searchP.jsp?SN=%E3%84%93&SN2=%E3%84%93%E3%84%A8%CB%8B#selectL"
"ㄓ","ㄓㄨㄚ","抓","https://dict.concised.moe.edu.tw/searchP.jsp?SN=%E3%84%93&SN2=%E3%84%93%E3%84%A8%E3%84%9A#selectL"
"ㄓ","ㄓㄨㄚˇ","爪","https://dict.concised.moe.edu.tw/searchP.jsp?SN=%E3%84%93&SN2=%E3%84%93%E3%84%A8%E3%84%9A%CB%87#selectL"
"ㄓ","ㄓㄨㄛ","捉","https://dict.concised.moe.edu.tw/searchP.jsp?SN=%E3%84%93&SN2=%E3%84%93%E3%84%A8%E3%84%9B#selectL"
"ㄓ","ㄓㄨㄛ","桌","https://dict.concised.moe.edu.tw/searchP.jsp?SN=%E3%84%93&SN2=%E3%84%93%E3%84%A8%E3%84%9B#selectL"
"ㄓ","ㄓㄨㄛ","棹","https://dict.concised.moe.edu.tw/searchP.jsp?SN=%E3%84%93&SN2=%E3%84%93%E3%84%A8%E3%84%9B#selectL"
"ㄓ","ㄓㄨㄛˊ","勺","https://dict.concised.moe.edu.tw/searchP.jsp?SN=%E3%84%93&SN2=%E3%84%93%E3%84%A8%E3%84%9B%CB%8A#selectL"
"ㄓ","ㄓㄨㄛˊ","灼","https://dict.concised.moe.edu.tw/searchP.jsp?SN=%E3%84%93&SN2=%E3%84%93%E3%84%A8%E3%84%9B%CB%8A#selectL"
"ㄓ","ㄓㄨㄛˊ","卓","https://dict.concised.moe.edu.tw/searchP.jsp?SN=%E3%84%93&SN2=%E3%84%93%E3%84%A8%E3%84%9B%CB%8A#selectL"
"ㄓ","ㄓㄨㄛˊ","拙","https://dict.concised.moe.edu.tw/searchP.jsp?SN=%E3%84%93&SN2=%E3%84%93%E3%84%A8%E3%84%9B%CB%8A#selectL"
"ㄓ","ㄓㄨㄛˊ","茁","https://dict.concised.moe.edu.tw/searchP.jsp?SN=%E3%84%93&SN2=%E3%84%93%E3%84%A8%E3%84%9B%CB%8A#selectL"
"ㄓ","ㄓㄨㄛˊ","浞","https://dict.concised.moe.edu.tw/searchP.jsp?SN=%E3%84%93&SN2=%E3%84%93%E3%84%A8%E3%84%9B%CB%8A#selectL"
"ㄓ","ㄓㄨㄛˊ","酌","https://dict.concised.moe.edu.tw/searchP.jsp?SN=%E3%84%93&SN2=%E3%84%93%E3%84%A8%E3%84%9B%CB%8A#selectL"
"ㄓ","ㄓㄨㄛˊ","啄","https://dict.concised.moe.edu.tw/searchP.jsp?SN=%E3%84%93&SN2=%E3%84%93%E3%84%A8%E3%84%9B%CB%8A#selectL"
"ㄓ","ㄓㄨㄛˊ","琢","https://dict.concised.moe.edu.tw/searchP.jsp?SN=%E3%84%93&SN2=%E3%84%93%E3%84%A8%E3%84%9B%CB%8A#selectL"
"ㄓ","ㄓㄨㄛˊ","著","https://dict.concised.moe.edu.tw/searchP.jsp?SN=%E3%84%93&SN2=%E3%84%93%E3%84%A8%E3%84%9B%CB%8A#selectL"
"ㄓ","ㄓㄨㄛˊ","斲","https://dict.concised.moe.edu.tw/searchP.jsp?SN=%E3%84%93&SN2=%E3%84%93%E3%84%A8%E3%84%9B%CB%8A#selectL"
"ㄓ","ㄓㄨㄛˊ","濁","https://dict.concised.moe.edu.tw/searchP.jsp?SN=%E3%84%93&SN2=%E3%84%93%E3%84%A8%E3%84%9B%CB%8A#selectL"
"ㄓ","ㄓㄨㄛˊ","擢","https://dict.concised.moe.edu.tw/searchP.jsp?SN=%E3%84%93&SN2=%E3%84%93%E3%84%A8%E3%84%9B%CB%8A#selectL"
"ㄓ","ㄓㄨㄛˊ","濯","https://dict.concised.moe.edu.tw/searchP.jsp?SN=%E3%84%93&SN2=%E3%84%93%E3%84%A8%E3%84%9B%CB%8A#selectL"
"ㄓ","ㄓㄨㄛˊ","繳","https://dict.concised.moe.edu.tw/searchP.jsp?SN=%E3%84%93&SN2=%E3%84%93%E3%84%A8%E3%84%9B%CB%8A#selectL"
"ㄓ","ㄓㄨㄛˊ","鐲","https://dict.concised.moe.edu.tw/searchP.jsp?SN=%E3%84%93&SN2=%E3%84%93%E3%84%A8%E3%84%9B%CB%8A#selectL"
"ㄓ","ㄓㄨㄞˇ","跩","https://dict.concised.moe.edu.tw/searchP.jsp?SN=%E3%84%93&SN2=%E3%84%93%E3%84%A8%E3%84%9E%CB%87#selectL"
"ㄓ","ㄓㄨㄞˋ","拽","https://dict.concised.moe.edu.tw/searchP.jsp?SN=%E3%84%93&SN2=%E3%84%93%E3%84%A8%E3%84%9E%CB%8B#selectL"
"ㄓ","ㄓㄨㄟ","隹","https://dict.concised.moe.edu.tw/searchP.jsp?SN=%E3%84%93&SN2=%E3%84%93%E3%84%A8%E3%84%9F#selectL"
"ㄓ","ㄓㄨㄟ","追","https://dict.concised.moe.edu.tw/searchP.jsp?SN=%E3%84%93&SN2=%E3%84%93%E3%84%A8%E3%84%9F#selectL"
"ㄓ","ㄓㄨㄟ","椎","https://dict.concised.moe.edu.tw/searchP.jsp?SN=%E3%84%93&SN2=%E3%84%93%E3%84%A8%E3%84%9F#selectL"
"ㄓ","ㄓㄨㄟ","錐","https://dict.concised.moe.edu.tw/searchP.jsp?SN=%E3%84%93&SN2=%E3%84%93%E3%84%A8%E3%84%9F#selectL"
"ㄓ","ㄓㄨㄟ","騅","https://dict.concised.moe.edu.tw/searchP.jsp?SN=%E3%84%93&SN2=%E3%84%93%E3%84%A8%E3%84%9F#selectL"
"ㄓ","ㄓㄨㄟˋ","惴","https://dict.concised.moe.edu.tw/searchP.jsp?SN=%E3%84%93&SN2=%E3%84%93%E3%84%A8%E3%84%9F%CB%8B#selectL"
"ㄓ","ㄓㄨㄟˋ","綴","https://dict.concised.moe.edu.tw/searchP.jsp?SN=%E3%84%93&SN2=%E3%84%93%E3%84%A8%E3%84%9F%CB%8B#selectL"
"ㄓ","ㄓㄨㄟˋ","墜","https://dict.concised.moe.edu.tw/searchP.jsp?SN=%E3%84%93&SN2=%E3%84%93%E3%84%A8%E3%84%9F%CB%8B#selectL"
"ㄓ","ㄓㄨㄟˋ","縋","https://dict.concised.moe.edu.tw/searchP.jsp?SN=%E3%84%93&SN2=%E3%84%93%E3%84%A8%E3%84%9F%CB%8B#selectL"
"ㄓ","ㄓㄨㄟˋ","贅","https://dict.concised.moe.edu.tw/searchP.jsp?SN=%E3%84%93&SN2=%E3%84%93%E3%84%A8%E3%84%9F%CB%8B#selectL"
"ㄓ","ㄓㄨㄢ","專","https://dict.concised.moe.edu.tw/searchP.jsp?SN=%E3%84%93&SN2=%E3%84%93%E3%84%A8%E3%84%A2#selectL"
"ㄓ","ㄓㄨㄢ","磚","https://dict.concised.moe.edu.tw/searchP.jsp?SN=%E3%84%93&SN2=%E3%84%93%E3%84%A8%E3%84%A2#selectL"
"ㄓ","ㄓㄨㄢ","顓","https://dict.concised.moe.edu.tw/searchP.jsp?SN=%E3%84%93&SN2=%E3%84%93%E3%84%A8%E3%84%A2#selectL"
"ㄓ","ㄓㄨㄢˇ","轉","https://dict.concised.moe.edu.tw/searchP.jsp?SN=%E3%84%93&SN2=%E3%84%93%E3%84%A8%E3%84%A2%CB%87#selectL"
"ㄓ","ㄓㄨㄢˇ","囀","https://dict.concised.moe.edu.tw/searchP.jsp?SN=%E3%84%93&SN2=%E3%84%93%E3%84%A8%E3%84%A2%CB%87#selectL"
"ㄓ","ㄓㄨㄢˋ","傳","https://dict.concised.moe.edu.tw/searchP.jsp?SN=%E3%84%93&SN2=%E3%84%93%E3%84%A8%E3%84%A2%CB%8B#selectL"
"ㄓ","ㄓㄨㄢˋ","撰","https://dict.concised.moe.edu.tw/searchP.jsp?SN=%E3%84%93&SN2=%E3%84%93%E3%84%A8%E3%84%A2%CB%8B#selectL"
"ㄓ","ㄓㄨㄢˋ","篆","https://dict.concised.moe.edu.tw/searchP.jsp?SN=%E3%84%93&SN2=%E3%84%93%E3%84%A8%E3%84%A2%CB%8B#selectL"
"ㄓ","ㄓㄨㄢˋ","賺","https://dict.concised.moe.edu.tw/searchP.jsp?SN=%E3%84%93&SN2=%E3%84%93%E3%84%A8%E3%84%A2%CB%8B#selectL"
"ㄓ","ㄓㄨㄢˋ","轉","https://dict.concised.moe.edu.tw/searchP.jsp?SN=%E3%84%93&SN2=%E3%84%93%E3%84%A8%E3%84%A2%CB%8B#selectL"
"ㄓ","ㄓㄨㄢˋ","饌","https://dict.concised.moe.edu.tw/searchP.jsp?SN=%E3%84%93&SN2=%E3%84%93%E3%84%A8%E3%84%A2%CB%8B#selectL"
"ㄓ","ㄓㄨㄣ","屯","https://dict.concised.moe.edu.tw/searchP.jsp?SN=%E3%84%93&SN2=%E3%84%93%E3%84%A8%E3%84%A3#selectL"
"ㄓ","ㄓㄨㄣ","肫","https://dict.concised.moe.edu.tw/searchP.jsp?SN=%E3%84%93&SN2=%E3%84%93%E3%84%A8%E3%84%A3#selectL"
"ㄓ","ㄓㄨㄣ","迍","https://dict.concised.moe.edu.tw/searchP.jsp?SN=%E3%84%93&SN2=%E3%84%93%E3%84%A8%E3%84%A3#selectL"
"ㄓ","ㄓㄨㄣ","諄","https://dict.concised.moe.edu.tw/searchP.jsp?SN=%E3%84%93&SN2=%E3%84%93%E3%84%A8%E3%84%A3#selectL"
"ㄓ","ㄓㄨㄣˇ","准","https://dict.concised.moe.edu.tw/searchP.jsp?SN=%E3%84%93&SN2=%E3%84%93%E3%84%A8%E3%84%A3%CB%87#selectL"
"ㄓ","ㄓㄨㄣˇ","隼","https://dict.concised.moe.edu.tw/searchP.jsp?SN=%E3%84%93&SN2=%E3%84%93%E3%84%A8%E3%84%A3%CB%87#selectL"
"ㄓ","ㄓㄨㄣˇ","準","https://dict.concised.moe.edu.tw/searchP.jsp?SN=%E3%84%93&SN2=%E3%84%93%E3%84%A8%E3%84%A3%CB%87#selectL"
"ㄓ","ㄓㄨㄤ","妝","https://dict.concised.moe.edu.tw/searchP.jsp?SN=%E3%84%93&SN2=%E3%84%93%E3%84%A8%E3%84%A4#selectL"
"ㄓ","ㄓㄨㄤ","莊","https://dict.concised.moe.edu.tw/searchP.jsp?SN=%E3%84%93&SN2=%E3%84%93%E3%84%A8%E3%84%A4#selectL"
"ㄓ","ㄓㄨㄤ","裝","https://dict.concised.moe.edu.tw/searchP.jsp?SN=%E3%84%93&SN2=%E3%84%93%E3%84%A8%E3%84%A4#selectL"
"ㄓ","ㄓㄨㄤ","樁","https://dict.concised.moe.edu.tw/searchP.jsp?SN=%E3%84%93&SN2=%E3%84%93%E3%84%A8%E3%84%A4#selectL"
"ㄓ","ㄓㄨㄤˋ","壯","https://dict.concised.moe.edu.tw/searchP.jsp?SN=%E3%84%93&SN2=%E3%84%93%E3%84%A8%E3%84%A4%CB%8B#selectL"
"ㄓ","ㄓㄨㄤˋ","狀","https://dict.concised.moe.edu.tw/searchP.jsp?SN=%E3%84%93&SN2=%E3%84%93%E3%84%A8%E3%84%A4%CB%8B#selectL"
"ㄓ","ㄓㄨㄤˋ","僮","https://dict.concised.moe.edu.tw/searchP.jsp?SN=%E3%84%93&SN2=%E3%84%93%E3%84%A8%E3%84%A4%CB%8B#selectL"
"ㄓ","ㄓㄨㄤˋ","撞","https://dict.concised.moe.edu.tw/searchP.jsp?SN=%E3%84%93&SN2=%E3%84%93%E3%84%A8%E3%84%A4%CB%8B#selectL"
"ㄓ","ㄓㄨㄤˋ","戇","https://dict.concised.moe.edu.tw/searchP.jsp?SN=%E3%84%93&SN2=%E3%84%93%E3%84%A8%E3%84%A4%CB%8B#selectL"
"ㄓ","ㄓㄨㄥ","中","https://dict.concised.moe.edu.tw/searchP.jsp?SN=%E3%84%93&SN2=%E3%84%93%E3%84%A8%E3%84%A5#selectL"
"ㄓ","ㄓㄨㄥ","忪","https://dict.concised.moe.edu.tw/searchP.jsp?SN=%E3%84%93&SN2=%E3%84%93%E3%84%A8%E3%84%A5#selectL"
"ㄓ","ㄓㄨㄥ","忠","https://dict.concised.moe.edu.tw/searchP.jsp?SN=%E3%84%93&SN2=%E3%84%93%E3%84%A8%E3%84%A5#selectL"
"ㄓ","ㄓㄨㄥ","盅","https://dict.concised.moe.edu.tw/searchP.jsp?SN=%E3%84%93&SN2=%E3%84%93%E3%84%A8%E3%84%A5#selectL"
"ㄓ","ㄓㄨㄥ","衷","https://dict.concised.moe.edu.tw/searchP.jsp?SN=%E3%84%93&SN2=%E3%84%93%E3%84%A8%E3%84%A5#selectL"
"ㄓ","ㄓㄨㄥ","終","https://dict.concised.moe.edu.tw/searchP.jsp?SN=%E3%84%93&SN2=%E3%84%93%E3%84%A8%E3%84%A5#selectL"
"ㄓ","ㄓㄨㄥ","螽","https://dict.concised.moe.edu.tw/searchP.jsp?SN=%E3%84%93&SN2=%E3%84%93%E3%84%A8%E3%84%A5#selectL"
"ㄓ","ㄓㄨㄥ","鍾","https://dict.concised.moe.edu.tw/searchP.jsp?SN=%E3%84%93&SN2=%E3%84%93%E3%84%A8%E3%84%A5#selectL"
"ㄓ","ㄓㄨㄥ","鐘","https://dict.concised.moe.edu.tw/searchP.jsp?SN=%E3%84%93&SN2=%E3%84%93%E3%84%A8%E3%84%A5#selectL"
"ㄓ","ㄓㄨㄥˇ","冢","https://dict.concised.moe.edu.tw/searchP.jsp?SN=%E3%84%93&SN2=%E3%84%93%E3%84%A8%E3%84%A5%CB%87#selectL"
"ㄓ","ㄓㄨㄥˇ","塚","https://dict.concised.moe.edu.tw/searchP.jsp?SN=%E3%84%93&SN2=%E3%84%93%E3%84%A8%E3%84%A5%CB%87#selectL"
"ㄓ","ㄓㄨㄥˇ","腫","https://dict.concised.moe.edu.tw/searchP.jsp?SN=%E3%84%93&SN2=%E3%84%93%E3%84%A8%E3%84%A5%CB%87#selectL"
"ㄓ","ㄓㄨㄥˇ","種","https://dict.concised.moe.edu.tw/searchP.jsp?SN=%E3%84%93&SN2=%E3%84%93%E3%84%A8%E3%84%A5%CB%87#selectL"
"ㄓ","ㄓㄨㄥˇ","踵","https://dict.concised.moe.edu.tw/searchP.jsp?SN=%E3%84%93&SN2=%E3%84%93%E3%84%A8%E3%84%A5%CB%87#selectL"
"ㄓ","ㄓㄨㄥˋ","中","https://dict.concised.moe.edu.tw/searchP.jsp?SN=%E3%84%93&SN2=%E3%84%93%E3%84%A8%E3%84%A5%CB%8B#selectL"
"ㄓ","ㄓㄨㄥˋ","仲","https://dict.concised.moe.edu.tw/searchP.jsp?SN=%E3%84%93&SN2=%E3%84%93%E3%84%A8%E3%84%A5%CB%8B#selectL"
"ㄓ","ㄓㄨㄥˋ","重","https://dict.concised.moe.edu.tw/searchP.jsp?SN=%E3%84%93&SN2=%E3%84%93%E3%84%A8%E3%84%A5%CB%8B#selectL"
"ㄓ","ㄓㄨㄥˋ","眾","https://dict.concised.moe.edu.tw/searchP.jsp?SN=%E3%84%93&SN2=%E3%84%93%E3%84%A8%E3%84%A5%CB%8B#selectL"
"ㄓ","ㄓㄨㄥˋ","種","https://dict.concised.moe.edu.tw/searchP.jsp?SN=%E3%84%93&SN2=%E3%84%93%E3%84%A8%E3%84%A5%CB%8B#selectL"
"ㄔ","ㄔ","吃","https://dict.concised.moe.edu.tw/searchP.jsp?SN=%E3%84%94&SN2=%E3%84%94#selectL"
"ㄔ","ㄔ","哧","https://dict.concised.moe.edu.tw/searchP.jsp?SN=%E3%84%94&SN2=%E3%84%94#selectL"
"ㄔ","ㄔ","蚩","https://dict.concised.moe.edu.tw/searchP.jsp?SN=%E3%84%94&SN2=%E3%84%94#selectL"
"ㄔ","ㄔ","笞","https://dict.concised.moe.edu.tw/searchP.jsp?SN=%E3%84%94&SN2=%E3%84%94#selectL"
"ㄔ","ㄔ","喫","https://dict.concised.moe.edu.tw/searchP.jsp?SN=%E3%84%94&SN2=%E3%84%94#selectL"
"ㄔ","ㄔ","嗤","https://dict.concised.moe.edu.tw/searchP.jsp?SN=%E3%84%94&SN2=%E3%84%94#selectL"
"ㄔ","ㄔ","痴","https://dict.concised.moe.edu.tw/searchP.jsp?SN=%E3%84%94&SN2=%E3%84%94#selectL"
"ㄔ","ㄔ","鴟","https://dict.concised.moe.edu.tw/searchP.jsp?SN=%E3%84%94&SN2=%E3%84%94#selectL"
"ㄔ","ㄔ","魑","https://dict.concised.moe.edu.tw/searchP.jsp?SN=%E3%84%94&SN2=%E3%84%94#selectL"
"ㄔ","ㄔˇ","尺","https://dict.concised.moe.edu.tw/searchP.jsp?SN=%E3%84%94&SN2=%E3%84%94%CB%87#selectL"
"ㄔ","ㄔˇ","呎","https://dict.concised.moe.edu.tw/searchP.jsp?SN=%E3%84%94&SN2=%E3%84%94%CB%87#selectL"
"ㄔ","ㄔˇ","侈","https://dict.concised.moe.edu.tw/searchP.jsp?SN=%E3%84%94&SN2=%E3%84%94%CB%87#selectL"
"ㄔ","ㄔˇ","恥","https://dict.concised.moe.edu.tw/searchP.jsp?SN=%E3%84%94&SN2=%E3%84%94%CB%87#selectL"
"ㄔ","ㄔˇ","豉","https://dict.concised.moe.edu.tw/searchP.jsp?SN=%E3%84%94&SN2=%E3%84%94%CB%87#selectL"
"ㄔ","ㄔˇ","齒","https://dict.concised.moe.edu.tw/searchP.jsp?SN=%E3%84%94&SN2=%E3%84%94%CB%87#selectL"
"ㄔ","ㄔˇ","褫","https://dict.concised.moe.edu.tw/searchP.jsp?SN=%E3%84%94&SN2=%E3%84%94%CB%87#selectL"
"ㄔ","ㄔˊ","弛","https://dict.concised.moe.edu.tw/searchP.jsp?SN=%E3%84%94&SN2=%E3%84%94%CB%8A#selectL"
"ㄔ","ㄔˊ","池","https://dict.concised.moe.edu.tw/searchP.jsp?SN=%E3%84%94&SN2=%E3%84%94%CB%8A#selectL"
"ㄔ","ㄔˊ","持","https://dict.concised.moe.edu.tw/searchP.jsp?SN=%E3%84%94&SN2=%E3%84%94%CB%8A#selectL"
"ㄔ","ㄔˊ","匙","https://dict.concised.moe.edu.tw/searchP.jsp?SN=%E3%84%94&SN2=%E3%84%94%CB%8A#selectL"
"ㄔ","ㄔˊ","馳","https://dict.concised.moe.edu.tw/searchP.jsp?SN=%E3%84%94&SN2=%E3%84%94%CB%8A#selectL"
"ㄔ","ㄔˊ","墀","https://dict.concised.moe.edu.tw/searchP.jsp?SN=%E3%84%94&SN2=%E3%84%94%CB%8A#selectL"
"ㄔ","ㄔˊ","踟","https://dict.concised.moe.edu.tw/searchP.jsp?SN=%E3%84%94&SN2=%E3%84%94%CB%8A#selectL"
"ㄔ","ㄔˊ","遲","https://dict.concised.moe.edu.tw/searchP.jsp?SN=%E3%84%94&SN2=%E3%84%94%CB%8A#selectL"
"ㄔ","ㄔˋ","彳","https://dict.concised.moe.edu.tw/searchP.jsp?SN=%E3%84%94&SN2=%E3%84%94%CB%8B#selectL"
"ㄔ","ㄔˋ","叱","https://dict.concised.moe.edu.tw/searchP.jsp?SN=%E3%84%94&SN2=%E3%84%94%CB%8B#selectL"
"ㄔ","ㄔˋ","斥","https://dict.concised.moe.edu.tw/searchP.jsp?SN=%E3%84%94&SN2=%E3%84%94%CB%8B#selectL"
"ㄔ","ㄔˋ","赤","https://dict.concised.moe.edu.tw/searchP.jsp?SN=%E3%84%94&SN2=%E3%84%94%CB%8B#selectL"
"ㄔ","ㄔˋ","翅","https://dict.concised.moe.edu.tw/searchP.jsp?SN=%E3%84%94&SN2=%E3%84%94%CB%8B#selectL"
"ㄔ","ㄔˋ","敕","https://dict.concised.moe.edu.tw/searchP.jsp?SN=%E3%84%94&SN2=%E3%84%94%CB%8B#selectL"
"ㄔ","ㄔˋ","啻","https://dict.concised.moe.edu.tw/searchP.jsp?SN=%E3%84%94&SN2=%E3%84%94%CB%8B#selectL"
"ㄔ","ㄔˋ","飭","https://dict.concised.moe.edu.tw/searchP.jsp?SN=%E3%84%94&SN2=%E3%84%94%CB%8B#selectL"
"ㄔ","ㄔˋ","熾","https://dict.concised.moe.edu.tw/searchP.jsp?SN=%E3%84%94&SN2=%E3%84%94%CB%8B#selectL"
"ㄔ","ㄔㄚ","叉","https://dict.concised.moe.edu.tw/searchP.jsp?SN=%E3%84%94&SN2=%E3%84%94%E3%84%9A#selectL"
"ㄔ","ㄔㄚ","杈","https://dict.concised.moe.edu.tw/searchP.jsp?SN=%E3%84%94&SN2=%E3%84%94%E3%84%9A#selectL"
"ㄔ","ㄔㄚ","差","https://dict.concised.moe.edu.tw/searchP.jsp?SN=%E3%84%94&SN2=%E3%84%94%E3%84%9A#selectL"
"ㄔ","ㄔㄚ","插","https://dict.concised.moe.edu.tw/searchP.jsp?SN=%E3%84%94&SN2=%E3%84%94%E3%84%9A#selectL"
"ㄔ","ㄔㄚˊ","查","https://dict.concised.moe.edu.tw/searchP.jsp?SN=%E3%84%94&SN2=%E3%84%94%E3%84%9A%CB%8A#selectL"
"ㄔ","ㄔㄚˊ","茶","https://dict.concised.moe.edu.tw/searchP.jsp?SN=%E3%84%94&SN2=%E3%84%94%E3%84%9A%CB%8A#selectL"
"ㄔ","ㄔㄚˊ","搽","https://dict.concised.moe.edu.tw/searchP.jsp?SN=%E3%84%94&SN2=%E3%84%94%E3%84%9A%CB%8A#selectL"
"ㄔ","ㄔㄚˊ","察","https://dict.concised.moe.edu.tw/searchP.jsp?SN=%E3%84%94&SN2=%E3%84%94%E3%84%9A%CB%8A#selectL"
"ㄔ","ㄔㄚˊ","槎","https://dict.concised.moe.edu.tw/searchP.jsp?SN=%E3%84%94&SN2=%E3%84%94%E3%84%9A%CB%8A#selectL"
"ㄔ","ㄔㄚˊ","碴","https://dict.concised.moe.edu.tw/searchP.jsp?SN=%E3%84%94&SN2=%E3%84%94%E3%84%9A%CB%8A#selectL"
"ㄔ","ㄔㄚˋ","汊","https://dict.concised.moe.edu.tw/searchP.jsp?SN=%E3%84%94&SN2=%E3%84%94%E3%84%9A%CB%8B#selectL"
"ㄔ","ㄔㄚˋ","岔","https://dict.concised.moe.edu.tw/searchP.jsp?SN=%E3%84%94&SN2=%E3%84%94%E3%84%9A%CB%8B#selectL"
"ㄔ","ㄔㄚˋ","剎","https://dict.concised.moe.edu.tw/searchP.jsp?SN=%E3%84%94&SN2=%E3%84%94%E3%84%9A%CB%8B#selectL"
"ㄔ","ㄔㄚˋ","衩","https://dict.concised.moe.edu.tw/searchP.jsp?SN=%E3%84%94&SN2=%E3%84%94%E3%84%9A%CB%8B#selectL"
"ㄔ","ㄔㄚˋ","詫","https://dict.concised.moe.edu.tw/searchP.jsp?SN=%E3%84%94&SN2=%E3%84%94%E3%84%9A%CB%8B#selectL"
"ㄔ","ㄔㄜ","車","https://dict.concised.moe.edu.tw/searchP.jsp?SN=%E3%84%94&SN2=%E3%84%94%E3%84%9C#selectL"
"ㄔ","ㄔㄜˇ","尺","https://dict.concised.moe.edu.tw/searchP.jsp?SN=%E3%84%94&SN2=%E3%84%94%E3%84%9C%CB%87#selectL"
"ㄔ","ㄔㄜˇ","扯","https://dict.concised.moe.edu.tw/searchP.jsp?SN=%E3%84%94&SN2=%E3%84%94%E3%84%9C%CB%87#selectL"
"ㄔ","ㄔㄜˋ","掣","https://dict.concised.moe.edu.tw/searchP.jsp?SN=%E3%84%94&SN2=%E3%84%94%E3%84%9C%CB%8B#selectL"
"ㄔ","ㄔㄜˋ","徹","https://dict.concised.moe.edu.tw/searchP.jsp?SN=%E3%84%94&SN2=%E3%84%94%E3%84%9C%CB%8B#selectL"
"ㄔ","ㄔㄜˋ","撤","https://dict.concised.moe.edu.tw/searchP.jsp?SN=%E3%84%94&SN2=%E3%84%94%E3%84%9C%CB%8B#selectL"
"ㄔ","ㄔㄜˋ","澈","https://dict.concised.moe.edu.tw/searchP.jsp?SN=%E3%84%94&SN2=%E3%84%94%E3%84%9C%CB%8B#selectL"
"ㄔ","ㄔㄜˋ","轍","https://dict.concised.moe.edu.tw/searchP.jsp?SN=%E3%84%94&SN2=%E3%84%94%E3%84%9C%CB%8B#selectL"
"ㄔ","ㄔㄞ","拆","https://dict.concised.moe.edu.tw/searchP.jsp?SN=%E3%84%94&SN2=%E3%84%94%E3%84%9E#selectL"
"ㄔ","ㄔㄞ","差","https://dict.concised.moe.edu.tw/searchP.jsp?SN=%E3%84%94&SN2=%E3%84%94%E3%84%9E#selectL"
"ㄔ","ㄔㄞ","釵","https://dict.concised.moe.edu.tw/searchP.jsp?SN=%E3%84%94&SN2=%E3%84%94%E3%84%9E#selectL"
"ㄔ","ㄔㄞˊ","柴","https://dict.concised.moe.edu.tw/searchP.jsp?SN=%E3%84%94&SN2=%E3%84%94%E3%84%9E%CB%8A#selectL"
"ㄔ","ㄔㄞˊ","豺","https://dict.concised.moe.edu.tw/searchP.jsp?SN=%E3%84%94&SN2=%E3%84%94%E3%84%9E%CB%8A#selectL"
"ㄔ","ㄔㄞˊ","儕","https://dict.concised.moe.edu.tw/searchP.jsp?SN=%E3%84%94&SN2=%E3%84%94%E3%84%9E%CB%8A#selectL"
"ㄔ","ㄔㄠ","抄","https://dict.concised.moe.edu.tw/searchP.jsp?SN=%E3%84%94&SN2=%E3%84%94%E3%84%A0#selectL"
"ㄔ","ㄔㄠ","超","https://dict.concised.moe.edu.tw/searchP.jsp?SN=%E3%84%94&SN2=%E3%84%94%E3%84%A0#selectL"
"ㄔ","ㄔㄠ","鈔","https://dict.concised.moe.edu.tw/searchP.jsp?SN=%E3%84%94&SN2=%E3%84%94%E3%84%A0#selectL"
"ㄔ","ㄔㄠ","勦","https://dict.concised.moe.edu.tw/searchP.jsp?SN=%E3%84%94&SN2=%E3%84%94%E3%84%A0#selectL"
"ㄔ","ㄔㄠˇ","吵","https://dict.concised.moe.edu.tw/searchP.jsp?SN=%E3%84%94&SN2=%E3%84%94%E3%84%A0%CB%87#selectL"
"ㄔ","ㄔㄠˇ","炒","https://dict.concised.moe.edu.tw/searchP.jsp?SN=%E3%84%94&SN2=%E3%84%94%E3%84%A0%CB%87#selectL"
"ㄔ","ㄔㄠˊ","晁","https://dict.concised.moe.edu.tw/searchP.jsp?SN=%E3%84%94&SN2=%E3%84%94%E3%84%A0%CB%8A#selectL"
"ㄔ","ㄔㄠˊ","巢","https://dict.concised.moe.edu.tw/searchP.jsp?SN=%E3%84%94&SN2=%E3%84%94%E3%84%A0%CB%8A#selectL"
"ㄔ","ㄔㄠˊ","朝","https://dict.concised.moe.edu.tw/searchP.jsp?SN=%E3%84%94&SN2=%E3%84%94%E3%84%A0%CB%8A#selectL"
"ㄔ","ㄔㄠˊ","嘲","https://dict.concised.moe.edu.tw/searchP.jsp?SN=%E3%84%94&SN2=%E3%84%94%E3%84%A0%CB%8A#selectL"
"ㄔ","ㄔㄠˊ","潮","https://dict.concised.moe.edu.tw/searchP.jsp?SN=%E3%84%94&SN2=%E3%84%94%E3%84%A0%CB%8A#selectL"
"ㄔ","ㄔㄡ","抽","https://dict.concised.moe.edu.tw/searchP.jsp?SN=%E3%84%94&SN2=%E3%84%94%E3%84%A1#selectL"
"ㄔ","ㄔㄡˇ","丑","https://dict.concised.moe.edu.tw/searchP.jsp?SN=%E3%84%94&SN2=%E3%84%94%E3%84%A1%CB%87#selectL"
"ㄔ","ㄔㄡˇ","瞅","https://dict.concised.moe.edu.tw/searchP.jsp?SN=%E3%84%94&SN2=%E3%84%94%E3%84%A1%CB%87#selectL"
"ㄔ","ㄔㄡˇ","醜","https://dict.concised.moe.edu.tw/searchP.jsp?SN=%E3%84%94&SN2=%E3%84%94%E3%84%A1%CB%87#selectL"
"ㄔ","ㄔㄡˊ","仇","https://dict.concised.moe.edu.tw/searchP.jsp?SN=%E3%84%94&SN2=%E3%84%94%E3%84%A1%CB%8A#selectL"
"ㄔ","ㄔㄡˊ","惆","https://dict.concised.moe.edu.tw/searchP.jsp?SN=%E3%84%94&SN2=%E3%84%94%E3%84%A1%CB%8A#selectL"
"ㄔ","ㄔㄡˊ","愁","https://dict.concised.moe.edu.tw/searchP.jsp?SN=%E3%84%94&SN2=%E3%84%94%E3%84%A1%CB%8A#selectL"
"ㄔ","ㄔㄡˊ","稠","https://dict.concised.moe.edu.tw/searchP.jsp?SN=%E3%84%94&SN2=%E3%84%94%E3%84%A1%CB%8A#selectL"
"ㄔ","ㄔㄡˊ","酬","https://dict.concised.moe.edu.tw/searchP.jsp?SN=%E3%84%94&SN2=%E3%84%94%E3%84%A1%CB%8A#selectL"
"ㄔ","ㄔㄡˊ","綢","https://dict.concised.moe.edu.tw/searchP.jsp?SN=%E3%84%94&SN2=%E3%84%94%E3%84%A1%CB%8A#selectL"
"ㄔ","ㄔㄡˊ","儔","https://dict.concised.moe.edu.tw/searchP.jsp?SN=%E3%84%94&SN2=%E3%84%94%E3%84%A1%CB%8A#selectL"
"ㄔ","ㄔㄡˊ","鯈","https://dict.concised.moe.edu.tw/searchP.jsp?SN=%E3%84%94&SN2=%E3%84%94%E3%84%A1%CB%8A#selectL"
"ㄔ","ㄔㄡˊ","疇","https://dict.concised.moe.edu.tw/searchP.jsp?SN=%E3%84%94&SN2=%E3%84%94%E3%84%A1%CB%8A#selectL"
"ㄔ","ㄔㄡˊ","籌","https://dict.concised.moe.edu.tw/searchP.jsp?SN=%E3%84%94&SN2=%E3%84%94%E3%84%A1%CB%8A#selectL"
"ㄔ","ㄔㄡˊ","躊","https://dict.concised.moe.edu.tw/searchP.jsp?SN=%E3%84%94&SN2=%E3%84%94%E3%84%A1%CB%8A#selectL"
"ㄔ","ㄔㄡˊ","讎","https://dict.concised.moe.edu.tw/searchP.jsp?SN=%E3%84%94&SN2=%E3%84%94%E3%84%A1%CB%8A#selectL"
"ㄔ","ㄔㄡˋ","臭","https://dict.concised.moe.edu.tw/searchP.jsp?SN=%E3%84%94&SN2=%E3%84%94%E3%84%A1%CB%8B#selectL"
"ㄔ","ㄔㄢ","摻","https://dict.concised.moe.edu.tw/searchP.jsp?SN=%E3%84%94&SN2=%E3%84%94%E3%84%A2#selectL"
"ㄔ","ㄔㄢ","攙","https://dict.concised.moe.edu.tw/searchP.jsp?SN=%E3%84%94&SN2=%E3%84%94%E3%84%A2#selectL"
"ㄔ","ㄔㄢˇ","產","https://dict.concised.moe.edu.tw/searchP.jsp?SN=%E3%84%94&SN2=%E3%84%94%E3%84%A2%CB%87#selectL"
"ㄔ","ㄔㄢˇ","剷","https://dict.concised.moe.edu.tw/searchP.jsp?SN=%E3%84%94&SN2=%E3%84%94%E3%84%A2%CB%87#selectL"
"ㄔ","ㄔㄢˇ","諂","https://dict.concised.moe.edu.tw/searchP.jsp?SN=%E3%84%94&SN2=%E3%84%94%E3%84%A2%CB%87#selectL"
"ㄔ","ㄔㄢˇ","鏟","https://dict.concised.moe.edu.tw/searchP.jsp?SN=%E3%84%94&SN2=%E3%84%94%E3%84%A2%CB%87#selectL"
"ㄔ","ㄔㄢˇ","闡","https://dict.concised.moe.edu.tw/searchP.jsp?SN=%E3%84%94&SN2=%E3%84%94%E3%84%A2%CB%87#selectL"
"ㄔ","ㄔㄢˊ","單","https://dict.concised.moe.edu.tw/searchP.jsp?SN=%E3%84%94&SN2=%E3%84%94%E3%84%A2%CB%8A#selectL"
"ㄔ","ㄔㄢˊ","孱","https://dict.concised.moe.edu.tw/searchP.jsp?SN=%E3%84%94&SN2=%E3%84%94%E3%84%A2%CB%8A#selectL"
"ㄔ","ㄔㄢˊ","嬋","https://dict.concised.moe.edu.tw/searchP.jsp?SN=%E3%84%94&SN2=%E3%84%94%E3%84%A2%CB%8A#selectL"
"ㄔ","ㄔㄢˊ","潺","https://dict.concised.moe.edu.tw/searchP.jsp?SN=%E3%84%94&SN2=%E3%84%94%E3%84%A2%CB%8A#selectL"
"ㄔ","ㄔㄢˊ","禪","https://dict.concised.moe.edu.tw/searchP.jsp?SN=%E3%84%94&SN2=%E3%84%94%E3%84%A2%CB%8A#selectL"
"ㄔ","ㄔㄢˊ","蟬","https://dict.concised.moe.edu.tw/searchP.jsp?SN=%E3%84%94&SN2=%E3%84%94%E3%84%A2%CB%8A#selectL"
"ㄔ","ㄔㄢˊ","蟾","https://dict.concised.moe.edu.tw/searchP.jsp?SN=%E3%84%94&SN2=%E3%84%94%E3%84%A2%CB%8A#selectL"
"ㄔ","ㄔㄢˊ","巉","https://dict.concised.moe.edu.tw/searchP.jsp?SN=%E3%84%94&SN2=%E3%84%94%E3%84%A2%CB%8A#selectL"
"ㄔ","ㄔㄢˊ","纏","https://dict.concised.moe.edu.tw/searchP.jsp?SN=%E3%84%94&SN2=%E3%84%94%E3%84%A2%CB%8A#selectL"
"ㄔ","ㄔㄢˊ","讒","https://dict.concised.moe.edu.tw/searchP.jsp?SN=%E3%84%94&SN2=%E3%84%94%E3%84%A2%CB%8A#selectL"
"ㄔ","ㄔㄢˊ","鑱","https://dict.concised.moe.edu.tw/searchP.jsp?SN=%E3%84%94&SN2=%E3%84%94%E3%84%A2%CB%8A#selectL"
"ㄔ","ㄔㄢˊ","饞","https://dict.concised.moe.edu.tw/searchP.jsp?SN=%E3%84%94&SN2=%E3%84%94%E3%84%A2%CB%8A#selectL"
"ㄔ","ㄔㄢˋ","懺","https://dict.concised.moe.edu.tw/searchP.jsp?SN=%E3%84%94&SN2=%E3%84%94%E3%84%A2%CB%8B#selectL"
"ㄔ","ㄔㄢˋ","羼","https://dict.concised.moe.edu.tw/searchP.jsp?SN=%E3%84%94&SN2=%E3%84%94%E3%84%A2%CB%8B#selectL"
"ㄔ","ㄔㄣ","琛","https://dict.concised.moe.edu.tw/searchP.jsp?SN=%E3%84%94&SN2=%E3%84%94%E3%84%A3#selectL"
"ㄔ","ㄔㄣ","嗔","https://dict.concised.moe.edu.tw/searchP.jsp?SN=%E3%84%94&SN2=%E3%84%94%E3%84%A3#selectL"
"ㄔ","ㄔㄣ","瞋","https://dict.concised.moe.edu.tw/searchP.jsp?SN=%E3%84%94&SN2=%E3%84%94%E3%84%A3#selectL"
"ㄔ","ㄔㄣˊ","臣","https://dict.concised.moe.edu.tw/searchP.jsp?SN=%E3%84%94&SN2=%E3%84%94%E3%84%A3%CB%8A#selectL"
"ㄔ","ㄔㄣˊ","忱","https://dict.concised.moe.edu.tw/searchP.jsp?SN=%E3%84%94&SN2=%E3%84%94%E3%84%A3%CB%8A#selectL"
"ㄔ","ㄔㄣˊ","沉","https://dict.concised.moe.edu.tw/searchP.jsp?SN=%E3%84%94&SN2=%E3%84%94%E3%84%A3%CB%8A#selectL"
"ㄔ","ㄔㄣˊ","辰","https://dict.concised.moe.edu.tw/searchP.jsp?SN=%E3%84%94&SN2=%E3%84%94%E3%84%A3%CB%8A#selectL"
"ㄔ","ㄔㄣˊ","宸","https://dict.concised.moe.edu.tw/searchP.jsp?SN=%E3%84%94&SN2=%E3%84%94%E3%84%A3%CB%8A#selectL"
"ㄔ","ㄔㄣˊ","晨","https://dict.concised.moe.edu.tw/searchP.jsp?SN=%E3%84%94&SN2=%E3%84%94%E3%84%A3%CB%8A#selectL"
"ㄔ","ㄔㄣˊ","陳","https://dict.concised.moe.edu.tw/searchP.jsp?SN=%E3%84%94&SN2=%E3%84%94%E3%84%A3%CB%8A#selectL"
"ㄔ","ㄔㄣˊ","湛","https://dict.concised.moe.edu.tw/searchP.jsp?SN=%E3%84%94&SN2=%E3%84%94%E3%84%A3%CB%8A#selectL"
"ㄔ","ㄔㄣˊ","塵","https://dict.concised.moe.edu.tw/searchP.jsp?SN=%E3%84%94&SN2=%E3%84%94%E3%84%A3%CB%8A#selectL"
"ㄔ","ㄔㄣˊ","諶","https://dict.concised.moe.edu.tw/searchP.jsp?SN=%E3%84%94&SN2=%E3%84%94%E3%84%A3%CB%8A#selectL"
"ㄔ","ㄔㄣˋ","疢","https://dict.concised.moe.edu.tw/searchP.jsp?SN=%E3%84%94&SN2=%E3%84%94%E3%84%A3%CB%8B#selectL"
"ㄔ","ㄔㄣˋ","趁","https://dict.concised.moe.edu.tw/searchP.jsp?SN=%E3%84%94&SN2=%E3%84%94%E3%84%A3%CB%8B#selectL"
"ㄔ","ㄔㄣˋ","齔","https://dict.concised.moe.edu.tw/searchP.jsp?SN=%E3%84%94&SN2=%E3%84%94%E3%84%A3%CB%8B#selectL"
"ㄔ","ㄔㄣˋ","櫬","https://dict.concised.moe.edu.tw/searchP.jsp?SN=%E3%84%94&SN2=%E3%84%94%E3%84%A3%CB%8B#selectL"
"ㄔ","ㄔㄣˋ","襯","https://dict.concised.moe.edu.tw/searchP.jsp?SN=%E3%84%94&SN2=%E3%84%94%E3%84%A3%CB%8B#selectL"
"ㄔ","ㄔㄣˋ","讖","https://dict.concised.moe.edu.tw/searchP.jsp?SN=%E3%84%94&SN2=%E3%84%94%E3%84%A3%CB%8B#selectL"
"ㄔ","ㄔㄤ","昌","https://dict.concised.moe.edu.tw/searchP.jsp?SN=%E3%84%94&SN2=%E3%84%94%E3%84%A4#selectL"
"ㄔ","ㄔㄤ","倀","https://dict.concised.moe.edu.tw/searchP.jsp?SN=%E3%84%94&SN2=%E3%84%94%E3%84%A4#selectL"
"ㄔ","ㄔㄤ","倡","https://dict.concised.moe.edu.tw/searchP.jsp?SN=%E3%84%94&SN2=%E3%84%94%E3%84%A4#selectL"
"ㄔ","ㄔㄤ","娼","https://dict.concised.moe.edu.tw/searchP.jsp?SN=%E3%84%94&SN2=%E3%84%94%E3%84%A4#selectL"
"ㄔ","ㄔㄤ","猖","https://dict.concised.moe.edu.tw/searchP.jsp?SN=%E3%84%94&SN2=%E3%84%94%E3%84%A4#selectL"
"ㄔ","ㄔㄤ","菖","https://dict.concised.moe.edu.tw/searchP.jsp?SN=%E3%84%94&SN2=%E3%84%94%E3%84%A4#selectL"
"ㄔ","ㄔㄤ","鯧","https://dict.concised.moe.edu.tw/searchP.jsp?SN=%E3%84%94&SN2=%E3%84%94%E3%84%A4#selectL"
"ㄔ","ㄔㄤˇ","昶","https://dict.concised.moe.edu.tw/searchP.jsp?SN=%E3%84%94&SN2=%E3%84%94%E3%84%A4%CB%87#selectL"
"ㄔ","ㄔㄤˇ","場","https://dict.concised.moe.edu.tw/searchP.jsp?SN=%E3%84%94&SN2=%E3%84%94%E3%84%A4%CB%87#selectL"
"ㄔ","ㄔㄤˇ","敞","https://dict.concised.moe.edu.tw/searchP.jsp?SN=%E3%84%94&SN2=%E3%84%94%E3%84%A4%CB%87#selectL"
"ㄔ","ㄔㄤˇ","廠","https://dict.concised.moe.edu.tw/searchP.jsp?SN=%E3%84%94&SN2=%E3%84%94%E3%84%A4%CB%87#selectL"
"ㄔ","ㄔㄤˇ","氅","https://dict.concised.moe.edu.tw/searchP.jsp?SN=%E3%84%94&SN2=%E3%84%94%E3%84%A4%CB%87#selectL"
"ㄔ","ㄔㄤˊ","長","https://dict.concised.moe.edu.tw/searchP.jsp?SN=%E3%84%94&SN2=%E3%84%94%E3%84%A4%CB%8A#selectL"
"ㄔ","ㄔㄤˊ","倘","https://dict.concised.moe.edu.tw/searchP.jsp?SN=%E3%84%94&SN2=%E3%84%94%E3%84%A4%CB%8A#selectL"
"ㄔ","ㄔㄤˊ","常","https://dict.concised.moe.edu.tw/searchP.jsp?SN=%E3%84%94&SN2=%E3%84%94%E3%84%A4%CB%8A#selectL"
"ㄔ","ㄔㄤˊ","徜","https://dict.concised.moe.edu.tw/searchP.jsp?SN=%E3%84%94&SN2=%E3%84%94%E3%84%A4%CB%8A#selectL"
"ㄔ","ㄔㄤˊ","腸","https://dict.concised.moe.edu.tw/searchP.jsp?SN=%E3%84%94&SN2=%E3%84%94%E3%84%A4%CB%8A#selectL"
"ㄔ","ㄔㄤˊ","嘗","https://dict.concised.moe.edu.tw/searchP.jsp?SN=%E3%84%94&SN2=%E3%84%94%E3%84%A4%CB%8A#selectL"
"ㄔ","ㄔㄤˊ","嫦","https://dict.concised.moe.edu.tw/searchP.jsp?SN=%E3%84%94&SN2=%E3%84%94%E3%84%A4%CB%8A#selectL"
"ㄔ","ㄔㄤˊ","裳","https://dict.concised.moe.edu.tw/searchP.jsp?SN=%E3%84%94&SN2=%E3%84%94%E3%84%A4%CB%8A#selectL"
"ㄔ","ㄔㄤˊ","償","https://dict.concised.moe.edu.tw/searchP.jsp?SN=%E3%84%94&SN2=%E3%84%94%E3%84%A4%CB%8A#selectL"
"ㄔ","ㄔㄤˊ","嚐","https://dict.concised.moe.edu.tw/searchP.jsp?SN=%E3%84%94&SN2=%E3%84%94%E3%84%A4%CB%8A#selectL"
"ㄔ","ㄔㄤˋ","倡","https://dict.concised.moe.edu.tw/searchP.jsp?SN=%E3%84%94&SN2=%E3%84%94%E3%84%A4%CB%8B#selectL"
"ㄔ","ㄔㄤˋ","唱","https://dict.concised.moe.edu.tw/searchP.jsp?SN=%E3%84%94&SN2=%E3%84%94%E3%84%A4%CB%8B#selectL"
"ㄔ","ㄔㄤˋ","悵","https://dict.concised.moe.edu.tw/searchP.jsp?SN=%E3%84%94&SN2=%E3%84%94%E3%84%A4%CB%8B#selectL"
"ㄔ","ㄔㄤˋ","暢","https://dict.concised.moe.edu.tw/searchP.jsp?SN=%E3%84%94&SN2=%E3%84%94%E3%84%A4%CB%8B#selectL"
"ㄔ","ㄔㄥ","偁","https://dict.concised.moe.edu.tw/searchP.jsp?SN=%E3%84%94&SN2=%E3%84%94%E3%84%A5#selectL"
"ㄔ","ㄔㄥ","琤","https://dict.concised.moe.edu.tw/searchP.jsp?SN=%E3%84%94&SN2=%E3%84%94%E3%84%A5#selectL"
"ㄔ","ㄔㄥ","稱","https://dict.concised.moe.edu.tw/searchP.jsp?SN=%E3%84%94&SN2=%E3%84%94%E3%84%A5#selectL"
"ㄔ","ㄔㄥ","撐","https://dict.concised.moe.edu.tw/searchP.jsp?SN=%E3%84%94&SN2=%E3%84%94%E3%84%A5#selectL"
"ㄔ","ㄔㄥ","瞠","https://dict.concised.moe.edu.tw/searchP.jsp?SN=%E3%84%94&SN2=%E3%84%94%E3%84%A5#selectL"
"ㄔ","ㄔㄥ","鐺","https://dict.concised.moe.edu.tw/searchP.jsp?SN=%E3%84%94&SN2=%E3%84%94%E3%84%A5#selectL"
"ㄔ","ㄔㄥˇ","逞","https://dict.concised.moe.edu.tw/searchP.jsp?SN=%E3%84%94&SN2=%E3%84%94%E3%84%A5%CB%87#selectL"
"ㄔ","ㄔㄥˇ","騁","https://dict.concised.moe.edu.tw/searchP.jsp?SN=%E3%84%94&SN2=%E3%84%94%E3%84%A5%CB%87#selectL"
"ㄔ","ㄔㄥˊ","丞","https://dict.concised.moe.edu.tw/searchP.jsp?SN=%E3%84%94&SN2=%E3%84%94%E3%84%A5%CB%8A#selectL"
"ㄔ","ㄔㄥˊ","成","https://dict.concised.moe.edu.tw/searchP.jsp?SN=%E3%84%94&SN2=%E3%84%94%E3%84%A5%CB%8A#selectL"
"ㄔ","ㄔㄥˊ","呈","https://dict.concised.moe.edu.tw/searchP.jsp?SN=%E3%84%94&SN2=%E3%84%94%E3%84%A5%CB%8A#selectL"
"ㄔ","ㄔㄥˊ","承","https://dict.concised.moe.edu.tw/searchP.jsp?SN=%E3%84%94&SN2=%E3%84%94%E3%84%A5%CB%8A#selectL"
"ㄔ","ㄔㄥˊ","城","https://dict.concised.moe.edu.tw/searchP.jsp?SN=%E3%84%94&SN2=%E3%84%94%E3%84%A5%CB%8A#selectL"
"ㄔ","ㄔㄥˊ","乘","https://dict.concised.moe.edu.tw/searchP.jsp?SN=%E3%84%94&SN2=%E3%84%94%E3%84%A5%CB%8A#selectL"
"ㄔ","ㄔㄥˊ","盛","https://dict.concised.moe.edu.tw/searchP.jsp?SN=%E3%84%94&SN2=%E3%84%94%E3%84%A5%CB%8A#selectL"
"ㄔ","ㄔㄥˊ","程","https://dict.concised.moe.edu.tw/searchP.jsp?SN=%E3%84%94&SN2=%E3%84%94%E3%84%A5%CB%8A#selectL"
"ㄔ","ㄔㄥˊ","裎","https://dict.concised.moe.edu.tw/searchP.jsp?SN=%E3%84%94&SN2=%E3%84%94%E3%84%A5%CB%8A#selectL"
"ㄔ","ㄔㄥˊ","誠","https://dict.concised.moe.edu.tw/searchP.jsp?SN=%E3%84%94&SN2=%E3%84%94%E3%84%A5%CB%8A#selectL"
"ㄔ","ㄔㄥˊ","酲","https://dict.concised.moe.edu.tw/searchP.jsp?SN=%E3%84%94&SN2=%E3%84%94%E3%84%A5%CB%8A#selectL"
"ㄔ","ㄔㄥˊ","澄","https://dict.concised.moe.edu.tw/searchP.jsp?SN=%E3%84%94&SN2=%E3%84%94%E3%84%A5%CB%8A#selectL"
"ㄔ","ㄔㄥˊ","橙","https://dict.concised.moe.edu.tw/searchP.jsp?SN=%E3%84%94&SN2=%E3%84%94%E3%84%A5%CB%8A#selectL"
"ㄔ","ㄔㄥˊ","懲","https://dict.concised.moe.edu.tw/searchP.jsp?SN=%E3%84%94&SN2=%E3%84%94%E3%84%A5%CB%8A#selectL"
"ㄔ","ㄔㄥˋ","秤","https://dict.concised.moe.edu.tw/searchP.jsp?SN=%E3%84%94&SN2=%E3%84%94%E3%84%A5%CB%8B#selectL"
"ㄔ","ㄔㄥˋ","稱","https://dict.concised.moe.edu.tw/searchP.jsp?SN=%E3%84%94&SN2=%E3%84%94%E3%84%A5%CB%8B#selectL"
"ㄔ","ㄔㄨ","出","https://dict.concised.moe.edu.tw/searchP.jsp?SN=%E3%84%94&SN2=%E3%84%94%E3%84%A8#selectL"
"ㄔ","ㄔㄨ","初","https://dict.concised.moe.edu.tw/searchP.jsp?SN=%E3%84%94&SN2=%E3%84%94%E3%84%A8#selectL"
"ㄔ","ㄔㄨ","齣","https://dict.concised.moe.edu.tw/searchP.jsp?SN=%E3%84%94&SN2=%E3%84%94%E3%84%A8#selectL"
"ㄔ","ㄔㄨˇ","杵","https://dict.concised.moe.edu.tw/searchP.jsp?SN=%E3%84%94&SN2=%E3%84%94%E3%84%A8%CB%87#selectL"
"ㄔ","ㄔㄨˇ","處","https://dict.concised.moe.edu.tw/searchP.jsp?SN=%E3%84%94&SN2=%E3%84%94%E3%84%A8%CB%87#selectL"
"ㄔ","ㄔㄨˇ","楚","https://dict.concised.moe.edu.tw/searchP.jsp?SN=%E3%84%94&SN2=%E3%84%94%E3%84%A8%CB%87#selectL"
"ㄔ","ㄔㄨˇ","褚","https://dict.concised.moe.edu.tw/searchP.jsp?SN=%E3%84%94&SN2=%E3%84%94%E3%84%A8%CB%87#selectL"
"ㄔ","ㄔㄨˇ","礎","https://dict.concised.moe.edu.tw/searchP.jsp?SN=%E3%84%94&SN2=%E3%84%94%E3%84%A8%CB%87#selectL"
"ㄔ","ㄔㄨˊ","芻","https://dict.concised.moe.edu.tw/searchP.jsp?SN=%E3%84%94&SN2=%E3%84%94%E3%84%A8%CB%8A#selectL"
"ㄔ","ㄔㄨˊ","除","https://dict.concised.moe.edu.tw/searchP.jsp?SN=%E3%84%94&SN2=%E3%84%94%E3%84%A8%CB%8A#selectL"
"ㄔ","ㄔㄨˊ","蜍","https://dict.concised.moe.edu.tw/searchP.jsp?SN=%E3%84%94&SN2=%E3%84%94%E3%84%A8%CB%8A#selectL"
"ㄔ","ㄔㄨˊ","廚","https://dict.concised.moe.edu.tw/searchP.jsp?SN=%E3%84%94&SN2=%E3%84%94%E3%84%A8%CB%8A#selectL"
"ㄔ","ㄔㄨˊ","鋤","https://dict.concised.moe.edu.tw/searchP.jsp?SN=%E3%84%94&SN2=%E3%84%94%E3%84%A8%CB%8A#selectL"
"ㄔ","ㄔㄨˊ","儲","https://dict.concised.moe.edu.tw/searchP.jsp?SN=%E3%84%94&SN2=%E3%84%94%E3%84%A8%CB%8A#selectL"
"ㄔ","ㄔㄨˊ","雛","https://dict.concised.moe.edu.tw/searchP.jsp?SN=%E3%84%94&SN2=%E3%84%94%E3%84%A8%CB%8A#selectL"
"ㄔ","ㄔㄨˊ","櫥","https://dict.concised.moe.edu.tw/searchP.jsp?SN=%E3%84%94&SN2=%E3%84%94%E3%84%A8%CB%8A#selectL"
"ㄔ","ㄔㄨˊ","躇","https://dict.concised.moe.edu.tw/searchP.jsp?SN=%E3%84%94&SN2=%E3%84%94%E3%84%A8%CB%8A#selectL"
"ㄔ","ㄔㄨˊ","躕","https://dict.concised.moe.edu.tw/searchP.jsp?SN=%E3%84%94&SN2=%E3%84%94%E3%84%A8%CB%8A#selectL"
"ㄔ","ㄔㄨˋ","亍","https://dict.concised.moe.edu.tw/searchP.jsp?SN=%E3%84%94&SN2=%E3%84%94%E3%84%A8%CB%8B#selectL"
"ㄔ","ㄔㄨˋ","怵","https://dict.concised.moe.edu.tw/searchP.jsp?SN=%E3%84%94&SN2=%E3%84%94%E3%84%A8%CB%8B#selectL"
"ㄔ","ㄔㄨˋ","畜","https://dict.concised.moe.edu.tw/searchP.jsp?SN=%E3%84%94&SN2=%E3%84%94%E3%84%A8%CB%8B#selectL"
"ㄔ","ㄔㄨˋ","絀","https://dict.concised.moe.edu.tw/searchP.jsp?SN=%E3%84%94&SN2=%E3%84%94%E3%84%A8%CB%8B#selectL"
"ㄔ","ㄔㄨˋ","處","https://dict.concised.moe.edu.tw/searchP.jsp?SN=%E3%84%94&SN2=%E3%84%94%E3%84%A8%CB%8B#selectL"
"ㄔ","ㄔㄨˋ","搐","https://dict.concised.moe.edu.tw/searchP.jsp?SN=%E3%84%94&SN2=%E3%84%94%E3%84%A8%CB%8B#selectL"
"ㄔ","ㄔㄨˋ","黜","https://dict.concised.moe.edu.tw/searchP.jsp?SN=%E3%84%94&SN2=%E3%84%94%E3%84%A8%CB%8B#selectL"
"ㄔ","ㄔㄨˋ","觸","https://dict.concised.moe.edu.tw/searchP.jsp?SN=%E3%84%94&SN2=%E3%84%94%E3%84%A8%CB%8B#selectL"
"ㄔ","ㄔㄨˋ","矗","https://dict.concised.moe.edu.tw/searchP.jsp?SN=%E3%84%94&SN2=%E3%84%94%E3%84%A8%CB%8B#selectL"
"ㄔ","ㄔㄨㄚˇ","抓","https://dict.concised.moe.edu.tw/searchP.jsp?SN=%E3%84%94&SN2=%E3%84%94%E3%84%A8%E3%84%9A%CB%87#selectL"
"ㄔ","ㄔㄨㄛ","戳","https://dict.concised.moe.edu.tw/searchP.jsp?SN=%E3%84%94&SN2=%E3%84%94%E3%84%A8%E3%84%9B#selectL"
"ㄔ","ㄔㄨㄛˋ","啜","https://dict.concised.moe.edu.tw/searchP.jsp?SN=%E3%84%94&SN2=%E3%84%94%E3%84%A8%E3%84%9B%CB%8B#selectL"
"ㄔ","ㄔㄨㄛˋ","綽","https://dict.concised.moe.edu.tw/searchP.jsp?SN=%E3%84%94&SN2=%E3%84%94%E3%84%A8%E3%84%9B%CB%8B#selectL"
"ㄔ","ㄔㄨㄛˋ","輟","https://dict.concised.moe.edu.tw/searchP.jsp?SN=%E3%84%94&SN2=%E3%84%94%E3%84%A8%E3%84%9B%CB%8B#selectL"
"ㄔ","ㄔㄨㄛˋ","齪","https://dict.concised.moe.edu.tw/searchP.jsp?SN=%E3%84%94&SN2=%E3%84%94%E3%84%A8%E3%84%9B%CB%8B#selectL"
"ㄔ","ㄔㄨㄞˇ","揣","https://dict.concised.moe.edu.tw/searchP.jsp?SN=%E3%84%94&SN2=%E3%84%94%E3%84%A8%E3%84%9E%CB%87#selectL"
"ㄔ","ㄔㄨㄞˋ","踹","https://dict.concised.moe.edu.tw/searchP.jsp?SN=%E3%84%94&SN2=%E3%84%94%E3%84%A8%E3%84%9E%CB%8B#selectL"
"ㄔ","ㄔㄨㄟ","吹","https://dict.concised.moe.edu.tw/searchP.jsp?SN=%E3%84%94&SN2=%E3%84%94%E3%84%A8%E3%84%9F#selectL"
"ㄔ","ㄔㄨㄟ","炊","https://dict.concised.moe.edu.tw/searchP.jsp?SN=%E3%84%94&SN2=%E3%84%94%E3%84%A8%E3%84%9F#selectL"
"ㄔ","ㄔㄨㄟˊ","垂","https://dict.concised.moe.edu.tw/searchP.jsp?SN=%E3%84%94&SN2=%E3%84%94%E3%84%A8%E3%84%9F%CB%8A#selectL"
"ㄔ","ㄔㄨㄟˊ","捶","https://dict.concised.moe.edu.tw/searchP.jsp?SN=%E3%84%94&SN2=%E3%84%94%E3%84%A8%E3%84%9F%CB%8A#selectL"
"ㄔ","ㄔㄨㄟˊ","棰","https://dict.concised.moe.edu.tw/searchP.jsp?SN=%E3%84%94&SN2=%E3%84%94%E3%84%A8%E3%84%9F%CB%8A#selectL"
"ㄔ","ㄔㄨㄟˊ","陲","https://dict.concised.moe.edu.tw/searchP.jsp?SN=%E3%84%94&SN2=%E3%84%94%E3%84%A8%E3%84%9F%CB%8A#selectL"
"ㄔ","ㄔㄨㄟˊ","搥","https://dict.concised.moe.edu.tw/searchP.jsp?SN=%E3%84%94&SN2=%E3%84%94%E3%84%A8%E3%84%9F%CB%8A#selectL"
"ㄔ","ㄔㄨㄟˊ","槌","https://dict.concised.moe.edu.tw/searchP.jsp?SN=%E3%84%94&SN2=%E3%84%94%E3%84%A8%E3%84%9F%CB%8A#selectL"
"ㄔ","ㄔㄨㄟˊ","錘","https://dict.concised.moe.edu.tw/searchP.jsp?SN=%E3%84%94&SN2=%E3%84%94%E3%84%A8%E3%84%9F%CB%8A#selectL"
"ㄔ","ㄔㄨㄟˊ","鎚","https://dict.concised.moe.edu.tw/searchP.jsp?SN=%E3%84%94&SN2=%E3%84%94%E3%84%A8%E3%84%9F%CB%8A#selectL"
"ㄔ","ㄔㄨㄢ","川","https://dict.concised.moe.edu.tw/searchP.jsp?SN=%E3%84%94&SN2=%E3%84%94%E3%84%A8%E3%84%A2#selectL"
"ㄔ","ㄔㄨㄢ","穿","https://dict.concised.moe.edu.tw/searchP.jsp?SN=%E3%84%94&SN2=%E3%84%94%E3%84%A8%E3%84%A2#selectL"
"ㄔ","ㄔㄨㄢˇ","舛","https://dict.concised.moe.edu.tw/searchP.jsp?SN=%E3%84%94&SN2=%E3%84%94%E3%84%A8%E3%84%A2%CB%87#selectL"
"ㄔ","ㄔㄨㄢˇ","喘","https://dict.concised.moe.edu.tw/searchP.jsp?SN=%E3%84%94&SN2=%E3%84%94%E3%84%A8%E3%84%A2%CB%87#selectL"
"ㄔ","ㄔㄨㄢˊ","船","https://dict.concised.moe.edu.tw/searchP.jsp?SN=%E3%84%94&SN2=%E3%84%94%E3%84%A8%E3%84%A2%CB%8A#selectL"
"ㄔ","ㄔㄨㄢˊ","傳","https://dict.concised.moe.edu.tw/searchP.jsp?SN=%E3%84%94&SN2=%E3%84%94%E3%84%A8%E3%84%A2%CB%8A#selectL"
"ㄔ","ㄔㄨㄢˊ","椽","https://dict.concised.moe.edu.tw/searchP.jsp?SN=%E3%84%94&SN2=%E3%84%94%E3%84%A8%E3%84%A2%CB%8A#selectL"
"ㄔ","ㄔㄨㄢˊ","遄","https://dict.concised.moe.edu.tw/searchP.jsp?SN=%E3%84%94&SN2=%E3%84%94%E3%84%A8%E3%84%A2%CB%8A#selectL"
"ㄔ","ㄔㄨㄢˋ","串","https://dict.concised.moe.edu.tw/searchP.jsp?SN=%E3%84%94&SN2=%E3%84%94%E3%84%A8%E3%84%A2%CB%8B#selectL"
"ㄔ","ㄔㄨㄢˋ","釧","https://dict.concised.moe.edu.tw/searchP.jsp?SN=%E3%84%94&SN2=%E3%84%94%E3%84%A8%E3%84%A2%CB%8B#selectL"
"ㄔ","ㄔㄨㄣ","春","https://dict.concised.moe.edu.tw/searchP.jsp?SN=%E3%84%94&SN2=%E3%84%94%E3%84%A8%E3%84%A3#selectL"
"ㄔ","ㄔㄨㄣ","椿","https://dict.concised.moe.edu.tw/searchP.jsp?SN=%E3%84%94&SN2=%E3%84%94%E3%84%A8%E3%84%A3#selectL"
"ㄔ","ㄔㄨㄣˇ","蠢","https://dict.concised.moe.edu.tw/searchP.jsp?SN=%E3%84%94&SN2=%E3%84%94%E3%84%A8%E3%84%A3%CB%87#selectL"
"ㄔ","ㄔㄨㄣˊ","屯","https://dict.concised.moe.edu.tw/searchP.jsp?SN=%E3%84%94&SN2=%E3%84%94%E3%84%A8%E3%84%A3%CB%8A#selectL"
"ㄔ","ㄔㄨㄣˊ","純","https://dict.concised.moe.edu.tw/searchP.jsp?SN=%E3%84%94&SN2=%E3%84%94%E3%84%A8%E3%84%A3%CB%8A#selectL"
"ㄔ","ㄔㄨㄣˊ","淳","https://dict.concised.moe.edu.tw/searchP.jsp?SN=%E3%84%94&SN2=%E3%84%94%E3%84%A8%E3%84%A3%CB%8A#selectL"
"ㄔ","ㄔㄨㄣˊ","脣","https://dict.concised.moe.edu.tw/searchP.jsp?SN=%E3%84%94&SN2=%E3%84%94%E3%84%A8%E3%84%A3%CB%8A#selectL"
"ㄔ","ㄔㄨㄣˊ","醇","https://dict.concised.moe.edu.tw/searchP.jsp?SN=%E3%84%94&SN2=%E3%84%94%E3%84%A8%E3%84%A3%CB%8A#selectL"
"ㄔ","ㄔㄨㄣˊ","鶉","https://dict.concised.moe.edu.tw/searchP.jsp?SN=%E3%84%94&SN2=%E3%84%94%E3%84%A8%E3%84%A3%CB%8A#selectL"
"ㄔ","ㄔㄨㄤ","囪","https://dict.concised.moe.edu.tw/searchP.jsp?SN=%E3%84%94&SN2=%E3%84%94%E3%84%A8%E3%84%A4#selectL"
"ㄔ","ㄔㄨㄤ","創","https://dict.concised.moe.edu.tw/searchP.jsp?SN=%E3%84%94&SN2=%E3%84%94%E3%84%A8%E3%84%A4#selectL"
"ㄔ","ㄔㄨㄤ","窗","https://dict.concised.moe.edu.tw/searchP.jsp?SN=%E3%84%94&SN2=%E3%84%94%E3%84%A8%E3%84%A4#selectL"
"ㄔ","ㄔㄨㄤ","瘡","https://dict.concised.moe.edu.tw/searchP.jsp?SN=%E3%84%94&SN2=%E3%84%94%E3%84%A8%E3%84%A4#selectL"
"ㄔ","ㄔㄨㄤˇ","闖","https://dict.concised.moe.edu.tw/searchP.jsp?SN=%E3%84%94&SN2=%E3%84%94%E3%84%A8%E3%84%A4%CB%87#selectL"
"ㄔ","ㄔㄨㄤˊ","床","https://dict.concised.moe.edu.tw/searchP.jsp?SN=%E3%84%94&SN2=%E3%84%94%E3%84%A8%E3%84%A4%CB%8A#selectL"
"ㄔ","ㄔㄨㄤˊ","幢","https://dict.concised.moe.edu.tw/searchP.jsp?SN=%E3%84%94&SN2=%E3%84%94%E3%84%A8%E3%84%A4%CB%8A#selectL"
"ㄔ","ㄔㄨㄤˋ","創","https://dict.concised.moe.edu.tw/searchP.jsp?SN=%E3%84%94&SN2=%E3%84%94%E3%84%A8%E3%84%A4%CB%8B#selectL"
"ㄔ","ㄔㄨㄤˋ","愴","https://dict.concised.moe.edu.tw/searchP.jsp?SN=%E3%84%94&SN2=%E3%84%94%E3%84%A8%E3%84%A4%CB%8B#selectL"
"ㄔ","ㄔㄨㄥ","充","https://dict.concised.moe.edu.tw/searchP.jsp?SN=%E3%84%94&SN2=%E3%84%94%E3%84%A8%E3%84%A5#selectL"
"ㄔ","ㄔㄨㄥ","忡","https://dict.concised.moe.edu.tw/searchP.jsp?SN=%E3%84%94&SN2=%E3%84%94%E3%84%A8%E3%84%A5#selectL"
"ㄔ","ㄔㄨㄥ","沖","https://dict.concised.moe.edu.tw/searchP.jsp?SN=%E3%84%94&SN2=%E3%84%94%E3%84%A8%E3%84%A5#selectL"
"ㄔ","ㄔㄨㄥ","舂","https://dict.concised.moe.edu.tw/searchP.jsp?SN=%E3%84%94&SN2=%E3%84%94%E3%84%A8%E3%84%A5#selectL"
"ㄔ","ㄔㄨㄥ","憧","https://dict.concised.moe.edu.tw/searchP.jsp?SN=%E3%84%94&SN2=%E3%84%94%E3%84%A8%E3%84%A5#selectL"
"ㄔ","ㄔㄨㄥ","衝","https://dict.concised.moe.edu.tw/searchP.jsp?SN=%E3%84%94&SN2=%E3%84%94%E3%84%A8%E3%84%A5#selectL"
"ㄔ","ㄔㄨㄥˇ","寵","https://dict.concised.moe.edu.tw/searchP.jsp?SN=%E3%84%94&SN2=%E3%84%94%E3%84%A8%E3%84%A5%CB%87#selectL"
"ㄔ","ㄔㄨㄥˊ","虫","https://dict.concised.moe.edu.tw/searchP.jsp?SN=%E3%84%94&SN2=%E3%84%94%E3%84%A8%E3%84%A5%CB%8A#selectL"
"ㄔ","ㄔㄨㄥˊ","重","https://dict.concised.moe.edu.tw/searchP.jsp?SN=%E3%84%94&SN2=%E3%84%94%E3%84%A8%E3%84%A5%CB%8A#selectL"
"ㄔ","ㄔㄨㄥˊ","崇","https://dict.concised.moe.edu.tw/searchP.jsp?SN=%E3%84%94&SN2=%E3%84%94%E3%84%A8%E3%84%A5%CB%8A#selectL"
"ㄔ","ㄔㄨㄥˊ","蟲","https://dict.concised.moe.edu.tw/searchP.jsp?SN=%E3%84%94&SN2=%E3%84%94%E3%84%A8%E3%84%A5%CB%8A#selectL"
"ㄔ","ㄔㄨㄥˋ","銃","https://dict.concised.moe.edu.tw/searchP.jsp?SN=%E3%84%94&SN2=%E3%84%94%E3%84%A8%E3%84%A5%CB%8B#selectL"
"ㄔ","ㄔㄨㄥˋ","衝","https://dict.concised.moe.edu.tw/searchP.jsp?SN=%E3%84%94&SN2=%E3%84%94%E3%84%A8%E3%84%A5%CB%8B#selectL"
"ㄕ","˙ㄕ","匙","https://dict.concised.moe.edu.tw/searchP.jsp?SN=%E3%84%95&SN2=%CB%99%E3%84%95#selectL"
"ㄕ","˙ㄕㄤ","裳","https://dict.concised.moe.edu.tw/searchP.jsp?SN=%E3%84%95&SN2=%CB%99%E3%84%95%E3%84%A4#selectL"
"ㄕ","ㄕ","尸","https://dict.concised.moe.edu.tw/searchP.jsp?SN=%E3%84%95&SN2=%E3%84%95#selectL"
"ㄕ","ㄕ","失","https://dict.concised.moe.edu.tw/searchP.jsp?SN=%E3%84%95&SN2=%E3%84%95#selectL"
"ㄕ","ㄕ","虱","https://dict.concised.moe.edu.tw/searchP.jsp?SN=%E3%84%95&SN2=%E3%84%95#selectL"
"ㄕ","ㄕ","屍","https://dict.concised.moe.edu.tw/searchP.jsp?SN=%E3%84%95&SN2=%E3%84%95#selectL"
"ㄕ","ㄕ","施","https://dict.concised.moe.edu.tw/searchP.jsp?SN=%E3%84%95&SN2=%E3%84%95#selectL"
"ㄕ","ㄕ","師","https://dict.concised.moe.edu.tw/searchP.jsp?SN=%E3%84%95&SN2=%E3%84%95#selectL"
"ㄕ","ㄕ","溼","https://dict.concised.moe.edu.tw/searchP.jsp?SN=%E3%84%95&SN2=%E3%84%95#selectL"
"ㄕ","ㄕ","獅","https://dict.concised.moe.edu.tw/searchP.jsp?SN=%E3%84%95&SN2=%E3%84%95#selectL"
"ㄕ","ㄕ","詩","https://dict.concised.moe.edu.tw/searchP.jsp?SN=%E3%84%95&SN2=%E3%84%95#selectL"
"ㄕ","ㄕ","蝨","https://dict.concised.moe.edu.tw/searchP.jsp?SN=%E3%84%95&SN2=%E3%84%95#selectL"
"ㄕ","ㄕ","濕","https://dict.concised.moe.edu.tw/searchP.jsp?SN=%E3%84%95&SN2=%E3%84%95#selectL"
"ㄕ","ㄕˇ","史","https://dict.concised.moe.edu.tw/searchP.jsp?SN=%E3%84%95&SN2=%E3%84%95%CB%87#selectL"
"ㄕ","ㄕˇ","矢","https://dict.concised.moe.edu.tw/searchP.jsp?SN=%E3%84%95&SN2=%E3%84%95%CB%87#selectL"
"ㄕ","ㄕˇ","豕","https://dict.concised.moe.edu.tw/searchP.jsp?SN=%E3%84%95&SN2=%E3%84%95%CB%87#selectL"
"ㄕ","ㄕˇ","使","https://dict.concised.moe.edu.tw/searchP.jsp?SN=%E3%84%95&SN2=%E3%84%95%CB%87#selectL"
"ㄕ","ㄕˇ","始","https://dict.concised.moe.edu.tw/searchP.jsp?SN=%E3%84%95&SN2=%E3%84%95%CB%87#selectL"
"ㄕ","ㄕˇ","屎","https://dict.concised.moe.edu.tw/searchP.jsp?SN=%E3%84%95&SN2=%E3%84%95%CB%87#selectL"
"ㄕ","ㄕˇ","駛","https://dict.concised.moe.edu.tw/searchP.jsp?SN=%E3%84%95&SN2=%E3%84%95%CB%87#selectL"
"ㄕ","ㄕˊ","十","https://dict.concised.moe.edu.tw/searchP.jsp?SN=%E3%84%95&SN2=%E3%84%95%CB%8A#selectL"
"ㄕ","ㄕˊ","什","https://dict.concised.moe.edu.tw/searchP.jsp?SN=%E3%84%95&SN2=%E3%84%95%CB%8A#selectL"
"ㄕ","ㄕˊ","石","https://dict.concised.moe.edu.tw/searchP.jsp?SN=%E3%84%95&SN2=%E3%84%95%CB%8A#selectL"
"ㄕ","ㄕˊ","拾","https://dict.concised.moe.edu.tw/searchP.jsp?SN=%E3%84%95&SN2=%E3%84%95%CB%8A#selectL"
"ㄕ","ㄕˊ","食","https://dict.concised.moe.edu.tw/searchP.jsp?SN=%E3%84%95&SN2=%E3%84%95%CB%8A#selectL"
"ㄕ","ㄕˊ","時","https://dict.concised.moe.edu.tw/searchP.jsp?SN=%E3%84%95&SN2=%E3%84%95%CB%8A#selectL"
"ㄕ","ㄕˊ","提","https://dict.concised.moe.edu.tw/searchP.jsp?SN=%E3%84%95&SN2=%E3%84%95%CB%8A#selectL"
"ㄕ","ㄕˊ","實","https://dict.concised.moe.edu.tw/searchP.jsp?SN=%E3%84%95&SN2=%E3%84%95%CB%8A#selectL"
"ㄕ","ㄕˊ","蒔","https://dict.concised.moe.edu.tw/searchP.jsp?SN=%E3%84%95&SN2=%E3%84%95%CB%8A#selectL"
"ㄕ","ㄕˊ","蝕","https://dict.concised.moe.edu.tw/searchP.jsp?SN=%E3%84%95&SN2=%E3%84%95%CB%8A#selectL"
"ㄕ","ㄕˊ","鰣","https://dict.concised.moe.edu.tw/searchP.jsp?SN=%E3%84%95&SN2=%E3%84%95%CB%8A#selectL"
"ㄕ","ㄕˋ","士","https://dict.concised.moe.edu.tw/searchP.jsp?SN=%E3%84%95&SN2=%E3%84%95%CB%8B#selectL"
"ㄕ","ㄕˋ","氏","https://dict.concised.moe.edu.tw/searchP.jsp?SN=%E3%84%95&SN2=%E3%84%95%CB%8B#selectL"
"ㄕ","ㄕˋ","世","https://dict.concised.moe.edu.tw/searchP.jsp?SN=%E3%84%95&SN2=%E3%84%95%CB%8B#selectL"
"ㄕ","ㄕˋ","仕","https://dict.concised.moe.edu.tw/searchP.jsp?SN=%E3%84%95&SN2=%E3%84%95%CB%8B#selectL"
"ㄕ","ㄕˋ","市","https://dict.concised.moe.edu.tw/searchP.jsp?SN=%E3%84%95&SN2=%E3%84%95%CB%8B#selectL"
"ㄕ","ㄕˋ","示","https://dict.concised.moe.edu.tw/searchP.jsp?SN=%E3%84%95&SN2=%E3%84%95%CB%8B#selectL"
"ㄕ","ㄕˋ","式","https://dict.concised.moe.edu.tw/searchP.jsp?SN=%E3%84%95&SN2=%E3%84%95%CB%8B#selectL"
"ㄕ","ㄕˋ","事","https://dict.concised.moe.edu.tw/searchP.jsp?SN=%E3%84%95&SN2=%E3%84%95%CB%8B#selectL"
"ㄕ","ㄕˋ","侍","https://dict.concised.moe.edu.tw/searchP.jsp?SN=%E3%84%95&SN2=%E3%84%95%CB%8B#selectL"
"ㄕ","ㄕˋ","室","https://dict.concised.moe.edu.tw/searchP.jsp?SN=%E3%84%95&SN2=%E3%84%95%CB%8B#selectL"
"ㄕ","ㄕˋ","恃","https://dict.concised.moe.edu.tw/searchP.jsp?SN=%E3%84%95&SN2=%E3%84%95%CB%8B#selectL"
"ㄕ","ㄕˋ","拭","https://dict.concised.moe.edu.tw/searchP.jsp?SN=%E3%84%95&SN2=%E3%84%95%CB%8B#selectL"
"ㄕ","ㄕˋ","是","https://dict.concised.moe.edu.tw/searchP.jsp?SN=%E3%84%95&SN2=%E3%84%95%CB%8B#selectL"
"ㄕ","ㄕˋ","柿","https://dict.concised.moe.edu.tw/searchP.jsp?SN=%E3%84%95&SN2=%E3%84%95%CB%8B#selectL"
"ㄕ","ㄕˋ","舐","https://dict.concised.moe.edu.tw/searchP.jsp?SN=%E3%84%95&SN2=%E3%84%95%CB%8B#selectL"
"ㄕ","ㄕˋ","視","https://dict.concised.moe.edu.tw/searchP.jsp?SN=%E3%84%95&SN2=%E3%84%95%CB%8B#selectL"
"ㄕ","ㄕˋ","逝","https://dict.concised.moe.edu.tw/searchP.jsp?SN=%E3%84%95&SN2=%E3%84%95%CB%8B#selectL"
"ㄕ","ㄕˋ","勢","https://dict.concised.moe.edu.tw/searchP.jsp?SN=%E3%84%95&SN2=%E3%84%95%CB%8B#selectL"
"ㄕ","ㄕˋ","嗜","https://dict.concised.moe.edu.tw/searchP.jsp?SN=%E3%84%95&SN2=%E3%84%95%CB%8B#selectL"
"ㄕ","ㄕˋ","弒","https://dict.concised.moe.edu.tw/searchP.jsp?SN=%E3%84%95&SN2=%E3%84%95%CB%8B#selectL"
"ㄕ","ㄕˋ","筮","https://dict.concised.moe.edu.tw/searchP.jsp?SN=%E3%84%95&SN2=%E3%84%95%CB%8B#selectL"
"ㄕ","ㄕˋ","試","https://dict.concised.moe.edu.tw/searchP.jsp?SN=%E3%84%95&SN2=%E3%84%95%CB%8B#selectL"
"ㄕ","ㄕˋ","軾","https://dict.concised.moe.edu.tw/searchP.jsp?SN=%E3%84%95&SN2=%E3%84%95%CB%8B#selectL"
"ㄕ","ㄕˋ","飾","https://dict.concised.moe.edu.tw/searchP.jsp?SN=%E3%84%95&SN2=%E3%84%95%CB%8B#selectL"
"ㄕ","ㄕˋ","誓","https://dict.concised.moe.edu.tw/searchP.jsp?SN=%E3%84%95&SN2=%E3%84%95%CB%8B#selectL"
"ㄕ","ㄕˋ","適","https://dict.concised.moe.edu.tw/searchP.jsp?SN=%E3%84%95&SN2=%E3%84%95%CB%8B#selectL"
"ㄕ","ㄕˋ","噬","https://dict.concised.moe.edu.tw/searchP.jsp?SN=%E3%84%95&SN2=%E3%84%95%CB%8B#selectL"
"ㄕ","ㄕˋ","諡","https://dict.concised.moe.edu.tw/searchP.jsp?SN=%E3%84%95&SN2=%E3%84%95%CB%8B#selectL"
"ㄕ","ㄕˋ","識","https://dict.concised.moe.edu.tw/searchP.jsp?SN=%E3%84%95&SN2=%E3%84%95%CB%8B#selectL"
"ㄕ","ㄕˋ","釋","https://dict.concised.moe.edu.tw/searchP.jsp?SN=%E3%84%95&SN2=%E3%84%95%CB%8B#selectL"
"ㄕ","ㄕㄚ","沙","https://dict.concised.moe.edu.tw/searchP.jsp?SN=%E3%84%95&SN2=%E3%84%95%E3%84%9A#selectL"
"ㄕ","ㄕㄚ","砂","https://dict.concised.moe.edu.tw/searchP.jsp?SN=%E3%84%95&SN2=%E3%84%95%E3%84%9A#selectL"
"ㄕ","ㄕㄚ","紗","https://dict.concised.moe.edu.tw/searchP.jsp?SN=%E3%84%95&SN2=%E3%84%95%E3%84%9A#selectL"
"ㄕ","ㄕㄚ","殺","https://dict.concised.moe.edu.tw/searchP.jsp?SN=%E3%84%95&SN2=%E3%84%95%E3%84%9A#selectL"
"ㄕ","ㄕㄚ","莎","https://dict.concised.moe.edu.tw/searchP.jsp?SN=%E3%84%95&SN2=%E3%84%95%E3%84%9A#selectL"
"ㄕ","ㄕㄚ","痧","https://dict.concised.moe.edu.tw/searchP.jsp?SN=%E3%84%95&SN2=%E3%84%95%E3%84%9A#selectL"
"ㄕ","ㄕㄚ","煞","https://dict.concised.moe.edu.tw/searchP.jsp?SN=%E3%84%95&SN2=%E3%84%95%E3%84%9A#selectL"
"ㄕ","ㄕㄚ","裟","https://dict.concised.moe.edu.tw/searchP.jsp?SN=%E3%84%95&SN2=%E3%84%95%E3%84%9A#selectL"
"ㄕ","ㄕㄚ","鯊","https://dict.concised.moe.edu.tw/searchP.jsp?SN=%E3%84%95&SN2=%E3%84%95%E3%84%9A#selectL"
"ㄕ","ㄕㄚ","鎩","https://dict.concised.moe.edu.tw/searchP.jsp?SN=%E3%84%95&SN2=%E3%84%95%E3%84%9A#selectL"
"ㄕ","ㄕㄚˇ","傻","https://dict.concised.moe.edu.tw/searchP.jsp?SN=%E3%84%95&SN2=%E3%84%95%E3%84%9A%CB%87#selectL"
"ㄕ","ㄕㄚˊ","啥","https://dict.concised.moe.edu.tw/searchP.jsp?SN=%E3%84%95&SN2=%E3%84%95%E3%84%9A%CB%8A#selectL"
"ㄕ","ㄕㄚˋ","歃","https://dict.concised.moe.edu.tw/searchP.jsp?SN=%E3%84%95&SN2=%E3%84%95%E3%84%9A%CB%8B#selectL"
"ㄕ","ㄕㄚˋ","煞","https://dict.concised.moe.edu.tw/searchP.jsp?SN=%E3%84%95&SN2=%E3%84%95%E3%84%9A%CB%8B#selectL"
"ㄕ","ㄕㄚˋ","霎","https://dict.concised.moe.edu.tw/searchP.jsp?SN=%E3%84%95&SN2=%E3%84%95%E3%84%9A%CB%8B#selectL"
"ㄕ","ㄕㄜ","奢","https://dict.concised.moe.edu.tw/searchP.jsp?SN=%E3%84%95&SN2=%E3%84%95%E3%84%9C#selectL"
"ㄕ","ㄕㄜ","畬","https://dict.concised.moe.edu.tw/searchP.jsp?SN=%E3%84%95&SN2=%E3%84%95%E3%84%9C#selectL"
"ㄕ","ㄕㄜ","賒","https://dict.concised.moe.edu.tw/searchP.jsp?SN=%E3%84%95&SN2=%E3%84%95%E3%84%9C#selectL"
"ㄕ","ㄕㄜˇ","舍","https://dict.concised.moe.edu.tw/searchP.jsp?SN=%E3%84%95&SN2=%E3%84%95%E3%84%9C%CB%87#selectL"
"ㄕ","ㄕㄜˇ","捨","https://dict.concised.moe.edu.tw/searchP.jsp?SN=%E3%84%95&SN2=%E3%84%95%E3%84%9C%CB%87#selectL"
"ㄕ","ㄕㄜˊ","舌","https://dict.concised.moe.edu.tw/searchP.jsp?SN=%E3%84%95&SN2=%E3%84%95%E3%84%9C%CB%8A#selectL"
"ㄕ","ㄕㄜˊ","佘","https://dict.concised.moe.edu.tw/searchP.jsp?SN=%E3%84%95&SN2=%E3%84%95%E3%84%9C%CB%8A#selectL"
"ㄕ","ㄕㄜˊ","折","https://dict.concised.moe.edu.tw/searchP.jsp?SN=%E3%84%95&SN2=%E3%84%95%E3%84%9C%CB%8A#selectL"
"ㄕ","ㄕㄜˊ","蛇","https://dict.concised.moe.edu.tw/searchP.jsp?SN=%E3%84%95&SN2=%E3%84%95%E3%84%9C%CB%8A#selectL"
"ㄕ","ㄕㄜˋ","社","https://dict.concised.moe.edu.tw/searchP.jsp?SN=%E3%84%95&SN2=%E3%84%95%E3%84%9C%CB%8B#selectL"
"ㄕ","ㄕㄜˋ","舍","https://dict.concised.moe.edu.tw/searchP.jsp?SN=%E3%84%95&SN2=%E3%84%95%E3%84%9C%CB%8B#selectL"
"ㄕ","ㄕㄜˋ","拾","https://dict.concised.moe.edu.tw/searchP.jsp?SN=%E3%84%95&SN2=%E3%84%95%E3%84%9C%CB%8B#selectL"
"ㄕ","ㄕㄜˋ","射","https://dict.concised.moe.edu.tw/searchP.jsp?SN=%E3%84%95&SN2=%E3%84%95%E3%84%9C%CB%8B#selectL"
"ㄕ","ㄕㄜˋ","涉","https://dict.concised.moe.edu.tw/searchP.jsp?SN=%E3%84%95&SN2=%E3%84%95%E3%84%9C%CB%8B#selectL"
"ㄕ","ㄕㄜˋ","設","https://dict.concised.moe.edu.tw/searchP.jsp?SN=%E3%84%95&SN2=%E3%84%95%E3%84%9C%CB%8B#selectL"
"ㄕ","ㄕㄜˋ","赦","https://dict.concised.moe.edu.tw/searchP.jsp?SN=%E3%84%95&SN2=%E3%84%95%E3%84%9C%CB%8B#selectL"
"ㄕ","ㄕㄜˋ","葉","https://dict.concised.moe.edu.tw/searchP.jsp?SN=%E3%84%95&SN2=%E3%84%95%E3%84%9C%CB%8B#selectL"
"ㄕ","ㄕㄜˋ","攝","https://dict.concised.moe.edu.tw/searchP.jsp?SN=%E3%84%95&SN2=%E3%84%95%E3%84%9C%CB%8B#selectL"
"ㄕ","ㄕㄜˋ","麝","https://dict.concised.moe.edu.tw/searchP.jsp?SN=%E3%84%95&SN2=%E3%84%95%E3%84%9C%CB%8B#selectL"
"ㄕ","ㄕㄞ","篩","https://dict.concised.moe.edu.tw/searchP.jsp?SN=%E3%84%95&SN2=%E3%84%95%E3%84%9E#selectL"
"ㄕ","ㄕㄞˇ","色","https://dict.concised.moe.edu.tw/searchP.jsp?SN=%E3%84%95&SN2=%E3%84%95%E3%84%9E%CB%87#selectL"
"ㄕ","ㄕㄞˋ","晒","https://dict.concised.moe.edu.tw/searchP.jsp?SN=%E3%84%95&SN2=%E3%84%95%E3%84%9E%CB%8B#selectL"
"ㄕ","ㄕㄞˋ","殺","https://dict.concised.moe.edu.tw/searchP.jsp?SN=%E3%84%95&SN2=%E3%84%95%E3%84%9E%CB%8B#selectL"
"ㄕ","ㄕㄟˊ","誰","https://dict.concised.moe.edu.tw/searchP.jsp?SN=%E3%84%95&SN2=%E3%84%95%E3%84%9F%CB%8A#selectL"
"ㄕ","ㄕㄠ","捎","https://dict.concised.moe.edu.tw/searchP.jsp?SN=%E3%84%95&SN2=%E3%84%95%E3%84%A0#selectL"
"ㄕ","ㄕㄠ","梢","https://dict.concised.moe.edu.tw/searchP.jsp?SN=%E3%84%95&SN2=%E3%84%95%E3%84%A0#selectL"
"ㄕ","ㄕㄠ","稍","https://dict.concised.moe.edu.tw/searchP.jsp?SN=%E3%84%95&SN2=%E3%84%95%E3%84%A0#selectL"
"ㄕ","ㄕㄠ","筲","https://dict.concised.moe.edu.tw/searchP.jsp?SN=%E3%84%95&SN2=%E3%84%95%E3%84%A0#selectL"
"ㄕ","ㄕㄠ","燒","https://dict.concised.moe.edu.tw/searchP.jsp?SN=%E3%84%95&SN2=%E3%84%95%E3%84%A0#selectL"
"ㄕ","ㄕㄠˇ","少","https://dict.concised.moe.edu.tw/searchP.jsp?SN=%E3%84%95&SN2=%E3%84%95%E3%84%A0%CB%87#selectL"
"ㄕ","ㄕㄠˊ","勺","https://dict.concised.moe.edu.tw/searchP.jsp?SN=%E3%84%95&SN2=%E3%84%95%E3%84%A0%CB%8A#selectL"
"ㄕ","ㄕㄠˊ","杓","https://dict.concised.moe.edu.tw/searchP.jsp?SN=%E3%84%95&SN2=%E3%84%95%E3%84%A0%CB%8A#selectL"
"ㄕ","ㄕㄠˊ","芍","https://dict.concised.moe.edu.tw/searchP.jsp?SN=%E3%84%95&SN2=%E3%84%95%E3%84%A0%CB%8A#selectL"
"ㄕ","ㄕㄠˊ","韶","https://dict.concised.moe.edu.tw/searchP.jsp?SN=%E3%84%95&SN2=%E3%84%95%E3%84%A0%CB%8A#selectL"
"ㄕ","ㄕㄠˋ","少","https://dict.concised.moe.edu.tw/searchP.jsp?SN=%E3%84%95&SN2=%E3%84%95%E3%84%A0%CB%8B#selectL"
"ㄕ","ㄕㄠˋ","召","https://dict.concised.moe.edu.tw/searchP.jsp?SN=%E3%84%95&SN2=%E3%84%95%E3%84%A0%CB%8B#selectL"
"ㄕ","ㄕㄠˋ","劭","https://dict.concised.moe.edu.tw/searchP.jsp?SN=%E3%84%95&SN2=%E3%84%95%E3%84%A0%CB%8B#selectL"
"ㄕ","ㄕㄠˋ","邵","https://dict.concised.moe.edu.tw/searchP.jsp?SN=%E3%84%95&SN2=%E3%84%95%E3%84%A0%CB%8B#selectL"
"ㄕ","ㄕㄠˋ","哨","https://dict.concised.moe.edu.tw/searchP.jsp?SN=%E3%84%95&SN2=%E3%84%95%E3%84%A0%CB%8B#selectL"
"ㄕ","ㄕㄠˋ","捎","https://dict.concised.moe.edu.tw/searchP.jsp?SN=%E3%84%95&SN2=%E3%84%95%E3%84%A0%CB%8B#selectL"
"ㄕ","ㄕㄠˋ","紹","https://dict.concised.moe.edu.tw/searchP.jsp?SN=%E3%84%95&SN2=%E3%84%95%E3%84%A0%CB%8B#selectL"
"ㄕ","ㄕㄡ","收","https://dict.concised.moe.edu.tw/searchP.jsp?SN=%E3%84%95&SN2=%E3%84%95%E3%84%A1#selectL"
"ㄕ","ㄕㄡˇ","手","https://dict.concised.moe.edu.tw/searchP.jsp?SN=%E3%84%95&SN2=%E3%84%95%E3%84%A1%CB%87#selectL"
"ㄕ","ㄕㄡˇ","守","https://dict.concised.moe.edu.tw/searchP.jsp?SN=%E3%84%95&SN2=%E3%84%95%E3%84%A1%CB%87#selectL"
"ㄕ","ㄕㄡˇ","首","https://dict.concised.moe.edu.tw/searchP.jsp?SN=%E3%84%95&SN2=%E3%84%95%E3%84%A1%CB%87#selectL"
"ㄕ","ㄕㄡˊ","熟","https://dict.concised.moe.edu.tw/searchP.jsp?SN=%E3%84%95&SN2=%E3%84%95%E3%84%A1%CB%8A#selectL"
"ㄕ","ㄕㄡˋ","受","https://dict.concised.moe.edu.tw/searchP.jsp?SN=%E3%84%95&SN2=%E3%84%95%E3%84%A1%CB%8B#selectL"
"ㄕ","ㄕㄡˋ","狩","https://dict.concised.moe.edu.tw/searchP.jsp?SN=%E3%84%95&SN2=%E3%84%95%E3%84%A1%CB%8B#selectL"
"ㄕ","ㄕㄡˋ","售","https://dict.concised.moe.edu.tw/searchP.jsp?SN=%E3%84%95&SN2=%E3%84%95%E3%84%A1%CB%8B#selectL"
"ㄕ","ㄕㄡˋ","授","https://dict.concised.moe.edu.tw/searchP.jsp?SN=%E3%84%95&SN2=%E3%84%95%E3%84%A1%CB%8B#selectL"
"ㄕ","ㄕㄡˋ","壽","https://dict.concised.moe.edu.tw/searchP.jsp?SN=%E3%84%95&SN2=%E3%84%95%E3%84%A1%CB%8B#selectL"
"ㄕ","ㄕㄡˋ","綬","https://dict.concised.moe.edu.tw/searchP.jsp?SN=%E3%84%95&SN2=%E3%84%95%E3%84%A1%CB%8B#selectL"
"ㄕ","ㄕㄡˋ","瘦","https://dict.concised.moe.edu.tw/searchP.jsp?SN=%E3%84%95&SN2=%E3%84%95%E3%84%A1%CB%8B#selectL"
"ㄕ","ㄕㄡˋ","獸","https://dict.concised.moe.edu.tw/searchP.jsp?SN=%E3%84%95&SN2=%E3%84%95%E3%84%A1%CB%8B#selectL"
"ㄕ","ㄕㄢ","山","https://dict.concised.moe.edu.tw/searchP.jsp?SN=%E3%84%95&SN2=%E3%84%95%E3%84%A2#selectL"
"ㄕ","ㄕㄢ","刪","https://dict.concised.moe.edu.tw/searchP.jsp?SN=%E3%84%95&SN2=%E3%84%95%E3%84%A2#selectL"
"ㄕ","ㄕㄢ","杉","https://dict.concised.moe.edu.tw/searchP.jsp?SN=%E3%84%95&SN2=%E3%84%95%E3%84%A2#selectL"
"ㄕ","ㄕㄢ","姍","https://dict.concised.moe.edu.tw/searchP.jsp?SN=%E3%84%95&SN2=%E3%84%95%E3%84%A2#selectL"
"ㄕ","ㄕㄢ","珊","https://dict.concised.moe.edu.tw/searchP.jsp?SN=%E3%84%95&SN2=%E3%84%95%E3%84%A2#selectL"
"ㄕ","ㄕㄢ","舢","https://dict.concised.moe.edu.tw/searchP.jsp?SN=%E3%84%95&SN2=%E3%84%95%E3%84%A2#selectL"
"ㄕ","ㄕㄢ","苫","https://dict.concised.moe.edu.tw/searchP.jsp?SN=%E3%84%95&SN2=%E3%84%95%E3%84%A2#selectL"
"ㄕ","ㄕㄢ","衫","https://dict.concised.moe.edu.tw/searchP.jsp?SN=%E3%84%95&SN2=%E3%84%95%E3%84%A2#selectL"
"ㄕ","ㄕㄢ","扇","https://dict.concised.moe.edu.tw/searchP.jsp?SN=%E3%84%95&SN2=%E3%84%95%E3%84%A2#selectL"
"ㄕ","ㄕㄢ","跚","https://dict.concised.moe.edu.tw/searchP.jsp?SN=%E3%84%95&SN2=%E3%84%95%E3%84%A2#selectL"
"ㄕ","ㄕㄢ","搧","https://dict.concised.moe.edu.tw/searchP.jsp?SN=%E3%84%95&SN2=%E3%84%95%E3%84%A2#selectL"
"ㄕ","ㄕㄢ","煽","https://dict.concised.moe.edu.tw/searchP.jsp?SN=%E3%84%95&SN2=%E3%84%95%E3%84%A2#selectL"
"ㄕ","ㄕㄢ","潸","https://dict.concised.moe.edu.tw/searchP.jsp?SN=%E3%84%95&SN2=%E3%84%95%E3%84%A2#selectL"
"ㄕ","ㄕㄢ","羶","https://dict.concised.moe.edu.tw/searchP.jsp?SN=%E3%84%95&SN2=%E3%84%95%E3%84%A2#selectL"
"ㄕ","ㄕㄢˇ","閃","https://dict.concised.moe.edu.tw/searchP.jsp?SN=%E3%84%95&SN2=%E3%84%95%E3%84%A2%CB%87#selectL"
"ㄕ","ㄕㄢˇ","陝","https://dict.concised.moe.edu.tw/searchP.jsp?SN=%E3%84%95&SN2=%E3%84%95%E3%84%A2%CB%87#selectL"
"ㄕ","ㄕㄢˋ","汕","https://dict.concised.moe.edu.tw/searchP.jsp?SN=%E3%84%95&SN2=%E3%84%95%E3%84%A2%CB%8B#selectL"
"ㄕ","ㄕㄢˋ","疝","https://dict.concised.moe.edu.tw/searchP.jsp?SN=%E3%84%95&SN2=%E3%84%95%E3%84%A2%CB%8B#selectL"
"ㄕ","ㄕㄢˋ","扇","https://dict.concised.moe.edu.tw/searchP.jsp?SN=%E3%84%95&SN2=%E3%84%95%E3%84%A2%CB%8B#selectL"
"ㄕ","ㄕㄢˋ","訕","https://dict.concised.moe.edu.tw/searchP.jsp?SN=%E3%84%95&SN2=%E3%84%95%E3%84%A2%CB%8B#selectL"
"ㄕ","ㄕㄢˋ","善","https://dict.concised.moe.edu.tw/searchP.jsp?SN=%E3%84%95&SN2=%E3%84%95%E3%84%A2%CB%8B#selectL"
"ㄕ","ㄕㄢˋ","單","https://dict.concised.moe.edu.tw/searchP.jsp?SN=%E3%84%95&SN2=%E3%84%95%E3%84%A2%CB%8B#selectL"
"ㄕ","ㄕㄢˋ","撣","https://dict.concised.moe.edu.tw/searchP.jsp?SN=%E3%84%95&SN2=%E3%84%95%E3%84%A2%CB%8B#selectL"
"ㄕ","ㄕㄢˋ","鄯","https://dict.concised.moe.edu.tw/searchP.jsp?SN=%E3%84%95&SN2=%E3%84%95%E3%84%A2%CB%8B#selectL"
"ㄕ","ㄕㄢˋ","嬗","https://dict.concised.moe.edu.tw/searchP.jsp?SN=%E3%84%95&SN2=%E3%84%95%E3%84%A2%CB%8B#selectL"
"ㄕ","ㄕㄢˋ","擅","https://dict.concised.moe.edu.tw/searchP.jsp?SN=%E3%84%95&SN2=%E3%84%95%E3%84%A2%CB%8B#selectL"
"ㄕ","ㄕㄢˋ","膳","https://dict.concised.moe.edu.tw/searchP.jsp?SN=%E3%84%95&SN2=%E3%84%95%E3%84%A2%CB%8B#selectL"
"ㄕ","ㄕㄢˋ","禪","https://dict.concised.moe.edu.tw/searchP.jsp?SN=%E3%84%95&SN2=%E3%84%95%E3%84%A2%CB%8B#selectL"
"ㄕ","ㄕㄢˋ","繕","https://dict.concised.moe.edu.tw/searchP.jsp?SN=%E3%84%95&SN2=%E3%84%95%E3%84%A2%CB%8B#selectL"
"ㄕ","ㄕㄢˋ","贍","https://dict.concised.moe.edu.tw/searchP.jsp?SN=%E3%84%95&SN2=%E3%84%95%E3%84%A2%CB%8B#selectL"
"ㄕ","ㄕㄢˋ","鱔","https://dict.concised.moe.edu.tw/searchP.jsp?SN=%E3%84%95&SN2=%E3%84%95%E3%84%A2%CB%8B#selectL"
"ㄕ","ㄕㄣ","申","https://dict.concised.moe.edu.tw/searchP.jsp?SN=%E3%84%95&SN2=%E3%84%95%E3%84%A3#selectL"
"ㄕ","ㄕㄣ","伸","https://dict.concised.moe.edu.tw/searchP.jsp?SN=%E3%84%95&SN2=%E3%84%95%E3%84%A3#selectL"
"ㄕ","ㄕㄣ","身","https://dict.concised.moe.edu.tw/searchP.jsp?SN=%E3%84%95&SN2=%E3%84%95%E3%84%A3#selectL"
"ㄕ","ㄕㄣ","呻","https://dict.concised.moe.edu.tw/searchP.jsp?SN=%E3%84%95&SN2=%E3%84%95%E3%84%A3#selectL"
"ㄕ","ㄕㄣ","娠","https://dict.concised.moe.edu.tw/searchP.jsp?SN=%E3%84%95&SN2=%E3%84%95%E3%84%A3#selectL"
"ㄕ","ㄕㄣ","砷","https://dict.concised.moe.edu.tw/searchP.jsp?SN=%E3%84%95&SN2=%E3%84%95%E3%84%A3#selectL"
"ㄕ","ㄕㄣ","參","https://dict.concised.moe.edu.tw/searchP.jsp?SN=%E3%84%95&SN2=%E3%84%95%E3%84%A3#selectL"
"ㄕ","ㄕㄣ","深","https://dict.concised.moe.edu.tw/searchP.jsp?SN=%E3%84%95&SN2=%E3%84%95%E3%84%A3#selectL"
"ㄕ","ㄕㄣ","紳","https://dict.concised.moe.edu.tw/searchP.jsp?SN=%E3%84%95&SN2=%E3%84%95%E3%84%A3#selectL"
"ㄕ","ㄕㄣ","莘","https://dict.concised.moe.edu.tw/searchP.jsp?SN=%E3%84%95&SN2=%E3%84%95%E3%84%A3#selectL"
"ㄕ","ㄕㄣ","蔘","https://dict.concised.moe.edu.tw/searchP.jsp?SN=%E3%84%95&SN2=%E3%84%95%E3%84%A3#selectL"
"ㄕ","ㄕㄣ","燊","https://dict.concised.moe.edu.tw/searchP.jsp?SN=%E3%84%95&SN2=%E3%84%95%E3%84%A3#selectL"
"ㄕ","ㄕㄣˇ","沈","https://dict.concised.moe.edu.tw/searchP.jsp?SN=%E3%84%95&SN2=%E3%84%95%E3%84%A3%CB%87#selectL"
"ㄕ","ㄕㄣˇ","哂","https://dict.concised.moe.edu.tw/searchP.jsp?SN=%E3%84%95&SN2=%E3%84%95%E3%84%A3%CB%87#selectL"
"ㄕ","ㄕㄣˇ","審","https://dict.concised.moe.edu.tw/searchP.jsp?SN=%E3%84%95&SN2=%E3%84%95%E3%84%A3%CB%87#selectL"
"ㄕ","ㄕㄣˇ","嬸","https://dict.concised.moe.edu.tw/searchP.jsp?SN=%E3%84%95&SN2=%E3%84%95%E3%84%A3%CB%87#selectL"
"ㄕ","ㄕㄣˇ","瀋","https://dict.concised.moe.edu.tw/searchP.jsp?SN=%E3%84%95&SN2=%E3%84%95%E3%84%A3%CB%87#selectL"
"ㄕ","ㄕㄣˊ","什","https://dict.concised.moe.edu.tw/searchP.jsp?SN=%E3%84%95&SN2=%E3%84%95%E3%84%A3%CB%8A#selectL"
"ㄕ","ㄕㄣˊ","甚","https://dict.concised.moe.edu.tw/searchP.jsp?SN=%E3%84%95&SN2=%E3%84%95%E3%84%A3%CB%8A#selectL"
"ㄕ","ㄕㄣˊ","神","https://dict.concised.moe.edu.tw/searchP.jsp?SN=%E3%84%95&SN2=%E3%84%95%E3%84%A3%CB%8A#selectL"
"ㄕ","ㄕㄣˋ","甚","https://dict.concised.moe.edu.tw/searchP.jsp?SN=%E3%84%95&SN2=%E3%84%95%E3%84%A3%CB%8B#selectL"
"ㄕ","ㄕㄣˋ","腎","https://dict.concised.moe.edu.tw/searchP.jsp?SN=%E3%84%95&SN2=%E3%84%95%E3%84%A3%CB%8B#selectL"
"ㄕ","ㄕㄣˋ","慎","https://dict.concised.moe.edu.tw/searchP.jsp?SN=%E3%84%95&SN2=%E3%84%95%E3%84%A3%CB%8B#selectL"
"ㄕ","ㄕㄣˋ","葚","https://dict.concised.moe.edu.tw/searchP.jsp?SN=%E3%84%95&SN2=%E3%84%95%E3%84%A3%CB%8B#selectL"
"ㄕ","ㄕㄣˋ","蜃","https://dict.concised.moe.edu.tw/searchP.jsp?SN=%E3%84%95&SN2=%E3%84%95%E3%84%A3%CB%8B#selectL"
"ㄕ","ㄕㄣˋ","滲","https://dict.concised.moe.edu.tw/searchP.jsp?SN=%E3%84%95&SN2=%E3%84%95%E3%84%A3%CB%8B#selectL"
"ㄕ","ㄕㄤ","商","https://dict.concised.moe.edu.tw/searchP.jsp?SN=%E3%84%95&SN2=%E3%84%95%E3%84%A4#selectL"
"ㄕ","ㄕㄤ","湯","https://dict.concised.moe.edu.tw/searchP.jsp?SN=%E3%84%95&SN2=%E3%84%95%E3%84%A4#selectL"
"ㄕ","ㄕㄤ","傷","https://dict.concised.moe.edu.tw/searchP.jsp?SN=%E3%84%95&SN2=%E3%84%95%E3%84%A4#selectL"
"ㄕ","ㄕㄤ","殤","https://dict.concised.moe.edu.tw/searchP.jsp?SN=%E3%84%95&SN2=%E3%84%95%E3%84%A4#selectL"
"ㄕ","ㄕㄤ","觴","https://dict.concised.moe.edu.tw/searchP.jsp?SN=%E3%84%95&SN2=%E3%84%95%E3%84%A4#selectL"
"ㄕ","ㄕㄤˇ","上","https://dict.concised.moe.edu.tw/searchP.jsp?SN=%E3%84%95&SN2=%E3%84%95%E3%84%A4%CB%87#selectL"
"ㄕ","ㄕㄤˇ","晌","https://dict.concised.moe.edu.tw/searchP.jsp?SN=%E3%84%95&SN2=%E3%84%95%E3%84%A4%CB%87#selectL"
"ㄕ","ㄕㄤˇ","賞","https://dict.concised.moe.edu.tw/searchP.jsp?SN=%E3%84%95&SN2=%E3%84%95%E3%84%A4%CB%87#selectL"
"ㄕ","ㄕㄤˋ","上","https://dict.concised.moe.edu.tw/searchP.jsp?SN=%E3%84%95&SN2=%E3%84%95%E3%84%A4%CB%8B#selectL"
"ㄕ","ㄕㄤˋ","尚","https://dict.concised.moe.edu.tw/searchP.jsp?SN=%E3%84%95&SN2=%E3%84%95%E3%84%A4%CB%8B#selectL"
"ㄕ","ㄕㄥ","升","https://dict.concised.moe.edu.tw/searchP.jsp?SN=%E3%84%95&SN2=%E3%84%95%E3%84%A5#selectL"
"ㄕ","ㄕㄥ","生","https://dict.concised.moe.edu.tw/searchP.jsp?SN=%E3%84%95&SN2=%E3%84%95%E3%84%A5#selectL"
"ㄕ","ㄕㄥ","昇","https://dict.concised.moe.edu.tw/searchP.jsp?SN=%E3%84%95&SN2=%E3%84%95%E3%84%A5#selectL"
"ㄕ","ㄕㄥ","牲","https://dict.concised.moe.edu.tw/searchP.jsp?SN=%E3%84%95&SN2=%E3%84%95%E3%84%A5#selectL"
"ㄕ","ㄕㄥ","陞","https://dict.concised.moe.edu.tw/searchP.jsp?SN=%E3%84%95&SN2=%E3%84%95%E3%84%A5#selectL"
"ㄕ","ㄕㄥ","笙","https://dict.concised.moe.edu.tw/searchP.jsp?SN=%E3%84%95&SN2=%E3%84%95%E3%84%A5#selectL"
"ㄕ","ㄕㄥ","勝","https://dict.concised.moe.edu.tw/searchP.jsp?SN=%E3%84%95&SN2=%E3%84%95%E3%84%A5#selectL"
"ㄕ","ㄕㄥ","甥","https://dict.concised.moe.edu.tw/searchP.jsp?SN=%E3%84%95&SN2=%E3%84%95%E3%84%A5#selectL"
"ㄕ","ㄕㄥ","聲","https://dict.concised.moe.edu.tw/searchP.jsp?SN=%E3%84%95&SN2=%E3%84%95%E3%84%A5#selectL"
"ㄕ","ㄕㄥˇ","省","https://dict.concised.moe.edu.tw/searchP.jsp?SN=%E3%84%95&SN2=%E3%84%95%E3%84%A5%CB%87#selectL"
"ㄕ","ㄕㄥˇ","眚","https://dict.concised.moe.edu.tw/searchP.jsp?SN=%E3%84%95&SN2=%E3%84%95%E3%84%A5%CB%87#selectL"
"ㄕ","ㄕㄥˊ","澠","https://dict.concised.moe.edu.tw/searchP.jsp?SN=%E3%84%95&SN2=%E3%84%95%E3%84%A5%CB%8A#selectL"
"ㄕ","ㄕㄥˊ","繩","https://dict.concised.moe.edu.tw/searchP.jsp?SN=%E3%84%95&SN2=%E3%84%95%E3%84%A5%CB%8A#selectL"
"ㄕ","ㄕㄥˋ","乘","https://dict.concised.moe.edu.tw/searchP.jsp?SN=%E3%84%95&SN2=%E3%84%95%E3%84%A5%CB%8B#selectL"
"ㄕ","ㄕㄥˋ","盛","https://dict.concised.moe.edu.tw/searchP.jsp?SN=%E3%84%95&SN2=%E3%84%95%E3%84%A5%CB%8B#selectL"
"ㄕ","ㄕㄥˋ","剩","https://dict.concised.moe.edu.tw/searchP.jsp?SN=%E3%84%95&SN2=%E3%84%95%E3%84%A5%CB%8B#selectL"
"ㄕ","ㄕㄥˋ","勝","https://dict.concised.moe.edu.tw/searchP.jsp?SN=%E3%84%95&SN2=%E3%84%95%E3%84%A5%CB%8B#selectL"
"ㄕ","ㄕㄥˋ","嵊","https://dict.concised.moe.edu.tw/searchP.jsp?SN=%E3%84%95&SN2=%E3%84%95%E3%84%A5%CB%8B#selectL"
"ㄕ","ㄕㄥˋ","聖","https://dict.concised.moe.edu.tw/searchP.jsp?SN=%E3%84%95&SN2=%E3%84%95%E3%84%A5%CB%8B#selectL"
"ㄕ","ㄕㄥˋ","賸","https://dict.concised.moe.edu.tw/searchP.jsp?SN=%E3%84%95&SN2=%E3%84%95%E3%84%A5%CB%8B#selectL"
"ㄕ","ㄕㄨ","疋","https://dict.concised.moe.edu.tw/searchP.jsp?SN=%E3%84%95&SN2=%E3%84%95%E3%84%A8#selectL"
"ㄕ","ㄕㄨ","抒","https://dict.concised.moe.edu.tw/searchP.jsp?SN=%E3%84%95&SN2=%E3%84%95%E3%84%A8#selectL"
"ㄕ","ㄕㄨ","姝","https://dict.concised.moe.edu.tw/searchP.jsp?SN=%E3%84%95&SN2=%E3%84%95%E3%84%A8#selectL"
"ㄕ","ㄕㄨ","書","https://dict.concised.moe.edu.tw/searchP.jsp?SN=%E3%84%95&SN2=%E3%84%95%E3%84%A8#selectL"
"ㄕ","ㄕㄨ","殊","https://dict.concised.moe.edu.tw/searchP.jsp?SN=%E3%84%95&SN2=%E3%84%95%E3%84%A8#selectL"
"ㄕ","ㄕㄨ","紓","https://dict.concised.moe.edu.tw/searchP.jsp?SN=%E3%84%95&SN2=%E3%84%95%E3%84%A8#selectL"
"ㄕ","ㄕㄨ","梳","https://dict.concised.moe.edu.tw/searchP.jsp?SN=%E3%84%95&SN2=%E3%84%95%E3%84%A8#selectL"
"ㄕ","ㄕㄨ","荼","https://dict.concised.moe.edu.tw/searchP.jsp?SN=%E3%84%95&SN2=%E3%84%95%E3%84%A8#selectL"
"ㄕ","ㄕㄨ","疏","https://dict.concised.moe.edu.tw/searchP.jsp?SN=%E3%84%95&SN2=%E3%84%95%E3%84%A8#selectL"
"ㄕ","ㄕㄨ","舒","https://dict.concised.moe.edu.tw/searchP.jsp?SN=%E3%84%95&SN2=%E3%84%95%E3%84%A8#selectL"
"ㄕ","ㄕㄨ","樞","https://dict.concised.moe.edu.tw/searchP.jsp?SN=%E3%84%95&SN2=%E3%84%95%E3%84%A8#selectL"
"ㄕ","ㄕㄨ","蔬","https://dict.concised.moe.edu.tw/searchP.jsp?SN=%E3%84%95&SN2=%E3%84%95%E3%84%A8#selectL"
"ㄕ","ㄕㄨ","輸","https://dict.concised.moe.edu.tw/searchP.jsp?SN=%E3%84%95&SN2=%E3%84%95%E3%84%A8#selectL"
"ㄕ","ㄕㄨˇ","暑","https://dict.concised.moe.edu.tw/searchP.jsp?SN=%E3%84%95&SN2=%E3%84%95%E3%84%A8%CB%87#selectL"
"ㄕ","ㄕㄨˇ","黍","https://dict.concised.moe.edu.tw/searchP.jsp?SN=%E3%84%95&SN2=%E3%84%95%E3%84%A8%CB%87#selectL"
"ㄕ","ㄕㄨˇ","署","https://dict.concised.moe.edu.tw/searchP.jsp?SN=%E3%84%95&SN2=%E3%84%95%E3%84%A8%CB%87#selectL"
"ㄕ","ㄕㄨˇ","蜀","https://dict.concised.moe.edu.tw/searchP.jsp?SN=%E3%84%95&SN2=%E3%84%95%E3%84%A8%CB%87#selectL"
"ㄕ","ㄕㄨˇ","鼠","https://dict.concised.moe.edu.tw/searchP.jsp?SN=%E3%84%95&SN2=%E3%84%95%E3%84%A8%CB%87#selectL"
"ㄕ","ㄕㄨˇ","數","https://dict.concised.moe.edu.tw/searchP.jsp?SN=%E3%84%95&SN2=%E3%84%95%E3%84%A8%CB%87#selectL"
"ㄕ","ㄕㄨˇ","薯","https://dict.concised.moe.edu.tw/searchP.jsp?SN=%E3%84%95&SN2=%E3%84%95%E3%84%A8%CB%87#selectL"
"ㄕ","ㄕㄨˇ","糬","https://dict.concised.moe.edu.tw/searchP.jsp?SN=%E3%84%95&SN2=%E3%84%95%E3%84%A8%CB%87#selectL"
"ㄕ","ㄕㄨˇ","藷","https://dict.concised.moe.edu.tw/searchP.jsp?SN=%E3%84%95&SN2=%E3%84%95%E3%84%A8%CB%87#selectL"
"ㄕ","ㄕㄨˇ","屬","https://dict.concised.moe.edu.tw/searchP.jsp?SN=%E3%84%95&SN2=%E3%84%95%E3%84%A8%CB%87#selectL"
"ㄕ","ㄕㄨˊ","叔","https://dict.concised.moe.edu.tw/searchP.jsp?SN=%E3%84%95&SN2=%E3%84%95%E3%84%A8%CB%8A#selectL"
"ㄕ","ㄕㄨˊ","孰","https://dict.concised.moe.edu.tw/searchP.jsp?SN=%E3%84%95&SN2=%E3%84%95%E3%84%A8%CB%8A#selectL"
"ㄕ","ㄕㄨˊ","淑","https://dict.concised.moe.edu.tw/searchP.jsp?SN=%E3%84%95&SN2=%E3%84%95%E3%84%A8%CB%8A#selectL"
"ㄕ","ㄕㄨˊ","菽","https://dict.concised.moe.edu.tw/searchP.jsp?SN=%E3%84%95&SN2=%E3%84%95%E3%84%A8%CB%8A#selectL"
"ㄕ","ㄕㄨˊ","塾","https://dict.concised.moe.edu.tw/searchP.jsp?SN=%E3%84%95&SN2=%E3%84%95%E3%84%A8%CB%8A#selectL"
"ㄕ","ㄕㄨˊ","贖","https://dict.concised.moe.edu.tw/searchP.jsp?SN=%E3%84%95&SN2=%E3%84%95%E3%84%A8%CB%8A#selectL"
"ㄕ","ㄕㄨˋ","戍","https://dict.concised.moe.edu.tw/searchP.jsp?SN=%E3%84%95&SN2=%E3%84%95%E3%84%A8%CB%8B#selectL"
"ㄕ","ㄕㄨˋ","束","https://dict.concised.moe.edu.tw/searchP.jsp?SN=%E3%84%95&SN2=%E3%84%95%E3%84%A8%CB%8B#selectL"
"ㄕ","ㄕㄨˋ","述","https://dict.concised.moe.edu.tw/searchP.jsp?SN=%E3%84%95&SN2=%E3%84%95%E3%84%A8%CB%8B#selectL"
"ㄕ","ㄕㄨˋ","倏","https://dict.concised.moe.edu.tw/searchP.jsp?SN=%E3%84%95&SN2=%E3%84%95%E3%84%A8%CB%8B#selectL"
"ㄕ","ㄕㄨˋ","恕","https://dict.concised.moe.edu.tw/searchP.jsp?SN=%E3%84%95&SN2=%E3%84%95%E3%84%A8%CB%8B#selectL"
"ㄕ","ㄕㄨˋ","庶","https://dict.concised.moe.edu.tw/searchP.jsp?SN=%E3%84%95&SN2=%E3%84%95%E3%84%A8%CB%8B#selectL"
"ㄕ","ㄕㄨˋ","術","https://dict.concised.moe.edu.tw/searchP.jsp?SN=%E3%84%95&SN2=%E3%84%95%E3%84%A8%CB%8B#selectL"
"ㄕ","ㄕㄨˋ","署","https://dict.concised.moe.edu.tw/searchP.jsp?SN=%E3%84%95&SN2=%E3%84%95%E3%84%A8%CB%8B#selectL"
"ㄕ","ㄕㄨˋ","墅","https://dict.concised.moe.edu.tw/searchP.jsp?SN=%E3%84%95&SN2=%E3%84%95%E3%84%A8%CB%8B#selectL"
"ㄕ","ㄕㄨˋ","漱","https://dict.concised.moe.edu.tw/searchP.jsp?SN=%E3%84%95&SN2=%E3%84%95%E3%84%A8%CB%8B#selectL"
"ㄕ","ㄕㄨˋ","數","https://dict.concised.moe.edu.tw/searchP.jsp?SN=%E3%84%95&SN2=%E3%84%95%E3%84%A8%CB%8B#selectL"
"ㄕ","ㄕㄨˋ","豎","https://dict.concised.moe.edu.tw/searchP.jsp?SN=%E3%84%95&SN2=%E3%84%95%E3%84%A8%CB%8B#selectL"
"ㄕ","ㄕㄨˋ","樹","https://dict.concised.moe.edu.tw/searchP.jsp?SN=%E3%84%95&SN2=%E3%84%95%E3%84%A8%CB%8B#selectL"
"ㄕ","ㄕㄨˋ","曙","https://dict.concised.moe.edu.tw/searchP.jsp?SN=%E3%84%95&SN2=%E3%84%95%E3%84%A8%CB%8B#selectL"
"ㄕ","ㄕㄨㄚ","刷","https://dict.concised.moe.edu.tw/searchP.jsp?SN=%E3%84%95&SN2=%E3%84%95%E3%84%A8%E3%84%9A#selectL"
"ㄕ","ㄕㄨㄚˇ","耍","https://dict.concised.moe.edu.tw/searchP.jsp?SN=%E3%84%95&SN2=%E3%84%95%E3%84%A8%E3%84%9A%CB%87#selectL"
"ㄕ","ㄕㄨㄛ","說","https://dict.concised.moe.edu.tw/searchP.jsp?SN=%E3%84%95&SN2=%E3%84%95%E3%84%A8%E3%84%9B#selectL"
"ㄕ","ㄕㄨㄛˋ","妁","https://dict.concised.moe.edu.tw/searchP.jsp?SN=%E3%84%95&SN2=%E3%84%95%E3%84%A8%E3%84%9B%CB%8B#selectL"
"ㄕ","ㄕㄨㄛˋ","朔","https://dict.concised.moe.edu.tw/searchP.jsp?SN=%E3%84%95&SN2=%E3%84%95%E3%84%A8%E3%84%9B%CB%8B#selectL"
"ㄕ","ㄕㄨㄛˋ","槊","https://dict.concised.moe.edu.tw/searchP.jsp?SN=%E3%84%95&SN2=%E3%84%95%E3%84%A8%E3%84%9B%CB%8B#selectL"
"ㄕ","ㄕㄨㄛˋ","碩","https://dict.concised.moe.edu.tw/searchP.jsp?SN=%E3%84%95&SN2=%E3%84%95%E3%84%A8%E3%84%9B%CB%8B#selectL"
"ㄕ","ㄕㄨㄛˋ","蒴","https://dict.concised.moe.edu.tw/searchP.jsp?SN=%E3%84%95&SN2=%E3%84%95%E3%84%A8%E3%84%9B%CB%8B#selectL"
"ㄕ","ㄕㄨㄛˋ","數","https://dict.concised.moe.edu.tw/searchP.jsp?SN=%E3%84%95&SN2=%E3%84%95%E3%84%A8%E3%84%9B%CB%8B#selectL"
"ㄕ","ㄕㄨㄛˋ","爍","https://dict.concised.moe.edu.tw/searchP.jsp?SN=%E3%84%95&SN2=%E3%84%95%E3%84%A8%E3%84%9B%CB%8B#selectL"
"ㄕ","ㄕㄨㄛˋ","鑠","https://dict.concised.moe.edu.tw/searchP.jsp?SN=%E3%84%95&SN2=%E3%84%95%E3%84%A8%E3%84%9B%CB%8B#selectL"
"ㄕ","ㄕㄨㄞ","衰","https://dict.concised.moe.edu.tw/searchP.jsp?SN=%E3%84%95&SN2=%E3%84%95%E3%84%A8%E3%84%9E#selectL"
"ㄕ","ㄕㄨㄞ","摔","https://dict.concised.moe.edu.tw/searchP.jsp?SN=%E3%84%95&SN2=%E3%84%95%E3%84%A8%E3%84%9E#selectL"
"ㄕ","ㄕㄨㄞˇ","甩","https://dict.concised.moe.edu.tw/searchP.jsp?SN=%E3%84%95&SN2=%E3%84%95%E3%84%A8%E3%84%9E%CB%87#selectL"
"ㄕ","ㄕㄨㄞˋ","帥","https://dict.concised.moe.edu.tw/searchP.jsp?SN=%E3%84%95&SN2=%E3%84%95%E3%84%A8%E3%84%9E%CB%8B#selectL"
"ㄕ","ㄕㄨㄞˋ","率","https://dict.concised.moe.edu.tw/searchP.jsp?SN=%E3%84%95&SN2=%E3%84%95%E3%84%A8%E3%84%9E%CB%8B#selectL"
"ㄕ","ㄕㄨㄞˋ","蟀","https://dict.concised.moe.edu.tw/searchP.jsp?SN=%E3%84%95&SN2=%E3%84%95%E3%84%A8%E3%84%9E%CB%8B#selectL"
"ㄕ","ㄕㄨㄟˇ","水","https://dict.concised.moe.edu.tw/searchP.jsp?SN=%E3%84%95&SN2=%E3%84%95%E3%84%A8%E3%84%9F%CB%87#selectL"
"ㄕ","ㄕㄨㄟˋ","帨","https://dict.concised.moe.edu.tw/searchP.jsp?SN=%E3%84%95&SN2=%E3%84%95%E3%84%A8%E3%84%9F%CB%8B#selectL"
"ㄕ","ㄕㄨㄟˋ","稅","https://dict.concised.moe.edu.tw/searchP.jsp?SN=%E3%84%95&SN2=%E3%84%95%E3%84%A8%E3%84%9F%CB%8B#selectL"
"ㄕ","ㄕㄨㄟˋ","睡","https://dict.concised.moe.edu.tw/searchP.jsp?SN=%E3%84%95&SN2=%E3%84%95%E3%84%A8%E3%84%9F%CB%8B#selectL"
"ㄕ","ㄕㄨㄟˋ","說","https://dict.concised.moe.edu.tw/searchP.jsp?SN=%E3%84%95&SN2=%E3%84%95%E3%84%A8%E3%84%9F%CB%8B#selectL"
"ㄕ","ㄕㄨㄢ","拴","https://dict.concised.moe.edu.tw/searchP.jsp?SN=%E3%84%95&SN2=%E3%84%95%E3%84%A8%E3%84%A2#selectL"
"ㄕ","ㄕㄨㄢ","閂","https://dict.concised.moe.edu.tw/searchP.jsp?SN=%E3%84%95&SN2=%E3%84%95%E3%84%A8%E3%84%A2#selectL"
"ㄕ","ㄕㄨㄢ","栓","https://dict.concised.moe.edu.tw/searchP.jsp?SN=%E3%84%95&SN2=%E3%84%95%E3%84%A8%E3%84%A2#selectL"
"ㄕ","ㄕㄨㄢˋ","涮","https://dict.concised.moe.edu.tw/searchP.jsp?SN=%E3%84%95&SN2=%E3%84%95%E3%84%A8%E3%84%A2%CB%8B#selectL"
"ㄕ","ㄕㄨㄣˇ","吮","https://dict.concised.moe.edu.tw/searchP.jsp?SN=%E3%84%95&SN2=%E3%84%95%E3%84%A8%E3%84%A3%CB%87#selectL"
"ㄕ","ㄕㄨㄣˋ","舜","https://dict.concised.moe.edu.tw/searchP.jsp?SN=%E3%84%95&SN2=%E3%84%95%E3%84%A8%E3%84%A3%CB%8B#selectL"
"ㄕ","ㄕㄨㄣˋ","順","https://dict.concised.moe.edu.tw/searchP.jsp?SN=%E3%84%95&SN2=%E3%84%95%E3%84%A8%E3%84%A3%CB%8B#selectL"
"ㄕ","ㄕㄨㄣˋ","瞬","https://dict.concised.moe.edu.tw/searchP.jsp?SN=%E3%84%95&SN2=%E3%84%95%E3%84%A8%E3%84%A3%CB%8B#selectL"
"ㄕ","ㄕㄨㄤ","霜","https://dict.concised.moe.edu.tw/searchP.jsp?SN=%E3%84%95&SN2=%E3%84%95%E3%84%A8%E3%84%A4#selectL"
"ㄕ","ㄕㄨㄤ","雙","https://dict.concised.moe.edu.tw/searchP.jsp?SN=%E3%84%95&SN2=%E3%84%95%E3%84%A8%E3%84%A4#selectL"
"ㄕ","ㄕㄨㄤ","瀧","https://dict.concised.moe.edu.tw/searchP.jsp?SN=%E3%84%95&SN2=%E3%84%95%E3%84%A8%E3%84%A4#selectL"
"ㄕ","ㄕㄨㄤ","孀","https://dict.concised.moe.edu.tw/searchP.jsp?SN=%E3%84%95&SN2=%E3%84%95%E3%84%A8%E3%84%A4#selectL"
"ㄕ","ㄕㄨㄤˇ","爽","https://dict.concised.moe.edu.tw/searchP.jsp?SN=%E3%84%95&SN2=%E3%84%95%E3%84%A8%E3%84%A4%CB%87#selectL"
"ㄖ","ㄖˋ","日","https://dict.concised.moe.edu.tw/searchP.jsp?SN=%E3%84%96&SN2=%E3%84%96%CB%8B#selectL"
"ㄖ","ㄖㄜˇ","若","https://dict.concised.moe.edu.tw/searchP.jsp?SN=%E3%84%96&SN2=%E3%84%96%E3%84%9C%CB%87#selectL"
"ㄖ","ㄖㄜˇ","惹","https://dict.concised.moe.edu.tw/searchP.jsp?SN=%E3%84%96&SN2=%E3%84%96%E3%84%9C%CB%87#selectL"
"ㄖ","ㄖㄜˋ","熱","https://dict.concised.moe.edu.tw/searchP.jsp?SN=%E3%84%96&SN2=%E3%84%96%E3%84%9C%CB%8B#selectL"
"ㄖ","ㄖㄠˇ","擾","https://dict.concised.moe.edu.tw/searchP.jsp?SN=%E3%84%96&SN2=%E3%84%96%E3%84%A0%CB%87#selectL"
"ㄖ","ㄖㄠˊ","嬈","https://dict.concised.moe.edu.tw/searchP.jsp?SN=%E3%84%96&SN2=%E3%84%96%E3%84%A0%CB%8A#selectL"
"ㄖ","ㄖㄠˊ","蟯","https://dict.concised.moe.edu.tw/searchP.jsp?SN=%E3%84%96&SN2=%E3%84%96%E3%84%A0%CB%8A#selectL"
"ㄖ","ㄖㄠˊ","饒","https://dict.concised.moe.edu.tw/searchP.jsp?SN=%E3%84%96&SN2=%E3%84%96%E3%84%A0%CB%8A#selectL"
"ㄖ","ㄖㄠˋ","遶","https://dict.concised.moe.edu.tw/searchP.jsp?SN=%E3%84%96&SN2=%E3%84%96%E3%84%A0%CB%8B#selectL"
"ㄖ","ㄖㄠˋ","繞","https://dict.concised.moe.edu.tw/searchP.jsp?SN=%E3%84%96&SN2=%E3%84%96%E3%84%A0%CB%8B#selectL"
"ㄖ","ㄖㄡˊ","柔","https://dict.concised.moe.edu.tw/searchP.jsp?SN=%E3%84%96&SN2=%E3%84%96%E3%84%A1%CB%8A#selectL"
"ㄖ","ㄖㄡˊ","揉","https://dict.concised.moe.edu.tw/searchP.jsp?SN=%E3%84%96&SN2=%E3%84%96%E3%84%A1%CB%8A#selectL"
"ㄖ","ㄖㄡˊ","蹂","https://dict.concised.moe.edu.tw/searchP.jsp?SN=%E3%84%96&SN2=%E3%84%96%E3%84%A1%CB%8A#selectL"
"ㄖ","ㄖㄡˋ","肉","https://dict.concised.moe.edu.tw/searchP.jsp?SN=%E3%84%96&SN2=%E3%84%96%E3%84%A1%CB%8B#selectL"
"ㄖ","ㄖㄢˇ","冉","https://dict.concised.moe.edu.tw/searchP.jsp?SN=%E3%84%96&SN2=%E3%84%96%E3%84%A2%CB%87#selectL"
"ㄖ","ㄖㄢˇ","染","https://dict.concised.moe.edu.tw/searchP.jsp?SN=%E3%84%96&SN2=%E3%84%96%E3%84%A2%CB%87#selectL"
"ㄖ","ㄖㄢˇ","苒","https://dict.concised.moe.edu.tw/searchP.jsp?SN=%E3%84%96&SN2=%E3%84%96%E3%84%A2%CB%87#selectL"
"ㄖ","ㄖㄢˊ","然","https://dict.concised.moe.edu.tw/searchP.jsp?SN=%E3%84%96&SN2=%E3%84%96%E3%84%A2%CB%8A#selectL"
"ㄖ","ㄖㄢˊ","髯","https://dict.concised.moe.edu.tw/searchP.jsp?SN=%E3%84%96&SN2=%E3%84%96%E3%84%A2%CB%8A#selectL"
"ㄖ","ㄖㄢˊ","燃","https://dict.concised.moe.edu.tw/searchP.jsp?SN=%E3%84%96&SN2=%E3%84%96%E3%84%A2%CB%8A#selectL"
"ㄖ","ㄖㄣˇ","忍","https://dict.concised.moe.edu.tw/searchP.jsp?SN=%E3%84%96&SN2=%E3%84%96%E3%84%A3%CB%87#selectL"
"ㄖ","ㄖㄣˇ","荏","https://dict.concised.moe.edu.tw/searchP.jsp?SN=%E3%84%96&SN2=%E3%84%96%E3%84%A3%CB%87#selectL"
"ㄖ","ㄖㄣˇ","稔","https://dict.concised.moe.edu.tw/searchP.jsp?SN=%E3%84%96&SN2=%E3%84%96%E3%84%A3%CB%87#selectL"
"ㄖ","ㄖㄣˊ","人","https://dict.concised.moe.edu.tw/searchP.jsp?SN=%E3%84%96&SN2=%E3%84%96%E3%84%A3%CB%8A#selectL"
"ㄖ","ㄖㄣˊ","仁","https://dict.concised.moe.edu.tw/searchP.jsp?SN=%E3%84%96&SN2=%E3%84%96%E3%84%A3%CB%8A#selectL"
"ㄖ","ㄖㄣˊ","壬","https://dict.concised.moe.edu.tw/searchP.jsp?SN=%E3%84%96&SN2=%E3%84%96%E3%84%A3%CB%8A#selectL"
"ㄖ","ㄖㄣˊ","任","https://dict.concised.moe.edu.tw/searchP.jsp?SN=%E3%84%96&SN2=%E3%84%96%E3%84%A3%CB%8A#selectL"
"ㄖ","ㄖㄣˋ","刃","https://dict.concised.moe.edu.tw/searchP.jsp?SN=%E3%84%96&SN2=%E3%84%96%E3%84%A3%CB%8B#selectL"
"ㄖ","ㄖㄣˋ","仞","https://dict.concised.moe.edu.tw/searchP.jsp?SN=%E3%84%96&SN2=%E3%84%96%E3%84%A3%CB%8B#selectL"
"ㄖ","ㄖㄣˋ","任","https://dict.concised.moe.edu.tw/searchP.jsp?SN=%E3%84%96&SN2=%E3%84%96%E3%84%A3%CB%8B#selectL"
"ㄖ","ㄖㄣˋ","妊","https://dict.concised.moe.edu.tw/searchP.jsp?SN=%E3%84%96&SN2=%E3%84%96%E3%84%A3%CB%8B#selectL"
"ㄖ","ㄖㄣˋ","紉","https://dict.concised.moe.edu.tw/searchP.jsp?SN=%E3%84%96&SN2=%E3%84%96%E3%84%A3%CB%8B#selectL"
"ㄖ","ㄖㄣˋ","恁","https://dict.concised.moe.edu.tw/searchP.jsp?SN=%E3%84%96&SN2=%E3%84%96%E3%84%A3%CB%8B#selectL"
"ㄖ","ㄖㄣˋ","紝","https://dict.concised.moe.edu.tw/searchP.jsp?SN=%E3%84%96&SN2=%E3%84%96%E3%84%A3%CB%8B#selectL"
"ㄖ","ㄖㄣˋ","衽","https://dict.concised.moe.edu.tw/searchP.jsp?SN=%E3%84%96&SN2=%E3%84%96%E3%84%A3%CB%8B#selectL"
"ㄖ","ㄖㄣˋ","軔","https://dict.concised.moe.edu.tw/searchP.jsp?SN=%E3%84%96&SN2=%E3%84%96%E3%84%A3%CB%8B#selectL"
"ㄖ","ㄖㄣˋ","韌","https://dict.concised.moe.edu.tw/searchP.jsp?SN=%E3%84%96&SN2=%E3%84%96%E3%84%A3%CB%8B#selectL"
"ㄖ","ㄖㄣˋ","飪","https://dict.concised.moe.edu.tw/searchP.jsp?SN=%E3%84%96&SN2=%E3%84%96%E3%84%A3%CB%8B#selectL"
"ㄖ","ㄖㄣˋ","認","https://dict.concised.moe.edu.tw/searchP.jsp?SN=%E3%84%96&SN2=%E3%84%96%E3%84%A3%CB%8B#selectL"
"ㄖ","ㄖㄤˇ","嚷","https://dict.concised.moe.edu.tw/searchP.jsp?SN=%E3%84%96&SN2=%E3%84%96%E3%84%A4%CB%87#selectL"
"ㄖ","ㄖㄤˇ","壤","https://dict.concised.moe.edu.tw/searchP.jsp?SN=%E3%84%96&SN2=%E3%84%96%E3%84%A4%CB%87#selectL"
"ㄖ","ㄖㄤˊ","攘","https://dict.concised.moe.edu.tw/searchP.jsp?SN=%E3%84%96&SN2=%E3%84%96%E3%84%A4%CB%8A#selectL"
"ㄖ","ㄖㄤˊ","瓤","https://dict.concised.moe.edu.tw/searchP.jsp?SN=%E3%84%96&SN2=%E3%84%96%E3%84%A4%CB%8A#selectL"
"ㄖ","ㄖㄤˊ","禳","https://dict.concised.moe.edu.tw/searchP.jsp?SN=%E3%84%96&SN2=%E3%84%96%E3%84%A4%CB%8A#selectL"
"ㄖ","ㄖㄤˋ","讓","https://dict.concised.moe.edu.tw/searchP.jsp?SN=%E3%84%96&SN2=%E3%84%96%E3%84%A4%CB%8B#selectL"
"ㄖ","ㄖㄥ","扔","https://dict.concised.moe.edu.tw/searchP.jsp?SN=%E3%84%96&SN2=%E3%84%96%E3%84%A5#selectL"
"ㄖ","ㄖㄥˊ","仍","https://dict.concised.moe.edu.tw/searchP.jsp?SN=%E3%84%96&SN2=%E3%84%96%E3%84%A5%CB%8A#selectL"
"ㄖ","ㄖㄨˇ","女","https://dict.concised.moe.edu.tw/searchP.jsp?SN=%E3%84%96&SN2=%E3%84%96%E3%84%A8%CB%87#selectL"
"ㄖ","ㄖㄨˇ","汝","https://dict.concised.moe.edu.tw/searchP.jsp?SN=%E3%84%96&SN2=%E3%84%96%E3%84%A8%CB%87#selectL"
"ㄖ","ㄖㄨˇ","乳","https://dict.concised.moe.edu.tw/searchP.jsp?SN=%E3%84%96&SN2=%E3%84%96%E3%84%A8%CB%87#selectL"
"ㄖ","ㄖㄨˊ","如","https://dict.concised.moe.edu.tw/searchP.jsp?SN=%E3%84%96&SN2=%E3%84%96%E3%84%A8%CB%8A#selectL"
"ㄖ","ㄖㄨˊ","茹","https://dict.concised.moe.edu.tw/searchP.jsp?SN=%E3%84%96&SN2=%E3%84%96%E3%84%A8%CB%8A#selectL"
"ㄖ","ㄖㄨˊ","儒","https://dict.concised.moe.edu.tw/searchP.jsp?SN=%E3%84%96&SN2=%E3%84%96%E3%84%A8%CB%8A#selectL"
"ㄖ","ㄖㄨˊ","嚅","https://dict.concised.moe.edu.tw/searchP.jsp?SN=%E3%84%96&SN2=%E3%84%96%E3%84%A8%CB%8A#selectL"
"ㄖ","ㄖㄨˊ","孺","https://dict.concised.moe.edu.tw/searchP.jsp?SN=%E3%84%96&SN2=%E3%84%96%E3%84%A8%CB%8A#selectL"
"ㄖ","ㄖㄨˊ","濡","https://dict.concised.moe.edu.tw/searchP.jsp?SN=%E3%84%96&SN2=%E3%84%96%E3%84%A8%CB%8A#selectL"
"ㄖ","ㄖㄨˊ","蠕","https://dict.concised.moe.edu.tw/searchP.jsp?SN=%E3%84%96&SN2=%E3%84%96%E3%84%A8%CB%8A#selectL"
"ㄖ","ㄖㄨˋ","入","https://dict.concised.moe.edu.tw/searchP.jsp?SN=%E3%84%96&SN2=%E3%84%96%E3%84%A8%CB%8B#selectL"
"ㄖ","ㄖㄨˋ","辱","https://dict.concised.moe.edu.tw/searchP.jsp?SN=%E3%84%96&SN2=%E3%84%96%E3%84%A8%CB%8B#selectL"
"ㄖ","ㄖㄨˋ","溽","https://dict.concised.moe.edu.tw/searchP.jsp?SN=%E3%84%96&SN2=%E3%84%96%E3%84%A8%CB%8B#selectL"
"ㄖ","ㄖㄨˋ","縟","https://dict.concised.moe.edu.tw/searchP.jsp?SN=%E3%84%96&SN2=%E3%84%96%E3%84%A8%CB%8B#selectL"
"ㄖ","ㄖㄨˋ","褥","https://dict.concised.moe.edu.tw/searchP.jsp?SN=%E3%84%96&SN2=%E3%84%96%E3%84%A8%CB%8B#selectL"
"ㄖ","ㄖㄨㄛˋ","若","https://dict.concised.moe.edu.tw/searchP.jsp?SN=%E3%84%96&SN2=%E3%84%96%E3%84%A8%E3%84%9B%CB%8B#selectL"
"ㄖ","ㄖㄨㄛˋ","弱","https://dict.concised.moe.edu.tw/searchP.jsp?SN=%E3%84%96&SN2=%E3%84%96%E3%84%A8%E3%84%9B%CB%8B#selectL"
"ㄖ","ㄖㄨㄛˋ","偌","https://dict.concised.moe.edu.tw/searchP.jsp?SN=%E3%84%96&SN2=%E3%84%96%E3%84%A8%E3%84%9B%CB%8B#selectL"
"ㄖ","ㄖㄨㄛˋ","蒻","https://dict.concised.moe.edu.tw/searchP.jsp?SN=%E3%84%96&SN2=%E3%84%96%E3%84%A8%E3%84%9B%CB%8B#selectL"
"ㄖ","ㄖㄨㄟˇ","蕊","https://dict.concised.moe.edu.tw/searchP.jsp?SN=%E3%84%96&SN2=%E3%84%96%E3%84%A8%E3%84%9F%CB%87#selectL"
"ㄖ","ㄖㄨㄟˊ","蕤","https://dict.concised.moe.edu.tw/searchP.jsp?SN=%E3%84%96&SN2=%E3%84%96%E3%84%A8%E3%84%9F%CB%8A#selectL"
"ㄖ","ㄖㄨㄟˋ","芮","https://dict.concised.moe.edu.tw/searchP.jsp?SN=%E3%84%96&SN2=%E3%84%96%E3%84%A8%E3%84%9F%CB%8B#selectL"
"ㄖ","ㄖㄨㄟˋ","蚋","https://dict.concised.moe.edu.tw/searchP.jsp?SN=%E3%84%96&SN2=%E3%84%96%E3%84%A8%E3%84%9F%CB%8B#selectL"
"ㄖ","ㄖㄨㄟˋ","瑞","https://dict.concised.moe.edu.tw/searchP.jsp?SN=%E3%84%96&SN2=%E3%84%96%E3%84%A8%E3%84%9F%CB%8B#selectL"
"ㄖ","ㄖㄨㄟˋ","睿","https://dict.concised.moe.edu.tw/searchP.jsp?SN=%E3%84%96&SN2=%E3%84%96%E3%84%A8%E3%84%9F%CB%8B#selectL"
"ㄖ","ㄖㄨㄟˋ","銳","https://dict.concised.moe.edu.tw/searchP.jsp?SN=%E3%84%96&SN2=%E3%84%96%E3%84%A8%E3%84%9F%CB%8B#selectL"
"ㄖ","ㄖㄨㄟˋ","叡","https://dict.concised.moe.edu.tw/searchP.jsp?SN=%E3%84%96&SN2=%E3%84%96%E3%84%A8%E3%84%9F%CB%8B#selectL"
"ㄖ","ㄖㄨㄢˇ","阮","https://dict.concised.moe.edu.tw/searchP.jsp?SN=%E3%84%96&SN2=%E3%84%96%E3%84%A8%E3%84%A2%CB%87#selectL"
"ㄖ","ㄖㄨㄢˇ","軟","https://dict.concised.moe.edu.tw/searchP.jsp?SN=%E3%84%96&SN2=%E3%84%96%E3%84%A8%E3%84%A2%CB%87#selectL"
"ㄖ","ㄖㄨㄣˋ","閏","https://dict.concised.moe.edu.tw/searchP.jsp?SN=%E3%84%96&SN2=%E3%84%96%E3%84%A8%E3%84%A3%CB%8B#selectL"
"ㄖ","ㄖㄨㄣˋ","潤","https://dict.concised.moe.edu.tw/searchP.jsp?SN=%E3%84%96&SN2=%E3%84%96%E3%84%A8%E3%84%A3%CB%8B#selectL"
"ㄖ","ㄖㄨㄥˇ","冗","https://dict.concised.moe.edu.tw/searchP.jsp?SN=%E3%84%96&SN2=%E3%84%96%E3%84%A8%E3%84%A5%CB%87#selectL"
"ㄖ","ㄖㄨㄥˊ","戎","https://dict.concised.moe.edu.tw/searchP.jsp?SN=%E3%84%96&SN2=%E3%84%96%E3%84%A8%E3%84%A5%CB%8A#selectL"
"ㄖ","ㄖㄨㄥˊ","容","https://dict.concised.moe.edu.tw/searchP.jsp?SN=%E3%84%96&SN2=%E3%84%96%E3%84%A8%E3%84%A5%CB%8A#selectL"
"ㄖ","ㄖㄨㄥˊ","茸","https://dict.concised.moe.edu.tw/searchP.jsp?SN=%E3%84%96&SN2=%E3%84%96%E3%84%A8%E3%84%A5%CB%8A#selectL"
"ㄖ","ㄖㄨㄥˊ","絨","https://dict.concised.moe.edu.tw/searchP.jsp?SN=%E3%84%96&SN2=%E3%84%96%E3%84%A8%E3%84%A5%CB%8A#selectL"
"ㄖ","ㄖㄨㄥˊ","溶","https://dict.concised.moe.edu.tw/searchP.jsp?SN=%E3%84%96&SN2=%E3%84%96%E3%84%A8%E3%84%A5%CB%8A#selectL"
"ㄖ","ㄖㄨㄥˊ","榕","https://dict.concised.moe.edu.tw/searchP.jsp?SN=%E3%84%96&SN2=%E3%84%96%E3%84%A8%E3%84%A5%CB%8A#selectL"
"ㄖ","ㄖㄨㄥˊ","榮","https://dict.concised.moe.edu.tw/searchP.jsp?SN=%E3%84%96&SN2=%E3%84%96%E3%84%A8%E3%84%A5%CB%8A#selectL"
"ㄖ","ㄖㄨㄥˊ","熔","https://dict.concised.moe.edu.tw/searchP.jsp?SN=%E3%84%96&SN2=%E3%84%96%E3%84%A8%E3%84%A5%CB%8A#selectL"
"ㄖ","ㄖㄨㄥˊ","蓉","https://dict.concised.moe.edu.tw/searchP.jsp?SN=%E3%84%96&SN2=%E3%84%96%E3%84%A8%E3%84%A5%CB%8A#selectL"
"ㄖ","ㄖㄨㄥˊ","融","https://dict.concised.moe.edu.tw/searchP.jsp?SN=%E3%84%96&SN2=%E3%84%96%E3%84%A8%E3%84%A5%CB%8A#selectL"
"ㄖ","ㄖㄨㄥˊ","嶸","https://dict.concised.moe.edu.tw/searchP.jsp?SN=%E3%84%96&SN2=%E3%84%96%E3%84%A8%E3%84%A5%CB%8A#selectL"
"ㄖ","ㄖㄨㄥˊ","鎔","https://dict.concised.moe.edu.tw/searchP.jsp?SN=%E3%84%96&SN2=%E3%84%96%E3%84%A8%E3%84%A5%CB%8A#selectL"
"ㄖ","ㄖㄨㄥˊ","蠑","https://dict.concised.moe.edu.tw/searchP.jsp?SN=%E3%84%96&SN2=%E3%84%96%E3%84%A8%E3%84%A5%CB%8A#selectL"
"ㄗ","˙ㄗ","子","https://dict.concised.moe.edu.tw/searchP.jsp?SN=%E3%84%97&SN2=%CB%99%E3%84%97#selectL"
"ㄗ","ㄗ","孜","https://dict.concised.moe.edu.tw/searchP.jsp?SN=%E3%84%97&SN2=%E3%84%97#selectL"
"ㄗ","ㄗ","咨","https://dict.concised.moe.edu.tw/searchP.jsp?SN=%E3%84%97&SN2=%E3%84%97#selectL"
"ㄗ","ㄗ","姿","https://dict.concised.moe.edu.tw/searchP.jsp?SN=%E3%84%97&SN2=%E3%84%97#selectL"
"ㄗ","ㄗ","茲","https://dict.concised.moe.edu.tw/searchP.jsp?SN=%E3%84%97&SN2=%E3%84%97#selectL"
"ㄗ","ㄗ","淄","https://dict.concised.moe.edu.tw/searchP.jsp?SN=%E3%84%97&SN2=%E3%84%97#selectL"
"ㄗ","ㄗ","孳","https://dict.concised.moe.edu.tw/searchP.jsp?SN=%E3%84%97&SN2=%E3%84%97#selectL"
"ㄗ","ㄗ","滋","https://dict.concised.moe.edu.tw/searchP.jsp?SN=%E3%84%97&SN2=%E3%84%97#selectL"
"ㄗ","ㄗ","貲","https://dict.concised.moe.edu.tw/searchP.jsp?SN=%E3%84%97&SN2=%E3%84%97#selectL"
"ㄗ","ㄗ","資","https://dict.concised.moe.edu.tw/searchP.jsp?SN=%E3%84%97&SN2=%E3%84%97#selectL"
"ㄗ","ㄗ","趑","https://dict.concised.moe.edu.tw/searchP.jsp?SN=%E3%84%97&SN2=%E3%84%97#selectL"
"ㄗ","ㄗ","緇","https://dict.concised.moe.edu.tw/searchP.jsp?SN=%E3%84%97&SN2=%E3%84%97#selectL"
"ㄗ","ㄗ","齊","https://dict.concised.moe.edu.tw/searchP.jsp?SN=%E3%84%97&SN2=%E3%84%97#selectL"
"ㄗ","ㄗ","諮","https://dict.concised.moe.edu.tw/searchP.jsp?SN=%E3%84%97&SN2=%E3%84%97#selectL"
"ㄗ","ㄗ","錙","https://dict.concised.moe.edu.tw/searchP.jsp?SN=%E3%84%97&SN2=%E3%84%97#selectL"
"ㄗ","ㄗ","髭","https://dict.concised.moe.edu.tw/searchP.jsp?SN=%E3%84%97&SN2=%E3%84%97#selectL"
"ㄗ","ㄗ","齜","https://dict.concised.moe.edu.tw/searchP.jsp?SN=%E3%84%97&SN2=%E3%84%97#selectL"
"ㄗ","ㄗˇ","子","https://dict.concised.moe.edu.tw/searchP.jsp?SN=%E3%84%97&SN2=%E3%84%97%CB%87#selectL"
"ㄗ","ㄗˇ","仔","https://dict.concised.moe.edu.tw/searchP.jsp?SN=%E3%84%97&SN2=%E3%84%97%CB%87#selectL"
"ㄗ","ㄗˇ","姊","https://dict.concised.moe.edu.tw/searchP.jsp?SN=%E3%84%97&SN2=%E3%84%97%CB%87#selectL"
"ㄗ","ㄗˇ","籽","https://dict.concised.moe.edu.tw/searchP.jsp?SN=%E3%84%97&SN2=%E3%84%97%CB%87#selectL"
"ㄗ","ㄗˇ","秭","https://dict.concised.moe.edu.tw/searchP.jsp?SN=%E3%84%97&SN2=%E3%84%97%CB%87#selectL"
"ㄗ","ㄗˇ","梓","https://dict.concised.moe.edu.tw/searchP.jsp?SN=%E3%84%97&SN2=%E3%84%97%CB%87#selectL"
"ㄗ","ㄗˇ","笫","https://dict.concised.moe.edu.tw/searchP.jsp?SN=%E3%84%97&SN2=%E3%84%97%CB%87#selectL"
"ㄗ","ㄗˇ","紫","https://dict.concised.moe.edu.tw/searchP.jsp?SN=%E3%84%97&SN2=%E3%84%97%CB%87#selectL"
"ㄗ","ㄗˇ","滓","https://dict.concised.moe.edu.tw/searchP.jsp?SN=%E3%84%97&SN2=%E3%84%97%CB%87#selectL"
"ㄗ","ㄗˇ","訾","https://dict.concised.moe.edu.tw/searchP.jsp?SN=%E3%84%97&SN2=%E3%84%97%CB%87#selectL"
"ㄗ","ㄗˋ","字","https://dict.concised.moe.edu.tw/searchP.jsp?SN=%E3%84%97&SN2=%E3%84%97%CB%8B#selectL"
"ㄗ","ㄗˋ","自","https://dict.concised.moe.edu.tw/searchP.jsp?SN=%E3%84%97&SN2=%E3%84%97%CB%8B#selectL"
"ㄗ","ㄗˋ","恣","https://dict.concised.moe.edu.tw/searchP.jsp?SN=%E3%84%97&SN2=%E3%84%97%CB%8B#selectL"
"ㄗ","ㄗˋ","眥","https://dict.concised.moe.edu.tw/searchP.jsp?SN=%E3%84%97&SN2=%E3%84%97%CB%8B#selectL"
"ㄗ","ㄗˋ","漬","https://dict.concised.moe.edu.tw/searchP.jsp?SN=%E3%84%97&SN2=%E3%84%97%CB%8B#selectL"
"ㄗ","ㄗㄚ","匝","https://dict.concised.moe.edu.tw/searchP.jsp?SN=%E3%84%97&SN2=%E3%84%97%E3%84%9A#selectL"
"ㄗ","ㄗㄚ","咂","https://dict.concised.moe.edu.tw/searchP.jsp?SN=%E3%84%97&SN2=%E3%84%97%E3%84%9A#selectL"
"ㄗ","ㄗㄚˊ","咱","https://dict.concised.moe.edu.tw/searchP.jsp?SN=%E3%84%97&SN2=%E3%84%97%E3%84%9A%CB%8A#selectL"
"ㄗ","ㄗㄚˊ","砸","https://dict.concised.moe.edu.tw/searchP.jsp?SN=%E3%84%97&SN2=%E3%84%97%E3%84%9A%CB%8A#selectL"
"ㄗ","ㄗㄚˊ","雜","https://dict.concised.moe.edu.tw/searchP.jsp?SN=%E3%84%97&SN2=%E3%84%97%E3%84%9A%CB%8A#selectL"
"ㄗ","ㄗㄜˊ","咋","https://dict.concised.moe.edu.tw/searchP.jsp?SN=%E3%84%97&SN2=%E3%84%97%E3%84%9C%CB%8A#selectL"
"ㄗ","ㄗㄜˊ","則","https://dict.concised.moe.edu.tw/searchP.jsp?SN=%E3%84%97&SN2=%E3%84%97%E3%84%9C%CB%8A#selectL"
"ㄗ","ㄗㄜˊ","舴","https://dict.concised.moe.edu.tw/searchP.jsp?SN=%E3%84%97&SN2=%E3%84%97%E3%84%9C%CB%8A#selectL"
"ㄗ","ㄗㄜˊ","責","https://dict.concised.moe.edu.tw/searchP.jsp?SN=%E3%84%97&SN2=%E3%84%97%E3%84%9C%CB%8A#selectL"
"ㄗ","ㄗㄜˊ","嘖","https://dict.concised.moe.edu.tw/searchP.jsp?SN=%E3%84%97&SN2=%E3%84%97%E3%84%9C%CB%8A#selectL"
"ㄗ","ㄗㄜˊ","擇","https://dict.concised.moe.edu.tw/searchP.jsp?SN=%E3%84%97&SN2=%E3%84%97%E3%84%9C%CB%8A#selectL"
"ㄗ","ㄗㄜˊ","澤","https://dict.concised.moe.edu.tw/searchP.jsp?SN=%E3%84%97&SN2=%E3%84%97%E3%84%9C%CB%8A#selectL"
"ㄗ","ㄗㄜˋ","仄","https://dict.concised.moe.edu.tw/searchP.jsp?SN=%E3%84%97&SN2=%E3%84%97%E3%84%9C%CB%8B#selectL"
"ㄗ","ㄗㄜˋ","昃","https://dict.concised.moe.edu.tw/searchP.jsp?SN=%E3%84%97&SN2=%E3%84%97%E3%84%9C%CB%8B#selectL"
"ㄗ","ㄗㄞ","災","https://dict.concised.moe.edu.tw/searchP.jsp?SN=%E3%84%97&SN2=%E3%84%97%E3%84%9E#selectL"
"ㄗ","ㄗㄞ","哉","https://dict.concised.moe.edu.tw/searchP.jsp?SN=%E3%84%97&SN2=%E3%84%97%E3%84%9E#selectL"
"ㄗ","ㄗㄞ","栽","https://dict.concised.moe.edu.tw/searchP.jsp?SN=%E3%84%97&SN2=%E3%84%97%E3%84%9E#selectL"
"ㄗ","ㄗㄞˇ","仔","https://dict.concised.moe.edu.tw/searchP.jsp?SN=%E3%84%97&SN2=%E3%84%97%E3%84%9E%CB%87#selectL"
"ㄗ","ㄗㄞˇ","宰","https://dict.concised.moe.edu.tw/searchP.jsp?SN=%E3%84%97&SN2=%E3%84%97%E3%84%9E%CB%87#selectL"
"ㄗ","ㄗㄞˇ","崽","https://dict.concised.moe.edu.tw/searchP.jsp?SN=%E3%84%97&SN2=%E3%84%97%E3%84%9E%CB%87#selectL"
"ㄗ","ㄗㄞˇ","載","https://dict.concised.moe.edu.tw/searchP.jsp?SN=%E3%84%97&SN2=%E3%84%97%E3%84%9E%CB%87#selectL"
"ㄗ","ㄗㄞˋ","再","https://dict.concised.moe.edu.tw/searchP.jsp?SN=%E3%84%97&SN2=%E3%84%97%E3%84%9E%CB%8B#selectL"
"ㄗ","ㄗㄞˋ","在","https://dict.concised.moe.edu.tw/searchP.jsp?SN=%E3%84%97&SN2=%E3%84%97%E3%84%9E%CB%8B#selectL"
"ㄗ","ㄗㄞˋ","載","https://dict.concised.moe.edu.tw/searchP.jsp?SN=%E3%84%97&SN2=%E3%84%97%E3%84%9E%CB%8B#selectL"
"ㄗ","ㄗㄟˊ","賊","https://dict.concised.moe.edu.tw/searchP.jsp?SN=%E3%84%97&SN2=%E3%84%97%E3%84%9F%CB%8A#selectL"
"ㄗ","ㄗㄠ","遭","https://dict.concised.moe.edu.tw/searchP.jsp?SN=%E3%84%97&SN2=%E3%84%97%E3%84%A0#selectL"
"ㄗ","ㄗㄠ","糟","https://dict.concised.moe.edu.tw/searchP.jsp?SN=%E3%84%97&SN2=%E3%84%97%E3%84%A0#selectL"
"ㄗ","ㄗㄠ","蹧","https://dict.concised.moe.edu.tw/searchP.jsp?SN=%E3%84%97&SN2=%E3%84%97%E3%84%A0#selectL"
"ㄗ","ㄗㄠˇ","早","https://dict.concised.moe.edu.tw/searchP.jsp?SN=%E3%84%97&SN2=%E3%84%97%E3%84%A0%CB%87#selectL"
"ㄗ","ㄗㄠˇ","蚤","https://dict.concised.moe.edu.tw/searchP.jsp?SN=%E3%84%97&SN2=%E3%84%97%E3%84%A0%CB%87#selectL"
"ㄗ","ㄗㄠˇ","棗","https://dict.concised.moe.edu.tw/searchP.jsp?SN=%E3%84%97&SN2=%E3%84%97%E3%84%A0%CB%87#selectL"
"ㄗ","ㄗㄠˇ","澡","https://dict.concised.moe.edu.tw/searchP.jsp?SN=%E3%84%97&SN2=%E3%84%97%E3%84%A0%CB%87#selectL"
"ㄗ","ㄗㄠˇ","藻","https://dict.concised.moe.edu.tw/searchP.jsp?SN=%E3%84%97&SN2=%E3%84%97%E3%84%A0%CB%87#selectL"
"ㄗ","ㄗㄠˊ","鑿","https://dict.concised.moe.edu.tw/searchP.jsp?SN=%E3%84%97&SN2=%E3%84%97%E3%84%A0%CB%8A#selectL"
"ㄗ","ㄗㄠˋ","灶","https://dict.concised.moe.edu.tw/searchP.jsp?SN=%E3%84%97&SN2=%E3%84%97%E3%84%A0%CB%8B#selectL"
"ㄗ","ㄗㄠˋ","皂","https://dict.concised.moe.edu.tw/searchP.jsp?SN=%E3%84%97&SN2=%E3%84%97%E3%84%A0%CB%8B#selectL"
"ㄗ","ㄗㄠˋ","造","https://dict.concised.moe.edu.tw/searchP.jsp?SN=%E3%84%97&SN2=%E3%84%97%E3%84%A0%CB%8B#selectL"
"ㄗ","ㄗㄠˋ","噪","https://dict.concised.moe.edu.tw/searchP.jsp?SN=%E3%84%97&SN2=%E3%84%97%E3%84%A0%CB%8B#selectL"
"ㄗ","ㄗㄠˋ","燥","https://dict.concised.moe.edu.tw/searchP.jsp?SN=%E3%84%97&SN2=%E3%84%97%E3%84%A0%CB%8B#selectL"
"ㄗ","ㄗㄠˋ","譟","https://dict.concised.moe.edu.tw/searchP.jsp?SN=%E3%84%97&SN2=%E3%84%97%E3%84%A0%CB%8B#selectL"
"ㄗ","ㄗㄠˋ","躁","https://dict.concised.moe.edu.tw/searchP.jsp?SN=%E3%84%97&SN2=%E3%84%97%E3%84%A0%CB%8B#selectL"
"ㄗ","ㄗㄡ","鄒","https://dict.concised.moe.edu.tw/searchP.jsp?SN=%E3%84%97&SN2=%E3%84%97%E3%84%A1#selectL"
"ㄗ","ㄗㄡ","謅","https://dict.concised.moe.edu.tw/searchP.jsp?SN=%E3%84%97&SN2=%E3%84%97%E3%84%A1#selectL"
"ㄗ","ㄗㄡˇ","走","https://dict.concised.moe.edu.tw/searchP.jsp?SN=%E3%84%97&SN2=%E3%84%97%E3%84%A1%CB%87#selectL"
"ㄗ","ㄗㄡˋ","奏","https://dict.concised.moe.edu.tw/searchP.jsp?SN=%E3%84%97&SN2=%E3%84%97%E3%84%A1%CB%8B#selectL"
"ㄗ","ㄗㄡˋ","揍","https://dict.concised.moe.edu.tw/searchP.jsp?SN=%E3%84%97&SN2=%E3%84%97%E3%84%A1%CB%8B#selectL"
"ㄗ","ㄗㄡˋ","驟","https://dict.concised.moe.edu.tw/searchP.jsp?SN=%E3%84%97&SN2=%E3%84%97%E3%84%A1%CB%8B#selectL"
"ㄗ","ㄗㄢ","簪","https://dict.concised.moe.edu.tw/searchP.jsp?SN=%E3%84%97&SN2=%E3%84%97%E3%84%A2#selectL"
"ㄗ","ㄗㄢˇ","拶","https://dict.concised.moe.edu.tw/searchP.jsp?SN=%E3%84%97&SN2=%E3%84%97%E3%84%A2%CB%87#selectL"
"ㄗ","ㄗㄢˇ","攢","https://dict.concised.moe.edu.tw/searchP.jsp?SN=%E3%84%97&SN2=%E3%84%97%E3%84%A2%CB%87#selectL"
"ㄗ","ㄗㄢˊ","咱","https://dict.concised.moe.edu.tw/searchP.jsp?SN=%E3%84%97&SN2=%E3%84%97%E3%84%A2%CB%8A#selectL"
"ㄗ","ㄗㄢˊ","糌","https://dict.concised.moe.edu.tw/searchP.jsp?SN=%E3%84%97&SN2=%E3%84%97%E3%84%A2%CB%8A#selectL"
"ㄗ","ㄗㄢˋ","贊","https://dict.concised.moe.edu.tw/searchP.jsp?SN=%E3%84%97&SN2=%E3%84%97%E3%84%A2%CB%8B#selectL"
"ㄗ","ㄗㄢˋ","讚","https://dict.concised.moe.edu.tw/searchP.jsp?SN=%E3%84%97&SN2=%E3%84%97%E3%84%A2%CB%8B#selectL"
"ㄗ","ㄗㄣˇ","怎","https://dict.concised.moe.edu.tw/searchP.jsp?SN=%E3%84%97&SN2=%E3%84%97%E3%84%A3%CB%87#selectL"
"ㄗ","ㄗㄣˋ","譖","https://dict.concised.moe.edu.tw/searchP.jsp?SN=%E3%84%97&SN2=%E3%84%97%E3%84%A3%CB%8B#selectL"
"ㄗ","ㄗㄤ","臧","https://dict.concised.moe.edu.tw/searchP.jsp?SN=%E3%84%97&SN2=%E3%84%97%E3%84%A4#selectL"
"ㄗ","ㄗㄤ","贓","https://dict.concised.moe.edu.tw/searchP.jsp?SN=%E3%84%97&SN2=%E3%84%97%E3%84%A4#selectL"
"ㄗ","ㄗㄤ","髒","https://dict.concised.moe.edu.tw/searchP.jsp?SN=%E3%84%97&SN2=%E3%84%97%E3%84%A4#selectL"
"ㄗ","ㄗㄤ","臢","https://dict.concised.moe.edu.tw/searchP.jsp?SN=%E3%84%97&SN2=%E3%84%97%E3%84%A4#selectL"
"ㄗ","ㄗㄤˋ","奘","https://dict.concised.moe.edu.tw/searchP.jsp?SN=%E3%84%97&SN2=%E3%84%97%E3%84%A4%CB%8B#selectL"
"ㄗ","ㄗㄤˋ","葬","https://dict.concised.moe.edu.tw/searchP.jsp?SN=%E3%84%97&SN2=%E3%84%97%E3%84%A4%CB%8B#selectL"
"ㄗ","ㄗㄤˋ","藏","https://dict.concised.moe.edu.tw/searchP.jsp?SN=%E3%84%97&SN2=%E3%84%97%E3%84%A4%CB%8B#selectL"
"ㄗ","ㄗㄤˋ","臟","https://dict.concised.moe.edu.tw/searchP.jsp?SN=%E3%84%97&SN2=%E3%84%97%E3%84%A4%CB%8B#selectL"
"ㄗ","ㄗㄥ","曾","https://dict.concised.moe.edu.tw/searchP.jsp?SN=%E3%84%97&SN2=%E3%84%97%E3%84%A5#selectL"
"ㄗ","ㄗㄥ","增","https://dict.concised.moe.edu.tw/searchP.jsp?SN=%E3%84%97&SN2=%E3%84%97%E3%84%A5#selectL"
"ㄗ","ㄗㄥ","憎","https://dict.concised.moe.edu.tw/searchP.jsp?SN=%E3%84%97&SN2=%E3%84%97%E3%84%A5#selectL"
"ㄗ","ㄗㄥ","繒","https://dict.concised.moe.edu.tw/searchP.jsp?SN=%E3%84%97&SN2=%E3%84%97%E3%84%A5#selectL"
"ㄗ","ㄗㄥˋ","甑","https://dict.concised.moe.edu.tw/searchP.jsp?SN=%E3%84%97&SN2=%E3%84%97%E3%84%A5%CB%8B#selectL"
"ㄗ","ㄗㄥˋ","贈","https://dict.concised.moe.edu.tw/searchP.jsp?SN=%E3%84%97&SN2=%E3%84%97%E3%84%A5%CB%8B#selectL"
"ㄗ","ㄗㄨ","租","https://dict.concised.moe.edu.tw/searchP.jsp?SN=%E3%84%97&SN2=%E3%84%97%E3%84%A8#selectL"
"ㄗ","ㄗㄨˇ","阻","https://dict.concised.moe.edu.tw/searchP.jsp?SN=%E3%84%97&SN2=%E3%84%97%E3%84%A8%CB%87#selectL"
"ㄗ","ㄗㄨˇ","俎","https://dict.concised.moe.edu.tw/searchP.jsp?SN=%E3%84%97&SN2=%E3%84%97%E3%84%A8%CB%87#selectL"
"ㄗ","ㄗㄨˇ","祖","https://dict.concised.moe.edu.tw/searchP.jsp?SN=%E3%84%97&SN2=%E3%84%97%E3%84%A8%CB%87#selectL"
"ㄗ","ㄗㄨˇ","組","https://dict.concised.moe.edu.tw/searchP.jsp?SN=%E3%84%97&SN2=%E3%84%97%E3%84%A8%CB%87#selectL"
"ㄗ","ㄗㄨˇ","詛","https://dict.concised.moe.edu.tw/searchP.jsp?SN=%E3%84%97&SN2=%E3%84%97%E3%84%A8%CB%87#selectL"
"ㄗ","ㄗㄨˊ","足","https://dict.concised.moe.edu.tw/searchP.jsp?SN=%E3%84%97&SN2=%E3%84%97%E3%84%A8%CB%8A#selectL"
"ㄗ","ㄗㄨˊ","卒","https://dict.concised.moe.edu.tw/searchP.jsp?SN=%E3%84%97&SN2=%E3%84%97%E3%84%A8%CB%8A#selectL"
"ㄗ","ㄗㄨˊ","族","https://dict.concised.moe.edu.tw/searchP.jsp?SN=%E3%84%97&SN2=%E3%84%97%E3%84%A8%CB%8A#selectL"
"ㄗ","ㄗㄨˊ","鏃","https://dict.concised.moe.edu.tw/searchP.jsp?SN=%E3%84%97&SN2=%E3%84%97%E3%84%A8%CB%8A#selectL"
"ㄗ","ㄗㄨㄛ","嘬","https://dict.concised.moe.edu.tw/searchP.jsp?SN=%E3%84%97&SN2=%E3%84%97%E3%84%A8%E3%84%9B#selectL"
"ㄗ","ㄗㄨㄛˇ","左","https://dict.concised.moe.edu.tw/searchP.jsp?SN=%E3%84%97&SN2=%E3%84%97%E3%84%A8%E3%84%9B%CB%87#selectL"
"ㄗ","ㄗㄨㄛˇ","佐","https://dict.concised.moe.edu.tw/searchP.jsp?SN=%E3%84%97&SN2=%E3%84%97%E3%84%A8%E3%84%9B%CB%87#selectL"
"ㄗ","ㄗㄨㄛˊ","作","https://dict.concised.moe.edu.tw/searchP.jsp?SN=%E3%84%97&SN2=%E3%84%97%E3%84%A8%E3%84%9B%CB%8A#selectL"
"ㄗ","ㄗㄨㄛˊ","昨","https://dict.concised.moe.edu.tw/searchP.jsp?SN=%E3%84%97&SN2=%E3%84%97%E3%84%A8%E3%84%9B%CB%8A#selectL"
"ㄗ","ㄗㄨㄛˋ","作","https://dict.concised.moe.edu.tw/searchP.jsp?SN=%E3%84%97&SN2=%E3%84%97%E3%84%A8%E3%84%9B%CB%8B#selectL"
"ㄗ","ㄗㄨㄛˋ","坐","https://dict.concised.moe.edu.tw/searchP.jsp?SN=%E3%84%97&SN2=%E3%84%97%E3%84%A8%E3%84%9B%CB%8B#selectL"
"ㄗ","ㄗㄨㄛˋ","怍","https://dict.concised.moe.edu.tw/searchP.jsp?SN=%E3%84%97&SN2=%E3%84%97%E3%84%A8%E3%84%9B%CB%8B#selectL"
"ㄗ","ㄗㄨㄛˋ","唑","https://dict.concised.moe.edu.tw/searchP.jsp?SN=%E3%84%97&SN2=%E3%84%97%E3%84%A8%E3%84%9B%CB%8B#selectL"
"ㄗ","ㄗㄨㄛˋ","座","https://dict.concised.moe.edu.tw/searchP.jsp?SN=%E3%84%97&SN2=%E3%84%97%E3%84%A8%E3%84%9B%CB%8B#selectL"
"ㄗ","ㄗㄨㄛˋ","祚","https://dict.concised.moe.edu.tw/searchP.jsp?SN=%E3%84%97&SN2=%E3%84%97%E3%84%A8%E3%84%9B%CB%8B#selectL"
"ㄗ","ㄗㄨㄛˋ","做","https://dict.concised.moe.edu.tw/searchP.jsp?SN=%E3%84%97&SN2=%E3%84%97%E3%84%A8%E3%84%9B%CB%8B#selectL"
"ㄗ","ㄗㄨㄛˋ","酢","https://dict.concised.moe.edu.tw/searchP.jsp?SN=%E3%84%97&SN2=%E3%84%97%E3%84%A8%E3%84%9B%CB%8B#selectL"
"ㄗ","ㄗㄨㄟˇ","嘴","https://dict.concised.moe.edu.tw/searchP.jsp?SN=%E3%84%97&SN2=%E3%84%97%E3%84%A8%E3%84%9F%CB%87#selectL"
"ㄗ","ㄗㄨㄟˋ","最","https://dict.concised.moe.edu.tw/searchP.jsp?SN=%E3%84%97&SN2=%E3%84%97%E3%84%A8%E3%84%9F%CB%8B#selectL"
"ㄗ","ㄗㄨㄟˋ","晬","https://dict.concised.moe.edu.tw/searchP.jsp?SN=%E3%84%97&SN2=%E3%84%97%E3%84%A8%E3%84%9F%CB%8B#selectL"
"ㄗ","ㄗㄨㄟˋ","罪","https://dict.concised.moe.edu.tw/searchP.jsp?SN=%E3%84%97&SN2=%E3%84%97%E3%84%A8%E3%84%9F%CB%8B#selectL"
"ㄗ","ㄗㄨㄟˋ","醉","https://dict.concised.moe.edu.tw/searchP.jsp?SN=%E3%84%97&SN2=%E3%84%97%E3%84%A8%E3%84%9F%CB%8B#selectL"
"ㄗ","ㄗㄨㄟˋ","蕞","https://dict.concised.moe.edu.tw/searchP.jsp?SN=%E3%84%97&SN2=%E3%84%97%E3%84%A8%E3%84%9F%CB%8B#selectL"
"ㄗ","ㄗㄨㄢ","鑽","https://dict.concised.moe.edu.tw/searchP.jsp?SN=%E3%84%97&SN2=%E3%84%97%E3%84%A8%E3%84%A2#selectL"
"ㄗ","ㄗㄨㄢˇ","纂","https://dict.concised.moe.edu.tw/searchP.jsp?SN=%E3%84%97&SN2=%E3%84%97%E3%84%A8%E3%84%A2%CB%87#selectL"
"ㄗ","ㄗㄨㄢˋ","鑽","https://dict.concised.moe.edu.tw/searchP.jsp?SN=%E3%84%97&SN2=%E3%84%97%E3%84%A8%E3%84%A2%CB%8B#selectL"
"ㄗ","ㄗㄨㄣ","尊","https://dict.concised.moe.edu.tw/searchP.jsp?SN=%E3%84%97&SN2=%E3%84%97%E3%84%A8%E3%84%A3#selectL"
"ㄗ","ㄗㄨㄣ","樽","https://dict.concised.moe.edu.tw/searchP.jsp?SN=%E3%84%97&SN2=%E3%84%97%E3%84%A8%E3%84%A3#selectL"
"ㄗ","ㄗㄨㄣ","遵","https://dict.concised.moe.edu.tw/searchP.jsp?SN=%E3%84%97&SN2=%E3%84%97%E3%84%A8%E3%84%A3#selectL"
"ㄗ","ㄗㄨㄣ","鱒","https://dict.concised.moe.edu.tw/searchP.jsp?SN=%E3%84%97&SN2=%E3%84%97%E3%84%A8%E3%84%A3#selectL"
"ㄗ","ㄗㄨㄣˋ","圳","https://dict.concised.moe.edu.tw/searchP.jsp?SN=%E3%84%97&SN2=%E3%84%97%E3%84%A8%E3%84%A3%CB%8B#selectL"
"ㄗ","ㄗㄨㄥ","宗","https://dict.concised.moe.edu.tw/searchP.jsp?SN=%E3%84%97&SN2=%E3%84%97%E3%84%A8%E3%84%A5#selectL"
"ㄗ","ㄗㄨㄥ","從","https://dict.concised.moe.edu.tw/searchP.jsp?SN=%E3%84%97&SN2=%E3%84%97%E3%84%A8%E3%84%A5#selectL"
"ㄗ","ㄗㄨㄥ","棕","https://dict.concised.moe.edu.tw/searchP.jsp?SN=%E3%84%97&SN2=%E3%84%97%E3%84%A8%E3%84%A5#selectL"
"ㄗ","ㄗㄨㄥ","縱","https://dict.concised.moe.edu.tw/searchP.jsp?SN=%E3%84%97&SN2=%E3%84%97%E3%84%A8%E3%84%A5#selectL"
"ㄗ","ㄗㄨㄥ","蹤","https://dict.concised.moe.edu.tw/searchP.jsp?SN=%E3%84%97&SN2=%E3%84%97%E3%84%A8%E3%84%A5#selectL"
"ㄗ","ㄗㄨㄥ","鬃","https://dict.concised.moe.edu.tw/searchP.jsp?SN=%E3%84%97&SN2=%E3%84%97%E3%84%A8%E3%84%A5#selectL"
"ㄗ","ㄗㄨㄥˇ","傯","https://dict.concised.moe.edu.tw/searchP.jsp?SN=%E3%84%97&SN2=%E3%84%97%E3%84%A8%E3%84%A5%CB%87#selectL"
"ㄗ","ㄗㄨㄥˇ","總","https://dict.concised.moe.edu.tw/searchP.jsp?SN=%E3%84%97&SN2=%E3%84%97%E3%84%A8%E3%84%A5%CB%87#selectL"
"ㄗ","ㄗㄨㄥˋ","從","https://dict.concised.moe.edu.tw/searchP.jsp?SN=%E3%84%97&SN2=%E3%84%97%E3%84%A8%E3%84%A5%CB%8B#selectL"
"ㄗ","ㄗㄨㄥˋ","粽","https://dict.concised.moe.edu.tw/searchP.jsp?SN=%E3%84%97&SN2=%E3%84%97%E3%84%A8%E3%84%A5%CB%8B#selectL"
"ㄗ","ㄗㄨㄥˋ","綜","https://dict.concised.moe.edu.tw/searchP.jsp?SN=%E3%84%97&SN2=%E3%84%97%E3%84%A8%E3%84%A5%CB%8B#selectL"
"ㄗ","ㄗㄨㄥˋ","縱","https://dict.concised.moe.edu.tw/searchP.jsp?SN=%E3%84%97&SN2=%E3%84%97%E3%84%A8%E3%84%A5%CB%8B#selectL"
"ㄘ","ㄘ","差","https://dict.concised.moe.edu.tw/searchP.jsp?SN=%E3%84%98&SN2=%E3%84%98#selectL"
"ㄘ","ㄘ","疵","https://dict.concised.moe.edu.tw/searchP.jsp?SN=%E3%84%98&SN2=%E3%84%98#selectL"
"ㄘ","ㄘ","雌","https://dict.concised.moe.edu.tw/searchP.jsp?SN=%E3%84%98&SN2=%E3%84%98#selectL"
"ㄘ","ㄘˇ","此","https://dict.concised.moe.edu.tw/searchP.jsp?SN=%E3%84%98&SN2=%E3%84%98%CB%87#selectL"
"ㄘ","ㄘˊ","祠","https://dict.concised.moe.edu.tw/searchP.jsp?SN=%E3%84%98&SN2=%E3%84%98%CB%8A#selectL"
"ㄘ","ㄘˊ","茨","https://dict.concised.moe.edu.tw/searchP.jsp?SN=%E3%84%98&SN2=%E3%84%98%CB%8A#selectL"
"ㄘ","ㄘˊ","茲","https://dict.concised.moe.edu.tw/searchP.jsp?SN=%E3%84%98&SN2=%E3%84%98%CB%8A#selectL"
"ㄘ","ㄘˊ","瓷","https://dict.concised.moe.edu.tw/searchP.jsp?SN=%E3%84%98&SN2=%E3%84%98%CB%8A#selectL"
"ㄘ","ㄘˊ","詞","https://dict.concised.moe.edu.tw/searchP.jsp?SN=%E3%84%98&SN2=%E3%84%98%CB%8A#selectL"
"ㄘ","ㄘˊ","慈","https://dict.concised.moe.edu.tw/searchP.jsp?SN=%E3%84%98&SN2=%E3%84%98%CB%8A#selectL"
"ㄘ","ㄘˊ","磁","https://dict.concised.moe.edu.tw/searchP.jsp?SN=%E3%84%98&SN2=%E3%84%98%CB%8A#selectL"
"ㄘ","ㄘˊ","辭","https://dict.concised.moe.edu.tw/searchP.jsp?SN=%E3%84%98&SN2=%E3%84%98%CB%8A#selectL"
"ㄘ","ㄘˋ","次","https://dict.concised.moe.edu.tw/searchP.jsp?SN=%E3%84%98&SN2=%E3%84%98%CB%8B#selectL"
"ㄘ","ㄘˋ","伺","https://dict.concised.moe.edu.tw/searchP.jsp?SN=%E3%84%98&SN2=%E3%84%98%CB%8B#selectL"
"ㄘ","ㄘˋ","刺","https://dict.concised.moe.edu.tw/searchP.jsp?SN=%E3%84%98&SN2=%E3%84%98%CB%8B#selectL"
"ㄘ","ㄘㄚ","嚓","https://dict.concised.moe.edu.tw/searchP.jsp?SN=%E3%84%98&SN2=%E3%84%98%E3%84%9A#selectL"
"ㄘ","ㄘㄚ","擦","https://dict.concised.moe.edu.tw/searchP.jsp?SN=%E3%84%98&SN2=%E3%84%98%E3%84%9A#selectL"
"ㄘ","ㄘㄜˋ","冊","https://dict.concised.moe.edu.tw/searchP.jsp?SN=%E3%84%98&SN2=%E3%84%98%E3%84%9C%CB%8B#selectL"
"ㄘ","ㄘㄜˋ","側","https://dict.concised.moe.edu.tw/searchP.jsp?SN=%E3%84%98&SN2=%E3%84%98%E3%84%9C%CB%8B#selectL"
"ㄘ","ㄘㄜˋ","廁","https://dict.concised.moe.edu.tw/searchP.jsp?SN=%E3%84%98&SN2=%E3%84%98%E3%84%9C%CB%8B#selectL"
"ㄘ","ㄘㄜˋ","惻","https://dict.concised.moe.edu.tw/searchP.jsp?SN=%E3%84%98&SN2=%E3%84%98%E3%84%9C%CB%8B#selectL"
"ㄘ","ㄘㄜˋ","測","https://dict.concised.moe.edu.tw/searchP.jsp?SN=%E3%84%98&SN2=%E3%84%98%E3%84%9C%CB%8B#selectL"
"ㄘ","ㄘㄜˋ","策","https://dict.concised.moe.edu.tw/searchP.jsp?SN=%E3%84%98&SN2=%E3%84%98%E3%84%9C%CB%8B#selectL"
"ㄘ","ㄘㄞ","猜","https://dict.concised.moe.edu.tw/searchP.jsp?SN=%E3%84%98&SN2=%E3%84%98%E3%84%9E#selectL"
"ㄘ","ㄘㄞˇ","采","https://dict.concised.moe.edu.tw/searchP.jsp?SN=%E3%84%98&SN2=%E3%84%98%E3%84%9E%CB%87#selectL"
"ㄘ","ㄘㄞˇ","彩","https://dict.concised.moe.edu.tw/searchP.jsp?SN=%E3%84%98&SN2=%E3%84%98%E3%84%9E%CB%87#selectL"
"ㄘ","ㄘㄞˇ","採","https://dict.concised.moe.edu.tw/searchP.jsp?SN=%E3%84%98&SN2=%E3%84%98%E3%84%9E%CB%87#selectL"
"ㄘ","ㄘㄞˇ","睬","https://dict.concised.moe.edu.tw/searchP.jsp?SN=%E3%84%98&SN2=%E3%84%98%E3%84%9E%CB%87#selectL"
"ㄘ","ㄘㄞˇ","綵","https://dict.concised.moe.edu.tw/searchP.jsp?SN=%E3%84%98&SN2=%E3%84%98%E3%84%9E%CB%87#selectL"
"ㄘ","ㄘㄞˇ","踩","https://dict.concised.moe.edu.tw/searchP.jsp?SN=%E3%84%98&SN2=%E3%84%98%E3%84%9E%CB%87#selectL"
"ㄘ","ㄘㄞˊ","才","https://dict.concised.moe.edu.tw/searchP.jsp?SN=%E3%84%98&SN2=%E3%84%98%E3%84%9E%CB%8A#selectL"
"ㄘ","ㄘㄞˊ","材","https://dict.concised.moe.edu.tw/searchP.jsp?SN=%E3%84%98&SN2=%E3%84%98%E3%84%9E%CB%8A#selectL"
"ㄘ","ㄘㄞˊ","財","https://dict.concised.moe.edu.tw/searchP.jsp?SN=%E3%84%98&SN2=%E3%84%98%E3%84%9E%CB%8A#selectL"
"ㄘ","ㄘㄞˊ","裁","https://dict.concised.moe.edu.tw/searchP.jsp?SN=%E3%84%98&SN2=%E3%84%98%E3%84%9E%CB%8A#selectL"
"ㄘ","ㄘㄞˊ","纔","https://dict.concised.moe.edu.tw/searchP.jsp?SN=%E3%84%98&SN2=%E3%84%98%E3%84%9E%CB%8A#selectL"
"ㄘ","ㄘㄞˋ","菜","https://dict.concised.moe.edu.tw/searchP.jsp?SN=%E3%84%98&SN2=%E3%84%98%E3%84%9E%CB%8B#selectL"
"ㄘ","ㄘㄞˋ","蔡","https://dict.concised.moe.edu.tw/searchP.jsp?SN=%E3%84%98&SN2=%E3%84%98%E3%84%9E%CB%8B#selectL"
"ㄘ","ㄘㄠ","操","https://dict.concised.moe.edu.tw/searchP.jsp?SN=%E3%84%98&SN2=%E3%84%98%E3%84%A0#selectL"
"ㄘ","ㄘㄠ","糙","https://dict.concised.moe.edu.tw/searchP.jsp?SN=%E3%84%98&SN2=%E3%84%98%E3%84%A0#selectL"
"ㄘ","ㄘㄠˇ","草","https://dict.concised.moe.edu.tw/searchP.jsp?SN=%E3%84%98&SN2=%E3%84%98%E3%84%A0%CB%87#selectL"
"ㄘ","ㄘㄠˊ","曹","https://dict.concised.moe.edu.tw/searchP.jsp?SN=%E3%84%98&SN2=%E3%84%98%E3%84%A0%CB%8A#selectL"
"ㄘ","ㄘㄠˊ","嘈","https://dict.concised.moe.edu.tw/searchP.jsp?SN=%E3%84%98&SN2=%E3%84%98%E3%84%A0%CB%8A#selectL"
"ㄘ","ㄘㄠˊ","漕","https://dict.concised.moe.edu.tw/searchP.jsp?SN=%E3%84%98&SN2=%E3%84%98%E3%84%A0%CB%8A#selectL"
"ㄘ","ㄘㄠˊ","槽","https://dict.concised.moe.edu.tw/searchP.jsp?SN=%E3%84%98&SN2=%E3%84%98%E3%84%A0%CB%8A#selectL"
"ㄘ","ㄘㄡˋ","湊","https://dict.concised.moe.edu.tw/searchP.jsp?SN=%E3%84%98&SN2=%E3%84%98%E3%84%A1%CB%8B#selectL"
"ㄘ","ㄘㄡˋ","輳","https://dict.concised.moe.edu.tw/searchP.jsp?SN=%E3%84%98&SN2=%E3%84%98%E3%84%A1%CB%8B#selectL"
"ㄘ","ㄘㄢ","參","https://dict.concised.moe.edu.tw/searchP.jsp?SN=%E3%84%98&SN2=%E3%84%98%E3%84%A2#selectL"
"ㄘ","ㄘㄢ","餐","https://dict.concised.moe.edu.tw/searchP.jsp?SN=%E3%84%98&SN2=%E3%84%98%E3%84%A2#selectL"
"ㄘ","ㄘㄢ","驂","https://dict.concised.moe.edu.tw/searchP.jsp?SN=%E3%84%98&SN2=%E3%84%98%E3%84%A2#selectL"
"ㄘ","ㄘㄢˇ","慘","https://dict.concised.moe.edu.tw/searchP.jsp?SN=%E3%84%98&SN2=%E3%84%98%E3%84%A2%CB%87#selectL"
"ㄘ","ㄘㄢˊ","殘","https://dict.concised.moe.edu.tw/searchP.jsp?SN=%E3%84%98&SN2=%E3%84%98%E3%84%A2%CB%8A#selectL"
"ㄘ","ㄘㄢˊ","慚","https://dict.concised.moe.edu.tw/searchP.jsp?SN=%E3%84%98&SN2=%E3%84%98%E3%84%A2%CB%8A#selectL"
"ㄘ","ㄘㄢˊ","蠶","https://dict.concised.moe.edu.tw/searchP.jsp?SN=%E3%84%98&SN2=%E3%84%98%E3%84%A2%CB%8A#selectL"
"ㄘ","ㄘㄢˋ","粲","https://dict.concised.moe.edu.tw/searchP.jsp?SN=%E3%84%98&SN2=%E3%84%98%E3%84%A2%CB%8B#selectL"
"ㄘ","ㄘㄢˋ","燦","https://dict.concised.moe.edu.tw/searchP.jsp?SN=%E3%84%98&SN2=%E3%84%98%E3%84%A2%CB%8B#selectL"
"ㄘ","ㄘㄢˋ","璨","https://dict.concised.moe.edu.tw/searchP.jsp?SN=%E3%84%98&SN2=%E3%84%98%E3%84%A2%CB%8B#selectL"
"ㄘ","ㄘㄣ","參","https://dict.concised.moe.edu.tw/searchP.jsp?SN=%E3%84%98&SN2=%E3%84%98%E3%84%A3#selectL"
"ㄘ","ㄘㄣˊ","岑","https://dict.concised.moe.edu.tw/searchP.jsp?SN=%E3%84%98&SN2=%E3%84%98%E3%84%A3%CB%8A#selectL"
"ㄘ","ㄘㄣˊ","涔","https://dict.concised.moe.edu.tw/searchP.jsp?SN=%E3%84%98&SN2=%E3%84%98%E3%84%A3%CB%8A#selectL"
"ㄘ","ㄘㄤ","倉","https://dict.concised.moe.edu.tw/searchP.jsp?SN=%E3%84%98&SN2=%E3%84%98%E3%84%A4#selectL"
"ㄘ","ㄘㄤ","傖","https://dict.concised.moe.edu.tw/searchP.jsp?SN=%E3%84%98&SN2=%E3%84%98%E3%84%A4#selectL"
"ㄘ","ㄘㄤ","滄","https://dict.concised.moe.edu.tw/searchP.jsp?SN=%E3%84%98&SN2=%E3%84%98%E3%84%A4#selectL"
"ㄘ","ㄘㄤ","蒼","https://dict.concised.moe.edu.tw/searchP.jsp?SN=%E3%84%98&SN2=%E3%84%98%E3%84%A4#selectL"
"ㄘ","ㄘㄤ","艙","https://dict.concised.moe.edu.tw/searchP.jsp?SN=%E3%84%98&SN2=%E3%84%98%E3%84%A4#selectL"
"ㄘ","ㄘㄤˊ","藏","https://dict.concised.moe.edu.tw/searchP.jsp?SN=%E3%84%98&SN2=%E3%84%98%E3%84%A4%CB%8A#selectL"
"ㄘ","ㄘㄥ","噌","https://dict.concised.moe.edu.tw/searchP.jsp?SN=%E3%84%98&SN2=%E3%84%98%E3%84%A5#selectL"
"ㄘ","ㄘㄥˊ","曾","https://dict.concised.moe.edu.tw/searchP.jsp?SN=%E3%84%98&SN2=%E3%84%98%E3%84%A5%CB%8A#selectL"
"ㄘ","ㄘㄥˊ","層","https://dict.concised.moe.edu.tw/searchP.jsp?SN=%E3%84%98&SN2=%E3%84%98%E3%84%A5%CB%8A#selectL"
"ㄘ","ㄘㄥˋ","蹭","https://dict.concised.moe.edu.tw/searchP.jsp?SN=%E3%84%98&SN2=%E3%84%98%E3%84%A5%CB%8B#selectL"
"ㄘ","ㄘㄨ","粗","https://dict.concised.moe.edu.tw/searchP.jsp?SN=%E3%84%98&SN2=%E3%84%98%E3%84%A8#selectL"
"ㄘ","ㄘㄨ","麤","https://dict.concised.moe.edu.tw/searchP.jsp?SN=%E3%84%98&SN2=%E3%84%98%E3%84%A8#selectL"
"ㄘ","ㄘㄨˊ","殂","https://dict.concised.moe.edu.tw/searchP.jsp?SN=%E3%84%98&SN2=%E3%84%98%E3%84%A8%CB%8A#selectL"
"ㄘ","ㄘㄨˋ","卒","https://dict.concised.moe.edu.tw/searchP.jsp?SN=%E3%84%98&SN2=%E3%84%98%E3%84%A8%CB%8B#selectL"
"ㄘ","ㄘㄨˋ","促","https://dict.concised.moe.edu.tw/searchP.jsp?SN=%E3%84%98&SN2=%E3%84%98%E3%84%A8%CB%8B#selectL"
"ㄘ","ㄘㄨˋ","猝","https://dict.concised.moe.edu.tw/searchP.jsp?SN=%E3%84%98&SN2=%E3%84%98%E3%84%A8%CB%8B#selectL"
"ㄘ","ㄘㄨˋ","酢","https://dict.concised.moe.edu.tw/searchP.jsp?SN=%E3%84%98&SN2=%E3%84%98%E3%84%A8%CB%8B#selectL"
"ㄘ","ㄘㄨˋ","數","https://dict.concised.moe.edu.tw/searchP.jsp?SN=%E3%84%98&SN2=%E3%84%98%E3%84%A8%CB%8B#selectL"
"ㄘ","ㄘㄨˋ","槭","https://dict.concised.moe.edu.tw/searchP.jsp?SN=%E3%84%98&SN2=%E3%84%98%E3%84%A8%CB%8B#selectL"
"ㄘ","ㄘㄨˋ","趣","https://dict.concised.moe.edu.tw/searchP.jsp?SN=%E3%84%98&SN2=%E3%84%98%E3%84%A8%CB%8B#selectL"
"ㄘ","ㄘㄨˋ","醋","https://dict.concised.moe.edu.tw/searchP.jsp?SN=%E3%84%98&SN2=%E3%84%98%E3%84%A8%CB%8B#selectL"
"ㄘ","ㄘㄨˋ","簇","https://dict.concised.moe.edu.tw/searchP.jsp?SN=%E3%84%98&SN2=%E3%84%98%E3%84%A8%CB%8B#selectL"
"ㄘ","ㄘㄨˋ","蹙","https://dict.concised.moe.edu.tw/searchP.jsp?SN=%E3%84%98&SN2=%E3%84%98%E3%84%A8%CB%8B#selectL"
"ㄘ","ㄘㄨˋ","蹴","https://dict.concised.moe.edu.tw/searchP.jsp?SN=%E3%84%98&SN2=%E3%84%98%E3%84%A8%CB%8B#selectL"
"ㄘ","ㄘㄨㄛ","差","https://dict.concised.moe.edu.tw/searchP.jsp?SN=%E3%84%98&SN2=%E3%84%98%E3%84%A8%E3%84%9B#selectL"
"ㄘ","ㄘㄨㄛ","搓","https://dict.concised.moe.edu.tw/searchP.jsp?SN=%E3%84%98&SN2=%E3%84%98%E3%84%A8%E3%84%9B#selectL"
"ㄘ","ㄘㄨㄛ","磋","https://dict.concised.moe.edu.tw/searchP.jsp?SN=%E3%84%98&SN2=%E3%84%98%E3%84%A8%E3%84%9B#selectL"
"ㄘ","ㄘㄨㄛ","蹉","https://dict.concised.moe.edu.tw/searchP.jsp?SN=%E3%84%98&SN2=%E3%84%98%E3%84%A8%E3%84%9B#selectL"
"ㄘ","ㄘㄨㄛˊ","痤","https://dict.concised.moe.edu.tw/searchP.jsp?SN=%E3%84%98&SN2=%E3%84%98%E3%84%A8%E3%84%9B%CB%8A#selectL"
"ㄘ","ㄘㄨㄛˊ","嵯","https://dict.concised.moe.edu.tw/searchP.jsp?SN=%E3%84%98&SN2=%E3%84%98%E3%84%A8%E3%84%9B%CB%8A#selectL"
"ㄘ","ㄘㄨㄛˋ","剉","https://dict.concised.moe.edu.tw/searchP.jsp?SN=%E3%84%98&SN2=%E3%84%98%E3%84%A8%E3%84%9B%CB%8B#selectL"
"ㄘ","ㄘㄨㄛˋ","厝","https://dict.concised.moe.edu.tw/searchP.jsp?SN=%E3%84%98&SN2=%E3%84%98%E3%84%A8%E3%84%9B%CB%8B#selectL"
"ㄘ","ㄘㄨㄛˋ","挫","https://dict.concised.moe.edu.tw/searchP.jsp?SN=%E3%84%98&SN2=%E3%84%98%E3%84%A8%E3%84%9B%CB%8B#selectL"
"ㄘ","ㄘㄨㄛˋ","措","https://dict.concised.moe.edu.tw/searchP.jsp?SN=%E3%84%98&SN2=%E3%84%98%E3%84%A8%E3%84%9B%CB%8B#selectL"
"ㄘ","ㄘㄨㄛˋ","撮","https://dict.concised.moe.edu.tw/searchP.jsp?SN=%E3%84%98&SN2=%E3%84%98%E3%84%A8%E3%84%9B%CB%8B#selectL"
"ㄘ","ㄘㄨㄛˋ","銼","https://dict.concised.moe.edu.tw/searchP.jsp?SN=%E3%84%98&SN2=%E3%84%98%E3%84%A8%E3%84%9B%CB%8B#selectL"
"ㄘ","ㄘㄨㄛˋ","錯","https://dict.concised.moe.edu.tw/searchP.jsp?SN=%E3%84%98&SN2=%E3%84%98%E3%84%A8%E3%84%9B%CB%8B#selectL"
"ㄘ","ㄘㄨㄟ","衰","https://dict.concised.moe.edu.tw/searchP.jsp?SN=%E3%84%98&SN2=%E3%84%98%E3%84%A8%E3%84%9F#selectL"
"ㄘ","ㄘㄨㄟ","崔","https://dict.concised.moe.edu.tw/searchP.jsp?SN=%E3%84%98&SN2=%E3%84%98%E3%84%A8%E3%84%9F#selectL"
"ㄘ","ㄘㄨㄟ","催","https://dict.concised.moe.edu.tw/searchP.jsp?SN=%E3%84%98&SN2=%E3%84%98%E3%84%A8%E3%84%9F#selectL"
"ㄘ","ㄘㄨㄟ","摧","https://dict.concised.moe.edu.tw/searchP.jsp?SN=%E3%84%98&SN2=%E3%84%98%E3%84%A8%E3%84%9F#selectL"
"ㄘ","ㄘㄨㄟˇ","璀","https://dict.concised.moe.edu.tw/searchP.jsp?SN=%E3%84%98&SN2=%E3%84%98%E3%84%A8%E3%84%9F%CB%87#selectL"
"ㄘ","ㄘㄨㄟˋ","脆","https://dict.concised.moe.edu.tw/searchP.jsp?SN=%E3%84%98&SN2=%E3%84%98%E3%84%A8%E3%84%9F%CB%8B#selectL"
"ㄘ","ㄘㄨㄟˋ","啐","https://dict.concised.moe.edu.tw/searchP.jsp?SN=%E3%84%98&SN2=%E3%84%98%E3%84%A8%E3%84%9F%CB%8B#selectL"
"ㄘ","ㄘㄨㄟˋ","悴","https://dict.concised.moe.edu.tw/searchP.jsp?SN=%E3%84%98&SN2=%E3%84%98%E3%84%A8%E3%84%9F%CB%8B#selectL"
"ㄘ","ㄘㄨㄟˋ","淬","https://dict.concised.moe.edu.tw/searchP.jsp?SN=%E3%84%98&SN2=%E3%84%98%E3%84%A8%E3%84%9F%CB%8B#selectL"
"ㄘ","ㄘㄨㄟˋ","毳","https://dict.concised.moe.edu.tw/searchP.jsp?SN=%E3%84%98&SN2=%E3%84%98%E3%84%A8%E3%84%9F%CB%8B#selectL"
"ㄘ","ㄘㄨㄟˋ","萃","https://dict.concised.moe.edu.tw/searchP.jsp?SN=%E3%84%98&SN2=%E3%84%98%E3%84%A8%E3%84%9F%CB%8B#selectL"
"ㄘ","ㄘㄨㄟˋ","瘁","https://dict.concised.moe.edu.tw/searchP.jsp?SN=%E3%84%98&SN2=%E3%84%98%E3%84%A8%E3%84%9F%CB%8B#selectL"
"ㄘ","ㄘㄨㄟˋ","粹","https://dict.concised.moe.edu.tw/searchP.jsp?SN=%E3%84%98&SN2=%E3%84%98%E3%84%A8%E3%84%9F%CB%8B#selectL"
"ㄘ","ㄘㄨㄟˋ","翠","https://dict.concised.moe.edu.tw/searchP.jsp?SN=%E3%84%98&SN2=%E3%84%98%E3%84%A8%E3%84%9F%CB%8B#selectL"
"ㄘ","ㄘㄨㄢ","汆","https://dict.concised.moe.edu.tw/searchP.jsp?SN=%E3%84%98&SN2=%E3%84%98%E3%84%A8%E3%84%A2#selectL"
"ㄘ","ㄘㄨㄢ","攛","https://dict.concised.moe.edu.tw/searchP.jsp?SN=%E3%84%98&SN2=%E3%84%98%E3%84%A8%E3%84%A2#selectL"
"ㄘ","ㄘㄨㄢˊ","攢","https://dict.concised.moe.edu.tw/searchP.jsp?SN=%E3%84%98&SN2=%E3%84%98%E3%84%A8%E3%84%A2%CB%8A#selectL"
"ㄘ","ㄘㄨㄢˋ","篡","https://dict.concised.moe.edu.tw/searchP.jsp?SN=%E3%84%98&SN2=%E3%84%98%E3%84%A8%E3%84%A2%CB%8B#selectL"
"ㄘ","ㄘㄨㄢˋ","竄","https://dict.concised.moe.edu.tw/searchP.jsp?SN=%E3%84%98&SN2=%E3%84%98%E3%84%A8%E3%84%A2%CB%8B#selectL"
"ㄘ","ㄘㄨㄢˋ","爨","https://dict.concised.moe.edu.tw/searchP.jsp?SN=%E3%84%98&SN2=%E3%84%98%E3%84%A8%E3%84%A2%CB%8B#selectL"
"ㄘ","ㄘㄨㄣ","村","https://dict.concised.moe.edu.tw/searchP.jsp?SN=%E3%84%98&SN2=%E3%84%98%E3%84%A8%E3%84%A3#selectL"
"ㄘ","ㄘㄨㄣ","皴","https://dict.concised.moe.edu.tw/searchP.jsp?SN=%E3%84%98&SN2=%E3%84%98%E3%84%A8%E3%84%A3#selectL"
"ㄘ","ㄘㄨㄣˇ","忖","https://dict.concised.moe.edu.tw/searchP.jsp?SN=%E3%84%98&SN2=%E3%84%98%E3%84%A8%E3%84%A3%CB%87#selectL"
"ㄘ","ㄘㄨㄣˊ","存","https://dict.concised.moe.edu.tw/searchP.jsp?SN=%E3%84%98&SN2=%E3%84%98%E3%84%A8%E3%84%A3%CB%8A#selectL"
"ㄘ","ㄘㄨㄣˋ","寸","https://dict.concised.moe.edu.tw/searchP.jsp?SN=%E3%84%98&SN2=%E3%84%98%E3%84%A8%E3%84%A3%CB%8B#selectL"
"ㄘ","ㄘㄨㄣˋ","吋","https://dict.concised.moe.edu.tw/searchP.jsp?SN=%E3%84%98&SN2=%E3%84%98%E3%84%A8%E3%84%A3%CB%8B#selectL"
"ㄘ","ㄘㄨㄥ","匆","https://dict.concised.moe.edu.tw/searchP.jsp?SN=%E3%84%98&SN2=%E3%84%98%E3%84%A8%E3%84%A5#selectL"
"ㄘ","ㄘㄨㄥ","囪","https://dict.concised.moe.edu.tw/searchP.jsp?SN=%E3%84%98&SN2=%E3%84%98%E3%84%A8%E3%84%A5#selectL"
"ㄘ","ㄘㄨㄥ","從","https://dict.concised.moe.edu.tw/searchP.jsp?SN=%E3%84%98&SN2=%E3%84%98%E3%84%A8%E3%84%A5#selectL"
"ㄘ","ㄘㄨㄥ","樅","https://dict.concised.moe.edu.tw/searchP.jsp?SN=%E3%84%98&SN2=%E3%84%98%E3%84%A8%E3%84%A5#selectL"
"ㄘ","ㄘㄨㄥ","蔥","https://dict.concised.moe.edu.tw/searchP.jsp?SN=%E3%84%98&SN2=%E3%84%98%E3%84%A8%E3%84%A5#selectL"
"ㄘ","ㄘㄨㄥ","聰","https://dict.concised.moe.edu.tw/searchP.jsp?SN=%E3%84%98&SN2=%E3%84%98%E3%84%A8%E3%84%A5#selectL"
"ㄘ","ㄘㄨㄥˊ","從","https://dict.concised.moe.edu.tw/searchP.jsp?SN=%E3%84%98&SN2=%E3%84%98%E3%84%A8%E3%84%A5%CB%8A#selectL"
"ㄘ","ㄘㄨㄥˊ","淙","https://dict.concised.moe.edu.tw/searchP.jsp?SN=%E3%84%98&SN2=%E3%84%98%E3%84%A8%E3%84%A5%CB%8A#selectL"
"ㄘ","ㄘㄨㄥˊ","琮","https://dict.concised.moe.edu.tw/searchP.jsp?SN=%E3%84%98&SN2=%E3%84%98%E3%84%A8%E3%84%A5%CB%8A#selectL"
"ㄘ","ㄘㄨㄥˊ","叢","https://dict.concised.moe.edu.tw/searchP.jsp?SN=%E3%84%98&SN2=%E3%84%98%E3%84%A8%E3%84%A5%CB%8A#selectL"
"ㄙ","ㄙ","司","https://dict.concised.moe.edu.tw/searchP.jsp?SN=%E3%84%99&SN2=%E3%84%99#selectL"
"ㄙ","ㄙ","私","https://dict.concised.moe.edu.tw/searchP.jsp?SN=%E3%84%99&SN2=%E3%84%99#selectL"
"ㄙ","ㄙ","思","https://dict.concised.moe.edu.tw/searchP.jsp?SN=%E3%84%99&SN2=%E3%84%99#selectL"
"ㄙ","ㄙ","斯","https://dict.concised.moe.edu.tw/searchP.jsp?SN=%E3%84%99&SN2=%E3%84%99#selectL"
"ㄙ","ㄙ","絲","https://dict.concised.moe.edu.tw/searchP.jsp?SN=%E3%84%99&SN2=%E3%84%99#selectL"
"ㄙ","ㄙ","嘶","https://dict.concised.moe.edu.tw/searchP.jsp?SN=%E3%84%99&SN2=%E3%84%99#selectL"
"ㄙ","ㄙ","廝","https://dict.concised.moe.edu.tw/searchP.jsp?SN=%E3%84%99&SN2=%E3%84%99#selectL"
"ㄙ","ㄙ","撕","https://dict.concised.moe.edu.tw/searchP.jsp?SN=%E3%84%99&SN2=%E3%84%99#selectL"
"ㄙ","ㄙ","鷥","https://dict.concised.moe.edu.tw/searchP.jsp?SN=%E3%84%99&SN2=%E3%84%99#selectL"
"ㄙ","ㄙˇ","死","https://dict.concised.moe.edu.tw/searchP.jsp?SN=%E3%84%99&SN2=%E3%84%99%CB%87#selectL"
"ㄙ","ㄙˋ","巳","https://dict.concised.moe.edu.tw/searchP.jsp?SN=%E3%84%99&SN2=%E3%84%99%CB%8B#selectL"
"ㄙ","ㄙˋ","四","https://dict.concised.moe.edu.tw/searchP.jsp?SN=%E3%84%99&SN2=%E3%84%99%CB%8B#selectL"
"ㄙ","ㄙˋ","寺","https://dict.concised.moe.edu.tw/searchP.jsp?SN=%E3%84%99&SN2=%E3%84%99%CB%8B#selectL"
"ㄙ","ㄙˋ","汜","https://dict.concised.moe.edu.tw/searchP.jsp?SN=%E3%84%99&SN2=%E3%84%99%CB%8B#selectL"
"ㄙ","ㄙˋ","伺","https://dict.concised.moe.edu.tw/searchP.jsp?SN=%E3%84%99&SN2=%E3%84%99%CB%8B#selectL"
"ㄙ","ㄙˋ","似","https://dict.concised.moe.edu.tw/searchP.jsp?SN=%E3%84%99&SN2=%E3%84%99%CB%8B#selectL"
"ㄙ","ㄙˋ","兕","https://dict.concised.moe.edu.tw/searchP.jsp?SN=%E3%84%99&SN2=%E3%84%99%CB%8B#selectL"
"ㄙ","ㄙˋ","姒","https://dict.concised.moe.edu.tw/searchP.jsp?SN=%E3%84%99&SN2=%E3%84%99%CB%8B#selectL"
"ㄙ","ㄙˋ","泗","https://dict.concised.moe.edu.tw/searchP.jsp?SN=%E3%84%99&SN2=%E3%84%99%CB%8B#selectL"
"ㄙ","ㄙˋ","祀","https://dict.concised.moe.edu.tw/searchP.jsp?SN=%E3%84%99&SN2=%E3%84%99%CB%8B#selectL"
"ㄙ","ㄙˋ","俟","https://dict.concised.moe.edu.tw/searchP.jsp?SN=%E3%84%99&SN2=%E3%84%99%CB%8B#selectL"
"ㄙ","ㄙˋ","食","https://dict.concised.moe.edu.tw/searchP.jsp?SN=%E3%84%99&SN2=%E3%84%99%CB%8B#selectL"
"ㄙ","ㄙˋ","耜","https://dict.concised.moe.edu.tw/searchP.jsp?SN=%E3%84%99&SN2=%E3%84%99%CB%8B#selectL"
"ㄙ","ㄙˋ","嗣","https://dict.concised.moe.edu.tw/searchP.jsp?SN=%E3%84%99&SN2=%E3%84%99%CB%8B#selectL"
"ㄙ","ㄙˋ","肆","https://dict.concised.moe.edu.tw/searchP.jsp?SN=%E3%84%99&SN2=%E3%84%99%CB%8B#selectL"
"ㄙ","ㄙˋ","飼","https://dict.concised.moe.edu.tw/searchP.jsp?SN=%E3%84%99&SN2=%E3%84%99%CB%8B#selectL"
"ㄙ","ㄙˋ","賜","https://dict.concised.moe.edu.tw/searchP.jsp?SN=%E3%84%99&SN2=%E3%84%99%CB%8B#selectL"
"ㄙ","ㄙˋ","駟","https://dict.concised.moe.edu.tw/searchP.jsp?SN=%E3%84%99&SN2=%E3%84%99%CB%8B#selectL"
"ㄙ","ㄙㄚ","仨","https://dict.concised.moe.edu.tw/searchP.jsp?SN=%E3%84%99&SN2=%E3%84%99%E3%84%9A#selectL"
"ㄙ","ㄙㄚ","撒","https://dict.concised.moe.edu.tw/searchP.jsp?SN=%E3%84%99&SN2=%E3%84%99%E3%84%9A#selectL"
"ㄙ","ㄙㄚˇ","洒","https://dict.concised.moe.edu.tw/searchP.jsp?SN=%E3%84%99&SN2=%E3%84%99%E3%84%9A%CB%87#selectL"
"ㄙ","ㄙㄚˇ","撒","https://dict.concised.moe.edu.tw/searchP.jsp?SN=%E3%84%99&SN2=%E3%84%99%E3%84%9A%CB%87#selectL"
"ㄙ","ㄙㄚˇ","灑","https://dict.concised.moe.edu.tw/searchP.jsp?SN=%E3%84%99&SN2=%E3%84%99%E3%84%9A%CB%87#selectL"
"ㄙ","ㄙㄚˋ","卅","https://dict.concised.moe.edu.tw/searchP.jsp?SN=%E3%84%99&SN2=%E3%84%99%E3%84%9A%CB%8B#selectL"
"ㄙ","ㄙㄚˋ","趿","https://dict.concised.moe.edu.tw/searchP.jsp?SN=%E3%84%99&SN2=%E3%84%99%E3%84%9A%CB%8B#selectL"
"ㄙ","ㄙㄚˋ","颯","https://dict.concised.moe.edu.tw/searchP.jsp?SN=%E3%84%99&SN2=%E3%84%99%E3%84%9A%CB%8B#selectL"
"ㄙ","ㄙㄚˋ","薩","https://dict.concised.moe.edu.tw/searchP.jsp?SN=%E3%84%99&SN2=%E3%84%99%E3%84%9A%CB%8B#selectL"
"ㄙ","ㄙㄜˋ","色","https://dict.concised.moe.edu.tw/searchP.jsp?SN=%E3%84%99&SN2=%E3%84%99%E3%84%9C%CB%8B#selectL"
"ㄙ","ㄙㄜˋ","圾","https://dict.concised.moe.edu.tw/searchP.jsp?SN=%E3%84%99&SN2=%E3%84%99%E3%84%9C%CB%8B#selectL"
"ㄙ","ㄙㄜˋ","嗇","https://dict.concised.moe.edu.tw/searchP.jsp?SN=%E3%84%99&SN2=%E3%84%99%E3%84%9C%CB%8B#selectL"
"ㄙ","ㄙㄜˋ","塞","https://dict.concised.moe.edu.tw/searchP.jsp?SN=%E3%84%99&SN2=%E3%84%99%E3%84%9C%CB%8B#selectL"
"ㄙ","ㄙㄜˋ","瑟","https://dict.concised.moe.edu.tw/searchP.jsp?SN=%E3%84%99&SN2=%E3%84%99%E3%84%9C%CB%8B#selectL"
"ㄙ","ㄙㄜˋ","澀","https://dict.concised.moe.edu.tw/searchP.jsp?SN=%E3%84%99&SN2=%E3%84%99%E3%84%9C%CB%8B#selectL"
"ㄙ","ㄙㄜˋ","穡","https://dict.concised.moe.edu.tw/searchP.jsp?SN=%E3%84%99&SN2=%E3%84%99%E3%84%9C%CB%8B#selectL"
"ㄙ","ㄙㄞ","思","https://dict.concised.moe.edu.tw/searchP.jsp?SN=%E3%84%99&SN2=%E3%84%99%E3%84%9E#selectL"
"ㄙ","ㄙㄞ","塞","https://dict.concised.moe.edu.tw/searchP.jsp?SN=%E3%84%99&SN2=%E3%84%99%E3%84%9E#selectL"
"ㄙ","ㄙㄞ","腮","https://dict.concised.moe.edu.tw/searchP.jsp?SN=%E3%84%99&SN2=%E3%84%99%E3%84%9E#selectL"
"ㄙ","ㄙㄞ","鰓","https://dict.concised.moe.edu.tw/searchP.jsp?SN=%E3%84%99&SN2=%E3%84%99%E3%84%9E#selectL"
"ㄙ","ㄙㄞˋ","塞","https://dict.concised.moe.edu.tw/searchP.jsp?SN=%E3%84%99&SN2=%E3%84%99%E3%84%9E%CB%8B#selectL"
"ㄙ","ㄙㄞˋ","賽","https://dict.concised.moe.edu.tw/searchP.jsp?SN=%E3%84%99&SN2=%E3%84%99%E3%84%9E%CB%8B#selectL"
"ㄙ","ㄙㄠ","搔","https://dict.concised.moe.edu.tw/searchP.jsp?SN=%E3%84%99&SN2=%E3%84%99%E3%84%A0#selectL"
"ㄙ","ㄙㄠ","艘","https://dict.concised.moe.edu.tw/searchP.jsp?SN=%E3%84%99&SN2=%E3%84%99%E3%84%A0#selectL"
"ㄙ","ㄙㄠ","繅","https://dict.concised.moe.edu.tw/searchP.jsp?SN=%E3%84%99&SN2=%E3%84%99%E3%84%A0#selectL"
"ㄙ","ㄙㄠ","臊","https://dict.concised.moe.edu.tw/searchP.jsp?SN=%E3%84%99&SN2=%E3%84%99%E3%84%A0#selectL"
"ㄙ","ㄙㄠ","騷","https://dict.concised.moe.edu.tw/searchP.jsp?SN=%E3%84%99&SN2=%E3%84%99%E3%84%A0#selectL"
"ㄙ","ㄙㄠˇ","掃","https://dict.concised.moe.edu.tw/searchP.jsp?SN=%E3%84%99&SN2=%E3%84%99%E3%84%A0%CB%87#selectL"
"ㄙ","ㄙㄠˇ","嫂","https://dict.concised.moe.edu.tw/searchP.jsp?SN=%E3%84%99&SN2=%E3%84%99%E3%84%A0%CB%87#selectL"
"ㄙ","ㄙㄠˋ","掃","https://dict.concised.moe.edu.tw/searchP.jsp?SN=%E3%84%99&SN2=%E3%84%99%E3%84%A0%CB%8B#selectL"
"ㄙ","ㄙㄠˋ","燥","https://dict.concised.moe.edu.tw/searchP.jsp?SN=%E3%84%99&SN2=%E3%84%99%E3%84%A0%CB%8B#selectL"
"ㄙ","ㄙㄠˋ","臊","https://dict.concised.moe.edu.tw/searchP.jsp?SN=%E3%84%99&SN2=%E3%84%99%E3%84%A0%CB%8B#selectL"
"ㄙ","ㄙㄡ","搜","https://dict.concised.moe.edu.tw/searchP.jsp?SN=%E3%84%99&SN2=%E3%84%99%E3%84%A1#selectL"
"ㄙ","ㄙㄡ","溲","https://dict.concised.moe.edu.tw/searchP.jsp?SN=%E3%84%99&SN2=%E3%84%99%E3%84%A1#selectL"
"ㄙ","ㄙㄡ","蒐","https://dict.concised.moe.edu.tw/searchP.jsp?SN=%E3%84%99&SN2=%E3%84%99%E3%84%A1#selectL"
"ㄙ","ㄙㄡ","餿","https://dict.concised.moe.edu.tw/searchP.jsp?SN=%E3%84%99&SN2=%E3%84%99%E3%84%A1#selectL"
"ㄙ","ㄙㄡ","颼","https://dict.concised.moe.edu.tw/searchP.jsp?SN=%E3%84%99&SN2=%E3%84%99%E3%84%A1#selectL"
"ㄙ","ㄙㄡˇ","叟","https://dict.concised.moe.edu.tw/searchP.jsp?SN=%E3%84%99&SN2=%E3%84%99%E3%84%A1%CB%87#selectL"
"ㄙ","ㄙㄡˇ","擻","https://dict.concised.moe.edu.tw/searchP.jsp?SN=%E3%84%99&SN2=%E3%84%99%E3%84%A1%CB%87#selectL"
"ㄙ","ㄙㄡˇ","藪","https://dict.concised.moe.edu.tw/searchP.jsp?SN=%E3%84%99&SN2=%E3%84%99%E3%84%A1%CB%87#selectL"
"ㄙ","ㄙㄡˋ","嗽","https://dict.concised.moe.edu.tw/searchP.jsp?SN=%E3%84%99&SN2=%E3%84%99%E3%84%A1%CB%8B#selectL"
"ㄙ","ㄙㄢ","三","https://dict.concised.moe.edu.tw/searchP.jsp?SN=%E3%84%99&SN2=%E3%84%99%E3%84%A2#selectL"
"ㄙ","ㄙㄢ","參","https://dict.concised.moe.edu.tw/searchP.jsp?SN=%E3%84%99&SN2=%E3%84%99%E3%84%A2#selectL"
"ㄙ","ㄙㄢˇ","傘","https://dict.concised.moe.edu.tw/searchP.jsp?SN=%E3%84%99&SN2=%E3%84%99%E3%84%A2%CB%87#selectL"
"ㄙ","ㄙㄢˇ","散","https://dict.concised.moe.edu.tw/searchP.jsp?SN=%E3%84%99&SN2=%E3%84%99%E3%84%A2%CB%87#selectL"
"ㄙ","ㄙㄢˇ","糝","https://dict.concised.moe.edu.tw/searchP.jsp?SN=%E3%84%99&SN2=%E3%84%99%E3%84%A2%CB%87#selectL"
"ㄙ","ㄙㄢˋ","散","https://dict.concised.moe.edu.tw/searchP.jsp?SN=%E3%84%99&SN2=%E3%84%99%E3%84%A2%CB%8B#selectL"
"ㄙ","ㄙㄣ","森","https://dict.concised.moe.edu.tw/searchP.jsp?SN=%E3%84%99&SN2=%E3%84%99%E3%84%A3#selectL"
"ㄙ","ㄙㄤ","桑","https://dict.concised.moe.edu.tw/searchP.jsp?SN=%E3%84%99&SN2=%E3%84%99%E3%84%A4#selectL"
"ㄙ","ㄙㄤ","喪","https://dict.concised.moe.edu.tw/searchP.jsp?SN=%E3%84%99&SN2=%E3%84%99%E3%84%A4#selectL"
"ㄙ","ㄙㄤˇ","嗓","https://dict.concised.moe.edu.tw/searchP.jsp?SN=%E3%84%99&SN2=%E3%84%99%E3%84%A4%CB%87#selectL"
"ㄙ","ㄙㄤˇ","顙","https://dict.concised.moe.edu.tw/searchP.jsp?SN=%E3%84%99&SN2=%E3%84%99%E3%84%A4%CB%87#selectL"
"ㄙ","ㄙㄤˋ","喪","https://dict.concised.moe.edu.tw/searchP.jsp?SN=%E3%84%99&SN2=%E3%84%99%E3%84%A4%CB%8B#selectL"
"ㄙ","ㄙㄥ","僧","https://dict.concised.moe.edu.tw/searchP.jsp?SN=%E3%84%99&SN2=%E3%84%99%E3%84%A5#selectL"
"ㄙ","ㄙㄨ","甦","https://dict.concised.moe.edu.tw/searchP.jsp?SN=%E3%84%99&SN2=%E3%84%99%E3%84%A8#selectL"
"ㄙ","ㄙㄨ","酥","https://dict.concised.moe.edu.tw/searchP.jsp?SN=%E3%84%99&SN2=%E3%84%99%E3%84%A8#selectL"
"ㄙ","ㄙㄨ","穌","https://dict.concised.moe.edu.tw/searchP.jsp?SN=%E3%84%99&SN2=%E3%84%99%E3%84%A8#selectL"
"ㄙ","ㄙㄨ","蘇","https://dict.concised.moe.edu.tw/searchP.jsp?SN=%E3%84%99&SN2=%E3%84%99%E3%84%A8#selectL"
"ㄙ","ㄙㄨ","囌","https://dict.concised.moe.edu.tw/searchP.jsp?SN=%E3%84%99&SN2=%E3%84%99%E3%84%A8#selectL"
"ㄙ","ㄙㄨˊ","俗","https://dict.concised.moe.edu.tw/searchP.jsp?SN=%E3%84%99&SN2=%E3%84%99%E3%84%A8%CB%8A#selectL"
"ㄙ","ㄙㄨˋ","夙","https://dict.concised.moe.edu.tw/searchP.jsp?SN=%E3%84%99&SN2=%E3%84%99%E3%84%A8%CB%8B#selectL"
"ㄙ","ㄙㄨˋ","素","https://dict.concised.moe.edu.tw/searchP.jsp?SN=%E3%84%99&SN2=%E3%84%99%E3%84%A8%CB%8B#selectL"
"ㄙ","ㄙㄨˋ","宿","https://dict.concised.moe.edu.tw/searchP.jsp?SN=%E3%84%99&SN2=%E3%84%99%E3%84%A8%CB%8B#selectL"
"ㄙ","ㄙㄨˋ","速","https://dict.concised.moe.edu.tw/searchP.jsp?SN=%E3%84%99&SN2=%E3%84%99%E3%84%A8%CB%8B#selectL"
"ㄙ","ㄙㄨˋ","粟","https://dict.concised.moe.edu.tw/searchP.jsp?SN=%E3%84%99&SN2=%E3%84%99%E3%84%A8%CB%8B#selectL"
"ㄙ","ㄙㄨˋ","訴","https://dict.concised.moe.edu.tw/searchP.jsp?SN=%E3%84%99&SN2=%E3%84%99%E3%84%A8%CB%8B#selectL"
"ㄙ","ㄙㄨˋ","塑","https://dict.concised.moe.edu.tw/searchP.jsp?SN=%E3%84%99&SN2=%E3%84%99%E3%84%A8%CB%8B#selectL"
"ㄙ","ㄙㄨˋ","愫","https://dict.concised.moe.edu.tw/searchP.jsp?SN=%E3%84%99&SN2=%E3%84%99%E3%84%A8%CB%8B#selectL"
"ㄙ","ㄙㄨˋ","溯","https://dict.concised.moe.edu.tw/searchP.jsp?SN=%E3%84%99&SN2=%E3%84%99%E3%84%A8%CB%8B#selectL"
"ㄙ","ㄙㄨˋ","窣","https://dict.concised.moe.edu.tw/searchP.jsp?SN=%E3%84%99&SN2=%E3%84%99%E3%84%A8%CB%8B#selectL"
"ㄙ","ㄙㄨˋ","肅","https://dict.concised.moe.edu.tw/searchP.jsp?SN=%E3%84%99&SN2=%E3%84%99%E3%84%A8%CB%8B#selectL"
"ㄙ","ㄙㄨˋ","愬","https://dict.concised.moe.edu.tw/searchP.jsp?SN=%E3%84%99&SN2=%E3%84%99%E3%84%A8%CB%8B#selectL"
"ㄙ","ㄙㄨˋ","觫","https://dict.concised.moe.edu.tw/searchP.jsp?SN=%E3%84%99&SN2=%E3%84%99%E3%84%A8%CB%8B#selectL"
"ㄙ","ㄙㄨˋ","蓿","https://dict.concised.moe.edu.tw/searchP.jsp?SN=%E3%84%99&SN2=%E3%84%99%E3%84%A8%CB%8B#selectL"
"ㄙ","ㄙㄨˋ","簌","https://dict.concised.moe.edu.tw/searchP.jsp?SN=%E3%84%99&SN2=%E3%84%99%E3%84%A8%CB%8B#selectL"
"ㄙ","ㄙㄨㄛ","唆","https://dict.concised.moe.edu.tw/searchP.jsp?SN=%E3%84%99&SN2=%E3%84%99%E3%84%A8%E3%84%9B#selectL"
"ㄙ","ㄙㄨㄛ","娑","https://dict.concised.moe.edu.tw/searchP.jsp?SN=%E3%84%99&SN2=%E3%84%99%E3%84%A8%E3%84%9B#selectL"
"ㄙ","ㄙㄨㄛ","挲","https://dict.concised.moe.edu.tw/searchP.jsp?SN=%E3%84%99&SN2=%E3%84%99%E3%84%A8%E3%84%9B#selectL"
"ㄙ","ㄙㄨㄛ","梭","https://dict.concised.moe.edu.tw/searchP.jsp?SN=%E3%84%99&SN2=%E3%84%99%E3%84%A8%E3%84%9B#selectL"
"ㄙ","ㄙㄨㄛ","莎","https://dict.concised.moe.edu.tw/searchP.jsp?SN=%E3%84%99&SN2=%E3%84%99%E3%84%A8%E3%84%9B#selectL"
"ㄙ","ㄙㄨㄛ","嗦","https://dict.concised.moe.edu.tw/searchP.jsp?SN=%E3%84%99&SN2=%E3%84%99%E3%84%A8%E3%84%9B#selectL"
"ㄙ","ㄙㄨㄛ","蓑","https://dict.concised.moe.edu.tw/searchP.jsp?SN=%E3%84%99&SN2=%E3%84%99%E3%84%A8%E3%84%9B#selectL"
"ㄙ","ㄙㄨㄛ","簑","https://dict.concised.moe.edu.tw/searchP.jsp?SN=%E3%84%99&SN2=%E3%84%99%E3%84%A8%E3%84%9B#selectL"
"ㄙ","ㄙㄨㄛ","縮","https://dict.concised.moe.edu.tw/searchP.jsp?SN=%E3%84%99&SN2=%E3%84%99%E3%84%A8%E3%84%9B#selectL"
"ㄙ","ㄙㄨㄛˇ","所","https://dict.concised.moe.edu.tw/searchP.jsp?SN=%E3%84%99&SN2=%E3%84%99%E3%84%A8%E3%84%9B%CB%87#selectL"
"ㄙ","ㄙㄨㄛˇ","索","https://dict.concised.moe.edu.tw/searchP.jsp?SN=%E3%84%99&SN2=%E3%84%99%E3%84%A8%E3%84%9B%CB%87#selectL"
"ㄙ","ㄙㄨㄛˇ","嗩","https://dict.concised.moe.edu.tw/searchP.jsp?SN=%E3%84%99&SN2=%E3%84%99%E3%84%A8%E3%84%9B%CB%87#selectL"
"ㄙ","ㄙㄨㄛˇ","瑣","https://dict.concised.moe.edu.tw/searchP.jsp?SN=%E3%84%99&SN2=%E3%84%99%E3%84%A8%E3%84%9B%CB%87#selectL"
"ㄙ","ㄙㄨㄛˇ","鎖","https://dict.concised.moe.edu.tw/searchP.jsp?SN=%E3%84%99&SN2=%E3%84%99%E3%84%A8%E3%84%9B%CB%87#selectL"
"ㄙ","ㄙㄨㄛˋ","些","https://dict.concised.moe.edu.tw/searchP.jsp?SN=%E3%84%99&SN2=%E3%84%99%E3%84%A8%E3%84%9B%CB%8B#selectL"
"ㄙ","ㄙㄨㄟ","睢","https://dict.concised.moe.edu.tw/searchP.jsp?SN=%E3%84%99&SN2=%E3%84%99%E3%84%A8%E3%84%9F#selectL"
"ㄙ","ㄙㄨㄟ","綏","https://dict.concised.moe.edu.tw/searchP.jsp?SN=%E3%84%99&SN2=%E3%84%99%E3%84%A8%E3%84%9F#selectL"
"ㄙ","ㄙㄨㄟ","雖","https://dict.concised.moe.edu.tw/searchP.jsp?SN=%E3%84%99&SN2=%E3%84%99%E3%84%A8%E3%84%9F#selectL"
"ㄙ","ㄙㄨㄟˇ","髓","https://dict.concised.moe.edu.tw/searchP.jsp?SN=%E3%84%99&SN2=%E3%84%99%E3%84%A8%E3%84%9F%CB%87#selectL"
"ㄙ","ㄙㄨㄟˊ","隋","https://dict.concised.moe.edu.tw/searchP.jsp?SN=%E3%84%99&SN2=%E3%84%99%E3%84%A8%E3%84%9F%CB%8A#selectL"
"ㄙ","ㄙㄨㄟˊ","隨","https://dict.concised.moe.edu.tw/searchP.jsp?SN=%E3%84%99&SN2=%E3%84%99%E3%84%A8%E3%84%9F%CB%8A#selectL"
"ㄙ","ㄙㄨㄟˋ","祟","https://dict.concised.moe.edu.tw/searchP.jsp?SN=%E3%84%99&SN2=%E3%84%99%E3%84%A8%E3%84%9F%CB%8B#selectL"
"ㄙ","ㄙㄨㄟˋ","歲","https://dict.concised.moe.edu.tw/searchP.jsp?SN=%E3%84%99&SN2=%E3%84%99%E3%84%A8%E3%84%9F%CB%8B#selectL"
"ㄙ","ㄙㄨㄟˋ","碎","https://dict.concised.moe.edu.tw/searchP.jsp?SN=%E3%84%99&SN2=%E3%84%99%E3%84%A8%E3%84%9F%CB%8B#selectL"
"ㄙ","ㄙㄨㄟˋ","遂","https://dict.concised.moe.edu.tw/searchP.jsp?SN=%E3%84%99&SN2=%E3%84%99%E3%84%A8%E3%84%9F%CB%8B#selectL"
"ㄙ","ㄙㄨㄟˋ","隧","https://dict.concised.moe.edu.tw/searchP.jsp?SN=%E3%84%99&SN2=%E3%84%99%E3%84%A8%E3%84%9F%CB%8B#selectL"
"ㄙ","ㄙㄨㄟˋ","燧","https://dict.concised.moe.edu.tw/searchP.jsp?SN=%E3%84%99&SN2=%E3%84%99%E3%84%A8%E3%84%9F%CB%8B#selectL"
"ㄙ","ㄙㄨㄟˋ","穗","https://dict.concised.moe.edu.tw/searchP.jsp?SN=%E3%84%99&SN2=%E3%84%99%E3%84%A8%E3%84%9F%CB%8B#selectL"
"ㄙ","ㄙㄨㄟˋ","邃","https://dict.concised.moe.edu.tw/searchP.jsp?SN=%E3%84%99&SN2=%E3%84%99%E3%84%A8%E3%84%9F%CB%8B#selectL"
"ㄙ","ㄙㄨㄢ","痠","https://dict.concised.moe.edu.tw/searchP.jsp?SN=%E3%84%99&SN2=%E3%84%99%E3%84%A8%E3%84%A2#selectL"
"ㄙ","ㄙㄨㄢ","酸","https://dict.concised.moe.edu.tw/searchP.jsp?SN=%E3%84%99&SN2=%E3%84%99%E3%84%A8%E3%84%A2#selectL"
"ㄙ","ㄙㄨㄢˋ","算","https://dict.concised.moe.edu.tw/searchP.jsp?SN=%E3%84%99&SN2=%E3%84%99%E3%84%A8%E3%84%A2%CB%8B#selectL"
"ㄙ","ㄙㄨㄢˋ","蒜","https://dict.concised.moe.edu.tw/searchP.jsp?SN=%E3%84%99&SN2=%E3%84%99%E3%84%A8%E3%84%A2%CB%8B#selectL"
"ㄙ","ㄙㄨㄣ","孫","https://dict.concised.moe.edu.tw/searchP.jsp?SN=%E3%84%99&SN2=%E3%84%99%E3%84%A8%E3%84%A3#selectL"
"ㄙ","ㄙㄨㄣ","飧","https://dict.concised.moe.edu.tw/searchP.jsp?SN=%E3%84%99&SN2=%E3%84%99%E3%84%A8%E3%84%A3#selectL"
"ㄙ","ㄙㄨㄣ","猻","https://dict.concised.moe.edu.tw/searchP.jsp?SN=%E3%84%99&SN2=%E3%84%99%E3%84%A8%E3%84%A3#selectL"
"ㄙ","ㄙㄨㄣ","蓀","https://dict.concised.moe.edu.tw/searchP.jsp?SN=%E3%84%99&SN2=%E3%84%99%E3%84%A8%E3%84%A3#selectL"
"ㄙ","ㄙㄨㄣˇ","筍","https://dict.concised.moe.edu.tw/searchP.jsp?SN=%E3%84%99&SN2=%E3%84%99%E3%84%A8%E3%84%A3%CB%87#selectL"
"ㄙ","ㄙㄨㄣˇ","損","https://dict.concised.moe.edu.tw/searchP.jsp?SN=%E3%84%99&SN2=%E3%84%99%E3%84%A8%E3%84%A3%CB%87#selectL"
"ㄙ","ㄙㄨㄣˇ","榫","https://dict.concised.moe.edu.tw/searchP.jsp?SN=%E3%84%99&SN2=%E3%84%99%E3%84%A8%E3%84%A3%CB%87#selectL"
"ㄙ","ㄙㄨㄥ","忪","https://dict.concised.moe.edu.tw/searchP.jsp?SN=%E3%84%99&SN2=%E3%84%99%E3%84%A8%E3%84%A5#selectL"
"ㄙ","ㄙㄨㄥ","松","https://dict.concised.moe.edu.tw/searchP.jsp?SN=%E3%84%99&SN2=%E3%84%99%E3%84%A8%E3%84%A5#selectL"
"ㄙ","ㄙㄨㄥ","淞","https://dict.concised.moe.edu.tw/searchP.jsp?SN=%E3%84%99&SN2=%E3%84%99%E3%84%A8%E3%84%A5#selectL"
"ㄙ","ㄙㄨㄥ","嵩","https://dict.concised.moe.edu.tw/searchP.jsp?SN=%E3%84%99&SN2=%E3%84%99%E3%84%A8%E3%84%A5#selectL"
"ㄙ","ㄙㄨㄥ","鬆","https://dict.concised.moe.edu.tw/searchP.jsp?SN=%E3%84%99&SN2=%E3%84%99%E3%84%A8%E3%84%A5#selectL"
"ㄙ","ㄙㄨㄥˇ","悚","https://dict.concised.moe.edu.tw/searchP.jsp?SN=%E3%84%99&SN2=%E3%84%99%E3%84%A8%E3%84%A5%CB%87#selectL"
"ㄙ","ㄙㄨㄥˇ","竦","https://dict.concised.moe.edu.tw/searchP.jsp?SN=%E3%84%99&SN2=%E3%84%99%E3%84%A8%E3%84%A5%CB%87#selectL"
"ㄙ","ㄙㄨㄥˇ","慫","https://dict.concised.moe.edu.tw/searchP.jsp?SN=%E3%84%99&SN2=%E3%84%99%E3%84%A8%E3%84%A5%CB%87#selectL"
"ㄙ","ㄙㄨㄥˇ","聳","https://dict.concised.moe.edu.tw/searchP.jsp?SN=%E3%84%99&SN2=%E3%84%99%E3%84%A8%E3%84%A5%CB%87#selectL"
"ㄙ","ㄙㄨㄥˋ","宋","https://dict.concised.moe.edu.tw/searchP.jsp?SN=%E3%84%99&SN2=%E3%84%99%E3%84%A8%E3%84%A5%CB%8B#selectL"
"ㄙ","ㄙㄨㄥˋ","送","https://dict.concised.moe.edu.tw/searchP.jsp?SN=%E3%84%99&SN2=%E3%84%99%E3%84%A8%E3%84%A5%CB%8B#selectL"
"ㄙ","ㄙㄨㄥˋ","訟","https://dict.concised.moe.edu.tw/searchP.jsp?SN=%E3%84%99&SN2=%E3%84%99%E3%84%A8%E3%84%A5%CB%8B#selectL"
"ㄙ","ㄙㄨㄥˋ","頌","https://dict.concised.moe.edu.tw/searchP.jsp?SN=%E3%84%99&SN2=%E3%84%99%E3%84%A8%E3%84%A5%CB%8B#selectL"
"ㄙ","ㄙㄨㄥˋ","誦","https://dict.concised.moe.edu.tw/searchP.jsp?SN=%E3%84%99&SN2=%E3%84%99%E3%84%A8%E3%84%A5%CB%8B#selectL"
"ㄚ","˙ㄚ","啊","https://dict.concised.moe.edu.tw/searchP.jsp?SN=%E3%84%9A&SN2=%CB%99%E3%84%9A#selectL"
"ㄚ","ㄚ","阿","https://dict.concised.moe.edu.tw/searchP.jsp?SN=%E3%84%9A&SN2=%E3%84%9A#selectL"
"ㄚ","ㄚ","啊","https://dict.concised.moe.edu.tw/searchP.jsp?SN=%E3%84%9A&SN2=%E3%84%9A#selectL"
"ㄛ","ㄛ","呵","https://dict.concised.moe.edu.tw/searchP.jsp?SN=%E3%84%9B&SN2=%E3%84%9B#selectL"
"ㄛ","ㄛ","喔","https://dict.concised.moe.edu.tw/searchP.jsp?SN=%E3%84%9B&SN2=%E3%84%9B#selectL"
"ㄛ","ㄛˊ","哦","https://dict.concised.moe.edu.tw/searchP.jsp?SN=%E3%84%9B&SN2=%E3%84%9B%CB%8A#selectL"
"ㄜ","ㄜ","阿","https://dict.concised.moe.edu.tw/searchP.jsp?SN=%E3%84%9C&SN2=%E3%84%9C#selectL"
"ㄜ","ㄜ","婀","https://dict.concised.moe.edu.tw/searchP.jsp?SN=%E3%84%9C&SN2=%E3%84%9C#selectL"
"ㄜ","ㄜ","屙","https://dict.concised.moe.edu.tw/searchP.jsp?SN=%E3%84%9C&SN2=%E3%84%9C#selectL"
"ㄜ","ㄜ","痾","https://dict.concised.moe.edu.tw/searchP.jsp?SN=%E3%84%9C&SN2=%E3%84%9C#selectL"
"ㄜ","ㄜˇ","惡","https://dict.concised.moe.edu.tw/searchP.jsp?SN=%E3%84%9C&SN2=%E3%84%9C%CB%87#selectL"
"ㄜ","ㄜˇ","噁","https://dict.concised.moe.edu.tw/searchP.jsp?SN=%E3%84%9C&SN2=%E3%84%9C%CB%87#selectL"
"ㄜ","ㄜˊ","俄","https://dict.concised.moe.edu.tw/searchP.jsp?SN=%E3%84%9C&SN2=%E3%84%9C%CB%8A#selectL"
"ㄜ","ㄜˊ","哦","https://dict.concised.moe.edu.tw/searchP.jsp?SN=%E3%84%9C&SN2=%E3%84%9C%CB%8A#selectL"
"ㄜ","ㄜˊ","娥","https://dict.concised.moe.edu.tw/searchP.jsp?SN=%E3%84%9C&SN2=%E3%84%9C%CB%8A#selectL"
"ㄜ","ㄜˊ","峨","https://dict.concised.moe.edu.tw/searchP.jsp?SN=%E3%84%9C&SN2=%E3%84%9C%CB%8A#selectL"
"ㄜ","ㄜˊ","莪","https://dict.concised.moe.edu.tw/searchP.jsp?SN=%E3%84%9C&SN2=%E3%84%9C%CB%8A#selectL"
"ㄜ","ㄜˊ","蚵","https://dict.concised.moe.edu.tw/searchP.jsp?SN=%E3%84%9C&SN2=%E3%84%9C%CB%8A#selectL"
"ㄜ","ㄜˊ","訛","https://dict.concised.moe.edu.tw/searchP.jsp?SN=%E3%84%9C&SN2=%E3%84%9C%CB%8A#selectL"
"ㄜ","ㄜˊ","蛾","https://dict.concised.moe.edu.tw/searchP.jsp?SN=%E3%84%9C&SN2=%E3%84%9C%CB%8A#selectL"
"ㄜ","ㄜˊ","額","https://dict.concised.moe.edu.tw/searchP.jsp?SN=%E3%84%9C&SN2=%E3%84%9C%CB%8A#selectL"
"ㄜ","ㄜˊ","鵝","https://dict.concised.moe.edu.tw/searchP.jsp?SN=%E3%84%9C&SN2=%E3%84%9C%CB%8A#selectL"
"ㄜ","ㄜˋ","厄","https://dict.concised.moe.edu.tw/searchP.jsp?SN=%E3%84%9C&SN2=%E3%84%9C%CB%8B#selectL"
"ㄜ","ㄜˋ","呃","https://dict.concised.moe.edu.tw/searchP.jsp?SN=%E3%84%9C&SN2=%E3%84%9C%CB%8B#selectL"
"ㄜ","ㄜˋ","扼","https://dict.concised.moe.edu.tw/searchP.jsp?SN=%E3%84%9C&SN2=%E3%84%9C%CB%8B#selectL"
"ㄜ","ㄜˋ","阨","https://dict.concised.moe.edu.tw/searchP.jsp?SN=%E3%84%9C&SN2=%E3%84%9C%CB%8B#selectL"
"ㄜ","ㄜˋ","堊","https://dict.concised.moe.edu.tw/searchP.jsp?SN=%E3%84%9C&SN2=%E3%84%9C%CB%8B#selectL"
"ㄜ","ㄜˋ","軛","https://dict.concised.moe.edu.tw/searchP.jsp?SN=%E3%84%9C&SN2=%E3%84%9C%CB%8B#selectL"
"ㄜ","ㄜˋ","惡","https://dict.concised.moe.edu.tw/searchP.jsp?SN=%E3%84%9C&SN2=%E3%84%9C%CB%8B#selectL"
"ㄜ","ㄜˋ","愕","https://dict.concised.moe.edu.tw/searchP.jsp?SN=%E3%84%9C&SN2=%E3%84%9C%CB%8B#selectL"
"ㄜ","ㄜˋ","鄂","https://dict.concised.moe.edu.tw/searchP.jsp?SN=%E3%84%9C&SN2=%E3%84%9C%CB%8B#selectL"
"ㄜ","ㄜˋ","萼","https://dict.concised.moe.edu.tw/searchP.jsp?SN=%E3%84%9C&SN2=%E3%84%9C%CB%8B#selectL"
"ㄜ","ㄜˋ","遏","https://dict.concised.moe.edu.tw/searchP.jsp?SN=%E3%84%9C&SN2=%E3%84%9C%CB%8B#selectL"
"ㄜ","ㄜˋ","餓","https://dict.concised.moe.edu.tw/searchP.jsp?SN=%E3%84%9C&SN2=%E3%84%9C%CB%8B#selectL"
"ㄜ","ㄜˋ","噩","https://dict.concised.moe.edu.tw/searchP.jsp?SN=%E3%84%9C&SN2=%E3%84%9C%CB%8B#selectL"
"ㄜ","ㄜˋ","閼","https://dict.concised.moe.edu.tw/searchP.jsp?SN=%E3%84%9C&SN2=%E3%84%9C%CB%8B#selectL"
"ㄜ","ㄜˋ","鍔","https://dict.concised.moe.edu.tw/searchP.jsp?SN=%E3%84%9C&SN2=%E3%84%9C%CB%8B#selectL"
"ㄜ","ㄜˋ","顎","https://dict.concised.moe.edu.tw/searchP.jsp?SN=%E3%84%9C&SN2=%E3%84%9C%CB%8B#selectL"
"ㄜ","ㄜˋ","鱷","https://dict.concised.moe.edu.tw/searchP.jsp?SN=%E3%84%9C&SN2=%E3%84%9C%CB%8B#selectL"
"ㄞ","ㄞ","哀","https://dict.concised.moe.edu.tw/searchP.jsp?SN=%E3%84%9E&SN2=%E3%84%9E#selectL"
"ㄞ","ㄞ","哎","https://dict.concised.moe.edu.tw/searchP.jsp?SN=%E3%84%9E&SN2=%E3%84%9E#selectL"
"ㄞ","ㄞ","唉","https://dict.concised.moe.edu.tw/searchP.jsp?SN=%E3%84%9E&SN2=%E3%84%9E#selectL"
"ㄞ","ㄞ","埃","https://dict.concised.moe.edu.tw/searchP.jsp?SN=%E3%84%9E&SN2=%E3%84%9E#selectL"
"ㄞ","ㄞ","挨","https://dict.concised.moe.edu.tw/searchP.jsp?SN=%E3%84%9E&SN2=%E3%84%9E#selectL"
"ㄞ","ㄞˇ","欸","https://dict.concised.moe.edu.tw/searchP.jsp?SN=%E3%84%9E&SN2=%E3%84%9E%CB%87#selectL"
"ㄞ","ㄞˇ","矮","https://dict.concised.moe.edu.tw/searchP.jsp?SN=%E3%84%9E&SN2=%E3%84%9E%CB%87#selectL"
"ㄞ","ㄞˇ","藹","https://dict.concised.moe.edu.tw/searchP.jsp?SN=%E3%84%9E&SN2=%E3%84%9E%CB%87#selectL"
"ㄞ","ㄞˇ","靄","https://dict.concised.moe.edu.tw/searchP.jsp?SN=%E3%84%9E&SN2=%E3%84%9E%CB%87#selectL"
"ㄞ","ㄞˊ","捱","https://dict.concised.moe.edu.tw/searchP.jsp?SN=%E3%84%9E&SN2=%E3%84%9E%CB%8A#selectL"
"ㄞ","ㄞˊ","皚","https://dict.concised.moe.edu.tw/searchP.jsp?SN=%E3%84%9E&SN2=%E3%84%9E%CB%8A#selectL"
"ㄞ","ㄞˊ","癌","https://dict.concised.moe.edu.tw/searchP.jsp?SN=%E3%84%9E&SN2=%E3%84%9E%CB%8A#selectL"
"ㄞ","ㄞˊ","騃","https://dict.concised.moe.edu.tw/searchP.jsp?SN=%E3%84%9E&SN2=%E3%84%9E%CB%8A#selectL"
"ㄞ","ㄞˋ","艾","https://dict.concised.moe.edu.tw/searchP.jsp?SN=%E3%84%9E&SN2=%E3%84%9E%CB%8B#selectL"
"ㄞ","ㄞˋ","愛","https://dict.concised.moe.edu.tw/searchP.jsp?SN=%E3%84%9E&SN2=%E3%84%9E%CB%8B#selectL"
"ㄞ","ㄞˋ","隘","https://dict.concised.moe.edu.tw/searchP.jsp?SN=%E3%84%9E&SN2=%E3%84%9E%CB%8B#selectL"
"ㄞ","ㄞˋ","噯","https://dict.concised.moe.edu.tw/searchP.jsp?SN=%E3%84%9E&SN2=%E3%84%9E%CB%8B#selectL"
"ㄞ","ㄞˋ","嬡","https://dict.concised.moe.edu.tw/searchP.jsp?SN=%E3%84%9E&SN2=%E3%84%9E%CB%8B#selectL"
"ㄞ","ㄞˋ","曖","https://dict.concised.moe.edu.tw/searchP.jsp?SN=%E3%84%9E&SN2=%E3%84%9E%CB%8B#selectL"
"ㄞ","ㄞˋ","璦","https://dict.concised.moe.edu.tw/searchP.jsp?SN=%E3%84%9E&SN2=%E3%84%9E%CB%8B#selectL"
"ㄞ","ㄞˋ","礙","https://dict.concised.moe.edu.tw/searchP.jsp?SN=%E3%84%9E&SN2=%E3%84%9E%CB%8B#selectL"
"ㄟ","ㄟˋ","欸","https://dict.concised.moe.edu.tw/searchP.jsp?SN=%E3%84%9F&SN2=%E3%84%9F%CB%8B#selectL"
"ㄠ","ㄠ","凹","https://dict.concised.moe.edu.tw/searchP.jsp?SN=%E3%84%A0&SN2=%E3%84%A0#selectL"
"ㄠ","ㄠ","坳","https://dict.concised.moe.edu.tw/searchP.jsp?SN=%E3%84%A0&SN2=%E3%84%A0#selectL"
"ㄠ","ㄠˇ","拗","https://dict.concised.moe.edu.tw/searchP.jsp?SN=%E3%84%A0&SN2=%E3%84%A0%CB%87#selectL"
"ㄠ","ㄠˇ","媼","https://dict.concised.moe.edu.tw/searchP.jsp?SN=%E3%84%A0&SN2=%E3%84%A0%CB%87#selectL"
"ㄠ","ㄠˇ","襖","https://dict.concised.moe.edu.tw/searchP.jsp?SN=%E3%84%A0&SN2=%E3%84%A0%CB%87#selectL"
"ㄠ","ㄠˊ","敖","https://dict.concised.moe.edu.tw/searchP.jsp?SN=%E3%84%A0&SN2=%E3%84%A0%CB%8A#selectL"
"ㄠ","ㄠˊ","嗷","https://dict.concised.moe.edu.tw/searchP.jsp?SN=%E3%84%A0&SN2=%E3%84%A0%CB%8A#selectL"
"ㄠ","ㄠˊ","獒","https://dict.concised.moe.edu.tw/searchP.jsp?SN=%E3%84%A0&SN2=%E3%84%A0%CB%8A#selectL"
"ㄠ","ㄠˊ","熬","https://dict.concised.moe.edu.tw/searchP.jsp?SN=%E3%84%A0&SN2=%E3%84%A0%CB%8A#selectL"
"ㄠ","ㄠˊ","遨","https://dict.concised.moe.edu.tw/searchP.jsp?SN=%E3%84%A0&SN2=%E3%84%A0%CB%8A#selectL"
"ㄠ","ㄠˊ","翱","https://dict.concised.moe.edu.tw/searchP.jsp?SN=%E3%84%A0&SN2=%E3%84%A0%CB%8A#selectL"
"ㄠ","ㄠˊ","聱","https://dict.concised.moe.edu.tw/searchP.jsp?SN=%E3%84%A0&SN2=%E3%84%A0%CB%8A#selectL"
"ㄠ","ㄠˊ","螯","https://dict.concised.moe.edu.tw/searchP.jsp?SN=%E3%84%A0&SN2=%E3%84%A0%CB%8A#selectL"
"ㄠ","ㄠˊ","鏖","https://dict.concised.moe.edu.tw/searchP.jsp?SN=%E3%84%A0&SN2=%E3%84%A0%CB%8A#selectL"
"ㄠ","ㄠˊ","驁","https://dict.concised.moe.edu.tw/searchP.jsp?SN=%E3%84%A0&SN2=%E3%84%A0%CB%8A#selectL"
"ㄠ","ㄠˊ","鰲","https://dict.concised.moe.edu.tw/searchP.jsp?SN=%E3%84%A0&SN2=%E3%84%A0%CB%8A#selectL"
"ㄠ","ㄠˋ","拗","https://dict.concised.moe.edu.tw/searchP.jsp?SN=%E3%84%A0&SN2=%E3%84%A0%CB%8B#selectL"
"ㄠ","ㄠˋ","傲","https://dict.concised.moe.edu.tw/searchP.jsp?SN=%E3%84%A0&SN2=%E3%84%A0%CB%8B#selectL"
"ㄠ","ㄠˋ","奧","https://dict.concised.moe.edu.tw/searchP.jsp?SN=%E3%84%A0&SN2=%E3%84%A0%CB%8B#selectL"
"ㄠ","ㄠˋ","懊","https://dict.concised.moe.edu.tw/searchP.jsp?SN=%E3%84%A0&SN2=%E3%84%A0%CB%8B#selectL"
"ㄠ","ㄠˋ","澳","https://dict.concised.moe.edu.tw/searchP.jsp?SN=%E3%84%A0&SN2=%E3%84%A0%CB%8B#selectL"
"ㄡ","ㄡ","區","https://dict.concised.moe.edu.tw/searchP.jsp?SN=%E3%84%A1&SN2=%E3%84%A1#selectL"
"ㄡ","ㄡ","嘔","https://dict.concised.moe.edu.tw/searchP.jsp?SN=%E3%84%A1&SN2=%E3%84%A1#selectL"
"ㄡ","ㄡ","漚","https://dict.concised.moe.edu.tw/searchP.jsp?SN=%E3%84%A1&SN2=%E3%84%A1#selectL"
"ㄡ","ㄡ","歐","https://dict.concised.moe.edu.tw/searchP.jsp?SN=%E3%84%A1&SN2=%E3%84%A1#selectL"
"ㄡ","ㄡ","毆","https://dict.concised.moe.edu.tw/searchP.jsp?SN=%E3%84%A1&SN2=%E3%84%A1#selectL"
"ㄡ","ㄡ","甌","https://dict.concised.moe.edu.tw/searchP.jsp?SN=%E3%84%A1&SN2=%E3%84%A1#selectL"
"ㄡ","ㄡ","謳","https://dict.concised.moe.edu.tw/searchP.jsp?SN=%E3%84%A1&SN2=%E3%84%A1#selectL"
"ㄡ","ㄡ","鷗","https://dict.concised.moe.edu.tw/searchP.jsp?SN=%E3%84%A1&SN2=%E3%84%A1#selectL"
"ㄡ","ㄡˇ","偶","https://dict.concised.moe.edu.tw/searchP.jsp?SN=%E3%84%A1&SN2=%E3%84%A1%CB%87#selectL"
"ㄡ","ㄡˇ","嘔","https://dict.concised.moe.edu.tw/searchP.jsp?SN=%E3%84%A1&SN2=%E3%84%A1%CB%87#selectL"
"ㄡ","ㄡˇ","耦","https://dict.concised.moe.edu.tw/searchP.jsp?SN=%E3%84%A1&SN2=%E3%84%A1%CB%87#selectL"
"ㄡ","ㄡˇ","藕","https://dict.concised.moe.edu.tw/searchP.jsp?SN=%E3%84%A1&SN2=%E3%84%A1%CB%87#selectL"
"ㄡ","ㄡˋ","嘔","https://dict.concised.moe.edu.tw/searchP.jsp?SN=%E3%84%A1&SN2=%E3%84%A1%CB%8B#selectL"
"ㄡ","ㄡˋ","漚","https://dict.concised.moe.edu.tw/searchP.jsp?SN=%E3%84%A1&SN2=%E3%84%A1%CB%8B#selectL"
"ㄢ","ㄢ","安","https://dict.concised.moe.edu.tw/searchP.jsp?SN=%E3%84%A2&SN2=%E3%84%A2#selectL"
"ㄢ","ㄢ","氨","https://dict.concised.moe.edu.tw/searchP.jsp?SN=%E3%84%A2&SN2=%E3%84%A2#selectL"
"ㄢ","ㄢ","胺","https://dict.concised.moe.edu.tw/searchP.jsp?SN=%E3%84%A2&SN2=%E3%84%A2#selectL"
"ㄢ","ㄢ","庵","https://dict.concised.moe.edu.tw/searchP.jsp?SN=%E3%84%A2&SN2=%E3%84%A2#selectL"
"ㄢ","ㄢ","鞍","https://dict.concised.moe.edu.tw/searchP.jsp?SN=%E3%84%A2&SN2=%E3%84%A2#selectL"
"ㄢ","ㄢ","盦","https://dict.concised.moe.edu.tw/searchP.jsp?SN=%E3%84%A2&SN2=%E3%84%A2#selectL"
"ㄢ","ㄢ","諳","https://dict.concised.moe.edu.tw/searchP.jsp?SN=%E3%84%A2&SN2=%E3%84%A2#selectL"
"ㄢ","ㄢ","鵪","https://dict.concised.moe.edu.tw/searchP.jsp?SN=%E3%84%A2&SN2=%E3%84%A2#selectL"
"ㄢ","ㄢˇ","俺","https://dict.concised.moe.edu.tw/searchP.jsp?SN=%E3%84%A2&SN2=%E3%84%A2%CB%87#selectL"
"ㄢ","ㄢˋ","岸","https://dict.concised.moe.edu.tw/searchP.jsp?SN=%E3%84%A2&SN2=%E3%84%A2%CB%8B#selectL"
"ㄢ","ㄢˋ","按","https://dict.concised.moe.edu.tw/searchP.jsp?SN=%E3%84%A2&SN2=%E3%84%A2%CB%8B#selectL"
"ㄢ","ㄢˋ","案","https://dict.concised.moe.edu.tw/searchP.jsp?SN=%E3%84%A2&SN2=%E3%84%A2%CB%8B#selectL"
"ㄢ","ㄢˋ","暗","https://dict.concised.moe.edu.tw/searchP.jsp?SN=%E3%84%A2&SN2=%E3%84%A2%CB%8B#selectL"
"ㄢ","ㄢˋ","闇","https://dict.concised.moe.edu.tw/searchP.jsp?SN=%E3%84%A2&SN2=%E3%84%A2%CB%8B#selectL"
"ㄢ","ㄢˋ","黯","https://dict.concised.moe.edu.tw/searchP.jsp?SN=%E3%84%A2&SN2=%E3%84%A2%CB%8B#selectL"
"ㄣ","˙ㄣ","嗯","https://dict.concised.moe.edu.tw/searchP.jsp?SN=%E3%84%A3&SN2=%CB%99%E3%84%A3#selectL"
"ㄣ","ㄣ","恩","https://dict.concised.moe.edu.tw/searchP.jsp?SN=%E3%84%A3&SN2=%E3%84%A3#selectL"
"ㄤ","ㄤ","腌","https://dict.concised.moe.edu.tw/searchP.jsp?SN=%E3%84%A4&SN2=%E3%84%A4#selectL"
"ㄤ","ㄤ","骯","https://dict.concised.moe.edu.tw/searchP.jsp?SN=%E3%84%A4&SN2=%E3%84%A4#selectL"
"ㄤ","ㄤˊ","昂","https://dict.concised.moe.edu.tw/searchP.jsp?SN=%E3%84%A4&SN2=%E3%84%A4%CB%8A#selectL"
"ㄤ","ㄤˋ","盎","https://dict.concised.moe.edu.tw/searchP.jsp?SN=%E3%84%A4&SN2=%E3%84%A4%CB%8B#selectL"
"ㄦ","ㄦ","兒","https://dict.concised.moe.edu.tw/searchP.jsp?SN=%E3%84%A6&SN2=%E3%84%A6#selectL"
"ㄦ","ㄦˇ","耳","https://dict.concised.moe.edu.tw/searchP.jsp?SN=%E3%84%A6&SN2=%E3%84%A6%CB%87#selectL"
"ㄦ","ㄦˇ","洱","https://dict.concised.moe.edu.tw/searchP.jsp?SN=%E3%84%A6&SN2=%E3%84%A6%CB%87#selectL"
"ㄦ","ㄦˇ","珥","https://dict.concised.moe.edu.tw/searchP.jsp?SN=%E3%84%A6&SN2=%E3%84%A6%CB%87#selectL"
"ㄦ","ㄦˇ","爾","https://dict.concised.moe.edu.tw/searchP.jsp?SN=%E3%84%A6&SN2=%E3%84%A6%CB%87#selectL"
"ㄦ","ㄦˇ","餌","https://dict.concised.moe.edu.tw/searchP.jsp?SN=%E3%84%A6&SN2=%E3%84%A6%CB%87#selectL"
"ㄦ","ㄦˇ","邇","https://dict.concised.moe.edu.tw/searchP.jsp?SN=%E3%84%A6&SN2=%E3%84%A6%CB%87#selectL"
"ㄦ","ㄦˊ","而","https://dict.concised.moe.edu.tw/searchP.jsp?SN=%E3%84%A6&SN2=%E3%84%A6%CB%8A#selectL"
"ㄦ","ㄦˊ","兒","https://dict.concised.moe.edu.tw/searchP.jsp?SN=%E3%84%A6&SN2=%E3%84%A6%CB%8A#selectL"
"ㄦ","ㄦˋ","二","https://dict.concised.moe.edu.tw/searchP.jsp?SN=%E3%84%A6&SN2=%E3%84%A6%CB%8B#selectL"
"ㄦ","ㄦˋ","貳","https://dict.concised.moe.edu.tw/searchP.jsp?SN=%E3%84%A6&SN2=%E3%84%A6%CB%8B#selectL"
"ㄧ","˙ㄧㄚ","呀","https://dict.concised.moe.edu.tw/searchP.jsp?SN=%E3%84%A7&SN2=%CB%99%E3%84%A7%E3%84%9A#selectL"
"ㄧ","˙ㄧㄝ","吔","https://dict.concised.moe.edu.tw/searchP.jsp?SN=%E3%84%A7&SN2=%CB%99%E3%84%A7%E3%84%9D#selectL"
"ㄧ","ㄧ","一","https://dict.concised.moe.edu.tw/searchP.jsp?SN=%E3%84%A7&SN2=%E3%84%A7#selectL"
"ㄧ","ㄧ","伊","https://dict.concised.moe.edu.tw/searchP.jsp?SN=%E3%84%A7&SN2=%E3%84%A7#selectL"
"ㄧ","ㄧ","衣","https://dict.concised.moe.edu.tw/searchP.jsp?SN=%E3%84%A7&SN2=%E3%84%A7#selectL"
"ㄧ","ㄧ","依","https://dict.concised.moe.edu.tw/searchP.jsp?SN=%E3%84%A7&SN2=%E3%84%A7#selectL"
"ㄧ","ㄧ","咿","https://dict.concised.moe.edu.tw/searchP.jsp?SN=%E3%84%A7&SN2=%E3%84%A7#selectL"
"ㄧ","ㄧ","壹","https://dict.concised.moe.edu.tw/searchP.jsp?SN=%E3%84%A7&SN2=%E3%84%A7#selectL"
"ㄧ","ㄧ","揖","https://dict.concised.moe.edu.tw/searchP.jsp?SN=%E3%84%A7&SN2=%E3%84%A7#selectL"
"ㄧ","ㄧ","漪","https://dict.concised.moe.edu.tw/searchP.jsp?SN=%E3%84%A7&SN2=%E3%84%A7#selectL"
"ㄧ","ㄧ","醫","https://dict.concised.moe.edu.tw/searchP.jsp?SN=%E3%84%A7&SN2=%E3%84%A7#selectL"
"ㄧ","ㄧ","黟","https://dict.concised.moe.edu.tw/searchP.jsp?SN=%E3%84%A7&SN2=%E3%84%A7#selectL"
"ㄧ","ㄧˇ","乙","https://dict.concised.moe.edu.tw/searchP.jsp?SN=%E3%84%A7&SN2=%E3%84%A7%CB%87#selectL"
"ㄧ","ㄧˇ","已","https://dict.concised.moe.edu.tw/searchP.jsp?SN=%E3%84%A7&SN2=%E3%84%A7%CB%87#selectL"
"ㄧ","ㄧˇ","以","https://dict.concised.moe.edu.tw/searchP.jsp?SN=%E3%84%A7&SN2=%E3%84%A7%CB%87#selectL"
"ㄧ","ㄧˇ","矣","https://dict.concised.moe.edu.tw/searchP.jsp?SN=%E3%84%A7&SN2=%E3%84%A7%CB%87#selectL"
"ㄧ","ㄧˇ","苡","https://dict.concised.moe.edu.tw/searchP.jsp?SN=%E3%84%A7&SN2=%E3%84%A7%CB%87#selectL"
"ㄧ","ㄧˇ","倚","https://dict.concised.moe.edu.tw/searchP.jsp?SN=%E3%84%A7&SN2=%E3%84%A7%CB%87#selectL"
"ㄧ","ㄧˇ","椅","https://dict.concised.moe.edu.tw/searchP.jsp?SN=%E3%84%A7&SN2=%E3%84%A7%CB%87#selectL"
"ㄧ","ㄧˇ","蛾","https://dict.concised.moe.edu.tw/searchP.jsp?SN=%E3%84%A7&SN2=%E3%84%A7%CB%87#selectL"
"ㄧ","ㄧˇ","旖","https://dict.concised.moe.edu.tw/searchP.jsp?SN=%E3%84%A7&SN2=%E3%84%A7%CB%87#selectL"
"ㄧ","ㄧˇ","踦","https://dict.concised.moe.edu.tw/searchP.jsp?SN=%E3%84%A7&SN2=%E3%84%A7%CB%87#selectL"
"ㄧ","ㄧˇ","艤","https://dict.concised.moe.edu.tw/searchP.jsp?SN=%E3%84%A7&SN2=%E3%84%A7%CB%87#selectL"
"ㄧ","ㄧˇ","蟻","https://dict.concised.moe.edu.tw/searchP.jsp?SN=%E3%84%A7&SN2=%E3%84%A7%CB%87#selectL"
"ㄧ","ㄧˊ","台","https://dict.concised.moe.edu.tw/searchP.jsp?SN=%E3%84%A7&SN2=%E3%84%A7%CB%8A#selectL"
"ㄧ","ㄧˊ","圯","https://dict.concised.moe.edu.tw/searchP.jsp?SN=%E3%84%A7&SN2=%E3%84%A7%CB%8A#selectL"
"ㄧ","ㄧˊ","夷","https://dict.concised.moe.edu.tw/searchP.jsp?SN=%E3%84%A7&SN2=%E3%84%A7%CB%8A#selectL"
"ㄧ","ㄧˊ","沂","https://dict.concised.moe.edu.tw/searchP.jsp?SN=%E3%84%A7&SN2=%E3%84%A7%CB%8A#selectL"
"ㄧ","ㄧˊ","迆","https://dict.concised.moe.edu.tw/searchP.jsp?SN=%E3%84%A7&SN2=%E3%84%A7%CB%8A#selectL"
"ㄧ","ㄧˊ","宜","https://dict.concised.moe.edu.tw/searchP.jsp?SN=%E3%84%A7&SN2=%E3%84%A7%CB%8A#selectL"
"ㄧ","ㄧˊ","怡","https://dict.concised.moe.edu.tw/searchP.jsp?SN=%E3%84%A7&SN2=%E3%84%A7%CB%8A#selectL"
"ㄧ","ㄧˊ","咦","https://dict.concised.moe.edu.tw/searchP.jsp?SN=%E3%84%A7&SN2=%E3%84%A7%CB%8A#selectL"
"ㄧ","ㄧˊ","姨","https://dict.concised.moe.edu.tw/searchP.jsp?SN=%E3%84%A7&SN2=%E3%84%A7%CB%8A#selectL"
"ㄧ","ㄧˊ","施","https://dict.concised.moe.edu.tw/searchP.jsp?SN=%E3%84%A7&SN2=%E3%84%A7%CB%8A#selectL"
"ㄧ","ㄧˊ","迤","https://dict.concised.moe.edu.tw/searchP.jsp?SN=%E3%84%A7&SN2=%E3%84%A7%CB%8A#selectL"
"ㄧ","ㄧˊ","胰","https://dict.concised.moe.edu.tw/searchP.jsp?SN=%E3%84%A7&SN2=%E3%84%A7%CB%8A#selectL"
"ㄧ","ㄧˊ","荑","https://dict.concised.moe.edu.tw/searchP.jsp?SN=%E3%84%A7&SN2=%E3%84%A7%CB%8A#selectL"
"ㄧ","ㄧˊ","痍","https://dict.concised.moe.edu.tw/searchP.jsp?SN=%E3%84%A7&SN2=%E3%84%A7%CB%8A#selectL"
"ㄧ","ㄧˊ","移","https://dict.concised.moe.edu.tw/searchP.jsp?SN=%E3%84%A7&SN2=%E3%84%A7%CB%8A#selectL"
"ㄧ","ㄧˊ","蛇","https://dict.concised.moe.edu.tw/searchP.jsp?SN=%E3%84%A7&SN2=%E3%84%A7%CB%8A#selectL"
"ㄧ","ㄧˊ","貽","https://dict.concised.moe.edu.tw/searchP.jsp?SN=%E3%84%A7&SN2=%E3%84%A7%CB%8A#selectL"
"ㄧ","ㄧˊ","飴","https://dict.concised.moe.edu.tw/searchP.jsp?SN=%E3%84%A7&SN2=%E3%84%A7%CB%8A#selectL"
"ㄧ","ㄧˊ","疑","https://dict.concised.moe.edu.tw/searchP.jsp?SN=%E3%84%A7&SN2=%E3%84%A7%CB%8A#selectL"
"ㄧ","ㄧˊ","儀","https://dict.concised.moe.edu.tw/searchP.jsp?SN=%E3%84%A7&SN2=%E3%84%A7%CB%8A#selectL"
"ㄧ","ㄧˊ","遺","https://dict.concised.moe.edu.tw/searchP.jsp?SN=%E3%84%A7&SN2=%E3%84%A7%CB%8A#selectL"
"ㄧ","ㄧˊ","頤","https://dict.concised.moe.edu.tw/searchP.jsp?SN=%E3%84%A7&SN2=%E3%84%A7%CB%8A#selectL"
"ㄧ","ㄧˊ","嶷","https://dict.concised.moe.edu.tw/searchP.jsp?SN=%E3%84%A7&SN2=%E3%84%A7%CB%8A#selectL"
"ㄧ","ㄧˊ","彞","https://dict.concised.moe.edu.tw/searchP.jsp?SN=%E3%84%A7&SN2=%E3%84%A7%CB%8A#selectL"
"ㄧ","ㄧˋ","乂","https://dict.concised.moe.edu.tw/searchP.jsp?SN=%E3%84%A7&SN2=%E3%84%A7%CB%8B#selectL"
"ㄧ","ㄧˋ","弋","https://dict.concised.moe.edu.tw/searchP.jsp?SN=%E3%84%A7&SN2=%E3%84%A7%CB%8B#selectL"
"ㄧ","ㄧˋ","刈","https://dict.concised.moe.edu.tw/searchP.jsp?SN=%E3%84%A7&SN2=%E3%84%A7%CB%8B#selectL"
"ㄧ","ㄧˋ","亦","https://dict.concised.moe.edu.tw/searchP.jsp?SN=%E3%84%A7&SN2=%E3%84%A7%CB%8B#selectL"
"ㄧ","ㄧˋ","屹","https://dict.concised.moe.edu.tw/searchP.jsp?SN=%E3%84%A7&SN2=%E3%84%A7%CB%8B#selectL"
"ㄧ","ㄧˋ","曳","https://dict.concised.moe.edu.tw/searchP.jsp?SN=%E3%84%A7&SN2=%E3%84%A7%CB%8B#selectL"
"ㄧ","ㄧˋ","艾","https://dict.concised.moe.edu.tw/searchP.jsp?SN=%E3%84%A7&SN2=%E3%84%A7%CB%8B#selectL"
"ㄧ","ㄧˋ","衣","https://dict.concised.moe.edu.tw/searchP.jsp?SN=%E3%84%A7&SN2=%E3%84%A7%CB%8B#selectL"
"ㄧ","ㄧˋ","佚","https://dict.concised.moe.edu.tw/searchP.jsp?SN=%E3%84%A7&SN2=%E3%84%A7%CB%8B#selectL"
"ㄧ","ㄧˋ","役","https://dict.concised.moe.edu.tw/searchP.jsp?SN=%E3%84%A7&SN2=%E3%84%A7%CB%8B#selectL"
"ㄧ","ㄧˋ","抑","https://dict.concised.moe.edu.tw/searchP.jsp?SN=%E3%84%A7&SN2=%E3%84%A7%CB%8B#selectL"
"ㄧ","ㄧˋ","邑","https://dict.concised.moe.edu.tw/searchP.jsp?SN=%E3%84%A7&SN2=%E3%84%A7%CB%8B#selectL"
"ㄧ","ㄧˋ","佾","https://dict.concised.moe.edu.tw/searchP.jsp?SN=%E3%84%A7&SN2=%E3%84%A7%CB%8B#selectL"
"ㄧ","ㄧˋ","易","https://dict.concised.moe.edu.tw/searchP.jsp?SN=%E3%84%A7&SN2=%E3%84%A7%CB%8B#selectL"
"ㄧ","ㄧˋ","泄","https://dict.concised.moe.edu.tw/searchP.jsp?SN=%E3%84%A7&SN2=%E3%84%A7%CB%8B#selectL"
"ㄧ","ㄧˋ","奕","https://dict.concised.moe.edu.tw/searchP.jsp?SN=%E3%84%A7&SN2=%E3%84%A7%CB%8B#selectL"
"ㄧ","ㄧˋ","弈","https://dict.concised.moe.edu.tw/searchP.jsp?SN=%E3%84%A7&SN2=%E3%84%A7%CB%8B#selectL"
"ㄧ","ㄧˋ","施","https://dict.concised.moe.edu.tw/searchP.jsp?SN=%E3%84%A7&SN2=%E3%84%A7%CB%8B#selectL"
"ㄧ","ㄧˋ","洩","https://dict.concised.moe.edu.tw/searchP.jsp?SN=%E3%84%A7&SN2=%E3%84%A7%CB%8B#selectL"
"ㄧ","ㄧˋ","疫","https://dict.concised.moe.edu.tw/searchP.jsp?SN=%E3%84%A7&SN2=%E3%84%A7%CB%8B#selectL"
"ㄧ","ㄧˋ","羿","https://dict.concised.moe.edu.tw/searchP.jsp?SN=%E3%84%A7&SN2=%E3%84%A7%CB%8B#selectL"
"ㄧ","ㄧˋ","食","https://dict.concised.moe.edu.tw/searchP.jsp?SN=%E3%84%A7&SN2=%E3%84%A7%CB%8B#selectL"
"ㄧ","ㄧˋ","射","https://dict.concised.moe.edu.tw/searchP.jsp?SN=%E3%84%A7&SN2=%E3%84%A7%CB%8B#selectL"
"ㄧ","ㄧˋ","悒","https://dict.concised.moe.edu.tw/searchP.jsp?SN=%E3%84%A7&SN2=%E3%84%A7%CB%8B#selectL"
"ㄧ","ㄧˋ","挹","https://dict.concised.moe.edu.tw/searchP.jsp?SN=%E3%84%A7&SN2=%E3%84%A7%CB%8B#selectL"
"ㄧ","ㄧˋ","浥","https://dict.concised.moe.edu.tw/searchP.jsp?SN=%E3%84%A7&SN2=%E3%84%A7%CB%8B#selectL"
"ㄧ","ㄧˋ","益","https://dict.concised.moe.edu.tw/searchP.jsp?SN=%E3%84%A7&SN2=%E3%84%A7%CB%8B#selectL"
"ㄧ","ㄧˋ","埸","https://dict.concised.moe.edu.tw/searchP.jsp?SN=%E3%84%A7&SN2=%E3%84%A7%CB%8B#selectL"
"ㄧ","ㄧˋ","異","https://dict.concised.moe.edu.tw/searchP.jsp?SN=%E3%84%A7&SN2=%E3%84%A7%CB%8B#selectL"
"ㄧ","ㄧˋ","翊","https://dict.concised.moe.edu.tw/searchP.jsp?SN=%E3%84%A7&SN2=%E3%84%A7%CB%8B#selectL"
"ㄧ","ㄧˋ","翌","https://dict.concised.moe.edu.tw/searchP.jsp?SN=%E3%84%A7&SN2=%E3%84%A7%CB%8B#selectL"
"ㄧ","ㄧˋ","軼","https://dict.concised.moe.edu.tw/searchP.jsp?SN=%E3%84%A7&SN2=%E3%84%A7%CB%8B#selectL"
"ㄧ","ㄧˋ","逸","https://dict.concised.moe.edu.tw/searchP.jsp?SN=%E3%84%A7&SN2=%E3%84%A7%CB%8B#selectL"
"ㄧ","ㄧˋ","意","https://dict.concised.moe.edu.tw/searchP.jsp?SN=%E3%84%A7&SN2=%E3%84%A7%CB%8B#selectL"
"ㄧ","ㄧˋ","溢","https://dict.concised.moe.edu.tw/searchP.jsp?SN=%E3%84%A7&SN2=%E3%84%A7%CB%8B#selectL"
"ㄧ","ㄧˋ","義","https://dict.concised.moe.edu.tw/searchP.jsp?SN=%E3%84%A7&SN2=%E3%84%A7%CB%8B#selectL"
"ㄧ","ㄧˋ","肄","https://dict.concised.moe.edu.tw/searchP.jsp?SN=%E3%84%A7&SN2=%E3%84%A7%CB%8B#selectL"
"ㄧ","ㄧˋ","裔","https://dict.concised.moe.edu.tw/searchP.jsp?SN=%E3%84%A7&SN2=%E3%84%A7%CB%8B#selectL"
"ㄧ","ㄧˋ","詣","https://dict.concised.moe.edu.tw/searchP.jsp?SN=%E3%84%A7&SN2=%E3%84%A7%CB%8B#selectL"
"ㄧ","ㄧˋ","蜴","https://dict.concised.moe.edu.tw/searchP.jsp?SN=%E3%84%A7&SN2=%E3%84%A7%CB%8B#selectL"
"ㄧ","ㄧˋ","億","https://dict.concised.moe.edu.tw/searchP.jsp?SN=%E3%84%A7&SN2=%E3%84%A7%CB%8B#selectL"
"ㄧ","ㄧˋ","毅","https://dict.concised.moe.edu.tw/searchP.jsp?SN=%E3%84%A7&SN2=%E3%84%A7%CB%8B#selectL"
"ㄧ","ㄧˋ","熠","https://dict.concised.moe.edu.tw/searchP.jsp?SN=%E3%84%A7&SN2=%E3%84%A7%CB%8B#selectL"
"ㄧ","ㄧˋ","瘞","https://dict.concised.moe.edu.tw/searchP.jsp?SN=%E3%84%A7&SN2=%E3%84%A7%CB%8B#selectL"
"ㄧ","ㄧˋ","誼","https://dict.concised.moe.edu.tw/searchP.jsp?SN=%E3%84%A7&SN2=%E3%84%A7%CB%8B#selectL"
"ㄧ","ㄧˋ","劓","https://dict.concised.moe.edu.tw/searchP.jsp?SN=%E3%84%A7&SN2=%E3%84%A7%CB%8B#selectL"
"ㄧ","ㄧˋ","噫","https://dict.concised.moe.edu.tw/searchP.jsp?SN=%E3%84%A7&SN2=%E3%84%A7%CB%8B#selectL"
"ㄧ","ㄧˋ","憶","https://dict.concised.moe.edu.tw/searchP.jsp?SN=%E3%84%A7&SN2=%E3%84%A7%CB%8B#selectL"
"ㄧ","ㄧˋ","殪","https://dict.concised.moe.edu.tw/searchP.jsp?SN=%E3%84%A7&SN2=%E3%84%A7%CB%8B#selectL"
"ㄧ","ㄧˋ","縊","https://dict.concised.moe.edu.tw/searchP.jsp?SN=%E3%84%A7&SN2=%E3%84%A7%CB%8B#selectL"
"ㄧ","ㄧˋ","翳","https://dict.concised.moe.edu.tw/searchP.jsp?SN=%E3%84%A7&SN2=%E3%84%A7%CB%8B#selectL"
"ㄧ","ㄧˋ","翼","https://dict.concised.moe.edu.tw/searchP.jsp?SN=%E3%84%A7&SN2=%E3%84%A7%CB%8B#selectL"
"ㄧ","ㄧˋ","臆","https://dict.concised.moe.edu.tw/searchP.jsp?SN=%E3%84%A7&SN2=%E3%84%A7%CB%8B#selectL"
"ㄧ","ㄧˋ","薏","https://dict.concised.moe.edu.tw/searchP.jsp?SN=%E3%84%A7&SN2=%E3%84%A7%CB%8B#selectL"
"ㄧ","ㄧˋ","鎰","https://dict.concised.moe.edu.tw/searchP.jsp?SN=%E3%84%A7&SN2=%E3%84%A7%CB%8B#selectL"
"ㄧ","ㄧˋ","繹","https://dict.concised.moe.edu.tw/searchP.jsp?SN=%E3%84%A7&SN2=%E3%84%A7%CB%8B#selectL"
"ㄧ","ㄧˋ","藝","https://dict.concised.moe.edu.tw/searchP.jsp?SN=%E3%84%A7&SN2=%E3%84%A7%CB%8B#selectL"
"ㄧ","ㄧˋ","譯","https://dict.concised.moe.edu.tw/searchP.jsp?SN=%E3%84%A7&SN2=%E3%84%A7%CB%8B#selectL"
"ㄧ","ㄧˋ","議","https://dict.concised.moe.edu.tw/searchP.jsp?SN=%E3%84%A7&SN2=%E3%84%A7%CB%8B#selectL"
"ㄧ","ㄧˋ","囈","https://dict.concised.moe.edu.tw/searchP.jsp?SN=%E3%84%A7&SN2=%E3%84%A7%CB%8B#selectL"
"ㄧ","ㄧˋ","懿","https://dict.concised.moe.edu.tw/searchP.jsp?SN=%E3%84%A7&SN2=%E3%84%A7%CB%8B#selectL"
"ㄧ","ㄧˋ","驛","https://dict.concised.moe.edu.tw/searchP.jsp?SN=%E3%84%A7&SN2=%E3%84%A7%CB%8B#selectL"
"ㄧ","ㄧㄚ","丫","https://dict.concised.moe.edu.tw/searchP.jsp?SN=%E3%84%A7&SN2=%E3%84%A7%E3%84%9A#selectL"
"ㄧ","ㄧㄚ","呀","https://dict.concised.moe.edu.tw/searchP.jsp?SN=%E3%84%A7&SN2=%E3%84%A7%E3%84%9A#selectL"
"ㄧ","ㄧㄚ","押","https://dict.concised.moe.edu.tw/searchP.jsp?SN=%E3%84%A7&SN2=%E3%84%A7%E3%84%9A#selectL"
"ㄧ","ㄧㄚ","啞","https://dict.concised.moe.edu.tw/searchP.jsp?SN=%E3%84%A7&SN2=%E3%84%A7%E3%84%9A#selectL"
"ㄧ","ㄧㄚ","椏","https://dict.concised.moe.edu.tw/searchP.jsp?SN=%E3%84%A7&SN2=%E3%84%A7%E3%84%9A#selectL"
"ㄧ","ㄧㄚ","鴉","https://dict.concised.moe.edu.tw/searchP.jsp?SN=%E3%84%A7&SN2=%E3%84%A7%E3%84%9A#selectL"
"ㄧ","ㄧㄚ","鴨","https://dict.concised.moe.edu.tw/searchP.jsp?SN=%E3%84%A7&SN2=%E3%84%A7%E3%84%9A#selectL"
"ㄧ","ㄧㄚ","壓","https://dict.concised.moe.edu.tw/searchP.jsp?SN=%E3%84%A7&SN2=%E3%84%A7%E3%84%9A#selectL"
"ㄧ","ㄧㄚˇ","啞","https://dict.concised.moe.edu.tw/searchP.jsp?SN=%E3%84%A7&SN2=%E3%84%A7%E3%84%9A%CB%87#selectL"
"ㄧ","ㄧㄚˇ","氬","https://dict.concised.moe.edu.tw/searchP.jsp?SN=%E3%84%A7&SN2=%E3%84%A7%E3%84%9A%CB%87#selectL"
"ㄧ","ㄧㄚˇ","雅","https://dict.concised.moe.edu.tw/searchP.jsp?SN=%E3%84%A7&SN2=%E3%84%A7%E3%84%9A%CB%87#selectL"
"ㄧ","ㄧㄚˊ","牙","https://dict.concised.moe.edu.tw/searchP.jsp?SN=%E3%84%A7&SN2=%E3%84%A7%E3%84%9A%CB%8A#selectL"
"ㄧ","ㄧㄚˊ","枒","https://dict.concised.moe.edu.tw/searchP.jsp?SN=%E3%84%A7&SN2=%E3%84%A7%E3%84%9A%CB%8A#selectL"
"ㄧ","ㄧㄚˊ","芽","https://dict.concised.moe.edu.tw/searchP.jsp?SN=%E3%84%A7&SN2=%E3%84%A7%E3%84%9A%CB%8A#selectL"
"ㄧ","ㄧㄚˊ","蚜","https://dict.concised.moe.edu.tw/searchP.jsp?SN=%E3%84%A7&SN2=%E3%84%A7%E3%84%9A%CB%8A#selectL"
"ㄧ","ㄧㄚˊ","涯","https://dict.concised.moe.edu.tw/searchP.jsp?SN=%E3%84%A7&SN2=%E3%84%A7%E3%84%9A%CB%8A#selectL"
"ㄧ","ㄧㄚˊ","衙","https://dict.concised.moe.edu.tw/searchP.jsp?SN=%E3%84%A7&SN2=%E3%84%A7%E3%84%9A%CB%8A#selectL"
"ㄧ","ㄧㄚˋ","亞","https://dict.concised.moe.edu.tw/searchP.jsp?SN=%E3%84%A7&SN2=%E3%84%A7%E3%84%9A%CB%8B#selectL"
"ㄧ","ㄧㄚˋ","軋","https://dict.concised.moe.edu.tw/searchP.jsp?SN=%E3%84%A7&SN2=%E3%84%A7%E3%84%9A%CB%8B#selectL"
"ㄧ","ㄧㄚˋ","迓","https://dict.concised.moe.edu.tw/searchP.jsp?SN=%E3%84%A7&SN2=%E3%84%A7%E3%84%9A%CB%8B#selectL"
"ㄧ","ㄧㄚˋ","訝","https://dict.concised.moe.edu.tw/searchP.jsp?SN=%E3%84%A7&SN2=%E3%84%A7%E3%84%9A%CB%8B#selectL"
"ㄧ","ㄧㄚˋ","揠","https://dict.concised.moe.edu.tw/searchP.jsp?SN=%E3%84%A7&SN2=%E3%84%A7%E3%84%9A%CB%8B#selectL"
"ㄧ","ㄧㄛ","唷","https://dict.concised.moe.edu.tw/searchP.jsp?SN=%E3%84%A7&SN2=%E3%84%A7%E3%84%9B#selectL"
"ㄧ","ㄧㄝ","掖","https://dict.concised.moe.edu.tw/searchP.jsp?SN=%E3%84%A7&SN2=%E3%84%A7%E3%84%9D#selectL"
"ㄧ","ㄧㄝ","噎","https://dict.concised.moe.edu.tw/searchP.jsp?SN=%E3%84%A7&SN2=%E3%84%A7%E3%84%9D#selectL"
"ㄧ","ㄧㄝˇ","也","https://dict.concised.moe.edu.tw/searchP.jsp?SN=%E3%84%A7&SN2=%E3%84%A7%E3%84%9D%CB%87#selectL"
"ㄧ","ㄧㄝˇ","冶","https://dict.concised.moe.edu.tw/searchP.jsp?SN=%E3%84%A7&SN2=%E3%84%A7%E3%84%9D%CB%87#selectL"
"ㄧ","ㄧㄝˇ","野","https://dict.concised.moe.edu.tw/searchP.jsp?SN=%E3%84%A7&SN2=%E3%84%A7%E3%84%9D%CB%87#selectL"
"ㄧ","ㄧㄝˊ","邪","https://dict.concised.moe.edu.tw/searchP.jsp?SN=%E3%84%A7&SN2=%E3%84%A7%E3%84%9D%CB%8A#selectL"
"ㄧ","ㄧㄝˊ","耶","https://dict.concised.moe.edu.tw/searchP.jsp?SN=%E3%84%A7&SN2=%E3%84%A7%E3%84%9D%CB%8A#selectL"
"ㄧ","ㄧㄝˊ","斜","https://dict.concised.moe.edu.tw/searchP.jsp?SN=%E3%84%A7&SN2=%E3%84%A7%E3%84%9D%CB%8A#selectL"
"ㄧ","ㄧㄝˊ","琊","https://dict.concised.moe.edu.tw/searchP.jsp?SN=%E3%84%A7&SN2=%E3%84%A7%E3%84%9D%CB%8A#selectL"
"ㄧ","ㄧㄝˊ","揶","https://dict.concised.moe.edu.tw/searchP.jsp?SN=%E3%84%A7&SN2=%E3%84%A7%E3%84%9D%CB%8A#selectL"
"ㄧ","ㄧㄝˊ","椰","https://dict.concised.moe.edu.tw/searchP.jsp?SN=%E3%84%A7&SN2=%E3%84%A7%E3%84%9D%CB%8A#selectL"
"ㄧ","ㄧㄝˊ","爺","https://dict.concised.moe.edu.tw/searchP.jsp?SN=%E3%84%A7&SN2=%E3%84%A7%E3%84%9D%CB%8A#selectL"
"ㄧ","ㄧㄝˋ","夜","https://dict.concised.moe.edu.tw/searchP.jsp?SN=%E3%84%A7&SN2=%E3%84%A7%E3%84%9D%CB%8B#selectL"
"ㄧ","ㄧㄝˋ","咽","https://dict.concised.moe.edu.tw/searchP.jsp?SN=%E3%84%A7&SN2=%E3%84%A7%E3%84%9D%CB%8B#selectL"
"ㄧ","ㄧㄝˋ","頁","https://dict.concised.moe.edu.tw/searchP.jsp?SN=%E3%84%A7&SN2=%E3%84%A7%E3%84%9D%CB%8B#selectL"
"ㄧ","ㄧㄝˋ","射","https://dict.concised.moe.edu.tw/searchP.jsp?SN=%E3%84%A7&SN2=%E3%84%A7%E3%84%9D%CB%8B#selectL"
"ㄧ","ㄧㄝˋ","掖","https://dict.concised.moe.edu.tw/searchP.jsp?SN=%E3%84%A7&SN2=%E3%84%A7%E3%84%9D%CB%8B#selectL"
"ㄧ","ㄧㄝˋ","液","https://dict.concised.moe.edu.tw/searchP.jsp?SN=%E3%84%A7&SN2=%E3%84%A7%E3%84%9D%CB%8B#selectL"
"ㄧ","ㄧㄝˋ","腋","https://dict.concised.moe.edu.tw/searchP.jsp?SN=%E3%84%A7&SN2=%E3%84%A7%E3%84%9D%CB%8B#selectL"
"ㄧ","ㄧㄝˋ","業","https://dict.concised.moe.edu.tw/searchP.jsp?SN=%E3%84%A7&SN2=%E3%84%A7%E3%84%9D%CB%8B#selectL"
"ㄧ","ㄧㄝˋ","葉","https://dict.concised.moe.edu.tw/searchP.jsp?SN=%E3%84%A7&SN2=%E3%84%A7%E3%84%9D%CB%8B#selectL"
"ㄧ","ㄧㄝˋ","曄","https://dict.concised.moe.edu.tw/searchP.jsp?SN=%E3%84%A7&SN2=%E3%84%A7%E3%84%9D%CB%8B#selectL"
"ㄧ","ㄧㄝˋ","燁","https://dict.concised.moe.edu.tw/searchP.jsp?SN=%E3%84%A7&SN2=%E3%84%A7%E3%84%9D%CB%8B#selectL"
"ㄧ","ㄧㄝˋ","謁","https://dict.concised.moe.edu.tw/searchP.jsp?SN=%E3%84%A7&SN2=%E3%84%A7%E3%84%9D%CB%8B#selectL"
"ㄧ","ㄧㄝˋ","擫","https://dict.concised.moe.edu.tw/searchP.jsp?SN=%E3%84%A7&SN2=%E3%84%A7%E3%84%9D%CB%8B#selectL"
"ㄧ","ㄧㄝˋ","靨","https://dict.concised.moe.edu.tw/searchP.jsp?SN=%E3%84%A7&SN2=%E3%84%A7%E3%84%9D%CB%8B#selectL"
"ㄧ","ㄧㄞˊ","崖","https://dict.concised.moe.edu.tw/searchP.jsp?SN=%E3%84%A7&SN2=%E3%84%A7%E3%84%9E%CB%8A#selectL"
"ㄧ","ㄧㄠ","么","https://dict.concised.moe.edu.tw/searchP.jsp?SN=%E3%84%A7&SN2=%E3%84%A7%E3%84%A0#selectL"
"ㄧ","ㄧㄠ","夭","https://dict.concised.moe.edu.tw/searchP.jsp?SN=%E3%84%A7&SN2=%E3%84%A7%E3%84%A0#selectL"
"ㄧ","ㄧㄠ","吆","https://dict.concised.moe.edu.tw/searchP.jsp?SN=%E3%84%A7&SN2=%E3%84%A7%E3%84%A0#selectL"
"ㄧ","ㄧㄠ","妖","https://dict.concised.moe.edu.tw/searchP.jsp?SN=%E3%84%A7&SN2=%E3%84%A7%E3%84%A0#selectL"
"ㄧ","ㄧㄠ","要","https://dict.concised.moe.edu.tw/searchP.jsp?SN=%E3%84%A7&SN2=%E3%84%A7%E3%84%A0#selectL"
"ㄧ","ㄧㄠ","喲","https://dict.concised.moe.edu.tw/searchP.jsp?SN=%E3%84%A7&SN2=%E3%84%A7%E3%84%A0#selectL"
"ㄧ","ㄧㄠ","腰","https://dict.concised.moe.edu.tw/searchP.jsp?SN=%E3%84%A7&SN2=%E3%84%A7%E3%84%A0#selectL"
"ㄧ","ㄧㄠ","邀","https://dict.concised.moe.edu.tw/searchP.jsp?SN=%E3%84%A7&SN2=%E3%84%A7%E3%84%A0#selectL"
"ㄧ","ㄧㄠˇ","杳","https://dict.concised.moe.edu.tw/searchP.jsp?SN=%E3%84%A7&SN2=%E3%84%A7%E3%84%A0%CB%87#selectL"
"ㄧ","ㄧㄠˇ","咬","https://dict.concised.moe.edu.tw/searchP.jsp?SN=%E3%84%A7&SN2=%E3%84%A7%E3%84%A0%CB%87#selectL"
"ㄧ","ㄧㄠˇ","窈","https://dict.concised.moe.edu.tw/searchP.jsp?SN=%E3%84%A7&SN2=%E3%84%A7%E3%84%A0%CB%87#selectL"
"ㄧ","ㄧㄠˇ","舀","https://dict.concised.moe.edu.tw/searchP.jsp?SN=%E3%84%A7&SN2=%E3%84%A7%E3%84%A0%CB%87#selectL"
"ㄧ","ㄧㄠˊ","爻","https://dict.concised.moe.edu.tw/searchP.jsp?SN=%E3%84%A7&SN2=%E3%84%A7%E3%84%A0%CB%8A#selectL"
"ㄧ","ㄧㄠˊ","肴","https://dict.concised.moe.edu.tw/searchP.jsp?SN=%E3%84%A7&SN2=%E3%84%A7%E3%84%A0%CB%8A#selectL"
"ㄧ","ㄧㄠˊ","姚","https://dict.concised.moe.edu.tw/searchP.jsp?SN=%E3%84%A7&SN2=%E3%84%A7%E3%84%A0%CB%8A#selectL"
"ㄧ","ㄧㄠˊ","淆","https://dict.concised.moe.edu.tw/searchP.jsp?SN=%E3%84%A7&SN2=%E3%84%A7%E3%84%A0%CB%8A#selectL"
"ㄧ","ㄧㄠˊ","陶","https://dict.concised.moe.edu.tw/searchP.jsp?SN=%E3%84%A7&SN2=%E3%84%A7%E3%84%A0%CB%8A#selectL"
"ㄧ","ㄧㄠˊ","堯","https://dict.concised.moe.edu.tw/searchP.jsp?SN=%E3%84%A7&SN2=%E3%84%A7%E3%84%A0%CB%8A#selectL"
"ㄧ","ㄧㄠˊ","殽","https://dict.concised.moe.edu.tw/searchP.jsp?SN=%E3%84%A7&SN2=%E3%84%A7%E3%84%A0%CB%8A#selectL"
"ㄧ","ㄧㄠˊ","搖","https://dict.concised.moe.edu.tw/searchP.jsp?SN=%E3%84%A7&SN2=%E3%84%A7%E3%84%A0%CB%8A#selectL"
"ㄧ","ㄧㄠˊ","瑤","https://dict.concised.moe.edu.tw/searchP.jsp?SN=%E3%84%A7&SN2=%E3%84%A7%E3%84%A0%CB%8A#selectL"
"ㄧ","ㄧㄠˊ","遙","https://dict.concised.moe.edu.tw/searchP.jsp?SN=%E3%84%A7&SN2=%E3%84%A7%E3%84%A0%CB%8A#selectL"
"ㄧ","ㄧㄠˊ","窯","https://dict.concised.moe.edu.tw/searchP.jsp?SN=%E3%84%A7&SN2=%E3%84%A7%E3%84%A0%CB%8A#selectL"
"ㄧ","ㄧㄠˊ","餚","https://dict.concised.moe.edu.tw/searchP.jsp?SN=%E3%84%A7&SN2=%E3%84%A7%E3%84%A0%CB%8A#selectL"
"ㄧ","ㄧㄠˊ","繇","https://dict.concised.moe.edu.tw/searchP.jsp?SN=%E3%84%A7&SN2=%E3%84%A7%E3%84%A0%CB%8A#selectL"
"ㄧ","ㄧㄠˊ","謠","https://dict.concised.moe.edu.tw/searchP.jsp?SN=%E3%84%A7&SN2=%E3%84%A7%E3%84%A0%CB%8A#selectL"
"ㄧ","ㄧㄠˋ","要","https://dict.concised.moe.edu.tw/searchP.jsp?SN=%E3%84%A7&SN2=%E3%84%A7%E3%84%A0%CB%8B#selectL"
"ㄧ","ㄧㄠˋ","葯","https://dict.concised.moe.edu.tw/searchP.jsp?SN=%E3%84%A7&SN2=%E3%84%A7%E3%84%A0%CB%8B#selectL"
"ㄧ","ㄧㄠˋ","樂","https://dict.concised.moe.edu.tw/searchP.jsp?SN=%E3%84%A7&SN2=%E3%84%A7%E3%84%A0%CB%8B#selectL"
"ㄧ","ㄧㄠˋ","曜","https://dict.concised.moe.edu.tw/searchP.jsp?SN=%E3%84%A7&SN2=%E3%84%A7%E3%84%A0%CB%8B#selectL"
"ㄧ","ㄧㄠˋ","藥","https://dict.concised.moe.edu.tw/searchP.jsp?SN=%E3%84%A7&SN2=%E3%84%A7%E3%84%A0%CB%8B#selectL"
"ㄧ","ㄧㄠˋ","耀","https://dict.concised.moe.edu.tw/searchP.jsp?SN=%E3%84%A7&SN2=%E3%84%A7%E3%84%A0%CB%8B#selectL"
"ㄧ","ㄧㄠˋ","鷂","https://dict.concised.moe.edu.tw/searchP.jsp?SN=%E3%84%A7&SN2=%E3%84%A7%E3%84%A0%CB%8B#selectL"
"ㄧ","ㄧㄠˋ","鑰","https://dict.concised.moe.edu.tw/searchP.jsp?SN=%E3%84%A7&SN2=%E3%84%A7%E3%84%A0%CB%8B#selectL"
"ㄧ","ㄧㄡ","攸","https://dict.concised.moe.edu.tw/searchP.jsp?SN=%E3%84%A7&SN2=%E3%84%A7%E3%84%A1#selectL"
"ㄧ","ㄧㄡ","呦","https://dict.concised.moe.edu.tw/searchP.jsp?SN=%E3%84%A7&SN2=%E3%84%A7%E3%84%A1#selectL"
"ㄧ","ㄧㄡ","幽","https://dict.concised.moe.edu.tw/searchP.jsp?SN=%E3%84%A7&SN2=%E3%84%A7%E3%84%A1#selectL"
"ㄧ","ㄧㄡ","悠","https://dict.concised.moe.edu.tw/searchP.jsp?SN=%E3%84%A7&SN2=%E3%84%A7%E3%84%A1#selectL"
"ㄧ","ㄧㄡ","憂","https://dict.concised.moe.edu.tw/searchP.jsp?SN=%E3%84%A7&SN2=%E3%84%A7%E3%84%A1#selectL"
"ㄧ","ㄧㄡ","優","https://dict.concised.moe.edu.tw/searchP.jsp?SN=%E3%84%A7&SN2=%E3%84%A7%E3%84%A1#selectL"
"ㄧ","ㄧㄡˇ","友","https://dict.concised.moe.edu.tw/searchP.jsp?SN=%E3%84%A7&SN2=%E3%84%A7%E3%84%A1%CB%87#selectL"
"ㄧ","ㄧㄡˇ","有","https://dict.concised.moe.edu.tw/searchP.jsp?SN=%E3%84%A7&SN2=%E3%84%A7%E3%84%A1%CB%87#selectL"
"ㄧ","ㄧㄡˇ","卣","https://dict.concised.moe.edu.tw/searchP.jsp?SN=%E3%84%A7&SN2=%E3%84%A7%E3%84%A1%CB%87#selectL"
"ㄧ","ㄧㄡˇ","酉","https://dict.concised.moe.edu.tw/searchP.jsp?SN=%E3%84%A7&SN2=%E3%84%A7%E3%84%A1%CB%87#selectL"
"ㄧ","ㄧㄡˇ","羑","https://dict.concised.moe.edu.tw/searchP.jsp?SN=%E3%84%A7&SN2=%E3%84%A7%E3%84%A1%CB%87#selectL"
"ㄧ","ㄧㄡˇ","牖","https://dict.concised.moe.edu.tw/searchP.jsp?SN=%E3%84%A7&SN2=%E3%84%A7%E3%84%A1%CB%87#selectL"
"ㄧ","ㄧㄡˇ","黝","https://dict.concised.moe.edu.tw/searchP.jsp?SN=%E3%84%A7&SN2=%E3%84%A7%E3%84%A1%CB%87#selectL"
"ㄧ","ㄧㄡˊ","尤","https://dict.concised.moe.edu.tw/searchP.jsp?SN=%E3%84%A7&SN2=%E3%84%A7%E3%84%A1%CB%8A#selectL"
"ㄧ","ㄧㄡˊ","由","https://dict.concised.moe.edu.tw/searchP.jsp?SN=%E3%84%A7&SN2=%E3%84%A7%E3%84%A1%CB%8A#selectL"
"ㄧ","ㄧㄡˊ","油","https://dict.concised.moe.edu.tw/searchP.jsp?SN=%E3%84%A7&SN2=%E3%84%A7%E3%84%A1%CB%8A#selectL"
"ㄧ","ㄧㄡˊ","疣","https://dict.concised.moe.edu.tw/searchP.jsp?SN=%E3%84%A7&SN2=%E3%84%A7%E3%84%A1%CB%8A#selectL"
"ㄧ","ㄧㄡˊ","游","https://dict.concised.moe.edu.tw/searchP.jsp?SN=%E3%84%A7&SN2=%E3%84%A7%E3%84%A1%CB%8A#selectL"
"ㄧ","ㄧㄡˊ","猶","https://dict.concised.moe.edu.tw/searchP.jsp?SN=%E3%84%A7&SN2=%E3%84%A7%E3%84%A1%CB%8A#selectL"
"ㄧ","ㄧㄡˊ","郵","https://dict.concised.moe.edu.tw/searchP.jsp?SN=%E3%84%A7&SN2=%E3%84%A7%E3%84%A1%CB%8A#selectL"
"ㄧ","ㄧㄡˊ","猷","https://dict.concised.moe.edu.tw/searchP.jsp?SN=%E3%84%A7&SN2=%E3%84%A7%E3%84%A1%CB%8A#selectL"
"ㄧ","ㄧㄡˊ","遊","https://dict.concised.moe.edu.tw/searchP.jsp?SN=%E3%84%A7&SN2=%E3%84%A7%E3%84%A1%CB%8A#selectL"
"ㄧ","ㄧㄡˊ","蝣","https://dict.concised.moe.edu.tw/searchP.jsp?SN=%E3%84%A7&SN2=%E3%84%A7%E3%84%A1%CB%8A#selectL"
"ㄧ","ㄧㄡˊ","魷","https://dict.concised.moe.edu.tw/searchP.jsp?SN=%E3%84%A7&SN2=%E3%84%A7%E3%84%A1%CB%8A#selectL"
"ㄧ","ㄧㄡˋ","又","https://dict.concised.moe.edu.tw/searchP.jsp?SN=%E3%84%A7&SN2=%E3%84%A7%E3%84%A1%CB%8B#selectL"
"ㄧ","ㄧㄡˋ","右","https://dict.concised.moe.edu.tw/searchP.jsp?SN=%E3%84%A7&SN2=%E3%84%A7%E3%84%A1%CB%8B#selectL"
"ㄧ","ㄧㄡˋ","幼","https://dict.concised.moe.edu.tw/searchP.jsp?SN=%E3%84%A7&SN2=%E3%84%A7%E3%84%A1%CB%8B#selectL"
"ㄧ","ㄧㄡˋ","有","https://dict.concised.moe.edu.tw/searchP.jsp?SN=%E3%84%A7&SN2=%E3%84%A7%E3%84%A1%CB%8B#selectL"
"ㄧ","ㄧㄡˋ","佑","https://dict.concised.moe.edu.tw/searchP.jsp?SN=%E3%84%A7&SN2=%E3%84%A7%E3%84%A1%CB%8B#selectL"
"ㄧ","ㄧㄡˋ","侑","https://dict.concised.moe.edu.tw/searchP.jsp?SN=%E3%84%A7&SN2=%E3%84%A7%E3%84%A1%CB%8B#selectL"
"ㄧ","ㄧㄡˋ","囿","https://dict.concised.moe.edu.tw/searchP.jsp?SN=%E3%84%A7&SN2=%E3%84%A7%E3%84%A1%CB%8B#selectL"
"ㄧ","ㄧㄡˋ","宥","https://dict.concised.moe.edu.tw/searchP.jsp?SN=%E3%84%A7&SN2=%E3%84%A7%E3%84%A1%CB%8B#selectL"
"ㄧ","ㄧㄡˋ","柚","https://dict.concised.moe.edu.tw/searchP.jsp?SN=%E3%84%A7&SN2=%E3%84%A7%E3%84%A1%CB%8B#selectL"
"ㄧ","ㄧㄡˋ","祐","https://dict.concised.moe.edu.tw/searchP.jsp?SN=%E3%84%A7&SN2=%E3%84%A7%E3%84%A1%CB%8B#selectL"
"ㄧ","ㄧㄡˋ","莠","https://dict.concised.moe.edu.tw/searchP.jsp?SN=%E3%84%A7&SN2=%E3%84%A7%E3%84%A1%CB%8B#selectL"
"ㄧ","ㄧㄡˋ","釉","https://dict.concised.moe.edu.tw/searchP.jsp?SN=%E3%84%A7&SN2=%E3%84%A7%E3%84%A1%CB%8B#selectL"
"ㄧ","ㄧㄡˋ","鈾","https://dict.concised.moe.edu.tw/searchP.jsp?SN=%E3%84%A7&SN2=%E3%84%A7%E3%84%A1%CB%8B#selectL"
"ㄧ","ㄧㄡˋ","誘","https://dict.concised.moe.edu.tw/searchP.jsp?SN=%E3%84%A7&SN2=%E3%84%A7%E3%84%A1%CB%8B#selectL"
"ㄧ","ㄧㄡˋ","鼬","https://dict.concised.moe.edu.tw/searchP.jsp?SN=%E3%84%A7&SN2=%E3%84%A7%E3%84%A1%CB%8B#selectL"
"ㄧ","ㄧㄢ","奄","https://dict.concised.moe.edu.tw/searchP.jsp?SN=%E3%84%A7&SN2=%E3%84%A7%E3%84%A2#selectL"
"ㄧ","ㄧㄢ","咽","https://dict.concised.moe.edu.tw/searchP.jsp?SN=%E3%84%A7&SN2=%E3%84%A7%E3%84%A2#selectL"
"ㄧ","ㄧㄢ","殷","https://dict.concised.moe.edu.tw/searchP.jsp?SN=%E3%84%A7&SN2=%E3%84%A7%E3%84%A2#selectL"
"ㄧ","ㄧㄢ","胭","https://dict.concised.moe.edu.tw/searchP.jsp?SN=%E3%84%A7&SN2=%E3%84%A7%E3%84%A2#selectL"
"ㄧ","ㄧㄢ","淹","https://dict.concised.moe.edu.tw/searchP.jsp?SN=%E3%84%A7&SN2=%E3%84%A7%E3%84%A2#selectL"
"ㄧ","ㄧㄢ","焉","https://dict.concised.moe.edu.tw/searchP.jsp?SN=%E3%84%A7&SN2=%E3%84%A7%E3%84%A2#selectL"
"ㄧ","ㄧㄢ","菸","https://dict.concised.moe.edu.tw/searchP.jsp?SN=%E3%84%A7&SN2=%E3%84%A7%E3%84%A2#selectL"
"ㄧ","ㄧㄢ","煙","https://dict.concised.moe.edu.tw/searchP.jsp?SN=%E3%84%A7&SN2=%E3%84%A7%E3%84%A2#selectL"
"ㄧ","ㄧㄢ","嫣","https://dict.concised.moe.edu.tw/searchP.jsp?SN=%E3%84%A7&SN2=%E3%84%A7%E3%84%A2#selectL"
"ㄧ","ㄧㄢ","鄢","https://dict.concised.moe.edu.tw/searchP.jsp?SN=%E3%84%A7&SN2=%E3%84%A7%E3%84%A2#selectL"
"ㄧ","ㄧㄢ","醃","https://dict.concised.moe.edu.tw/searchP.jsp?SN=%E3%84%A7&SN2=%E3%84%A7%E3%84%A2#selectL"
"ㄧ","ㄧㄢ","燕","https://dict.concised.moe.edu.tw/searchP.jsp?SN=%E3%84%A7&SN2=%E3%84%A7%E3%84%A2#selectL"
"ㄧ","ㄧㄢ","閹","https://dict.concised.moe.edu.tw/searchP.jsp?SN=%E3%84%A7&SN2=%E3%84%A7%E3%84%A2#selectL"
"ㄧ","ㄧㄢ","閼","https://dict.concised.moe.edu.tw/searchP.jsp?SN=%E3%84%A7&SN2=%E3%84%A7%E3%84%A2#selectL"
"ㄧ","ㄧㄢ","懨","https://dict.concised.moe.edu.tw/searchP.jsp?SN=%E3%84%A7&SN2=%E3%84%A7%E3%84%A2#selectL"
"ㄧ","ㄧㄢˇ","奄","https://dict.concised.moe.edu.tw/searchP.jsp?SN=%E3%84%A7&SN2=%E3%84%A7%E3%84%A2%CB%87#selectL"
"ㄧ","ㄧㄢˇ","衍","https://dict.concised.moe.edu.tw/searchP.jsp?SN=%E3%84%A7&SN2=%E3%84%A7%E3%84%A2%CB%87#selectL"
"ㄧ","ㄧㄢˇ","偃","https://dict.concised.moe.edu.tw/searchP.jsp?SN=%E3%84%A7&SN2=%E3%84%A7%E3%84%A2%CB%87#selectL"
"ㄧ","ㄧㄢˇ","掩","https://dict.concised.moe.edu.tw/searchP.jsp?SN=%E3%84%A7&SN2=%E3%84%A7%E3%84%A2%CB%87#selectL"
"ㄧ","ㄧㄢˇ","眼","https://dict.concised.moe.edu.tw/searchP.jsp?SN=%E3%84%A7&SN2=%E3%84%A7%E3%84%A2%CB%87#selectL"
"ㄧ","ㄧㄢˇ","琰","https://dict.concised.moe.edu.tw/searchP.jsp?SN=%E3%84%A7&SN2=%E3%84%A7%E3%84%A2%CB%87#selectL"
"ㄧ","ㄧㄢˇ","演","https://dict.concised.moe.edu.tw/searchP.jsp?SN=%E3%84%A7&SN2=%E3%84%A7%E3%84%A2%CB%87#selectL"
"ㄧ","ㄧㄢˇ","儼","https://dict.concised.moe.edu.tw/searchP.jsp?SN=%E3%84%A7&SN2=%E3%84%A7%E3%84%A2%CB%87#selectL"
"ㄧ","ㄧㄢˇ","鼴","https://dict.concised.moe.edu.tw/searchP.jsp?SN=%E3%84%A7&SN2=%E3%84%A7%E3%84%A2%CB%87#selectL"
"ㄧ","ㄧㄢˇ","魘","https://dict.concised.moe.edu.tw/searchP.jsp?SN=%E3%84%A7&SN2=%E3%84%A7%E3%84%A2%CB%87#selectL"
"ㄧ","ㄧㄢˊ","言","https://dict.concised.moe.edu.tw/searchP.jsp?SN=%E3%84%A7&SN2=%E3%84%A7%E3%84%A2%CB%8A#selectL"
"ㄧ","ㄧㄢˊ","岩","https://dict.concised.moe.edu.tw/searchP.jsp?SN=%E3%84%A7&SN2=%E3%84%A7%E3%84%A2%CB%8A#selectL"
"ㄧ","ㄧㄢˊ","延","https://dict.concised.moe.edu.tw/searchP.jsp?SN=%E3%84%A7&SN2=%E3%84%A7%E3%84%A2%CB%8A#selectL"
"ㄧ","ㄧㄢˊ","沿","https://dict.concised.moe.edu.tw/searchP.jsp?SN=%E3%84%A7&SN2=%E3%84%A7%E3%84%A2%CB%8A#selectL"
"ㄧ","ㄧㄢˊ","炎","https://dict.concised.moe.edu.tw/searchP.jsp?SN=%E3%84%A7&SN2=%E3%84%A7%E3%84%A2%CB%8A#selectL"
"ㄧ","ㄧㄢˊ","妍","https://dict.concised.moe.edu.tw/searchP.jsp?SN=%E3%84%A7&SN2=%E3%84%A7%E3%84%A2%CB%8A#selectL"
"ㄧ","ㄧㄢˊ","研","https://dict.concised.moe.edu.tw/searchP.jsp?SN=%E3%84%A7&SN2=%E3%84%A7%E3%84%A2%CB%8A#selectL"
"ㄧ","ㄧㄢˊ","筵","https://dict.concised.moe.edu.tw/searchP.jsp?SN=%E3%84%A7&SN2=%E3%84%A7%E3%84%A2%CB%8A#selectL"
"ㄧ","ㄧㄢˊ","蜒","https://dict.concised.moe.edu.tw/searchP.jsp?SN=%E3%84%A7&SN2=%E3%84%A7%E3%84%A2%CB%8A#selectL"
"ㄧ","ㄧㄢˊ","閻","https://dict.concised.moe.edu.tw/searchP.jsp?SN=%E3%84%A7&SN2=%E3%84%A7%E3%84%A2%CB%8A#selectL"
"ㄧ","ㄧㄢˊ","檐","https://dict.concised.moe.edu.tw/searchP.jsp?SN=%E3%84%A7&SN2=%E3%84%A7%E3%84%A2%CB%8A#selectL"
"ㄧ","ㄧㄢˊ","顏","https://dict.concised.moe.edu.tw/searchP.jsp?SN=%E3%84%A7&SN2=%E3%84%A7%E3%84%A2%CB%8A#selectL"
"ㄧ","ㄧㄢˊ","簷","https://dict.concised.moe.edu.tw/searchP.jsp?SN=%E3%84%A7&SN2=%E3%84%A7%E3%84%A2%CB%8A#selectL"
"ㄧ","ㄧㄢˊ","嚴","https://dict.concised.moe.edu.tw/searchP.jsp?SN=%E3%84%A7&SN2=%E3%84%A7%E3%84%A2%CB%8A#selectL"
"ㄧ","ㄧㄢˊ","巖","https://dict.concised.moe.edu.tw/searchP.jsp?SN=%E3%84%A7&SN2=%E3%84%A7%E3%84%A2%CB%8A#selectL"
"ㄧ","ㄧㄢˊ","鹽","https://dict.concised.moe.edu.tw/searchP.jsp?SN=%E3%84%A7&SN2=%E3%84%A7%E3%84%A2%CB%8A#selectL"
"ㄧ","ㄧㄢˋ","彥","https://dict.concised.moe.edu.tw/searchP.jsp?SN=%E3%84%A7&SN2=%E3%84%A7%E3%84%A2%CB%8B#selectL"
"ㄧ","ㄧㄢˋ","唁","https://dict.concised.moe.edu.tw/searchP.jsp?SN=%E3%84%A7&SN2=%E3%84%A7%E3%84%A2%CB%8B#selectL"
"ㄧ","ㄧㄢˋ","宴","https://dict.concised.moe.edu.tw/searchP.jsp?SN=%E3%84%A7&SN2=%E3%84%A7%E3%84%A2%CB%8B#selectL"
"ㄧ","ㄧㄢˋ","晏","https://dict.concised.moe.edu.tw/searchP.jsp?SN=%E3%84%A7&SN2=%E3%84%A7%E3%84%A2%CB%8B#selectL"
"ㄧ","ㄧㄢˋ","堰","https://dict.concised.moe.edu.tw/searchP.jsp?SN=%E3%84%A7&SN2=%E3%84%A7%E3%84%A2%CB%8B#selectL"
"ㄧ","ㄧㄢˋ","焰","https://dict.concised.moe.edu.tw/searchP.jsp?SN=%E3%84%A7&SN2=%E3%84%A7%E3%84%A2%CB%8B#selectL"
"ㄧ","ㄧㄢˋ","焱","https://dict.concised.moe.edu.tw/searchP.jsp?SN=%E3%84%A7&SN2=%E3%84%A7%E3%84%A2%CB%8B#selectL"
"ㄧ","ㄧㄢˋ","硯","https://dict.concised.moe.edu.tw/searchP.jsp?SN=%E3%84%A7&SN2=%E3%84%A7%E3%84%A2%CB%8B#selectL"
"ㄧ","ㄧㄢˋ","雁","https://dict.concised.moe.edu.tw/searchP.jsp?SN=%E3%84%A7&SN2=%E3%84%A7%E3%84%A2%CB%8B#selectL"
"ㄧ","ㄧㄢˋ","厭","https://dict.concised.moe.edu.tw/searchP.jsp?SN=%E3%84%A7&SN2=%E3%84%A7%E3%84%A2%CB%8B#selectL"
"ㄧ","ㄧㄢˋ","燄","https://dict.concised.moe.edu.tw/searchP.jsp?SN=%E3%84%A7&SN2=%E3%84%A7%E3%84%A2%CB%8B#selectL"
"ㄧ","ㄧㄢˋ","燕","https://dict.concised.moe.edu.tw/searchP.jsp?SN=%E3%84%A7&SN2=%E3%84%A7%E3%84%A2%CB%8B#selectL"
"ㄧ","ㄧㄢˋ","諺","https://dict.concised.moe.edu.tw/searchP.jsp?SN=%E3%84%A7&SN2=%E3%84%A7%E3%84%A2%CB%8B#selectL"
"ㄧ","ㄧㄢˋ","嚥","https://dict.concised.moe.edu.tw/searchP.jsp?SN=%E3%84%A7&SN2=%E3%84%A7%E3%84%A2%CB%8B#selectL"
"ㄧ","ㄧㄢˋ","贗","https://dict.concised.moe.edu.tw/searchP.jsp?SN=%E3%84%A7&SN2=%E3%84%A7%E3%84%A2%CB%8B#selectL"
"ㄧ","ㄧㄢˋ","饜","https://dict.concised.moe.edu.tw/searchP.jsp?SN=%E3%84%A7&SN2=%E3%84%A7%E3%84%A2%CB%8B#selectL"
"ㄧ","ㄧㄢˋ","驗","https://dict.concised.moe.edu.tw/searchP.jsp?SN=%E3%84%A7&SN2=%E3%84%A7%E3%84%A2%CB%8B#selectL"
"ㄧ","ㄧㄢˋ","讞","https://dict.concised.moe.edu.tw/searchP.jsp?SN=%E3%84%A7&SN2=%E3%84%A7%E3%84%A2%CB%8B#selectL"
"ㄧ","ㄧㄢˋ","豔","https://dict.concised.moe.edu.tw/searchP.jsp?SN=%E3%84%A7&SN2=%E3%84%A7%E3%84%A2%CB%8B#selectL"
"ㄧ","ㄧㄢˋ","灩","https://dict.concised.moe.edu.tw/searchP.jsp?SN=%E3%84%A7&SN2=%E3%84%A7%E3%84%A2%CB%8B#selectL"
"ㄧ","ㄧㄣ","因","https://dict.concised.moe.edu.tw/searchP.jsp?SN=%E3%84%A7&SN2=%E3%84%A7%E3%84%A3#selectL"
"ㄧ","ㄧㄣ","姻","https://dict.concised.moe.edu.tw/searchP.jsp?SN=%E3%84%A7&SN2=%E3%84%A7%E3%84%A3#selectL"
"ㄧ","ㄧㄣ","音","https://dict.concised.moe.edu.tw/searchP.jsp?SN=%E3%84%A7&SN2=%E3%84%A7%E3%84%A3#selectL"
"ㄧ","ㄧㄣ","殷","https://dict.concised.moe.edu.tw/searchP.jsp?SN=%E3%84%A7&SN2=%E3%84%A7%E3%84%A3#selectL"
"ㄧ","ㄧㄣ","氤","https://dict.concised.moe.edu.tw/searchP.jsp?SN=%E3%84%A7&SN2=%E3%84%A7%E3%84%A3#selectL"
"ㄧ","ㄧㄣ","茵","https://dict.concised.moe.edu.tw/searchP.jsp?SN=%E3%84%A7&SN2=%E3%84%A7%E3%84%A3#selectL"
"ㄧ","ㄧㄣ","陰","https://dict.concised.moe.edu.tw/searchP.jsp?SN=%E3%84%A7&SN2=%E3%84%A7%E3%84%A3#selectL"
"ㄧ","ㄧㄣ","喑","https://dict.concised.moe.edu.tw/searchP.jsp?SN=%E3%84%A7&SN2=%E3%84%A7%E3%84%A3#selectL"
"ㄧ","ㄧㄣ","湮","https://dict.concised.moe.edu.tw/searchP.jsp?SN=%E3%84%A7&SN2=%E3%84%A7%E3%84%A3#selectL"
"ㄧ","ㄧㄣ","慇","https://dict.concised.moe.edu.tw/searchP.jsp?SN=%E3%84%A7&SN2=%E3%84%A7%E3%84%A3#selectL"
"ㄧ","ㄧㄣ","瘖","https://dict.concised.moe.edu.tw/searchP.jsp?SN=%E3%84%A7&SN2=%E3%84%A7%E3%84%A3#selectL"
"ㄧ","ㄧㄣˇ","尹","https://dict.concised.moe.edu.tw/searchP.jsp?SN=%E3%84%A7&SN2=%E3%84%A7%E3%84%A3%CB%87#selectL"
"ㄧ","ㄧㄣˇ","引","https://dict.concised.moe.edu.tw/searchP.jsp?SN=%E3%84%A7&SN2=%E3%84%A7%E3%84%A3%CB%87#selectL"
"ㄧ","ㄧㄣˇ","蚓","https://dict.concised.moe.edu.tw/searchP.jsp?SN=%E3%84%A7&SN2=%E3%84%A7%E3%84%A3%CB%87#selectL"
"ㄧ","ㄧㄣˇ","飲","https://dict.concised.moe.edu.tw/searchP.jsp?SN=%E3%84%A7&SN2=%E3%84%A7%E3%84%A3%CB%87#selectL"
"ㄧ","ㄧㄣˇ","檃","https://dict.concised.moe.edu.tw/searchP.jsp?SN=%E3%84%A7&SN2=%E3%84%A7%E3%84%A3%CB%87#selectL"
"ㄧ","ㄧㄣˇ","隱","https://dict.concised.moe.edu.tw/searchP.jsp?SN=%E3%84%A7&SN2=%E3%84%A7%E3%84%A3%CB%87#selectL"
"ㄧ","ㄧㄣˇ","癮","https://dict.concised.moe.edu.tw/searchP.jsp?SN=%E3%84%A7&SN2=%E3%84%A7%E3%84%A3%CB%87#selectL"
"ㄧ","ㄧㄣˊ","吟","https://dict.concised.moe.edu.tw/searchP.jsp?SN=%E3%84%A7&SN2=%E3%84%A7%E3%84%A3%CB%8A#selectL"
"ㄧ","ㄧㄣˊ","垠","https://dict.concised.moe.edu.tw/searchP.jsp?SN=%E3%84%A7&SN2=%E3%84%A7%E3%84%A3%CB%8A#selectL"
"ㄧ","ㄧㄣˊ","狺","https://dict.concised.moe.edu.tw/searchP.jsp?SN=%E3%84%A7&SN2=%E3%84%A7%E3%84%A3%CB%8A#selectL"
"ㄧ","ㄧㄣˊ","寅","https://dict.concised.moe.edu.tw/searchP.jsp?SN=%E3%84%A7&SN2=%E3%84%A7%E3%84%A3%CB%8A#selectL"
"ㄧ","ㄧㄣˊ","淫","https://dict.concised.moe.edu.tw/searchP.jsp?SN=%E3%84%A7&SN2=%E3%84%A7%E3%84%A3%CB%8A#selectL"
"ㄧ","ㄧㄣˊ","夤","https://dict.concised.moe.edu.tw/searchP.jsp?SN=%E3%84%A7&SN2=%E3%84%A7%E3%84%A3%CB%8A#selectL"
"ㄧ","ㄧㄣˊ","鄞","https://dict.concised.moe.edu.tw/searchP.jsp?SN=%E3%84%A7&SN2=%E3%84%A7%E3%84%A3%CB%8A#selectL"
"ㄧ","ㄧㄣˊ","銀","https://dict.concised.moe.edu.tw/searchP.jsp?SN=%E3%84%A7&SN2=%E3%84%A7%E3%84%A3%CB%8A#selectL"
"ㄧ","ㄧㄣˊ","霪","https://dict.concised.moe.edu.tw/searchP.jsp?SN=%E3%84%A7&SN2=%E3%84%A7%E3%84%A3%CB%8A#selectL"
"ㄧ","ㄧㄣˊ","齦","https://dict.concised.moe.edu.tw/searchP.jsp?SN=%E3%84%A7&SN2=%E3%84%A7%E3%84%A3%CB%8A#selectL"
"ㄧ","ㄧㄣˋ","印","https://dict.concised.moe.edu.tw/searchP.jsp?SN=%E3%84%A7&SN2=%E3%84%A7%E3%84%A3%CB%8B#selectL"
"ㄧ","ㄧㄣˋ","胤","https://dict.concised.moe.edu.tw/searchP.jsp?SN=%E3%84%A7&SN2=%E3%84%A7%E3%84%A3%CB%8B#selectL"
"ㄧ","ㄧㄣˋ","飲","https://dict.concised.moe.edu.tw/searchP.jsp?SN=%E3%84%A7&SN2=%E3%84%A7%E3%84%A3%CB%8B#selectL"
"ㄧ","ㄧㄣˋ","蔭","https://dict.concised.moe.edu.tw/searchP.jsp?SN=%E3%84%A7&SN2=%E3%84%A7%E3%84%A3%CB%8B#selectL"
"ㄧ","ㄧㄤ","央","https://dict.concised.moe.edu.tw/searchP.jsp?SN=%E3%84%A7&SN2=%E3%84%A7%E3%84%A4#selectL"
"ㄧ","ㄧㄤ","泱","https://dict.concised.moe.edu.tw/searchP.jsp?SN=%E3%84%A7&SN2=%E3%84%A7%E3%84%A4#selectL"
"ㄧ","ㄧㄤ","殃","https://dict.concised.moe.edu.tw/searchP.jsp?SN=%E3%84%A7&SN2=%E3%84%A7%E3%84%A4#selectL"
"ㄧ","ㄧㄤ","秧","https://dict.concised.moe.edu.tw/searchP.jsp?SN=%E3%84%A7&SN2=%E3%84%A7%E3%84%A4#selectL"
"ㄧ","ㄧㄤ","鞅","https://dict.concised.moe.edu.tw/searchP.jsp?SN=%E3%84%A7&SN2=%E3%84%A7%E3%84%A4#selectL"
"ㄧ","ㄧㄤ","鴦","https://dict.concised.moe.edu.tw/searchP.jsp?SN=%E3%84%A7&SN2=%E3%84%A7%E3%84%A4#selectL"
"ㄧ","ㄧㄤˇ","仰","https://dict.concised.moe.edu.tw/searchP.jsp?SN=%E3%84%A7&SN2=%E3%84%A7%E3%84%A4%CB%87#selectL"
"ㄧ","ㄧㄤˇ","氧","https://dict.concised.moe.edu.tw/searchP.jsp?SN=%E3%84%A7&SN2=%E3%84%A7%E3%84%A4%CB%87#selectL"
"ㄧ","ㄧㄤˇ","養","https://dict.concised.moe.edu.tw/searchP.jsp?SN=%E3%84%A7&SN2=%E3%84%A7%E3%84%A4%CB%87#selectL"
"ㄧ","ㄧㄤˇ","癢","https://dict.concised.moe.edu.tw/searchP.jsp?SN=%E3%84%A7&SN2=%E3%84%A7%E3%84%A4%CB%87#selectL"
"ㄧ","ㄧㄤˊ","羊","https://dict.concised.moe.edu.tw/searchP.jsp?SN=%E3%84%A7&SN2=%E3%84%A7%E3%84%A4%CB%8A#selectL"
"ㄧ","ㄧㄤˊ","佯","https://dict.concised.moe.edu.tw/searchP.jsp?SN=%E3%84%A7&SN2=%E3%84%A7%E3%84%A4%CB%8A#selectL"
"ㄧ","ㄧㄤˊ","徉","https://dict.concised.moe.edu.tw/searchP.jsp?SN=%E3%84%A7&SN2=%E3%84%A7%E3%84%A4%CB%8A#selectL"
"ㄧ","ㄧㄤˊ","洋","https://dict.concised.moe.edu.tw/searchP.jsp?SN=%E3%84%A7&SN2=%E3%84%A7%E3%84%A4%CB%8A#selectL"
"ㄧ","ㄧㄤˊ","烊","https://dict.concised.moe.edu.tw/searchP.jsp?SN=%E3%84%A7&SN2=%E3%84%A7%E3%84%A4%CB%8A#selectL"
"ㄧ","ㄧㄤˊ","揚","https://dict.concised.moe.edu.tw/searchP.jsp?SN=%E3%84%A7&SN2=%E3%84%A7%E3%84%A4%CB%8A#selectL"
"ㄧ","ㄧㄤˊ","陽","https://dict.concised.moe.edu.tw/searchP.jsp?SN=%E3%84%A7&SN2=%E3%84%A7%E3%84%A4%CB%8A#selectL"
"ㄧ","ㄧㄤˊ","楊","https://dict.concised.moe.edu.tw/searchP.jsp?SN=%E3%84%A7&SN2=%E3%84%A7%E3%84%A4%CB%8A#selectL"
"ㄧ","ㄧㄤˊ","煬","https://dict.concised.moe.edu.tw/searchP.jsp?SN=%E3%84%A7&SN2=%E3%84%A7%E3%84%A4%CB%8A#selectL"
"ㄧ","ㄧㄤˊ","瘍","https://dict.concised.moe.edu.tw/searchP.jsp?SN=%E3%84%A7&SN2=%E3%84%A7%E3%84%A4%CB%8A#selectL"
"ㄧ","ㄧㄤˊ","颺","https://dict.concised.moe.edu.tw/searchP.jsp?SN=%E3%84%A7&SN2=%E3%84%A7%E3%84%A4%CB%8A#selectL"
"ㄧ","ㄧㄤˋ","怏","https://dict.concised.moe.edu.tw/searchP.jsp?SN=%E3%84%A7&SN2=%E3%84%A7%E3%84%A4%CB%8B#selectL"
"ㄧ","ㄧㄤˋ","恙","https://dict.concised.moe.edu.tw/searchP.jsp?SN=%E3%84%A7&SN2=%E3%84%A7%E3%84%A4%CB%8B#selectL"
"ㄧ","ㄧㄤˋ","漾","https://dict.concised.moe.edu.tw/searchP.jsp?SN=%E3%84%A7&SN2=%E3%84%A7%E3%84%A4%CB%8B#selectL"
"ㄧ","ㄧㄤˋ","樣","https://dict.concised.moe.edu.tw/searchP.jsp?SN=%E3%84%A7&SN2=%E3%84%A7%E3%84%A4%CB%8B#selectL"
"ㄧ","ㄧㄤˋ","養","https://dict.concised.moe.edu.tw/searchP.jsp?SN=%E3%84%A7&SN2=%E3%84%A7%E3%84%A4%CB%8B#selectL"
"ㄧ","ㄧㄥ","英","https://dict.concised.moe.edu.tw/searchP.jsp?SN=%E3%84%A7&SN2=%E3%84%A7%E3%84%A5#selectL"
"ㄧ","ㄧㄥ","瑛","https://dict.concised.moe.edu.tw/searchP.jsp?SN=%E3%84%A7&SN2=%E3%84%A7%E3%84%A5#selectL"
"ㄧ","ㄧㄥ","嬰","https://dict.concised.moe.edu.tw/searchP.jsp?SN=%E3%84%A7&SN2=%E3%84%A7%E3%84%A5#selectL"
"ㄧ","ㄧㄥ","應","https://dict.concised.moe.edu.tw/searchP.jsp?SN=%E3%84%A7&SN2=%E3%84%A7%E3%84%A5#selectL"
"ㄧ","ㄧㄥ","膺","https://dict.concised.moe.edu.tw/searchP.jsp?SN=%E3%84%A7&SN2=%E3%84%A7%E3%84%A5#selectL"
"ㄧ","ㄧㄥ","嚶","https://dict.concised.moe.edu.tw/searchP.jsp?SN=%E3%84%A7&SN2=%E3%84%A7%E3%84%A5#selectL"
"ㄧ","ㄧㄥ","罌","https://dict.concised.moe.edu.tw/searchP.jsp?SN=%E3%84%A7&SN2=%E3%84%A7%E3%84%A5#selectL"
"ㄧ","ㄧㄥ","櫻","https://dict.concised.moe.edu.tw/searchP.jsp?SN=%E3%84%A7&SN2=%E3%84%A7%E3%84%A5#selectL"
"ㄧ","ㄧㄥ","瓔","https://dict.concised.moe.edu.tw/searchP.jsp?SN=%E3%84%A7&SN2=%E3%84%A7%E3%84%A5#selectL"
"ㄧ","ㄧㄥ","鶯","https://dict.concised.moe.edu.tw/searchP.jsp?SN=%E3%84%A7&SN2=%E3%84%A7%E3%84%A5#selectL"
"ㄧ","ㄧㄥ","纓","https://dict.concised.moe.edu.tw/searchP.jsp?SN=%E3%84%A7&SN2=%E3%84%A7%E3%84%A5#selectL"
"ㄧ","ㄧㄥ","鷹","https://dict.concised.moe.edu.tw/searchP.jsp?SN=%E3%84%A7&SN2=%E3%84%A7%E3%84%A5#selectL"
"ㄧ","ㄧㄥ","鸚","https://dict.concised.moe.edu.tw/searchP.jsp?SN=%E3%84%A7&SN2=%E3%84%A7%E3%84%A5#selectL"
"ㄧ","ㄧㄥˇ","郢","https://dict.concised.moe.edu.tw/searchP.jsp?SN=%E3%84%A7&SN2=%E3%84%A7%E3%84%A5%CB%87#selectL"
"ㄧ","ㄧㄥˇ","景","https://dict.concised.moe.edu.tw/searchP.jsp?SN=%E3%84%A7&SN2=%E3%84%A7%E3%84%A5%CB%87#selectL"
"ㄧ","ㄧㄥˇ","影","https://dict.concised.moe.edu.tw/searchP.jsp?SN=%E3%84%A7&SN2=%E3%84%A7%E3%84%A5%CB%87#selectL"
"ㄧ","ㄧㄥˇ","潁","https://dict.concised.moe.edu.tw/searchP.jsp?SN=%E3%84%A7&SN2=%E3%84%A7%E3%84%A5%CB%87#selectL"
"ㄧ","ㄧㄥˇ","穎","https://dict.concised.moe.edu.tw/searchP.jsp?SN=%E3%84%A7&SN2=%E3%84%A7%E3%84%A5%CB%87#selectL"
"ㄧ","ㄧㄥˊ","迎","https://dict.concised.moe.edu.tw/searchP.jsp?SN=%E3%84%A7&SN2=%E3%84%A7%E3%84%A5%CB%8A#selectL"
"ㄧ","ㄧㄥˊ","盈","https://dict.concised.moe.edu.tw/searchP.jsp?SN=%E3%84%A7&SN2=%E3%84%A7%E3%84%A5%CB%8A#selectL"
"ㄧ","ㄧㄥˊ","塋","https://dict.concised.moe.edu.tw/searchP.jsp?SN=%E3%84%A7&SN2=%E3%84%A7%E3%84%A5%CB%8A#selectL"
"ㄧ","ㄧㄥˊ","楹","https://dict.concised.moe.edu.tw/searchP.jsp?SN=%E3%84%A7&SN2=%E3%84%A7%E3%84%A5%CB%8A#selectL"
"ㄧ","ㄧㄥˊ","熒","https://dict.concised.moe.edu.tw/searchP.jsp?SN=%E3%84%A7&SN2=%E3%84%A7%E3%84%A5%CB%8A#selectL"
"ㄧ","ㄧㄥˊ","瑩","https://dict.concised.moe.edu.tw/searchP.jsp?SN=%E3%84%A7&SN2=%E3%84%A7%E3%84%A5%CB%8A#selectL"
"ㄧ","ㄧㄥˊ","嬴","https://dict.concised.moe.edu.tw/searchP.jsp?SN=%E3%84%A7&SN2=%E3%84%A7%E3%84%A5%CB%8A#selectL"
"ㄧ","ㄧㄥˊ","縈","https://dict.concised.moe.edu.tw/searchP.jsp?SN=%E3%84%A7&SN2=%E3%84%A7%E3%84%A5%CB%8A#selectL"
"ㄧ","ㄧㄥˊ","螢","https://dict.concised.moe.edu.tw/searchP.jsp?SN=%E3%84%A7&SN2=%E3%84%A7%E3%84%A5%CB%8A#selectL"
"ㄧ","ㄧㄥˊ","營","https://dict.concised.moe.edu.tw/searchP.jsp?SN=%E3%84%A7&SN2=%E3%84%A7%E3%84%A5%CB%8A#selectL"
"ㄧ","ㄧㄥˊ","瀛","https://dict.concised.moe.edu.tw/searchP.jsp?SN=%E3%84%A7&SN2=%E3%84%A7%E3%84%A5%CB%8A#selectL"
"ㄧ","ㄧㄥˊ","蠅","https://dict.concised.moe.edu.tw/searchP.jsp?SN=%E3%84%A7&SN2=%E3%84%A7%E3%84%A5%CB%8A#selectL"
"ㄧ","ㄧㄥˊ","贏","https://dict.concised.moe.edu.tw/searchP.jsp?SN=%E3%84%A7&SN2=%E3%84%A7%E3%84%A5%CB%8A#selectL"
"ㄧ","ㄧㄥˋ","映","https://dict.concised.moe.edu.tw/searchP.jsp?SN=%E3%84%A7&SN2=%E3%84%A7%E3%84%A5%CB%8B#selectL"
"ㄧ","ㄧㄥˋ","硬","https://dict.concised.moe.edu.tw/searchP.jsp?SN=%E3%84%A7&SN2=%E3%84%A7%E3%84%A5%CB%8B#selectL"
"ㄧ","ㄧㄥˋ","應","https://dict.concised.moe.edu.tw/searchP.jsp?SN=%E3%84%A7&SN2=%E3%84%A7%E3%84%A5%CB%8B#selectL"
"ㄨ","˙ㄨㄚ","哇","https://dict.concised.moe.edu.tw/searchP.jsp?SN=%E3%84%A8&SN2=%CB%99%E3%84%A8%E3%84%9A#selectL"
"ㄨ","ㄨ","汙","https://dict.concised.moe.edu.tw/searchP.jsp?SN=%E3%84%A8&SN2=%E3%84%A8#selectL"
"ㄨ","ㄨ","污","https://dict.concised.moe.edu.tw/searchP.jsp?SN=%E3%84%A8&SN2=%E3%84%A8#selectL"
"ㄨ","ㄨ","巫","https://dict.concised.moe.edu.tw/searchP.jsp?SN=%E3%84%A8&SN2=%E3%84%A8#selectL"
"ㄨ","ㄨ","於","https://dict.concised.moe.edu.tw/searchP.jsp?SN=%E3%84%A8&SN2=%E3%84%A8#selectL"
"ㄨ","ㄨ","屋","https://dict.concised.moe.edu.tw/searchP.jsp?SN=%E3%84%A8&SN2=%E3%84%A8#selectL"
"ㄨ","ㄨ","烏","https://dict.concised.moe.edu.tw/searchP.jsp?SN=%E3%84%A8&SN2=%E3%84%A8#selectL"
"ㄨ","ㄨ","惡","https://dict.concised.moe.edu.tw/searchP.jsp?SN=%E3%84%A8&SN2=%E3%84%A8#selectL"
"ㄨ","ㄨ","嗚","https://dict.concised.moe.edu.tw/searchP.jsp?SN=%E3%84%A8&SN2=%E3%84%A8#selectL"
"ㄨ","ㄨ","鄔","https://dict.concised.moe.edu.tw/searchP.jsp?SN=%E3%84%A8&SN2=%E3%84%A8#selectL"
"ㄨ","ㄨ","誣","https://dict.concised.moe.edu.tw/searchP.jsp?SN=%E3%84%A8&SN2=%E3%84%A8#selectL"
"ㄨ","ㄨ","鎢","https://dict.concised.moe.edu.tw/searchP.jsp?SN=%E3%84%A8&SN2=%E3%84%A8#selectL"
"ㄨ","ㄨˇ","五","https://dict.concised.moe.edu.tw/searchP.jsp?SN=%E3%84%A8&SN2=%E3%84%A8%CB%87#selectL"
"ㄨ","ㄨˇ","午","https://dict.concised.moe.edu.tw/searchP.jsp?SN=%E3%84%A8&SN2=%E3%84%A8%CB%87#selectL"
"ㄨ","ㄨˇ","伍","https://dict.concised.moe.edu.tw/searchP.jsp?SN=%E3%84%A8&SN2=%E3%84%A8%CB%87#selectL"
"ㄨ","ㄨˇ","忤","https://dict.concised.moe.edu.tw/searchP.jsp?SN=%E3%84%A8&SN2=%E3%84%A8%CB%87#selectL"
"ㄨ","ㄨˇ","武","https://dict.concised.moe.edu.tw/searchP.jsp?SN=%E3%84%A8&SN2=%E3%84%A8%CB%87#selectL"
"ㄨ","ㄨˇ","迕","https://dict.concised.moe.edu.tw/searchP.jsp?SN=%E3%84%A8&SN2=%E3%84%A8%CB%87#selectL"
"ㄨ","ㄨˇ","侮","https://dict.concised.moe.edu.tw/searchP.jsp?SN=%E3%84%A8&SN2=%E3%84%A8%CB%87#selectL"
"ㄨ","ㄨˇ","捂","https://dict.concised.moe.edu.tw/searchP.jsp?SN=%E3%84%A8&SN2=%E3%84%A8%CB%87#selectL"
"ㄨ","ㄨˇ","牾","https://dict.concised.moe.edu.tw/searchP.jsp?SN=%E3%84%A8&SN2=%E3%84%A8%CB%87#selectL"
"ㄨ","ㄨˇ","摀","https://dict.concised.moe.edu.tw/searchP.jsp?SN=%E3%84%A8&SN2=%E3%84%A8%CB%87#selectL"
"ㄨ","ㄨˇ","舞","https://dict.concised.moe.edu.tw/searchP.jsp?SN=%E3%84%A8&SN2=%E3%84%A8%CB%87#selectL"
"ㄨ","ㄨˇ","嫵","https://dict.concised.moe.edu.tw/searchP.jsp?SN=%E3%84%A8&SN2=%E3%84%A8%CB%87#selectL"
"ㄨ","ㄨˇ","廡","https://dict.concised.moe.edu.tw/searchP.jsp?SN=%E3%84%A8&SN2=%E3%84%A8%CB%87#selectL"
"ㄨ","ㄨˇ","鵡","https://dict.concised.moe.edu.tw/searchP.jsp?SN=%E3%84%A8&SN2=%E3%84%A8%CB%87#selectL"
"ㄨ","ㄨˊ","亡","https://dict.concised.moe.edu.tw/searchP.jsp?SN=%E3%84%A8&SN2=%E3%84%A8%CB%8A#selectL"
"ㄨ","ㄨˊ","毋","https://dict.concised.moe.edu.tw/searchP.jsp?SN=%E3%84%A8&SN2=%E3%84%A8%CB%8A#selectL"
"ㄨ","ㄨˊ","吳","https://dict.concised.moe.edu.tw/searchP.jsp?SN=%E3%84%A8&SN2=%E3%84%A8%CB%8A#selectL"
"ㄨ","ㄨˊ","吾","https://dict.concised.moe.edu.tw/searchP.jsp?SN=%E3%84%A8&SN2=%E3%84%A8%CB%8A#selectL"
"ㄨ","ㄨˊ","唔","https://dict.concised.moe.edu.tw/searchP.jsp?SN=%E3%84%A8&SN2=%E3%84%A8%CB%8A#selectL"
"ㄨ","ㄨˊ","梧","https://dict.concised.moe.edu.tw/searchP.jsp?SN=%E3%84%A8&SN2=%E3%84%A8%CB%8A#selectL"
"ㄨ","ㄨˊ","無","https://dict.concised.moe.edu.tw/searchP.jsp?SN=%E3%84%A8&SN2=%E3%84%A8%CB%8A#selectL"
"ㄨ","ㄨˊ","蜈","https://dict.concised.moe.edu.tw/searchP.jsp?SN=%E3%84%A8&SN2=%E3%84%A8%CB%8A#selectL"
"ㄨ","ㄨˊ","鋙","https://dict.concised.moe.edu.tw/searchP.jsp?SN=%E3%84%A8&SN2=%E3%84%A8%CB%8A#selectL"
"ㄨ","ㄨˊ","蕪","https://dict.concised.moe.edu.tw/searchP.jsp?SN=%E3%84%A8&SN2=%E3%84%A8%CB%8A#selectL"
"ㄨ","ㄨˊ","鼯","https://dict.concised.moe.edu.tw/searchP.jsp?SN=%E3%84%A8&SN2=%E3%84%A8%CB%8A#selectL"
"ㄨ","ㄨˋ","兀","https://dict.concised.moe.edu.tw/searchP.jsp?SN=%E3%84%A8&SN2=%E3%84%A8%CB%8B#selectL"
"ㄨ","ㄨˋ","勿","https://dict.concised.moe.edu.tw/searchP.jsp?SN=%E3%84%A8&SN2=%E3%84%A8%CB%8B#selectL"
"ㄨ","ㄨˋ","戊","https://dict.concised.moe.edu.tw/searchP.jsp?SN=%E3%84%A8&SN2=%E3%84%A8%CB%8B#selectL"
"ㄨ","ㄨˋ","屼","https://dict.concised.moe.edu.tw/searchP.jsp?SN=%E3%84%A8&SN2=%E3%84%A8%CB%8B#selectL"
"ㄨ","ㄨˋ","阢","https://dict.concised.moe.edu.tw/searchP.jsp?SN=%E3%84%A8&SN2=%E3%84%A8%CB%8B#selectL"
"ㄨ","ㄨˋ","杌","https://dict.concised.moe.edu.tw/searchP.jsp?SN=%E3%84%A8&SN2=%E3%84%A8%CB%8B#selectL"
"ㄨ","ㄨˋ","物","https://dict.concised.moe.edu.tw/searchP.jsp?SN=%E3%84%A8&SN2=%E3%84%A8%CB%8B#selectL"
"ㄨ","ㄨˋ","悟","https://dict.concised.moe.edu.tw/searchP.jsp?SN=%E3%84%A8&SN2=%E3%84%A8%CB%8B#selectL"
"ㄨ","ㄨˋ","務","https://dict.concised.moe.edu.tw/searchP.jsp?SN=%E3%84%A8&SN2=%E3%84%A8%CB%8B#selectL"
"ㄨ","ㄨˋ","晤","https://dict.concised.moe.edu.tw/searchP.jsp?SN=%E3%84%A8&SN2=%E3%84%A8%CB%8B#selectL"
"ㄨ","ㄨˋ","惡","https://dict.concised.moe.edu.tw/searchP.jsp?SN=%E3%84%A8&SN2=%E3%84%A8%CB%8B#selectL"
"ㄨ","ㄨˋ","塢","https://dict.concised.moe.edu.tw/searchP.jsp?SN=%E3%84%A8&SN2=%E3%84%A8%CB%8B#selectL"
"ㄨ","ㄨˋ","寤","https://dict.concised.moe.edu.tw/searchP.jsp?SN=%E3%84%A8&SN2=%E3%84%A8%CB%8B#selectL"
"ㄨ","ㄨˋ","誤","https://dict.concised.moe.edu.tw/searchP.jsp?SN=%E3%84%A8&SN2=%E3%84%A8%CB%8B#selectL"
"ㄨ","ㄨˋ","霧","https://dict.concised.moe.edu.tw/searchP.jsp?SN=%E3%84%A8&SN2=%E3%84%A8%CB%8B#selectL"
"ㄨ","ㄨˋ","騖","https://dict.concised.moe.edu.tw/searchP.jsp?SN=%E3%84%A8&SN2=%E3%84%A8%CB%8B#selectL"
"ㄨ","ㄨˋ","鶩","https://dict.concised.moe.edu.tw/searchP.jsp?SN=%E3%84%A8&SN2=%E3%84%A8%CB%8B#selectL"
"ㄨ","ㄨㄚ","哇","https://dict.concised.moe.edu.tw/searchP.jsp?SN=%E3%84%A8&SN2=%E3%84%A8%E3%84%9A#selectL"
"ㄨ","ㄨㄚ","挖","https://dict.concised.moe.edu.tw/searchP.jsp?SN=%E3%84%A8&SN2=%E3%84%A8%E3%84%9A#selectL"
"ㄨ","ㄨㄚ","媧","https://dict.concised.moe.edu.tw/searchP.jsp?SN=%E3%84%A8&SN2=%E3%84%A8%E3%84%9A#selectL"
"ㄨ","ㄨㄚ","蛙","https://dict.concised.moe.edu.tw/searchP.jsp?SN=%E3%84%A8&SN2=%E3%84%A8%E3%84%9A#selectL"
"ㄨ","ㄨㄚ","窪","https://dict.concised.moe.edu.tw/searchP.jsp?SN=%E3%84%A8&SN2=%E3%84%A8%E3%84%9A#selectL"
"ㄨ","ㄨㄚˇ","瓦","https://dict.concised.moe.edu.tw/searchP.jsp?SN=%E3%84%A8&SN2=%E3%84%A8%E3%84%9A%CB%87#selectL"
"ㄨ","ㄨㄚˊ","娃","https://dict.concised.moe.edu.tw/searchP.jsp?SN=%E3%84%A8&SN2=%E3%84%A8%E3%84%9A%CB%8A#selectL"
"ㄨ","ㄨㄚˋ","襪","https://dict.concised.moe.edu.tw/searchP.jsp?SN=%E3%84%A8&SN2=%E3%84%A8%E3%84%9A%CB%8B#selectL"
"ㄨ","ㄨㄛ","渦","https://dict.concised.moe.edu.tw/searchP.jsp?SN=%E3%84%A8&SN2=%E3%84%A8%E3%84%9B#selectL"
"ㄨ","ㄨㄛ","萵","https://dict.concised.moe.edu.tw/searchP.jsp?SN=%E3%84%A8&SN2=%E3%84%A8%E3%84%9B#selectL"
"ㄨ","ㄨㄛ","窩","https://dict.concised.moe.edu.tw/searchP.jsp?SN=%E3%84%A8&SN2=%E3%84%A8%E3%84%9B#selectL"
"ㄨ","ㄨㄛˇ","我","https://dict.concised.moe.edu.tw/searchP.jsp?SN=%E3%84%A8&SN2=%E3%84%A8%E3%84%9B%CB%87#selectL"
"ㄨ","ㄨㄛˋ","沃","https://dict.concised.moe.edu.tw/searchP.jsp?SN=%E3%84%A8&SN2=%E3%84%A8%E3%84%9B%CB%8B#selectL"
"ㄨ","ㄨㄛˋ","臥","https://dict.concised.moe.edu.tw/searchP.jsp?SN=%E3%84%A8&SN2=%E3%84%A8%E3%84%9B%CB%8B#selectL"
"ㄨ","ㄨㄛˋ","喔","https://dict.concised.moe.edu.tw/searchP.jsp?SN=%E3%84%A8&SN2=%E3%84%A8%E3%84%9B%CB%8B#selectL"
"ㄨ","ㄨㄛˋ","幄","https://dict.concised.moe.edu.tw/searchP.jsp?SN=%E3%84%A8&SN2=%E3%84%A8%E3%84%9B%CB%8B#selectL"
"ㄨ","ㄨㄛˋ","握","https://dict.concised.moe.edu.tw/searchP.jsp?SN=%E3%84%A8&SN2=%E3%84%A8%E3%84%9B%CB%8B#selectL"
"ㄨ","ㄨㄛˋ","渥","https://dict.concised.moe.edu.tw/searchP.jsp?SN=%E3%84%A8&SN2=%E3%84%A8%E3%84%9B%CB%8B#selectL"
"ㄨ","ㄨㄛˋ","斡","https://dict.concised.moe.edu.tw/searchP.jsp?SN=%E3%84%A8&SN2=%E3%84%A8%E3%84%9B%CB%8B#selectL"
"ㄨ","ㄨㄛˋ","齷","https://dict.concised.moe.edu.tw/searchP.jsp?SN=%E3%84%A8&SN2=%E3%84%A8%E3%84%9B%CB%8B#selectL"
"ㄨ","ㄨㄞ","歪","https://dict.concised.moe.edu.tw/searchP.jsp?SN=%E3%84%A8&SN2=%E3%84%A8%E3%84%9E#selectL"
"ㄨ","ㄨㄞˇ","歪","https://dict.concised.moe.edu.tw/searchP.jsp?SN=%E3%84%A8&SN2=%E3%84%A8%E3%84%9E%CB%87#selectL"
"ㄨ","ㄨㄞˋ","外","https://dict.concised.moe.edu.tw/searchP.jsp?SN=%E3%84%A8&SN2=%E3%84%A8%E3%84%9E%CB%8B#selectL"
"ㄨ","ㄨㄟ","委","https://dict.concised.moe.edu.tw/searchP.jsp?SN=%E3%84%A8&SN2=%E3%84%A8%E3%84%9F#selectL"
"ㄨ","ㄨㄟ","威","https://dict.concised.moe.edu.tw/searchP.jsp?SN=%E3%84%A8&SN2=%E3%84%A8%E3%84%9F#selectL"
"ㄨ","ㄨㄟ","偎","https://dict.concised.moe.edu.tw/searchP.jsp?SN=%E3%84%A8&SN2=%E3%84%A8%E3%84%9F#selectL"
"ㄨ","ㄨㄟ","崴","https://dict.concised.moe.edu.tw/searchP.jsp?SN=%E3%84%A8&SN2=%E3%84%A8%E3%84%9F#selectL"
"ㄨ","ㄨㄟ","萎","https://dict.concised.moe.edu.tw/searchP.jsp?SN=%E3%84%A8&SN2=%E3%84%A8%E3%84%9F#selectL"
"ㄨ","ㄨㄟ","逶","https://dict.concised.moe.edu.tw/searchP.jsp?SN=%E3%84%A8&SN2=%E3%84%A8%E3%84%9F#selectL"
"ㄨ","ㄨㄟ","隈","https://dict.concised.moe.edu.tw/searchP.jsp?SN=%E3%84%A8&SN2=%E3%84%A8%E3%84%9F#selectL"
"ㄨ","ㄨㄟ","葳","https://dict.concised.moe.edu.tw/searchP.jsp?SN=%E3%84%A8&SN2=%E3%84%A8%E3%84%9F#selectL"
"ㄨ","ㄨㄟˇ","尾","https://dict.concised.moe.edu.tw/searchP.jsp?SN=%E3%84%A8&SN2=%E3%84%A8%E3%84%9F%CB%87#selectL"
"ㄨ","ㄨㄟˇ","委","https://dict.concised.moe.edu.tw/searchP.jsp?SN=%E3%84%A8&SN2=%E3%84%A8%E3%84%9F%CB%87#selectL"
"ㄨ","ㄨㄟˇ","娓","https://dict.concised.moe.edu.tw/searchP.jsp?SN=%E3%84%A8&SN2=%E3%84%A8%E3%84%9F%CB%87#selectL"
"ㄨ","ㄨㄟˇ","偉","https://dict.concised.moe.edu.tw/searchP.jsp?SN=%E3%84%A8&SN2=%E3%84%A8%E3%84%9F%CB%87#selectL"
"ㄨ","ㄨㄟˇ","猥","https://dict.concised.moe.edu.tw/searchP.jsp?SN=%E3%84%A8&SN2=%E3%84%A8%E3%84%9F%CB%87#selectL"
"ㄨ","ㄨㄟˇ","煒","https://dict.concised.moe.edu.tw/searchP.jsp?SN=%E3%84%A8&SN2=%E3%84%A8%E3%84%9F%CB%87#selectL"
"ㄨ","ㄨㄟˇ","瑋","https://dict.concised.moe.edu.tw/searchP.jsp?SN=%E3%84%A8&SN2=%E3%84%A8%E3%84%9F%CB%87#selectL"
"ㄨ","ㄨㄟˇ","痿","https://dict.concised.moe.edu.tw/searchP.jsp?SN=%E3%84%A8&SN2=%E3%84%A8%E3%84%9F%CB%87#selectL"
"ㄨ","ㄨㄟˇ","艉","https://dict.concised.moe.edu.tw/searchP.jsp?SN=%E3%84%A8&SN2=%E3%84%A8%E3%84%9F%CB%87#selectL"
"ㄨ","ㄨㄟˇ","葦","https://dict.concised.moe.edu.tw/searchP.jsp?SN=%E3%84%A8&SN2=%E3%84%A8%E3%84%9F%CB%87#selectL"
"ㄨ","ㄨㄟˇ","緯","https://dict.concised.moe.edu.tw/searchP.jsp?SN=%E3%84%A8&SN2=%E3%84%A8%E3%84%9F%CB%87#selectL"
"ㄨ","ㄨㄟˇ","諉","https://dict.concised.moe.edu.tw/searchP.jsp?SN=%E3%84%A8&SN2=%E3%84%A8%E3%84%9F%CB%87#selectL"
"ㄨ","ㄨㄟˇ","鮪","https://dict.concised.moe.edu.tw/searchP.jsp?SN=%E3%84%A8&SN2=%E3%84%A8%E3%84%9F%CB%87#selectL"
"ㄨ","ㄨㄟˇ","韙","https://dict.concised.moe.edu.tw/searchP.jsp?SN=%E3%84%A8&SN2=%E3%84%A8%E3%84%9F%CB%87#selectL"
"ㄨ","ㄨㄟˊ","危","https://dict.concised.moe.edu.tw/searchP.jsp?SN=%E3%84%A8&SN2=%E3%84%A8%E3%84%9F%CB%8A#selectL"
"ㄨ","ㄨㄟˊ","為","https://dict.concised.moe.edu.tw/searchP.jsp?SN=%E3%84%A8&SN2=%E3%84%A8%E3%84%9F%CB%8A#selectL"
"ㄨ","ㄨㄟˊ","韋","https://dict.concised.moe.edu.tw/searchP.jsp?SN=%E3%84%A8&SN2=%E3%84%A8%E3%84%9F%CB%8A#selectL"
"ㄨ","ㄨㄟˊ","桅","https://dict.concised.moe.edu.tw/searchP.jsp?SN=%E3%84%A8&SN2=%E3%84%A8%E3%84%9F%CB%8A#selectL"
"ㄨ","ㄨㄟˊ","唯","https://dict.concised.moe.edu.tw/searchP.jsp?SN=%E3%84%A8&SN2=%E3%84%A8%E3%84%9F%CB%8A#selectL"
"ㄨ","ㄨㄟˊ","帷","https://dict.concised.moe.edu.tw/searchP.jsp?SN=%E3%84%A8&SN2=%E3%84%A8%E3%84%9F%CB%8A#selectL"
"ㄨ","ㄨㄟˊ","惟","https://dict.concised.moe.edu.tw/searchP.jsp?SN=%E3%84%A8&SN2=%E3%84%A8%E3%84%9F%CB%8A#selectL"
"ㄨ","ㄨㄟˊ","圍","https://dict.concised.moe.edu.tw/searchP.jsp?SN=%E3%84%A8&SN2=%E3%84%A8%E3%84%9F%CB%8A#selectL"
"ㄨ","ㄨㄟˊ","幃","https://dict.concised.moe.edu.tw/searchP.jsp?SN=%E3%84%A8&SN2=%E3%84%A8%E3%84%9F%CB%8A#selectL"
"ㄨ","ㄨㄟˊ","嵬","https://dict.concised.moe.edu.tw/searchP.jsp?SN=%E3%84%A8&SN2=%E3%84%A8%E3%84%9F%CB%8A#selectL"
"ㄨ","ㄨㄟˊ","微","https://dict.concised.moe.edu.tw/searchP.jsp?SN=%E3%84%A8&SN2=%E3%84%A8%E3%84%9F%CB%8A#selectL"
"ㄨ","ㄨㄟˊ","違","https://dict.concised.moe.edu.tw/searchP.jsp?SN=%E3%84%A8&SN2=%E3%84%A8%E3%84%9F%CB%8A#selectL"
"ㄨ","ㄨㄟˊ","維","https://dict.concised.moe.edu.tw/searchP.jsp?SN=%E3%84%A8&SN2=%E3%84%A8%E3%84%9F%CB%8A#selectL"
"ㄨ","ㄨㄟˊ","薇","https://dict.concised.moe.edu.tw/searchP.jsp?SN=%E3%84%A8&SN2=%E3%84%A8%E3%84%9F%CB%8A#selectL"
"ㄨ","ㄨㄟˊ","闈","https://dict.concised.moe.edu.tw/searchP.jsp?SN=%E3%84%A8&SN2=%E3%84%A8%E3%84%9F%CB%8A#selectL"
"ㄨ","ㄨㄟˊ","巍","https://dict.concised.moe.edu.tw/searchP.jsp?SN=%E3%84%A8&SN2=%E3%84%A8%E3%84%9F%CB%8A#selectL"
"ㄨ","ㄨㄟˋ","未","https://dict.concised.moe.edu.tw/searchP.jsp?SN=%E3%84%A8&SN2=%E3%84%A8%E3%84%9F%CB%8B#selectL"
"ㄨ","ㄨㄟˋ","位","https://dict.concised.moe.edu.tw/searchP.jsp?SN=%E3%84%A8&SN2=%E3%84%A8%E3%84%9F%CB%8B#selectL"
"ㄨ","ㄨㄟˋ","味","https://dict.concised.moe.edu.tw/searchP.jsp?SN=%E3%84%A8&SN2=%E3%84%A8%E3%84%9F%CB%8B#selectL"
"ㄨ","ㄨㄟˋ","為","https://dict.concised.moe.edu.tw/searchP.jsp?SN=%E3%84%A8&SN2=%E3%84%A8%E3%84%9F%CB%8B#selectL"
"ㄨ","ㄨㄟˋ","畏","https://dict.concised.moe.edu.tw/searchP.jsp?SN=%E3%84%A8&SN2=%E3%84%A8%E3%84%9F%CB%8B#selectL"
"ㄨ","ㄨㄟˋ","胃","https://dict.concised.moe.edu.tw/searchP.jsp?SN=%E3%84%A8&SN2=%E3%84%A8%E3%84%9F%CB%8B#selectL"
"ㄨ","ㄨㄟˋ","偽","https://dict.concised.moe.edu.tw/searchP.jsp?SN=%E3%84%A8&SN2=%E3%84%A8%E3%84%9F%CB%8B#selectL"
"ㄨ","ㄨㄟˋ","尉","https://dict.concised.moe.edu.tw/searchP.jsp?SN=%E3%84%A8&SN2=%E3%84%A8%E3%84%9F%CB%8B#selectL"
"ㄨ","ㄨㄟˋ","喂","https://dict.concised.moe.edu.tw/searchP.jsp?SN=%E3%84%A8&SN2=%E3%84%A8%E3%84%9F%CB%8B#selectL"
"ㄨ","ㄨㄟˋ","渭","https://dict.concised.moe.edu.tw/searchP.jsp?SN=%E3%84%A8&SN2=%E3%84%A8%E3%84%9F%CB%8B#selectL"
"ㄨ","ㄨㄟˋ","慰","https://dict.concised.moe.edu.tw/searchP.jsp?SN=%E3%84%A8&SN2=%E3%84%A8%E3%84%9F%CB%8B#selectL"
"ㄨ","ㄨㄟˋ","蔚","https://dict.concised.moe.edu.tw/searchP.jsp?SN=%E3%84%A8&SN2=%E3%84%A8%E3%84%9F%CB%8B#selectL"
"ㄨ","ㄨㄟˋ","蝟","https://dict.concised.moe.edu.tw/searchP.jsp?SN=%E3%84%A8&SN2=%E3%84%A8%E3%84%9F%CB%8B#selectL"
"ㄨ","ㄨㄟˋ","衛","https://dict.concised.moe.edu.tw/searchP.jsp?SN=%E3%84%A8&SN2=%E3%84%A8%E3%84%9F%CB%8B#selectL"
"ㄨ","ㄨㄟˋ","謂","https://dict.concised.moe.edu.tw/searchP.jsp?SN=%E3%84%A8&SN2=%E3%84%A8%E3%84%9F%CB%8B#selectL"
"ㄨ","ㄨㄟˋ","遺","https://dict.concised.moe.edu.tw/searchP.jsp?SN=%E3%84%A8&SN2=%E3%84%A8%E3%84%9F%CB%8B#selectL"
"ㄨ","ㄨㄟˋ","餵","https://dict.concised.moe.edu.tw/searchP.jsp?SN=%E3%84%A8&SN2=%E3%84%A8%E3%84%9F%CB%8B#selectL"
"ㄨ","ㄨㄟˋ","魏","https://dict.concised.moe.edu.tw/searchP.jsp?SN=%E3%84%A8&SN2=%E3%84%A8%E3%84%9F%CB%8B#selectL"
"ㄨ","ㄨㄢ","剜","https://dict.concised.moe.edu.tw/searchP.jsp?SN=%E3%84%A8&SN2=%E3%84%A8%E3%84%A2#selectL"
"ㄨ","ㄨㄢ","蜿","https://dict.concised.moe.edu.tw/searchP.jsp?SN=%E3%84%A8&SN2=%E3%84%A8%E3%84%A2#selectL"
"ㄨ","ㄨㄢ","豌","https://dict.concised.moe.edu.tw/searchP.jsp?SN=%E3%84%A8&SN2=%E3%84%A8%E3%84%A2#selectL"
"ㄨ","ㄨㄢ","彎","https://dict.concised.moe.edu.tw/searchP.jsp?SN=%E3%84%A8&SN2=%E3%84%A8%E3%84%A2#selectL"
"ㄨ","ㄨㄢ","灣","https://dict.concised.moe.edu.tw/searchP.jsp?SN=%E3%84%A8&SN2=%E3%84%A8%E3%84%A2#selectL"
"ㄨ","ㄨㄢˇ","宛","https://dict.concised.moe.edu.tw/searchP.jsp?SN=%E3%84%A8&SN2=%E3%84%A8%E3%84%A2%CB%87#selectL"
"ㄨ","ㄨㄢˇ","娩","https://dict.concised.moe.edu.tw/searchP.jsp?SN=%E3%84%A8&SN2=%E3%84%A8%E3%84%A2%CB%87#selectL"
"ㄨ","ㄨㄢˇ","挽","https://dict.concised.moe.edu.tw/searchP.jsp?SN=%E3%84%A8&SN2=%E3%84%A8%E3%84%A2%CB%87#selectL"
"ㄨ","ㄨㄢˇ","浣","https://dict.concised.moe.edu.tw/searchP.jsp?SN=%E3%84%A8&SN2=%E3%84%A8%E3%84%A2%CB%87#selectL"
"ㄨ","ㄨㄢˇ","婉","https://dict.concised.moe.edu.tw/searchP.jsp?SN=%E3%84%A8&SN2=%E3%84%A8%E3%84%A2%CB%87#selectL"
"ㄨ","ㄨㄢˇ","晚","https://dict.concised.moe.edu.tw/searchP.jsp?SN=%E3%84%A8&SN2=%E3%84%A8%E3%84%A2%CB%87#selectL"
"ㄨ","ㄨㄢˇ","莞","https://dict.concised.moe.edu.tw/searchP.jsp?SN=%E3%84%A8&SN2=%E3%84%A8%E3%84%A2%CB%87#selectL"
"ㄨ","ㄨㄢˇ","琬","https://dict.concised.moe.edu.tw/searchP.jsp?SN=%E3%84%A8&SN2=%E3%84%A8%E3%84%A2%CB%87#selectL"
"ㄨ","ㄨㄢˇ","皖","https://dict.concised.moe.edu.tw/searchP.jsp?SN=%E3%84%A8&SN2=%E3%84%A8%E3%84%A2%CB%87#selectL"
"ㄨ","ㄨㄢˇ","畹","https://dict.concised.moe.edu.tw/searchP.jsp?SN=%E3%84%A8&SN2=%E3%84%A8%E3%84%A2%CB%87#selectL"
"ㄨ","ㄨㄢˇ","碗","https://dict.concised.moe.edu.tw/searchP.jsp?SN=%E3%84%A8&SN2=%E3%84%A8%E3%84%A2%CB%87#selectL"
"ㄨ","ㄨㄢˇ","綰","https://dict.concised.moe.edu.tw/searchP.jsp?SN=%E3%84%A8&SN2=%E3%84%A8%E3%84%A2%CB%87#selectL"
"ㄨ","ㄨㄢˇ","輓","https://dict.concised.moe.edu.tw/searchP.jsp?SN=%E3%84%A8&SN2=%E3%84%A8%E3%84%A2%CB%87#selectL"
"ㄨ","ㄨㄢˊ","丸","https://dict.concised.moe.edu.tw/searchP.jsp?SN=%E3%84%A8&SN2=%E3%84%A8%E3%84%A2%CB%8A#selectL"
"ㄨ","ㄨㄢˊ","完","https://dict.concised.moe.edu.tw/searchP.jsp?SN=%E3%84%A8&SN2=%E3%84%A8%E3%84%A2%CB%8A#selectL"
"ㄨ","ㄨㄢˊ","玩","https://dict.concised.moe.edu.tw/searchP.jsp?SN=%E3%84%A8&SN2=%E3%84%A8%E3%84%A2%CB%8A#selectL"
"ㄨ","ㄨㄢˊ","紈","https://dict.concised.moe.edu.tw/searchP.jsp?SN=%E3%84%A8&SN2=%E3%84%A8%E3%84%A2%CB%8A#selectL"
"ㄨ","ㄨㄢˊ","烷","https://dict.concised.moe.edu.tw/searchP.jsp?SN=%E3%84%A8&SN2=%E3%84%A8%E3%84%A2%CB%8A#selectL"
"ㄨ","ㄨㄢˊ","頑","https://dict.concised.moe.edu.tw/searchP.jsp?SN=%E3%84%A8&SN2=%E3%84%A8%E3%84%A2%CB%8A#selectL"
"ㄨ","ㄨㄢˋ","卍","https://dict.concised.moe.edu.tw/searchP.jsp?SN=%E3%84%A8&SN2=%E3%84%A8%E3%84%A2%CB%8B#selectL"
"ㄨ","ㄨㄢˋ","惋","https://dict.concised.moe.edu.tw/searchP.jsp?SN=%E3%84%A8&SN2=%E3%84%A8%E3%84%A2%CB%8B#selectL"
"ㄨ","ㄨㄢˋ","腕","https://dict.concised.moe.edu.tw/searchP.jsp?SN=%E3%84%A8&SN2=%E3%84%A8%E3%84%A2%CB%8B#selectL"
"ㄨ","ㄨㄢˋ","萬","https://dict.concised.moe.edu.tw/searchP.jsp?SN=%E3%84%A8&SN2=%E3%84%A8%E3%84%A2%CB%8B#selectL"
"ㄨ","ㄨㄢˋ","翫","https://dict.concised.moe.edu.tw/searchP.jsp?SN=%E3%84%A8&SN2=%E3%84%A8%E3%84%A2%CB%8B#selectL"
"ㄨ","ㄨㄣ","塭","https://dict.concised.moe.edu.tw/searchP.jsp?SN=%E3%84%A8&SN2=%E3%84%A8%E3%84%A3#selectL"
"ㄨ","ㄨㄣ","溫","https://dict.concised.moe.edu.tw/searchP.jsp?SN=%E3%84%A8&SN2=%E3%84%A8%E3%84%A3#selectL"
"ㄨ","ㄨㄣ","瘟","https://dict.concised.moe.edu.tw/searchP.jsp?SN=%E3%84%A8&SN2=%E3%84%A8%E3%84%A3#selectL"
"ㄨ","ㄨㄣˇ","刎","https://dict.concised.moe.edu.tw/searchP.jsp?SN=%E3%84%A8&SN2=%E3%84%A8%E3%84%A3%CB%87#selectL"
"ㄨ","ㄨㄣˇ","吻","https://dict.concised.moe.edu.tw/searchP.jsp?SN=%E3%84%A8&SN2=%E3%84%A8%E3%84%A3%CB%87#selectL"
"ㄨ","ㄨㄣˇ","穩","https://dict.concised.moe.edu.tw/searchP.jsp?SN=%E3%84%A8&SN2=%E3%84%A8%E3%84%A3%CB%87#selectL"
"ㄨ","ㄨㄣˊ","文","https://dict.concised.moe.edu.tw/searchP.jsp?SN=%E3%84%A8&SN2=%E3%84%A8%E3%84%A3%CB%8A#selectL"
"ㄨ","ㄨㄣˊ","玟","https://dict.concised.moe.edu.tw/searchP.jsp?SN=%E3%84%A8&SN2=%E3%84%A8%E3%84%A3%CB%8A#selectL"
"ㄨ","ㄨㄣˊ","紋","https://dict.concised.moe.edu.tw/searchP.jsp?SN=%E3%84%A8&SN2=%E3%84%A8%E3%84%A3%CB%8A#selectL"
"ㄨ","ㄨㄣˊ","蚊","https://dict.concised.moe.edu.tw/searchP.jsp?SN=%E3%84%A8&SN2=%E3%84%A8%E3%84%A3%CB%8A#selectL"
"ㄨ","ㄨㄣˊ","雯","https://dict.concised.moe.edu.tw/searchP.jsp?SN=%E3%84%A8&SN2=%E3%84%A8%E3%84%A3%CB%8A#selectL"
"ㄨ","ㄨㄣˊ","聞","https://dict.concised.moe.edu.tw/searchP.jsp?SN=%E3%84%A8&SN2=%E3%84%A8%E3%84%A3%CB%8A#selectL"
"ㄨ","ㄨㄣˋ","文","https://dict.concised.moe.edu.tw/searchP.jsp?SN=%E3%84%A8&SN2=%E3%84%A8%E3%84%A3%CB%8B#selectL"
"ㄨ","ㄨㄣˋ","抆","https://dict.concised.moe.edu.tw/searchP.jsp?SN=%E3%84%A8&SN2=%E3%84%A8%E3%84%A3%CB%8B#selectL"
"ㄨ","ㄨㄣˋ","汶","https://dict.concised.moe.edu.tw/searchP.jsp?SN=%E3%84%A8&SN2=%E3%84%A8%E3%84%A3%CB%8B#selectL"
"ㄨ","ㄨㄣˋ","紊","https://dict.concised.moe.edu.tw/searchP.jsp?SN=%E3%84%A8&SN2=%E3%84%A8%E3%84%A3%CB%8B#selectL"
"ㄨ","ㄨㄣˋ","問","https://dict.concised.moe.edu.tw/searchP.jsp?SN=%E3%84%A8&SN2=%E3%84%A8%E3%84%A3%CB%8B#selectL"
"ㄨ","ㄨㄣˋ","絻","https://dict.concised.moe.edu.tw/searchP.jsp?SN=%E3%84%A8&SN2=%E3%84%A8%E3%84%A3%CB%8B#selectL"
"ㄨ","ㄨㄤ","尪","https://dict.concised.moe.edu.tw/searchP.jsp?SN=%E3%84%A8&SN2=%E3%84%A8%E3%84%A4#selectL"
"ㄨ","ㄨㄤ","汪","https://dict.concised.moe.edu.tw/searchP.jsp?SN=%E3%84%A8&SN2=%E3%84%A8%E3%84%A4#selectL"
"ㄨ","ㄨㄤˇ","往","https://dict.concised.moe.edu.tw/searchP.jsp?SN=%E3%84%A8&SN2=%E3%84%A8%E3%84%A4%CB%87#selectL"
"ㄨ","ㄨㄤˇ","枉","https://dict.concised.moe.edu.tw/searchP.jsp?SN=%E3%84%A8&SN2=%E3%84%A8%E3%84%A4%CB%87#selectL"
"ㄨ","ㄨㄤˇ","罔","https://dict.concised.moe.edu.tw/searchP.jsp?SN=%E3%84%A8&SN2=%E3%84%A8%E3%84%A4%CB%87#selectL"
"ㄨ","ㄨㄤˇ","惘","https://dict.concised.moe.edu.tw/searchP.jsp?SN=%E3%84%A8&SN2=%E3%84%A8%E3%84%A4%CB%87#selectL"
"ㄨ","ㄨㄤˇ","網","https://dict.concised.moe.edu.tw/searchP.jsp?SN=%E3%84%A8&SN2=%E3%84%A8%E3%84%A4%CB%87#selectL"
"ㄨ","ㄨㄤˇ","輞","https://dict.concised.moe.edu.tw/searchP.jsp?SN=%E3%84%A8&SN2=%E3%84%A8%E3%84%A4%CB%87#selectL"
"ㄨ","ㄨㄤˇ","魍","https://dict.concised.moe.edu.tw/searchP.jsp?SN=%E3%84%A8&SN2=%E3%84%A8%E3%84%A4%CB%87#selectL"
"ㄨ","ㄨㄤˊ","亡","https://dict.concised.moe.edu.tw/searchP.jsp?SN=%E3%84%A8&SN2=%E3%84%A8%E3%84%A4%CB%8A#selectL"
"ㄨ","ㄨㄤˊ","王","https://dict.concised.moe.edu.tw/searchP.jsp?SN=%E3%84%A8&SN2=%E3%84%A8%E3%84%A4%CB%8A#selectL"
"ㄨ","ㄨㄤˋ","王","https://dict.concised.moe.edu.tw/searchP.jsp?SN=%E3%84%A8&SN2=%E3%84%A8%E3%84%A4%CB%8B#selectL"
"ㄨ","ㄨㄤˋ","妄","https://dict.concised.moe.edu.tw/searchP.jsp?SN=%E3%84%A8&SN2=%E3%84%A8%E3%84%A4%CB%8B#selectL"
"ㄨ","ㄨㄤˋ","忘","https://dict.concised.moe.edu.tw/searchP.jsp?SN=%E3%84%A8&SN2=%E3%84%A8%E3%84%A4%CB%8B#selectL"
"ㄨ","ㄨㄤˋ","旺","https://dict.concised.moe.edu.tw/searchP.jsp?SN=%E3%84%A8&SN2=%E3%84%A8%E3%84%A4%CB%8B#selectL"
"ㄨ","ㄨㄤˋ","望","https://dict.concised.moe.edu.tw/searchP.jsp?SN=%E3%84%A8&SN2=%E3%84%A8%E3%84%A4%CB%8B#selectL"
"ㄨ","ㄨㄥ","翁","https://dict.concised.moe.edu.tw/searchP.jsp?SN=%E3%84%A8&SN2=%E3%84%A8%E3%84%A5#selectL"
"ㄨ","ㄨㄥ","嗡","https://dict.concised.moe.edu.tw/searchP.jsp?SN=%E3%84%A8&SN2=%E3%84%A8%E3%84%A5#selectL"
"ㄨ","ㄨㄥˇ","蓊","https://dict.concised.moe.edu.tw/searchP.jsp?SN=%E3%84%A8&SN2=%E3%84%A8%E3%84%A5%CB%87#selectL"
"ㄨ","ㄨㄥˋ","瓮","https://dict.concised.moe.edu.tw/searchP.jsp?SN=%E3%84%A8&SN2=%E3%84%A8%E3%84%A5%CB%8B#selectL"
"ㄨ","ㄨㄥˋ","甕","https://dict.concised.moe.edu.tw/searchP.jsp?SN=%E3%84%A8&SN2=%E3%84%A8%E3%84%A5%CB%8B#selectL"
"ㄩ","ㄩ","迂","https://dict.concised.moe.edu.tw/searchP.jsp?SN=%E3%84%A9&SN2=%E3%84%A9#selectL"
"ㄩ","ㄩ","紆","https://dict.concised.moe.edu.tw/searchP.jsp?SN=%E3%84%A9&SN2=%E3%84%A9#selectL"
"ㄩ","ㄩ","淤","https://dict.concised.moe.edu.tw/searchP.jsp?SN=%E3%84%A9&SN2=%E3%84%A9#selectL"
"ㄩ","ㄩ","瘀","https://dict.concised.moe.edu.tw/searchP.jsp?SN=%E3%84%A9&SN2=%E3%84%A9#selectL"
"ㄩ","ㄩˇ","予","https://dict.concised.moe.edu.tw/searchP.jsp?SN=%E3%84%A9&SN2=%E3%84%A9%CB%87#selectL"
"ㄩ","ㄩˇ","宇","https://dict.concised.moe.edu.tw/searchP.jsp?SN=%E3%84%A9&SN2=%E3%84%A9%CB%87#selectL"
"ㄩ","ㄩˇ","羽","https://dict.concised.moe.edu.tw/searchP.jsp?SN=%E3%84%A9&SN2=%E3%84%A9%CB%87#selectL"
"ㄩ","ㄩˇ","雨","https://dict.concised.moe.edu.tw/searchP.jsp?SN=%E3%84%A9&SN2=%E3%84%A9%CB%87#selectL"
"ㄩ","ㄩˇ","禹","https://dict.concised.moe.edu.tw/searchP.jsp?SN=%E3%84%A9&SN2=%E3%84%A9%CB%87#selectL"
"ㄩ","ㄩˇ","圄","https://dict.concised.moe.edu.tw/searchP.jsp?SN=%E3%84%A9&SN2=%E3%84%A9%CB%87#selectL"
"ㄩ","ㄩˇ","圉","https://dict.concised.moe.edu.tw/searchP.jsp?SN=%E3%84%A9&SN2=%E3%84%A9%CB%87#selectL"
"ㄩ","ㄩˇ","庾","https://dict.concised.moe.edu.tw/searchP.jsp?SN=%E3%84%A9&SN2=%E3%84%A9%CB%87#selectL"
"ㄩ","ㄩˇ","傴","https://dict.concised.moe.edu.tw/searchP.jsp?SN=%E3%84%A9&SN2=%E3%84%A9%CB%87#selectL"
"ㄩ","ㄩˇ","與","https://dict.concised.moe.edu.tw/searchP.jsp?SN=%E3%84%A9&SN2=%E3%84%A9%CB%87#selectL"
"ㄩ","ㄩˇ","語","https://dict.concised.moe.edu.tw/searchP.jsp?SN=%E3%84%A9&SN2=%E3%84%A9%CB%87#selectL"
"ㄩ","ㄩˇ","窳","https://dict.concised.moe.edu.tw/searchP.jsp?SN=%E3%84%A9&SN2=%E3%84%A9%CB%87#selectL"
"ㄩ","ㄩˇ","噢","https://dict.concised.moe.edu.tw/searchP.jsp?SN=%E3%84%A9&SN2=%E3%84%A9%CB%87#selectL"
"ㄩ","ㄩˇ","嶼","https://dict.concised.moe.edu.tw/searchP.jsp?SN=%E3%84%A9&SN2=%E3%84%A9%CB%87#selectL"
"ㄩ","ㄩˇ","齬","https://dict.concised.moe.edu.tw/searchP.jsp?SN=%E3%84%A9&SN2=%E3%84%A9%CB%87#selectL"
"ㄩ","ㄩˊ","于","https://dict.concised.moe.edu.tw/searchP.jsp?SN=%E3%84%A9&SN2=%E3%84%A9%CB%8A#selectL"
"ㄩ","ㄩˊ","予","https://dict.concised.moe.edu.tw/searchP.jsp?SN=%E3%84%A9&SN2=%E3%84%A9%CB%8A#selectL"
"ㄩ","ㄩˊ","圩","https://dict.concised.moe.edu.tw/searchP.jsp?SN=%E3%84%A9&SN2=%E3%84%A9%CB%8A#selectL"
"ㄩ","ㄩˊ","余","https://dict.concised.moe.edu.tw/searchP.jsp?SN=%E3%84%A9&SN2=%E3%84%A9%CB%8A#selectL"
"ㄩ","ㄩˊ","妤","https://dict.concised.moe.edu.tw/searchP.jsp?SN=%E3%84%A9&SN2=%E3%84%A9%CB%8A#selectL"
"ㄩ","ㄩˊ","於","https://dict.concised.moe.edu.tw/searchP.jsp?SN=%E3%84%A9&SN2=%E3%84%A9%CB%8A#selectL"
"ㄩ","ㄩˊ","盂","https://dict.concised.moe.edu.tw/searchP.jsp?SN=%E3%84%A9&SN2=%E3%84%A9%CB%8A#selectL"
"ㄩ","ㄩˊ","臾","https://dict.concised.moe.edu.tw/searchP.jsp?SN=%E3%84%A9&SN2=%E3%84%A9%CB%8A#selectL"
"ㄩ","ㄩˊ","俞","https://dict.concised.moe.edu.tw/searchP.jsp?SN=%E3%84%A9&SN2=%E3%84%A9%CB%8A#selectL"
"ㄩ","ㄩˊ","禺","https://dict.concised.moe.edu.tw/searchP.jsp?SN=%E3%84%A9&SN2=%E3%84%A9%CB%8A#selectL"
"ㄩ","ㄩˊ","竽","https://dict.concised.moe.edu.tw/searchP.jsp?SN=%E3%84%A9&SN2=%E3%84%A9%CB%8A#selectL"
"ㄩ","ㄩˊ","娛","https://dict.concised.moe.edu.tw/searchP.jsp?SN=%E3%84%A9&SN2=%E3%84%A9%CB%8A#selectL"
"ㄩ","ㄩˊ","狳","https://dict.concised.moe.edu.tw/searchP.jsp?SN=%E3%84%A9&SN2=%E3%84%A9%CB%8A#selectL"
"ㄩ","ㄩˊ","雩","https://dict.concised.moe.edu.tw/searchP.jsp?SN=%E3%84%A9&SN2=%E3%84%A9%CB%8A#selectL"
"ㄩ","ㄩˊ","魚","https://dict.concised.moe.edu.tw/searchP.jsp?SN=%E3%84%A9&SN2=%E3%84%A9%CB%8A#selectL"
"ㄩ","ㄩˊ","喁","https://dict.concised.moe.edu.tw/searchP.jsp?SN=%E3%84%A9&SN2=%E3%84%A9%CB%8A#selectL"
"ㄩ","ㄩˊ","嵎","https://dict.concised.moe.edu.tw/searchP.jsp?SN=%E3%84%A9&SN2=%E3%84%A9%CB%8A#selectL"
"ㄩ","ㄩˊ","愉","https://dict.concised.moe.edu.tw/searchP.jsp?SN=%E3%84%A9&SN2=%E3%84%A9%CB%8A#selectL"
"ㄩ","ㄩˊ","揄","https://dict.concised.moe.edu.tw/searchP.jsp?SN=%E3%84%A9&SN2=%E3%84%A9%CB%8A#selectL"
"ㄩ","ㄩˊ","渝","https://dict.concised.moe.edu.tw/searchP.jsp?SN=%E3%84%A9&SN2=%E3%84%A9%CB%8A#selectL"
"ㄩ","ㄩˊ","畬","https://dict.concised.moe.edu.tw/searchP.jsp?SN=%E3%84%A9&SN2=%E3%84%A9%CB%8A#selectL"
"ㄩ","ㄩˊ","腴","https://dict.concised.moe.edu.tw/searchP.jsp?SN=%E3%84%A9&SN2=%E3%84%A9%CB%8A#selectL"
"ㄩ","ㄩˊ","萸","https://dict.concised.moe.edu.tw/searchP.jsp?SN=%E3%84%A9&SN2=%E3%84%A9%CB%8A#selectL"
"ㄩ","ㄩˊ","隅","https://dict.concised.moe.edu.tw/searchP.jsp?SN=%E3%84%A9&SN2=%E3%84%A9%CB%8A#selectL"
"ㄩ","ㄩˊ","愚","https://dict.concised.moe.edu.tw/searchP.jsp?SN=%E3%84%A9&SN2=%E3%84%A9%CB%8A#selectL"
"ㄩ","ㄩˊ","榆","https://dict.concised.moe.edu.tw/searchP.jsp?SN=%E3%84%A9&SN2=%E3%84%A9%CB%8A#selectL"
"ㄩ","ㄩˊ","瑜","https://dict.concised.moe.edu.tw/searchP.jsp?SN=%E3%84%A9&SN2=%E3%84%A9%CB%8A#selectL"
"ㄩ","ㄩˊ","虞","https://dict.concised.moe.edu.tw/searchP.jsp?SN=%E3%84%A9&SN2=%E3%84%A9%CB%8A#selectL"
"ㄩ","ㄩˊ","逾","https://dict.concised.moe.edu.tw/searchP.jsp?SN=%E3%84%A9&SN2=%E3%84%A9%CB%8A#selectL"
"ㄩ","ㄩˊ","漁","https://dict.concised.moe.edu.tw/searchP.jsp?SN=%E3%84%A9&SN2=%E3%84%A9%CB%8A#selectL"
"ㄩ","ㄩˊ","窬","https://dict.concised.moe.edu.tw/searchP.jsp?SN=%E3%84%A9&SN2=%E3%84%A9%CB%8A#selectL"
"ㄩ","ㄩˊ","與","https://dict.concised.moe.edu.tw/searchP.jsp?SN=%E3%84%A9&SN2=%E3%84%A9%CB%8A#selectL"
"ㄩ","ㄩˊ","諛","https://dict.concised.moe.edu.tw/searchP.jsp?SN=%E3%84%A9&SN2=%E3%84%A9%CB%8A#selectL"
"ㄩ","ㄩˊ","餘","https://dict.concised.moe.edu.tw/searchP.jsp?SN=%E3%84%A9&SN2=%E3%84%A9%CB%8A#selectL"
"ㄩ","ㄩˊ","覦","https://dict.concised.moe.edu.tw/searchP.jsp?SN=%E3%84%A9&SN2=%E3%84%A9%CB%8A#selectL"
"ㄩ","ㄩˊ","踰","https://dict.concised.moe.edu.tw/searchP.jsp?SN=%E3%84%A9&SN2=%E3%84%A9%CB%8A#selectL"
"ㄩ","ㄩˊ","輿","https://dict.concised.moe.edu.tw/searchP.jsp?SN=%E3%84%A9&SN2=%E3%84%A9%CB%8A#selectL"
"ㄩ","ㄩˊ","歟","https://dict.concised.moe.edu.tw/searchP.jsp?SN=%E3%84%A9&SN2=%E3%84%A9%CB%8A#selectL"
"ㄩ","ㄩˋ","玉","https://dict.concised.moe.edu.tw/searchP.jsp?SN=%E3%84%A9&SN2=%E3%84%A9%CB%8B#selectL"
"ㄩ","ㄩˋ","聿","https://dict.concised.moe.edu.tw/searchP.jsp?SN=%E3%84%A9&SN2=%E3%84%A9%CB%8B#selectL"
"ㄩ","ㄩˋ","芋","https://dict.concised.moe.edu.tw/searchP.jsp?SN=%E3%84%A9&SN2=%E3%84%A9%CB%8B#selectL"
"ㄩ","ㄩˋ","谷","https://dict.concised.moe.edu.tw/searchP.jsp?SN=%E3%84%A9&SN2=%E3%84%A9%CB%8B#selectL"
"ㄩ","ㄩˋ","育","https://dict.concised.moe.edu.tw/searchP.jsp?SN=%E3%84%A9&SN2=%E3%84%A9%CB%8B#selectL"
"ㄩ","ㄩˋ","雨","https://dict.concised.moe.edu.tw/searchP.jsp?SN=%E3%84%A9&SN2=%E3%84%A9%CB%8B#selectL"
"ㄩ","ㄩˋ","昱","https://dict.concised.moe.edu.tw/searchP.jsp?SN=%E3%84%A9&SN2=%E3%84%A9%CB%8B#selectL"
"ㄩ","ㄩˋ","郁","https://dict.concised.moe.edu.tw/searchP.jsp?SN=%E3%84%A9&SN2=%E3%84%A9%CB%8B#selectL"
"ㄩ","ㄩˋ","浴","https://dict.concised.moe.edu.tw/searchP.jsp?SN=%E3%84%A9&SN2=%E3%84%A9%CB%8B#selectL"
"ㄩ","ㄩˋ","域","https://dict.concised.moe.edu.tw/searchP.jsp?SN=%E3%84%A9&SN2=%E3%84%A9%CB%8B#selectL"
"ㄩ","ㄩˋ","尉","https://dict.concised.moe.edu.tw/searchP.jsp?SN=%E3%84%A9&SN2=%E3%84%A9%CB%8B#selectL"
"ㄩ","ㄩˋ","御","https://dict.concised.moe.edu.tw/searchP.jsp?SN=%E3%84%A9&SN2=%E3%84%A9%CB%8B#selectL"
"ㄩ","ㄩˋ","欲","https://dict.concised.moe.edu.tw/searchP.jsp?SN=%E3%84%A9&SN2=%E3%84%A9%CB%8B#selectL"
"ㄩ","ㄩˋ","喻","https://dict.concised.moe.edu.tw/searchP.jsp?SN=%E3%84%A9&SN2=%E3%84%A9%CB%8B#selectL"
"ㄩ","ㄩˋ","寓","https://dict.concised.moe.edu.tw/searchP.jsp?SN=%E3%84%A9&SN2=%E3%84%A9%CB%8B#selectL"
"ㄩ","ㄩˋ","粥","https://dict.concised.moe.edu.tw/searchP.jsp?SN=%E3%84%A9&SN2=%E3%84%A9%CB%8B#selectL"
"ㄩ","ㄩˋ","飫","https://dict.concised.moe.edu.tw/searchP.jsp?SN=%E3%84%A9&SN2=%E3%84%A9%CB%8B#selectL"
"ㄩ","ㄩˋ","馭","https://dict.concised.moe.edu.tw/searchP.jsp?SN=%E3%84%A9&SN2=%E3%84%A9%CB%8B#selectL"
"ㄩ","ㄩˋ","愈","https://dict.concised.moe.edu.tw/searchP.jsp?SN=%E3%84%A9&SN2=%E3%84%A9%CB%8B#selectL"
"ㄩ","ㄩˋ","毓","https://dict.concised.moe.edu.tw/searchP.jsp?SN=%E3%84%A9&SN2=%E3%84%A9%CB%8B#selectL"
"ㄩ","ㄩˋ","煜","https://dict.concised.moe.edu.tw/searchP.jsp?SN=%E3%84%A9&SN2=%E3%84%A9%CB%8B#selectL"
"ㄩ","ㄩˋ","裕","https://dict.concised.moe.edu.tw/searchP.jsp?SN=%E3%84%A9&SN2=%E3%84%A9%CB%8B#selectL"
"ㄩ","ㄩˋ","遇","https://dict.concised.moe.edu.tw/searchP.jsp?SN=%E3%84%A9&SN2=%E3%84%A9%CB%8B#selectL"
"ㄩ","ㄩˋ","鈺","https://dict.concised.moe.edu.tw/searchP.jsp?SN=%E3%84%A9&SN2=%E3%84%A9%CB%8B#selectL"
"ㄩ","ㄩˋ","預","https://dict.concised.moe.edu.tw/searchP.jsp?SN=%E3%84%A9&SN2=%E3%84%A9%CB%8B#selectL"
"ㄩ","ㄩˋ","嫗","https://dict.concised.moe.edu.tw/searchP.jsp?SN=%E3%84%A9&SN2=%E3%84%A9%CB%8B#selectL"
"ㄩ","ㄩˋ","獄","https://dict.concised.moe.edu.tw/searchP.jsp?SN=%E3%84%A9&SN2=%E3%84%A9%CB%8B#selectL"
"ㄩ","ㄩˋ","瘉","https://dict.concised.moe.edu.tw/searchP.jsp?SN=%E3%84%A9&SN2=%E3%84%A9%CB%8B#selectL"
"ㄩ","ㄩˋ","與","https://dict.concised.moe.edu.tw/searchP.jsp?SN=%E3%84%A9&SN2=%E3%84%A9%CB%8B#selectL"
"ㄩ","ㄩˋ","語","https://dict.concised.moe.edu.tw/searchP.jsp?SN=%E3%84%A9&SN2=%E3%84%A9%CB%8B#selectL"
"ㄩ","ㄩˋ","慾","https://dict.concised.moe.edu.tw/searchP.jsp?SN=%E3%84%A9&SN2=%E3%84%A9%CB%8B#selectL"
"ㄩ","ㄩˋ","熨","https://dict.concised.moe.edu.tw/searchP.jsp?SN=%E3%84%A9&SN2=%E3%84%A9%CB%8B#selectL"
"ㄩ","ㄩˋ","禦","https://dict.concised.moe.edu.tw/searchP.jsp?SN=%E3%84%A9&SN2=%E3%84%A9%CB%8B#selectL"
"ㄩ","ㄩˋ","諭","https://dict.concised.moe.edu.tw/searchP.jsp?SN=%E3%84%A9&SN2=%E3%84%A9%CB%8B#selectL"
"ㄩ","ㄩˋ","豫","https://dict.concised.moe.edu.tw/searchP.jsp?SN=%E3%84%A9&SN2=%E3%84%A9%CB%8B#selectL"
"ㄩ","ㄩˋ","燠","https://dict.concised.moe.edu.tw/searchP.jsp?SN=%E3%84%A9&SN2=%E3%84%A9%CB%8B#selectL"
"ㄩ","ㄩˋ","癒","https://dict.concised.moe.edu.tw/searchP.jsp?SN=%E3%84%A9&SN2=%E3%84%A9%CB%8B#selectL"
"ㄩ","ㄩˋ","譽","https://dict.concised.moe.edu.tw/searchP.jsp?SN=%E3%84%A9&SN2=%E3%84%A9%CB%8B#selectL"
"ㄩ","ㄩˋ","鬻","https://dict.concised.moe.edu.tw/searchP.jsp?SN=%E3%84%A9&SN2=%E3%84%A9%CB%8B#selectL"
"ㄩ","ㄩˋ","鷸","https://dict.concised.moe.edu.tw/searchP.jsp?SN=%E3%84%A9&SN2=%E3%84%A9%CB%8B#selectL"
"ㄩ","ㄩˋ","鬱","https://dict.concised.moe.edu.tw/searchP.jsp?SN=%E3%84%A9&SN2=%E3%84%A9%CB%8B#selectL"
"ㄩ","ㄩˋ","籲","https://dict.concised.moe.edu.tw/searchP.jsp?SN=%E3%84%A9&SN2=%E3%84%A9%CB%8B#selectL"
"ㄩ","ㄩㄝ","曰","https://dict.concised.moe.edu.tw/searchP.jsp?SN=%E3%84%A9&SN2=%E3%84%A9%E3%84%9D#selectL"
"ㄩ","ㄩㄝ","約","https://dict.concised.moe.edu.tw/searchP.jsp?SN=%E3%84%A9&SN2=%E3%84%A9%E3%84%9D#selectL"
"ㄩ","ㄩㄝˋ","月","https://dict.concised.moe.edu.tw/searchP.jsp?SN=%E3%84%A9&SN2=%E3%84%A9%E3%84%9D%CB%8B#selectL"
"ㄩ","ㄩㄝˋ","岳","https://dict.concised.moe.edu.tw/searchP.jsp?SN=%E3%84%A9&SN2=%E3%84%A9%E3%84%9D%CB%8B#selectL"
"ㄩ","ㄩㄝˋ","悅","https://dict.concised.moe.edu.tw/searchP.jsp?SN=%E3%84%A9&SN2=%E3%84%A9%E3%84%9D%CB%8B#selectL"
"ㄩ","ㄩㄝˋ","越","https://dict.concised.moe.edu.tw/searchP.jsp?SN=%E3%84%A9&SN2=%E3%84%A9%E3%84%9D%CB%8B#selectL"
"ㄩ","ㄩㄝˋ","粵","https://dict.concised.moe.edu.tw/searchP.jsp?SN=%E3%84%A9&SN2=%E3%84%A9%E3%84%9D%CB%8B#selectL"
"ㄩ","ㄩㄝˋ","說","https://dict.concised.moe.edu.tw/searchP.jsp?SN=%E3%84%A9&SN2=%E3%84%A9%E3%84%9D%CB%8B#selectL"
"ㄩ","ㄩㄝˋ","樂","https://dict.concised.moe.edu.tw/searchP.jsp?SN=%E3%84%A9&SN2=%E3%84%A9%E3%84%9D%CB%8B#selectL"
"ㄩ","ㄩㄝˋ","閱","https://dict.concised.moe.edu.tw/searchP.jsp?SN=%E3%84%A9&SN2=%E3%84%A9%E3%84%9D%CB%8B#selectL"
"ㄩ","ㄩㄝˋ","嶽","https://dict.concised.moe.edu.tw/searchP.jsp?SN=%E3%84%A9&SN2=%E3%84%A9%E3%84%9D%CB%8B#selectL"
"ㄩ","ㄩㄝˋ","龠","https://dict.concised.moe.edu.tw/searchP.jsp?SN=%E3%84%A9&SN2=%E3%84%A9%E3%84%9D%CB%8B#selectL"
"ㄩ","ㄩㄝˋ","躍","https://dict.concised.moe.edu.tw/searchP.jsp?SN=%E3%84%A9&SN2=%E3%84%A9%E3%84%9D%CB%8B#selectL"
"ㄩ","ㄩㄝˋ","籥","https://dict.concised.moe.edu.tw/searchP.jsp?SN=%E3%84%A9&SN2=%E3%84%A9%E3%84%9D%CB%8B#selectL"
"ㄩ","ㄩㄢ","宛","https://dict.concised.moe.edu.tw/searchP.jsp?SN=%E3%84%A9&SN2=%E3%84%A9%E3%84%A2#selectL"
"ㄩ","ㄩㄢ","冤","https://dict.concised.moe.edu.tw/searchP.jsp?SN=%E3%84%A9&SN2=%E3%84%A9%E3%84%A2#selectL"
"ㄩ","ㄩㄢ","淵","https://dict.concised.moe.edu.tw/searchP.jsp?SN=%E3%84%A9&SN2=%E3%84%A9%E3%84%A2#selectL"
"ㄩ","ㄩㄢ","鳶","https://dict.concised.moe.edu.tw/searchP.jsp?SN=%E3%84%A9&SN2=%E3%84%A9%E3%84%A2#selectL"
"ㄩ","ㄩㄢ","鴛","https://dict.concised.moe.edu.tw/searchP.jsp?SN=%E3%84%A9&SN2=%E3%84%A9%E3%84%A2#selectL"
"ㄩ","ㄩㄢˇ","遠","https://dict.concised.moe.edu.tw/searchP.jsp?SN=%E3%84%A9&SN2=%E3%84%A9%E3%84%A2%CB%87#selectL"
"ㄩ","ㄩㄢˊ","元","https://dict.concised.moe.edu.tw/searchP.jsp?SN=%E3%84%A9&SN2=%E3%84%A9%E3%84%A2%CB%8A#selectL"
"ㄩ","ㄩㄢˊ","沅","https://dict.concised.moe.edu.tw/searchP.jsp?SN=%E3%84%A9&SN2=%E3%84%A9%E3%84%A2%CB%8A#selectL"
"ㄩ","ㄩㄢˊ","垣","https://dict.concised.moe.edu.tw/searchP.jsp?SN=%E3%84%A9&SN2=%E3%84%A9%E3%84%A2%CB%8A#selectL"
"ㄩ","ㄩㄢˊ","爰","https://dict.concised.moe.edu.tw/searchP.jsp?SN=%E3%84%A9&SN2=%E3%84%A9%E3%84%A2%CB%8A#selectL"
"ㄩ","ㄩㄢˊ","原","https://dict.concised.moe.edu.tw/searchP.jsp?SN=%E3%84%A9&SN2=%E3%84%A9%E3%84%A2%CB%8A#selectL"
"ㄩ","ㄩㄢˊ","員","https://dict.concised.moe.edu.tw/searchP.jsp?SN=%E3%84%A9&SN2=%E3%84%A9%E3%84%A2%CB%8A#selectL"
"ㄩ","ㄩㄢˊ","袁","https://dict.concised.moe.edu.tw/searchP.jsp?SN=%E3%84%A9&SN2=%E3%84%A9%E3%84%A2%CB%8A#selectL"
"ㄩ","ㄩㄢˊ","媛","https://dict.concised.moe.edu.tw/searchP.jsp?SN=%E3%84%A9&SN2=%E3%84%A9%E3%84%A2%CB%8A#selectL"
"ㄩ","ㄩㄢˊ","援","https://dict.concised.moe.edu.tw/searchP.jsp?SN=%E3%84%A9&SN2=%E3%84%A9%E3%84%A2%CB%8A#selectL"
"ㄩ","ㄩㄢˊ","園","https://dict.concised.moe.edu.tw/searchP.jsp?SN=%E3%84%A9&SN2=%E3%84%A9%E3%84%A2%CB%8A#selectL"
"ㄩ","ㄩㄢˊ","圓","https://dict.concised.moe.edu.tw/searchP.jsp?SN=%E3%84%A9&SN2=%E3%84%A9%E3%84%A2%CB%8A#selectL"
"ㄩ","ㄩㄢˊ","嫄","https://dict.concised.moe.edu.tw/searchP.jsp?SN=%E3%84%A9&SN2=%E3%84%A9%E3%84%A2%CB%8A#selectL"
"ㄩ","ㄩㄢˊ","源","https://dict.concised.moe.edu.tw/searchP.jsp?SN=%E3%84%A9&SN2=%E3%84%A9%E3%84%A2%CB%8A#selectL"
"ㄩ","ㄩㄢˊ","猿","https://dict.concised.moe.edu.tw/searchP.jsp?SN=%E3%84%A9&SN2=%E3%84%A9%E3%84%A2%CB%8A#selectL"
"ㄩ","ㄩㄢˊ","緣","https://dict.concised.moe.edu.tw/searchP.jsp?SN=%E3%84%A9&SN2=%E3%84%A9%E3%84%A2%CB%8A#selectL"
"ㄩ","ㄩㄢˊ","圜","https://dict.concised.moe.edu.tw/searchP.jsp?SN=%E3%84%A9&SN2=%E3%84%A9%E3%84%A2%CB%8A#selectL"
"ㄩ","ㄩㄢˊ","螈","https://dict.concised.moe.edu.tw/searchP.jsp?SN=%E3%84%A9&SN2=%E3%84%A9%E3%84%A2%CB%8A#selectL"
"ㄩ","ㄩㄢˊ","轅","https://dict.concised.moe.edu.tw/searchP.jsp?SN=%E3%84%A9&SN2=%E3%84%A9%E3%84%A2%CB%8A#selectL"
"ㄩ","ㄩㄢˊ","黿","https://dict.concised.moe.edu.tw/searchP.jsp?SN=%E3%84%A9&SN2=%E3%84%A9%E3%84%A2%CB%8A#selectL"
"ㄩ","ㄩㄢˊ","櫞","https://dict.concised.moe.edu.tw/searchP.jsp?SN=%E3%84%A9&SN2=%E3%84%A9%E3%84%A2%CB%8A#selectL"
"ㄩ","ㄩㄢˋ","怨","https://dict.concised.moe.edu.tw/searchP.jsp?SN=%E3%84%A9&SN2=%E3%84%A9%E3%84%A2%CB%8B#selectL"
"ㄩ","ㄩㄢˋ","苑","https://dict.concised.moe.edu.tw/searchP.jsp?SN=%E3%84%A9&SN2=%E3%84%A9%E3%84%A2%CB%8B#selectL"
"ㄩ","ㄩㄢˋ","院","https://dict.concised.moe.edu.tw/searchP.jsp?SN=%E3%84%A9&SN2=%E3%84%A9%E3%84%A2%CB%8B#selectL"
"ㄩ","ㄩㄢˋ","瑗","https://dict.concised.moe.edu.tw/searchP.jsp?SN=%E3%84%A9&SN2=%E3%84%A9%E3%84%A2%CB%8B#selectL"
"ㄩ","ㄩㄢˋ","愿","https://dict.concised.moe.edu.tw/searchP.jsp?SN=%E3%84%A9&SN2=%E3%84%A9%E3%84%A2%CB%8B#selectL"
"ㄩ","ㄩㄢˋ","遠","https://dict.concised.moe.edu.tw/searchP.jsp?SN=%E3%84%A9&SN2=%E3%84%A9%E3%84%A2%CB%8B#selectL"
"ㄩ","ㄩㄢˋ","願","https://dict.concised.moe.edu.tw/searchP.jsp?SN=%E3%84%A9&SN2=%E3%84%A9%E3%84%A2%CB%8B#selectL"
"ㄩ","ㄩㄣ","暈","https://dict.concised.moe.edu.tw/searchP.jsp?SN=%E3%84%A9&SN2=%E3%84%A9%E3%84%A3#selectL"
"ㄩ","ㄩㄣ","氳","https://dict.concised.moe.edu.tw/searchP.jsp?SN=%E3%84%A9&SN2=%E3%84%A9%E3%84%A3#selectL"
"ㄩ","ㄩㄣˇ","允","https://dict.concised.moe.edu.tw/searchP.jsp?SN=%E3%84%A9&SN2=%E3%84%A9%E3%84%A3%CB%87#selectL"
"ㄩ","ㄩㄣˇ","狁","https://dict.concised.moe.edu.tw/searchP.jsp?SN=%E3%84%A9&SN2=%E3%84%A9%E3%84%A3%CB%87#selectL"
"ㄩ","ㄩㄣˇ","隕","https://dict.concised.moe.edu.tw/searchP.jsp?SN=%E3%84%A9&SN2=%E3%84%A9%E3%84%A3%CB%87#selectL"
"ㄩ","ㄩㄣˇ","殞","https://dict.concised.moe.edu.tw/searchP.jsp?SN=%E3%84%A9&SN2=%E3%84%A9%E3%84%A3%CB%87#selectL"
"ㄩ","ㄩㄣˊ","云","https://dict.concised.moe.edu.tw/searchP.jsp?SN=%E3%84%A9&SN2=%E3%84%A9%E3%84%A3%CB%8A#selectL"
"ㄩ","ㄩㄣˊ","勻","https://dict.concised.moe.edu.tw/searchP.jsp?SN=%E3%84%A9&SN2=%E3%84%A9%E3%84%A3%CB%8A#selectL"
"ㄩ","ㄩㄣˊ","昀","https://dict.concised.moe.edu.tw/searchP.jsp?SN=%E3%84%A9&SN2=%E3%84%A9%E3%84%A3%CB%8A#selectL"
"ㄩ","ㄩㄣˊ","芸","https://dict.concised.moe.edu.tw/searchP.jsp?SN=%E3%84%A9&SN2=%E3%84%A9%E3%84%A3%CB%8A#selectL"
"ㄩ","ㄩㄣˊ","員","https://dict.concised.moe.edu.tw/searchP.jsp?SN=%E3%84%A9&SN2=%E3%84%A9%E3%84%A3%CB%8A#selectL"
"ㄩ","ㄩㄣˊ","紜","https://dict.concised.moe.edu.tw/searchP.jsp?SN=%E3%84%A9&SN2=%E3%84%A9%E3%84%A3%CB%8A#selectL"
"ㄩ","ㄩㄣˊ","耘","https://dict.concised.moe.edu.tw/searchP.jsp?SN=%E3%84%A9&SN2=%E3%84%A9%E3%84%A3%CB%8A#selectL"
"ㄩ","ㄩㄣˊ","雲","https://dict.concised.moe.edu.tw/searchP.jsp?SN=%E3%84%A9&SN2=%E3%84%A9%E3%84%A3%CB%8A#selectL"
"ㄩ","ㄩㄣˊ","筠","https://dict.concised.moe.edu.tw/searchP.jsp?SN=%E3%84%A9&SN2=%E3%84%A9%E3%84%A3%CB%8A#selectL"
"ㄩ","ㄩㄣˋ","孕","https://dict.concised.moe.edu.tw/searchP.jsp?SN=%E3%84%A9&SN2=%E3%84%A9%E3%84%A3%CB%8B#selectL"
"ㄩ","ㄩㄣˋ","惲","https://dict.concised.moe.edu.tw/searchP.jsp?SN=%E3%84%A9&SN2=%E3%84%A9%E3%84%A3%CB%8B#selectL"
"ㄩ","ㄩㄣˋ","慍","https://dict.concised.moe.edu.tw/searchP.jsp?SN=%E3%84%A9&SN2=%E3%84%A9%E3%84%A3%CB%8B#selectL"
"ㄩ","ㄩㄣˋ","暈","https://dict.concised.moe.edu.tw/searchP.jsp?SN=%E3%84%A9&SN2=%E3%84%A9%E3%84%A3%CB%8B#selectL"
"ㄩ","ㄩㄣˋ","運","https://dict.concised.moe.edu.tw/searchP.jsp?SN=%E3%84%A9&SN2=%E3%84%A9%E3%84%A3%CB%8B#selectL"
"ㄩ","ㄩㄣˋ","熨","https://dict.concised.moe.edu.tw/searchP.jsp?SN=%E3%84%A9&SN2=%E3%84%A9%E3%84%A3%CB%8B#selectL"
"ㄩ","ㄩㄣˋ","醞","https://dict.concised.moe.edu.tw/searchP.jsp?SN=%E3%84%A9&SN2=%E3%84%A9%E3%84%A3%CB%8B#selectL"
"ㄩ","ㄩㄣˋ","韞","https://dict.concised.moe.edu.tw/searchP.jsp?SN=%E3%84%A9&SN2=%E3%84%A9%E3%84%A3%CB%8B#selectL"
"ㄩ","ㄩㄣˋ","韻","https://dict.concised.moe.edu.tw/searchP.jsp?SN=%E3%84%A9&SN2=%E3%84%A9%E3%84%A3%CB%8B#selectL"
"ㄩ","ㄩㄣˋ","蘊","https://dict.concised.moe.edu.tw/searchP.jsp?SN=%E3%84%A9&SN2=%E3%84%A9%E3%84%A3%CB%8B#selectL"
"ㄩ","ㄩㄥ","邕","https://dict.concised.moe.edu.tw/searchP.jsp?SN=%E3%84%A9&SN2=%E3%84%A9%E3%84%A5#selectL"
"ㄩ","ㄩㄥ","庸","https://dict.concised.moe.edu.tw/searchP.jsp?SN=%E3%84%A9&SN2=%E3%84%A9%E3%84%A5#selectL"
"ㄩ","ㄩㄥ","傭","https://dict.concised.moe.edu.tw/searchP.jsp?SN=%E3%84%A9&SN2=%E3%84%A9%E3%84%A5#selectL"
"ㄩ","ㄩㄥ","雍","https://dict.concised.moe.edu.tw/searchP.jsp?SN=%E3%84%A9&SN2=%E3%84%A9%E3%84%A5#selectL"
"ㄩ","ㄩㄥ","墉","https://dict.concised.moe.edu.tw/searchP.jsp?SN=%E3%84%A9&SN2=%E3%84%A9%E3%84%A5#selectL"
"ㄩ","ㄩㄥ","慵","https://dict.concised.moe.edu.tw/searchP.jsp?SN=%E3%84%A9&SN2=%E3%84%A9%E3%84%A5#selectL"
"ㄩ","ㄩㄥ","鄘","https://dict.concised.moe.edu.tw/searchP.jsp?SN=%E3%84%A9&SN2=%E3%84%A9%E3%84%A5#selectL"
"ㄩ","ㄩㄥ","壅","https://dict.concised.moe.edu.tw/searchP.jsp?SN=%E3%84%A9&SN2=%E3%84%A9%E3%84%A5#selectL"
"ㄩ","ㄩㄥ","臃","https://dict.concised.moe.edu.tw/searchP.jsp?SN=%E3%84%A9&SN2=%E3%84%A9%E3%84%A5#selectL"
"ㄩ","ㄩㄥ","雝","https://dict.concised.moe.edu.tw/searchP.jsp?SN=%E3%84%A9&SN2=%E3%84%A9%E3%84%A5#selectL"
"ㄩ","ㄩㄥ","鏞","https://dict.concised.moe.edu.tw/searchP.jsp?SN=%E3%84%A9&SN2=%E3%84%A9%E3%84%A5#selectL"
"ㄩ","ㄩㄥ","癰","https://dict.concised.moe.edu.tw/searchP.jsp?SN=%E3%84%A9&SN2=%E3%84%A9%E3%84%A5#selectL"
"ㄩ","ㄩㄥˇ","永","https://dict.concised.moe.edu.tw/searchP.jsp?SN=%E3%84%A9&SN2=%E3%84%A9%E3%84%A5%CB%87#selectL"
"ㄩ","ㄩㄥˇ","甬","https://dict.concised.moe.edu.tw/searchP.jsp?SN=%E3%84%A9&SN2=%E3%84%A9%E3%84%A5%CB%87#selectL"
"ㄩ","ㄩㄥˇ","泳","https://dict.concised.moe.edu.tw/searchP.jsp?SN=%E3%84%A9&SN2=%E3%84%A9%E3%84%A5%CB%87#selectL"
"ㄩ","ㄩㄥˇ","俑","https://dict.concised.moe.edu.tw/searchP.jsp?SN=%E3%84%A9&SN2=%E3%84%A9%E3%84%A5%CB%87#selectL"
"ㄩ","ㄩㄥˇ","勇","https://dict.concised.moe.edu.tw/searchP.jsp?SN=%E3%84%A9&SN2=%E3%84%A9%E3%84%A5%CB%87#selectL"
"ㄩ","ㄩㄥˇ","涌","https://dict.concised.moe.edu.tw/searchP.jsp?SN=%E3%84%A9&SN2=%E3%84%A9%E3%84%A5%CB%87#selectL"
"ㄩ","ㄩㄥˇ","恿","https://dict.concised.moe.edu.tw/searchP.jsp?SN=%E3%84%A9&SN2=%E3%84%A9%E3%84%A5%CB%87#selectL"
"ㄩ","ㄩㄥˇ","湧","https://dict.concised.moe.edu.tw/searchP.jsp?SN=%E3%84%A9&SN2=%E3%84%A9%E3%84%A5%CB%87#selectL"
"ㄩ","ㄩㄥˇ","詠","https://dict.concised.moe.edu.tw/searchP.jsp?SN=%E3%84%A9&SN2=%E3%84%A9%E3%84%A5%CB%87#selectL"
"ㄩ","ㄩㄥˇ","蛹","https://dict.concised.moe.edu.tw/searchP.jsp?SN=%E3%84%A9&SN2=%E3%84%A9%E3%84%A5%CB%87#selectL"
"ㄩ","ㄩㄥˇ","擁","https://dict.concised.moe.edu.tw/searchP.jsp?SN=%E3%84%A9&SN2=%E3%84%A9%E3%84%A5%CB%87#selectL"
"ㄩ","ㄩㄥˇ","踴","https://dict.concised.moe.edu.tw/searchP.jsp?SN=%E3%84%A9&SN2=%E3%84%A9%E3%84%A5%CB%87#selectL"
"ㄩ","ㄩㄥˊ","喁","https://dict.concised.moe.edu.tw/searchP.jsp?SN=%E3%84%A9&SN2=%E3%84%A9%E3%84%A5%CB%8A#selectL"
"ㄩ","ㄩㄥˋ","用","https://dict.concised.moe.edu.tw/searchP.jsp?SN=%E3%84%A9&SN2=%E3%84%A9%E3%84%A5%CB%8B#selectL"
"ㄩ","ㄩㄥˋ","佣","https://dict.concised.moe.edu.tw/searchP.jsp?SN=%E3%84%A9&SN2=%E3%84%A9%E3%84%A5%CB%8B#selectL"
